case_number,source_file_key,docket_numbers,citation,citation_year,citation_seq,case_name,pdf_url,date_argued,date_issued,days_to_decision,term_year,lower_court,lower_court_type,lower_court_judge,case_type,appeal_type,outcome,author,author_display,majority,dissent,concur_separate,not_participating,vote_string,is_unanimous,has_dissent,has_separate_concurrence,topics,rsa_citations,rsa_primary,involves_statutory_interpretation,standard_of_review,summary_paragraph,word_count,opinion_type,parse_version,parse_timestamp,parse_confidence
2014-0203,2014-0203,['2014-0203'],,,,Bill McDonough & a. v. Town of Belmont,https://www.nhmunicipal.org/sites/default/files/uploads/court_documents/mcdonough_v-belmont.pdf,,2015-04-03,,2015,Superior Court,superior_court,McNamara,civil,standard,affirmed,per_curiam,Per Curiam,3,0,0,0,3-0,True,False,False,"['civil_procedure', 'statutory_interpretation', 'property', 'contract', 'tax']",['RSA 231:49'],RSA 231:49,True,[],,1252,case_order,1.0.0,2026-07-17T00:49:23.734067,0.8
2012-0641,2012-0641,['2012-0641'],,,,"Elisha Badeau v. JPMorgan Chase Bank, NA",https://www.courts.nh.gov/sites/g/files/ehbemt471/files/documents/2021-09/20120641.pdf,,2015-07-14,,2015,"Superior Court (Colburn, J.)",superior_court,Colburn,civil,standard,affirmed,per_curiam,Per Curiam,2,0,0,1,2-0,True,False,False,['civil_procedure'],"['RSA 382-A:3-', 'RSA 382-A:3-501']",RSA 382-A:3-,False,['de_novo'],,775,case_order,1.0.0,2026-07-16T02:03:52.245743,0.8
2013-0016,2013-0016,['2013-0016'],,,,State of New Hampshire v. Daniel Fleury,https://www.courts.nh.gov/sites/g/files/ehbemt471/files/documents/2021-09/20130016.pdf,,2015-01-23,,2015,"Superior Court (Smukler, J.)",superior_court,Smukler,criminal,standard,,per_curiam,Per Curiam,0,0,0,2,N/A,False,False,False,"['criminal', 'constitutional']","['RSA 631:2', 'RSA 633:2', 'RSA 631:4', 'RSA 631:2, II']",RSA 631:2,False,['de_novo'],,1319,case_order,1.0.0,2026-07-16T02:03:53.415894,0.8
2013-0051,2013-0051,['2013-0051'],,,,Vyacheslav Baranov v. Valentin Karas,https://www.courts.nh.gov/sites/g/files/ehbemt471/files/documents/2021-09/20130051.pdf,,2015-04-07,,2015,Circuit Court,circuit_court,Michael,civil,standard,affirmed,per_curiam,Per Curiam,3,0,0,0,3-0,True,False,False,['constitutional'],[],,False,[],,215,case_order,1.0.0,2026-07-16T02:03:54.087508,0.8
2013-0249,2013-0249,"['2013-0249', '2013-0426']",,,,State of New Hampshire v. Patrick McIntire,https://www.courts.nh.gov/sites/g/files/ehbemt471/files/documents/2021-09/20130249.pdf,,2015-01-22,,2015,"Superior Court (O’Neill, J.)",superior_court,O’Neill,criminal,standard,affirmed,per_curiam,Per Curiam,3,0,0,0,3-0,True,False,False,['criminal'],"['RSA 318-B:2', 'RSA 519:23-a']",RSA 318-B:2,False,[],,461,case_order,1.0.0,2026-07-16T02:03:54.668731,0.8
2013-0257,2013-0257,['2013-0257'],,,,State of New Hampshire v. Donald J. Freese,https://www.courts.nh.gov/sites/g/files/ehbemt471/files/documents/2021-09/20130257.pdf,,2015-08-12,,2015,,,Smukler,criminal,standard,,per_curiam,Per Curiam,0,0,0,2,N/A,False,False,False,['criminal'],"['RSA 631:2-a', 'RSA 626:8', 'RSA 631:4', 'RSA 625:11', 'RSA 651:6, I']",RSA 631:2-a,False,[],,1226,case_order,1.0.0,2026-07-16T02:03:57.709177,0.8
2013-0315,2013-0315,['2013-0315'],,,,State of New Hampshire v. Destin Stewart,https://www.courts.nh.gov/sites/g/files/ehbemt471/files/documents/2021-09/20130315.pdf,,2015-02-18,,2015,"Superior Court (Delker, J.)",superior_court,Delker,family/domestic,standard,remanded,per_curiam,Per Curiam,0,0,0,2,N/A,False,False,False,"['criminal', 'domestic_violence']","['RSA 631:2, I', 'RSA 633:2, I', 'RSA 631:4, I', 'RSA 631:2-a, I', 'RSA 633:3-a, I']","RSA 631:2, I",False,[],,1361,case_order,1.0.0,2026-07-16T02:03:58.026440,0.8
2013-0449,2013-0449,['2013-0449'],,,,State of New Hampshire v. Judith Tompson,https://www.courts.nh.gov/sites/g/files/ehbemt471/files/documents/2021-09/20130449.pdf,,2015-06-09,,2015,,,,criminal,standard,dismissed,per_curiam,Per Curiam,0,0,0,2,N/A,False,False,False,"['criminal', 'civil_procedure']","['RSA 631:3', 'RSA 642:2', 'RSA 265:4', 'RSA 625:11, V', 'RSA 631:3, II']",RSA 631:3,False,[],,1494,case_order,1.0.0,2026-07-16T02:03:58.518541,0.8
2013-0518,2013-0518,['2013-0518'],,,,State of New Hampshire v. Sabreena Morgan,https://www.courts.nh.gov/sites/g/files/ehbemt471/files/documents/2021-09/20130518.pdf,,2015-12-03,,2015,"Superior Court (Lewis, J.)",superior_court,Lewis,criminal,standard,,per_curiam,Per Curiam,0,0,0,2,N/A,False,False,False,"['criminal', 'civil_procedure', 'evidence']","['RSA 318-B:26, IX']","RSA 318-B:26, IX",False,[],,1367,case_order,1.0.0,2026-07-16T02:03:59.121836,0.8
2013-0571,2013-0571,['2013-0571'],,,,State of New Hampshire v. Robert D. Wade,https://www.courts.nh.gov/sites/g/files/ehbemt471/files/documents/2021-09/20130571.pdf,,2015-05-12,,2015,"Superior Court (Goode, J.)",superior_court,Goode,criminal,standard,affirmed,per_curiam,Per Curiam,3,0,0,0,3-0,True,False,False,"['criminal', 'constitutional', 'tort']","['RSA 635:1', 'RSA 651:2, II']",RSA 635:1,False,['plain_error'],,776,case_order,1.0.0,2026-07-16T02:04:02.458604,0.8
2013-0653,2013-0653,['2013-0653'],,,,"State of New Hampshire v. Benjamin L. Duling, Sr.",https://www.courts.nh.gov/sites/g/files/ehbemt471/files/documents/2021-09/20130653.pdf,,2015-04-29,,2015,"Superior Court (Nicolosi, J.)",superior_court,Nicolosi,criminal,standard,,per_curiam,Per Curiam,0,0,0,2,N/A,False,False,False,"['criminal', 'competency', 'constitutional']","['RSA 630:1-b', 'RSA 135:17, II']",RSA 630:1-b,False,[],,1399,case_order,1.0.0,2026-07-16T02:04:02.827340,0.8
2013-0673,2013-0673,['2013-0673'],,,,State of New Hampshire v. Marc Mallard,https://www.courts.nh.gov/sites/g/files/ehbemt471/files/documents/2021-09/20130673.pdf,,2015-01-21,,2015,,administrative,,criminal,standard,,per_curiam,Per Curiam,0,0,0,2,N/A,False,False,False,"['criminal', 'civil_procedure']","['RSA 631:2, I', 'RSA 629:1', 'RSA 631:2-a', 'RSA 631:4, I']","RSA 631:2, I",False,['plain_error'],,1455,case_order,1.0.0,2026-07-16T02:04:03.409143,0.8
2013-0761,2013-0761,['2013-0761'],,,,"Brady Sullivan Millworks, LLC v. Lifeshare Liquidation Company, Inc. & a.",https://www.courts.nh.gov/sites/g/files/ehbemt471/files/documents/2021-09/20130761.pdf,,2015-03-12,,2015,Superior Court,superior_court,Garfunkel,civil,standard,remanded,per_curiam,Per Curiam,0,0,0,2,N/A,False,False,False,"['insurance', 'civil_procedure']",[],,False,[],,1354,case_order,1.0.0,2026-07-16T02:04:03.582870,0.8
2013-0791,2013-0791,['2013-0791'],,,,JP Morgan Mortgage Acquisition Corp. v. Judy Thomas,https://www.courts.nh.gov/sites/g/files/ehbemt471/files/documents/2021-09/20130791.pdf,,2015-02-11,,2015,"Circuit Court (Spath, J.)",circuit_court,Spath,civil,standard,affirmed,per_curiam,Per Curiam,3,0,0,0,3-0,True,False,False,"['civil_procedure', 'property', 'evidence']","['RSA 540:12', 'RSA 502-A:14, I', 'RSA 540:17']",RSA 540:12,False,[],,867,case_order,1.0.0,2026-07-16T02:04:04.391338,0.8
2013-0823,2013-0823,['2013-0823'],,,,David Blair & a. v. Penny A. Keough & a.,https://www.courts.nh.gov/sites/g/files/ehbemt471/files/documents/2021-09/20130823.pdf,,2015-02-11,,2015,,administrative,Kissinger,civil,standard,,per_curiam,Per Curiam,0,0,0,2,N/A,False,False,False,"['statutory_interpretation', 'property']","['RSA 229:1', 'RSA 367:45', 'RSA 229', 'RSA 229:5', 'RSA 229:5, VII']",RSA 229:1,True,['de_novo'],,1448,case_order,1.0.0,2026-07-16T02:04:04.668455,0.8
2013-0833,2013-0833,['2013-0833'],,,,State of New Hampshire v. Wade S. Holmes,https://www.courts.nh.gov/sites/g/files/ehbemt471/files/documents/2021-09/20130833.pdf,,2015-03-16,,2015,,administrative,,criminal,standard,,per_curiam,Per Curiam,0,0,0,2,N/A,False,False,False,"['criminal', 'constitutional', 'tort', 'evidence']","['RSA 630:3', 'RSA 626:2, II']",RSA 630:3,False,[],,1319,case_order,1.0.0,2026-07-16T02:04:04.912414,0.8
2013-0860,2013-0860,['2013-0860'],,,,State of New Hampshire v. Tino Marino,https://www.courts.nh.gov/sites/g/files/ehbemt471/files/documents/2021-09/20130860.pdf,,2015-02-19,,2015,Superior Court,superior_court,Brown,criminal,standard,affirmed,per_curiam,Per Curiam,3,0,0,0,3-0,True,False,False,['criminal'],['RSA 504-A:4'],RSA 504-A:4,False,[],,634,case_order,1.0.0,2026-07-16T02:04:05.337450,0.8
2013-0886,2013-0886,['2013-0886'],,,,State of New Hampshire v. Joshua Fowler,https://www.courts.nh.gov/sites/g/files/ehbemt471/files/documents/2021-09/20130886.pdf,,2015-01-09,,2015,"Superior Court (Delker, J.)",superior_court,Delker,family/domestic,standard,,per_curiam,Per Curiam,0,0,0,2,N/A,False,False,False,"['criminal', 'family_law', 'property']","['RSA 635:1', 'RSA 626:8']",RSA 635:1,False,[],,1293,case_order,1.0.0,2026-07-16T02:04:05.872132,0.8
2014-0006,2014-0006,['2014-0006'],,,,State of New Hampshire v. Jose Sanchez-Grullon,https://www.courts.nh.gov/sites/g/files/ehbemt471/files/documents/2021-09/20140006.pdf,,2015-01-22,,2015,"Superior Court (Garfunkel, J.)",superior_court,Garfunkel,criminal,standard,dismissed,per_curiam,Per Curiam,3,0,0,0,3-0,True,False,False,"['criminal', 'civil_procedure']",['RSA 631:1'],RSA 631:1,False,[],,441,case_order,1.0.0,2026-07-16T02:04:06.471446,0.8
2014-0007,2014-0007,['2014-0007'],,,,In the Matter of Greydon Colby and Alicia Colby,https://www.courts.nh.gov/sites/g/files/ehbemt471/files/documents/2021-09/20140007.pdf,,2015-01-23,,2015,,,,family/domestic,standard,,per_curiam,Per Curiam,0,0,0,2,N/A,False,False,False,"['insurance', 'family_law', 'employment', 'tort']","['RSA 458-C:2, IV', 'RSA 458']","RSA 458-C:2, IV",False,['clear_error'],,1460,case_order,1.0.0,2026-07-16T02:04:06.744075,0.8
2014-0009,2014-0009,['2014-0009'],,,,State of New Hampshire v. Vincent R. McGinity,https://www.courts.nh.gov/sites/g/files/ehbemt471/files/documents/2021-09/20140009.pdf,,2015-11-18,,2015,"Superior Court (Bornstein, J.)",superior_court,Bornstein,criminal,standard,affirmed,per_curiam,Per Curiam,2,0,0,1,2-0,True,False,False,"['criminal', 'constitutional']","['RSA 637:3', 'RSA 637:11, I']",RSA 637:3,False,[],,1089,case_order,1.0.0,2026-07-16T02:04:08.668883,0.8
2014-0022,2014-0022,['2014-0022'],,,,"New Hampshire Department of Environmental Services v. Donald R. Lee, Sr.",https://www.courts.nh.gov/sites/g/files/ehbemt471/files/documents/2021-09/20140022.pdf,,2015-01-30,,2015,Superior Court,superior_court,O’Neill,civil,standard,affirmed,per_curiam,Per Curiam,3,0,0,0,3-0,True,False,False,['civil_procedure'],['RSA 482-A:14'],RSA 482-A:14,False,[],,314,case_order,1.0.0,2026-07-16T02:04:09.439890,0.8
2014-0073,2014-0073,['2014-0073'],,,,Nancy S. Stillwagon v. State of New Hampshire & a.,https://www.courts.nh.gov/sites/g/files/ehbemt471/files/documents/2021-09/20140073.pdf,,2015-01-30,,2015,Superior Court,superior_court,O’Neill,civil,standard,affirmed,per_curiam,Per Curiam,2,0,0,1,2-0,True,False,False,"['administrative_law', 'civil_procedure', 'constitutional', 'tort', 'evidence']","['RSA 161-F:46', 'RSA 464-A']",RSA 161-F:46,False,[],,423,case_order,1.0.0,2026-07-16T02:04:09.556095,0.8
2014-0081,2014-0081,['2014-0081'],,,,Bradford Dutton v. Town of Salem,https://www.courts.nh.gov/sites/g/files/ehbemt471/files/documents/2021-09/20140081.pdf,,2015-05-22,,2015,Superior Court,superior_court,,civil,standard,reversed,per_curiam,Per Curiam,0,0,0,2,N/A,False,False,False,"['civil_procedure', 'property', 'contract', 'tort', 'tax']",['RSA 507-B:2-b'],RSA 507-B:2-b,False,['de_novo'],,1419,case_order,1.0.0,2026-07-16T02:04:12.127903,0.8
2014-0091,2014-0091,['2014-0091'],,,,State of New Hampshire v. Brian Benoit,https://www.courts.nh.gov/sites/g/files/ehbemt471/files/documents/2021-09/20140091.pdf,,2015-02-19,,2015,"Circuit Court (Crocker, J.)",circuit_court,Crocker,criminal,standard,affirmed,per_curiam,Per Curiam,3,0,0,0,3-0,True,False,False,"['criminal', 'insurance', 'evidence']",[],,False,[],,384,case_order,1.0.0,2026-07-16T02:04:12.300043,0.8
2014-0094,2014-0094,['2014-0094'],,,,Appeal of Town of Troy,https://www.courts.nh.gov/sites/g/files/ehbemt471/files/documents/2021-09/20140094.pdf,,2015-01-21,,2015,,administrative,,civil,standard,affirmed,per_curiam,Per Curiam,3,0,0,0,3-0,True,False,False,"['administrative_law', 'statutory_interpretation', 'constitutional', 'contract']","['RSA 541', 'RSA 541:13']",RSA 541,True,[],,717,case_order,1.0.0,2026-07-16T02:04:12.557289,0.8
2014-0095,2014-0095,['2014-0095'],,,,Mark Berkovich v. Clifford Jakubowski,https://www.courts.nh.gov/sites/g/files/ehbemt471/files/documents/2021-09/20140095.pdf,,2015-01-23,,2015,"Circuit Court (Bamberger, J.)",circuit_court,Bamberger,civil,standard,reversed,per_curiam,Per Curiam,3,0,0,0,3-0,True,False,False,"['medicaid', 'civil_procedure', 'property', 'contract']","['RSA 540:2, II', 'RSA 540:1-a']","RSA 540:2, II",False,[],,447,case_order,1.0.0,2026-07-16T02:04:12.987382,0.8
2014-0124,2014-0124,['2014-0124'],,,,State of New Hampshire v. William A. Knowles,https://www.courts.nh.gov/sites/g/files/ehbemt471/files/documents/2021-09/20140124.pdf,,2015-02-26,,2015,"Superior Court (Wageling, J.)",superior_court,Wageling,criminal,standard,affirmed,per_curiam,Per Curiam,3,0,0,0,3-0,True,False,False,[],['RSA 519:23-a'],RSA 519:23-a,False,[],,212,case_order,1.0.0,2026-07-16T02:04:13.554055,0.8
2014-0139,2014-0139,['2014-0139'],,,,Walter W. Cheney v. Town of Newmarket,https://www.courts.nh.gov/sites/g/files/ehbemt471/files/documents/2021-09/20140139.pdf,,2015-01-09,,2015,Superior Court,superior_court,,civil,standard,affirmed,per_curiam,Per Curiam,3,0,0,0,3-0,True,False,False,"['civil_procedure', 'statutory_interpretation', 'property']",['RSA 677:4'],RSA 677:4,True,[],,718,case_order,1.0.0,2026-07-16T02:04:13.636412,0.8
2014-0144,2014-0144,['2014-0144'],,,,"Governor's Island Club, Inc. v. Richard Homsi",https://www.courts.nh.gov/sites/g/files/ehbemt471/files/documents/2021-09/20140144.pdf,,2015-04-27,,2015,Superior Court,superior_court,O’Neill,civil,standard,affirmed,per_curiam,Per Curiam,3,0,0,0,3-0,True,False,False,"['civil_procedure', 'statutory_interpretation', 'employment', 'contract']",[],,True,['de_novo'],,1148,case_order,1.0.0,2026-07-16T02:04:16.013733,0.8
2014-0151,2014-0151,['2014-0151'],,,,In the Matter of Helen Prairie and Mark Prairie,https://www.courts.nh.gov/sites/g/files/ehbemt471/files/documents/2021-09/20140151.pdf,,2015-09-21,,2015,"Circuit Court (Cardello, J.)",circuit_court,Cardello,family/domestic,standard,affirmed,per_curiam,Per Curiam,3,0,0,0,3-0,True,False,False,"['family_law', 'property', 'tort']",[],,False,[],,1088,case_order,1.0.0,2026-07-16T02:04:16.600506,0.8
2014-0171,2014-0171,['2014-0171'],,,,Lawrence Sprague v. Marc Josephson,https://www.courts.nh.gov/sites/g/files/ehbemt471/files/documents/2021-09/20140171.pdf,,2015-01-22,,2015,Circuit Court,circuit_court,Gordon,civil,standard,reversed,per_curiam,Per Curiam,3,0,0,0,3-0,True,False,False,[],[],,False,[],,531,case_order,1.0.0,2026-07-16T02:04:18.510833,0.8
2014-0176,2014-0176,['2014-0176'],,,,David Nemetz v. Town of Sanbornton,https://www.courts.nh.gov/sites/g/files/ehbemt471/files/documents/2021-09/20140176.pdf,,2015-03-13,,2015,Superior Court,superior_court,,civil,standard,affirmed,per_curiam,Per Curiam,3,0,0,0,3-0,True,False,False,"['civil_procedure', 'statutory_interpretation', 'constitutional', 'contract', 'tax']",['RSA 80:77'],RSA 80:77,True,[],,319,case_order,1.0.0,2026-07-16T02:04:20.676554,0.8
2014-0179,2014-0179,['2014-0179'],,,,State of New Hampshire v. Troy Burpee,https://www.courts.nh.gov/sites/g/files/ehbemt471/files/documents/2021-09/20140179.pdf,,2015-02-18,,2015,"Superior Court (Delker, J.)",superior_court,Delker,civil,standard,affirmed,per_curiam,Per Curiam,3,0,0,0,3-0,True,False,False,"['constitutional', 'evidence']",[],,False,[],,622,case_order,1.0.0,2026-07-16T02:04:20.828893,0.8
2014-0193,2014-0193,['2014-0193'],,,,"22 Lenox Avenue, LLC v. Town of Derry",https://www.courts.nh.gov/sites/g/files/ehbemt471/files/documents/2021-09/20140193.pdf,,2015-05-08,,2015,"Superior Court (Wageling, J.)",superior_court,Wageling,civil,standard,dismissed,per_curiam,Per Curiam,0,0,0,2,N/A,False,False,False,"['administrative_law', 'civil_procedure', 'property']","['RSA 676:5, III', 'RSA 674:33, I', 'RSA 677:15, I', 'RSA 677:15', 'RSA 676']","RSA 676:5, III",False,[],,1270,case_order,1.0.0,2026-07-16T02:04:21.056619,0.8
2014-0217,2014-0217,['2014-0217'],,,,"DomVincent, LLC v. Town of Derry",https://www.courts.nh.gov/sites/g/files/ehbemt471/files/documents/2021-09/20140217.pdf,,2015-02-20,,2015,Superior Court,superior_court,Wageling,civil,standard,affirmed,per_curiam,Per Curiam,3,0,0,0,3-0,True,False,False,"['civil_procedure', 'property']","['RSA 677:4', 'RSA 311:7']",RSA 677:4,False,[],,303,case_order,1.0.0,2026-07-16T02:04:21.335252,0.8
2014-0226,2014-0226,['2014-0226'],,,,"Kulick's, Inc. v. Town of Winchester",https://www.courts.nh.gov/sites/g/files/ehbemt471/files/documents/2021-09/20140226.pdf,,2015-03-16,,2015,,,,civil,standard,vacated,per_curiam,Per Curiam,3,0,0,0,3-0,True,False,False,"['administrative_law', 'statutory_interpretation', 'property']","['RSA 676:4, I']","RSA 676:4, I",True,[],,949,case_order,1.0.0,2026-07-16T02:04:21.664834,0.8
2014-0229,2014-0229,['2014-0229'],,,,"The Bank of New York Mellon Trust Company, NA v. Nicholas Cohen",https://www.courts.nh.gov/sites/g/files/ehbemt471/files/documents/2021-09/20140229.pdf,,2015-02-19,,2015,Circuit Court,circuit_court,Yazinski,civil,standard,affirmed,per_curiam,Per Curiam,3,0,0,0,3-0,True,False,False,"['statutory_interpretation', 'property', 'contract']","['RSA 540:17', 'RSA 490-F:3', 'RSA 540:18', 'RSA 502-A:34', 'RSA 479:25, II']",RSA 540:17,True,[],,1135,case_order,1.0.0,2026-07-16T02:04:22.087372,0.8
2014-0242,2014-0242,['2014-0242'],,,,Appeal of Katherine Lajoie & a.,https://www.courts.nh.gov/sites/g/files/ehbemt471/files/documents/2021-09/20140242.pdf,,2015-03-17,,2015,,administrative,,civil,standard,,per_curiam,Per Curiam,0,0,0,2,N/A,False,False,False,"['administrative_law', 'statutory_interpretation']","['RSA 541:13', 'RSA 21-O:14, III', 'RSA 21-O:14, I']",RSA 541:13,True,['de_novo'],,1342,case_order,1.0.0,2026-07-16T02:04:22.574400,0.8
2014-0246,2014-0246,['2014-0246'],,,,Peter E. Hutchins & a. v. Beverly A. Hollingworth,https://www.courts.nh.gov/sites/g/files/ehbemt471/files/documents/2021-09/20140246.pdf,,2015-03-16,,2015,"Superior Court (Delker, J.)",superior_court,Delker,civil,standard,affirmed,per_curiam,Per Curiam,2,0,0,1,2-0,True,False,False,['tax'],[],,False,[],,514,case_order,1.0.0,2026-07-16T02:04:23.107910,0.8
2014-0254,2014-0254,['2014-0254'],,,,State of New Hampshire v. David Larose,https://www.courts.nh.gov/sites/g/files/ehbemt471/files/documents/2021-09/20140254.pdf,,2015-10-09,,2015,"Superior Court (Delker, J.)",superior_court,Delker,civil,standard,,per_curiam,Per Curiam,0,0,0,2,N/A,False,False,False,['DWI'],"['RSA 318-B:2, I', 'RSA 265-A:43']","RSA 318-B:2, I",False,"['de_novo', 'clear_error']",,1286,case_order,1.0.0,2026-07-16T02:04:23.710611,0.8
2014-0257,2014-0257,['2014-0257'],,,,"Michael J. Glick, DDS v. Chocorua Forestlands Limited Partnership; Chocorua Forestlands, LLC v. Michael J. Glick, DDS & a.; Chocorua Forestlands Limited Partnership & a. v. Michael J. Glick, DDS",https://www.courts.nh.gov/sites/g/files/ehbemt471/files/documents/2021-09/20140257.pdf,,2015-06-22,,2015,"Superior Court (Houran, J.)",superior_court,Houran,civil,standard,,per_curiam,Per Curiam,0,0,0,2,N/A,False,False,False,"['property', 'contract', 'tax']",[],,False,[],,1406,case_order,1.0.0,2026-07-16T02:04:26.354828,0.8
2014-0258,2014-0258,['2014-0258'],,,,Appeal of Glenn McCreery,https://www.courts.nh.gov/sites/g/files/ehbemt471/files/documents/2021-09/20140258.pdf,,2015-02-09,,2015,,,,civil,standard,affirmed,per_curiam,Per Curiam,3,0,0,0,3-0,True,False,False,['statutory_interpretation'],[],,True,['de_novo'],,871,case_order,1.0.0,2026-07-16T02:04:26.544524,0.8
2014-0260,2014-0260,['2014-0260'],,,,Thomas Kent v. Wells Fargo Home Mortgage,https://www.courts.nh.gov/sites/g/files/ehbemt471/files/documents/2021-09/20140260.pdf,,2015-02-06,,2015,,,,civil,standard,affirmed,per_curiam,Per Curiam,2,0,0,0,2-0,True,False,False,['property'],[],,False,[],,183,case_order,1.0.0,2026-07-16T02:04:27.140358,0.8
2014-0263,2014-0263,['2014-0263'],,,,Vanessa Vanderhoek v. Aylward Motors,https://www.courts.nh.gov/sites/g/files/ehbemt471/files/documents/2021-09/20140263.pdf,,2015-03-17,,2015,Circuit Court,circuit_court,Ashley,civil,standard,affirmed,per_curiam,Per Curiam,3,0,0,0,3-0,True,False,False,"['statutory_interpretation', 'contract', 'tort', 'evidence']",['RSA 503:7'],RSA 503:7,True,[],,638,case_order,1.0.0,2026-07-16T02:04:27.240472,0.8
2014-0265,2014-0265,['2014-0265'],,,,"Peter Saunders & a. v. Wells Fargo Bank, N.A.",https://www.courts.nh.gov/sites/g/files/ehbemt471/files/documents/2021-09/20140265.pdf,,2015-02-12,,2015,"Superior Court (Wageling, J.)",superior_court,Wageling,civil,standard,affirmed,per_curiam,Per Curiam,3,0,0,0,3-0,True,False,False,"['civil_procedure', 'statutory_interpretation', 'constitutional', 'property', 'contract']",[],,True,['plain_error'],,579,case_order,1.0.0,2026-07-16T02:04:30.428369,0.8
2014-0267,2014-0267,['2014-0267'],,,,State of New Hampshire v. Hagen Esty-Lennon,https://www.courts.nh.gov/sites/g/files/ehbemt471/files/documents/2021-09/20140267.pdf,,2015-03-12,,2015,"Circuit Court (Coughlin, J.)",circuit_court,Coughlin,family/domestic,standard,reversed,per_curiam,Per Curiam,3,0,0,0,3-0,True,False,False,"['family_law', 'constitutional', 'domestic_violence']","['RSA 173-B:9', 'RSA 644:4, I']",RSA 173-B:9,False,[],,693,case_order,1.0.0,2026-07-16T02:04:30.674456,0.8
2014-0269,2014-0269,['2014-0269'],,,,In the Matter of David Martin and Stephanie Pelley,https://www.courts.nh.gov/sites/g/files/ehbemt471/files/documents/2021-09/20140269.pdf,at the,2015-03-13,,2015,Circuit Court,circuit_court,Moore,family/domestic,standard,vacated,per_curiam,Per Curiam,3,0,0,6,3-0,True,False,False,[],[],,False,[],,183,case_order,1.0.0,2026-07-16T02:04:30.934955,0.8
2014-0272,2014-0272,['2014-0272'],,,,State of New Hampshire v. Angelo Palmer,https://www.courts.nh.gov/sites/g/files/ehbemt471/files/documents/2021-09/20140272.pdf,,2015-01-20,,2015,Circuit Court,circuit_court,Carroll,criminal,standard,reversed,per_curiam,Per Curiam,3,0,0,0,3-0,True,False,False,"['criminal', 'statutory_interpretation', 'evidence']","['RSA 631:2-a', 'RSA 632-A:4', 'RSA 651:5, II', 'RSA 651:5, I', 'RSA 651:5, III']",RSA 631:2-a,True,[],,1014,case_order,1.0.0,2026-07-16T02:04:31.262496,0.8
2014-0273,2014-0273,['2014-0273'],,,,In the Matter of Garrett Lear and Annette Lear,https://www.courts.nh.gov/sites/g/files/ehbemt471/files/documents/2021-09/20140273.pdf,,2015-02-27,,2015,"Circuit Court (Patten, J.)",circuit_court,Patten,family/domestic,standard,,per_curiam,Per Curiam,0,0,0,2,N/A,False,False,False,"['family_law', 'property', 'employment', 'tax']","['RSA 458:7, III', 'RSA 458:16', 'RSA 458:16-a, II', 'RSA 458:19, I', 'RSA 458:19, IV']","RSA 458:7, III",False,[],,1408,case_order,1.0.0,2026-07-16T02:04:31.615667,0.8
2014-0283,2014-0283,['2014-0283'],,,,Heather McKenna v. Mark Collier,https://www.courts.nh.gov/sites/g/files/ehbemt471/files/documents/2021-09/20140283.pdf,,2015-05-08,,2015,Circuit Court,circuit_court,Stephen,family/domestic,standard,reversed,per_curiam,Per Curiam,3,0,0,0,3-0,True,False,False,"['criminal', 'domestic_violence']","['RSA 633:3-a', 'RSA 633:3-a, I', 'RSA 173-B:3, I', 'RSA 633:3-a, III', 'RSA 173-B']",RSA 633:3-a,False,[],,941,case_order,1.0.0,2026-07-16T02:04:32.039339,0.8
2014-0292,2014-0292,['2014-0292'],,,,State of New Hampshire v. Dianne M. Sage,https://www.courts.nh.gov/sites/g/files/ehbemt471/files/documents/2021-09/20140292.pdf,,2015-01-20,,2015,,,,civil,standard,affirmed,per_curiam,Per Curiam,3,0,0,0,3-0,True,False,False,['civil_procedure'],"['RSA 637:3-a, II', 'RSA 637:3-A', 'RSA 637:2, VI']","RSA 637:3-a, II",False,['plain_error'],,962,case_order,1.0.0,2026-07-16T02:04:32.534103,0.8
2014-0293,2014-0293,['2014-0293'],,,,Mastoran Corporation v. New Hampshire Department of Environmental Services & a.,https://www.courts.nh.gov/sites/g/files/ehbemt471/files/documents/2021-09/20140293.pdf,,2015-03-17,,2015,,,,civil,standard,affirmed,per_curiam,Per Curiam,3,0,0,0,3-0,True,False,False,['civil_procedure'],"['RSA 482:41-f', 'RSA 482-A:17', 'RSA 482:41-e', 'RSA 482-A:16']",RSA 482:41-f,False,[],,318,case_order,1.0.0,2026-07-16T02:04:33.091715,0.8
2014-0295,2014-0295,['2014-0295'],,,,In the Matter of Marianne Carvell and Ronald Carvell,https://www.courts.nh.gov/sites/g/files/ehbemt471/files/documents/2021-09/20140295.pdf,,2015-04-07,,2015,Circuit Court,circuit_court,Moore,family/domestic,standard,vacated,per_curiam,Per Curiam,3,0,0,0,3-0,True,False,False,['family_law'],[],,False,[],,1153,case_order,1.0.0,2026-07-16T02:04:33.723784,0.8
2014-0296,2014-0296,['2014-0296'],,,,Geoffrey Fowler v. Annabella Morse,https://www.courts.nh.gov/sites/g/files/ehbemt471/files/documents/2021-09/20140296.pdf,,2015-04-07,,2015,"Circuit Court (Runyon, J.)",circuit_court,Runyon,civil,standard,remanded,per_curiam,Per Curiam,0,0,0,2,N/A,False,False,False,"['property', 'contract']","['RSA 540:13', 'RSA 540:13, III']",RSA 540:13,False,['de_novo'],,1490,case_order,1.0.0,2026-07-16T02:04:35.265627,0.8
2014-0301,2014-0301,['2014-0301'],,,,State of New Hampshire v. Oscar Quinta,https://www.courts.nh.gov/sites/g/files/ehbemt471/files/documents/2021-09/20140301.pdf,,2015-03-13,,2015,"Superior Court (Garfunkel, J.)",superior_court,Garfunkel,criminal,standard,affirmed,per_curiam,Per Curiam,3,0,0,0,3-0,True,False,False,"['criminal', 'civil_procedure', 'statutory_interpretation']","['RSA 645:1', 'RSA 645:1, II', 'RSA 645:1, I']",RSA 645:1,True,['de_novo'],,645,case_order,1.0.0,2026-07-16T02:04:35.429640,0.8
2014-0306,2014-0306,['2014-0306'],,,,"Shepherds Hill Homeowners Association, Inc. v. Shepherds Hill Development Co., LLC",https://www.courts.nh.gov/sites/g/files/ehbemt471/files/documents/2021-09/20140306.pdf,,2015-04-02,,2015,"Superior Court (Colburn, J.)",superior_court,Colburn,civil,standard,affirmed,per_curiam,Per Curiam,3,0,0,0,3-0,True,False,False,['civil_procedure'],"['RSA 356-B:3, XXIX', 'RSA 356-B:23, III', 'RSA 356-B:23']","RSA 356-B:3, XXIX",False,[],,311,case_order,1.0.0,2026-07-16T02:04:36.063993,0.8
2014-0313,2014-0313,['2014-0313'],,,,David Jackson & a. v. Richard Mason,https://www.courts.nh.gov/sites/g/files/ehbemt471/files/documents/2021-09/20140313.pdf,,2015-02-13,,2015,"Circuit Court (Introcaso, J.)",circuit_court,Introcaso,civil,standard,vacated,per_curiam,Per Curiam,3,0,0,0,3-0,True,False,False,[],"['RSA 540-A:4', 'RSA 540-A']",RSA 540-A:4,False,[],,204,case_order,1.0.0,2026-07-16T02:04:36.119389,0.8
2014-0321,2014-0321,['2014-0321'],,,,State of New Hampshire v. Robert C. Frink,https://www.courts.nh.gov/sites/g/files/ehbemt471/files/documents/2021-09/20140321.pdf,,2015-05-21,,2015,"Circuit Court (Boynton, J.)",circuit_court,Boynton,civil,standard,dismissed,per_curiam,Per Curiam,0,0,0,2,N/A,False,False,False,"['administrative_law', 'civil_procedure', 'DWI']","['RSA 265-A:2, I', 'RSA 265']","RSA 265-A:2, I",False,[],,1381,case_order,1.0.0,2026-07-16T02:04:39.370179,0.8
2014-0327,2014-0327,['2014-0327'],,,,State of New Hampshire v. Jeffrey Guyette,https://www.courts.nh.gov/sites/g/files/ehbemt471/files/documents/2021-09/20140327.pdf,,2015-06-19,,2015,"Superior Court (Delker, J.)",superior_court,Delker,criminal,standard,,per_curiam,Per Curiam,0,0,0,2,N/A,False,False,False,['criminal'],"['RSA 631:3, I', 'RSA 625:11, V', 'RSA 626:2, II']","RSA 631:3, I",False,[],,1341,case_order,1.0.0,2026-07-16T02:04:39.937190,0.8
2014-0330,2014-0330,['2014-0330'],,,,Town of Hampton v. Thomas L. Morgenstern,https://www.courts.nh.gov/sites/g/files/ehbemt471/files/documents/2021-09/20140330.pdf,,2015-02-19,,2015,,,,civil,standard,affirmed,per_curiam,Per Curiam,3,0,0,0,3-0,True,False,False,[],"['RSA 676:17, I']","RSA 676:17, I",False,[],,304,case_order,1.0.0,2026-07-16T02:04:40.013621,0.8
2014-0331,2014-0331,['2014-0331'],,,,In the Matter of Maureen Crosson and Samuel Crosson,https://www.courts.nh.gov/sites/g/files/ehbemt471/files/documents/2021-09/20140331.pdf,,2015-03-16,,2015,"Circuit Court (Sadler, J.)",circuit_court,Sadler,family/domestic,standard,,per_curiam,Per Curiam,0,0,0,2,N/A,False,False,False,"['insurance', 'family_law', 'property']","['RSA 458:16-a', 'RSA 458:19', 'RSA 458:16-a, II', 'RSA 458:16', 'RSA 458:19, I', 'RSA 458:19, IV']",RSA 458:16-a,False,[],,1371,case_order,1.0.0,2026-07-16T02:04:42.207661,0.8
2014-0336,2014-0336,['2014-0336'],,,,"Miroslav Zecevic v. US Bank National Association, as Trustee, & a.",https://www.courts.nh.gov/sites/g/files/ehbemt471/files/documents/2021-09/20140336.pdf,,2015-09-17,,2015,Superior Court,superior_court,,civil,standard,affirmed,per_curiam,Per Curiam,2,0,0,1,2-0,True,False,False,"['civil_procedure', 'property', 'contract']",[],,False,['de_novo'],,1000,case_order,1.0.0,2026-07-16T02:04:42.537221,0.8
2014-0342,2014-0342,['2014-0342'],,,,"Thomas Kondrat, Trustee of the Irene M. Kondrat Trust v. Town of Freedom & a.",https://www.courts.nh.gov/sites/g/files/ehbemt471/files/documents/2021-09/20140342.pdf,,2015-04-29,,2015,"Superior Court (Houran, J.)",superior_court,Houran,civil,standard,affirmed,per_curiam,Per Curiam,3,0,0,0,3-0,True,False,False,"['property', 'contract']",[],,False,[],,714,case_order,1.0.0,2026-07-16T02:04:42.975035,0.8
2014-0343,2014-0343,['2014-0343'],,,,"George C. Conkey, II v. Town of Dorchester",https://www.courts.nh.gov/sites/g/files/ehbemt471/files/documents/2021-09/20140343.pdf,,2015-03-16,,2015,Superior Court,superior_court,Bornstein,criminal,standard,,per_curiam,Per Curiam,0,0,0,2,N/A,False,False,False,"['criminal', 'administrative_law', 'civil_procedure', 'statutory_interpretation', 'constitutional', 'property', 'employment', 'contract']","['RSA 231:65', 'RSA 91-A']",RSA 231:65,True,['de_novo'],,1391,case_order,1.0.0,2026-07-16T02:04:43.562695,0.8
2014-0349,2014-0349,['2014-0349'],,,,Town of Troy v. The Monadnock Regional School District,https://www.courts.nh.gov/sites/g/files/ehbemt471/files/documents/2021-09/20140349.pdf,,2015-02-06,,2015,,,,civil,standard,affirmed,per_curiam,Per Curiam,3,0,0,0,3-0,True,False,False,"['administrative_law', 'constitutional', 'contract', 'tax']",[],,False,[],,286,case_order,1.0.0,2026-07-16T02:04:43.638072,0.8
2014-0351,2014-0351,['2014-0351'],,,,"Robert Baker v. President, Kilnwood on Kanasatka Condominium Association, Inc.",https://www.courts.nh.gov/sites/g/files/ehbemt471/files/documents/2021-09/20140351.pdf,,2015-02-19,,2015,Superior Court,superior_court,Houran,civil,standard,affirmed,per_curiam,Per Curiam,2,0,0,0,2-0,True,False,False,['civil_procedure'],[],,False,[],,353,case_order,1.0.0,2026-07-16T02:04:46.424327,0.8
2014-0355,2014-0355,['2014-0355'],,,,Patricia Donovan v. Desire Belmore,https://www.courts.nh.gov/sites/g/files/ehbemt471/files/documents/2021-09/20140355.pdf,,2015-02-19,,2015,"Superior Court (Nicolosi, J.)",superior_court,Nicolosi,family/domestic,standard,affirmed,per_curiam,Per Curiam,3,0,0,0,3-0,True,False,False,['domestic_violence'],[],,False,[],,309,case_order,1.0.0,2026-07-16T02:04:47.126021,0.8
2014-0356,2014-0356,['2014-0356'],,,,State of New Hampshire v. Adam Welch,https://www.courts.nh.gov/sites/g/files/ehbemt471/files/documents/2021-09/20140356.pdf,,2015-04-28,,2015,"Superior Court (Kissinger, J.)",superior_court,Kissinger,civil,standard,affirmed,per_curiam,Per Curiam,3,0,0,0,3-0,True,False,False,['evidence'],[],,False,[],,1271,case_order,1.0.0,2026-07-16T02:04:47.721042,0.8
2014-0357,2014-0357,['2014-0357'],,,,In the Matter of Suzanne Brule and Robert Brule,https://www.courts.nh.gov/sites/g/files/ehbemt471/files/documents/2021-09/20140357.pdf,,2015-04-03,,2015,"Circuit Court (Lawrence, J.)",circuit_court,Lawrence,family/domestic,standard,,per_curiam,Per Curiam,0,0,0,2,N/A,False,False,False,"['family_law', 'property', 'evidence', 'tax']","['RSA 458:19, IV', 'RSA 458:16-a, v', 'RSA 458:16-a, I', 'RSA 458:19, I']","RSA 458:19, IV",False,[],,1476,case_order,1.0.0,2026-07-16T02:04:49.005475,0.8
2014-0358,2014-0358,['2014-0358'],,,,Christy Silver m/n/f Rome Joseph Poto v. Lenora Poto & a.,https://www.courts.nh.gov/sites/g/files/ehbemt471/files/documents/2021-09/20140358.pdf,,2015-09-30,,2015,"Superior Court (Garfunkel, J.)",superior_court,Garfunkel,family/domestic,standard,,per_curiam,Per Curiam,0,0,0,2,N/A,False,False,False,"['insurance', 'family_law', 'statutory_interpretation', 'employment', 'contract']",[],,True,['de_novo'],,1294,case_order,1.0.0,2026-07-16T02:04:49.549943,0.8
2014-0359,2014-0359,['2014-0359'],,,,Peter Pratt & a. v. William Doherty & a.,https://www.courts.nh.gov/sites/g/files/ehbemt471/files/documents/2021-09/20140359.pdf,,2015-02-18,,2015,,administrative,,civil,standard,dismissed,per_curiam,Per Curiam,3,0,0,0,3-0,True,False,False,['civil_procedure'],[],,False,[],,321,case_order,1.0.0,2026-07-16T02:04:50.135429,0.8
2014-0363,2014-0363,['2014-0363'],,,,State of New Hampshire v. Tammy Dunn,https://www.courts.nh.gov/sites/g/files/ehbemt471/files/documents/2021-09/20140363.pdf,,2015-04-06,,2015,"Superior Court (O’Neill, J.)",superior_court,O’Neill,civil,standard,affirmed,per_curiam,Per Curiam,3,0,0,0,3-0,True,False,False,"['insurance', 'statutory_interpretation', 'property', 'tax']","['RSA 641:1, I', 'RSA 641:1, II']","RSA 641:1, I",True,[],,918,case_order,1.0.0,2026-07-16T02:04:53.706623,0.8
2014-0364,2014-0364,['2014-0364'],,,,State of New Hampshire v. William Roy,https://www.courts.nh.gov/sites/g/files/ehbemt471/files/documents/2021-09/20140364.pdf,,2015-09-17,,2015,"Superior Court (MacLeod, J.)",superior_court,MacLeod,family/domestic,standard,,per_curiam,Per Curiam,0,0,0,2,N/A,False,False,False,"['family_law', 'property']","['RSA 638:1, I', 'RSA 635:1']","RSA 638:1, I",False,[],,1425,case_order,1.0.0,2026-07-16T02:04:54.135816,0.8
2014-0367,2014-0367,['2014-0367'],,,,State of New Hampshire v. Patricia Pappalardo,https://www.courts.nh.gov/sites/g/files/ehbemt471/files/documents/2021-09/20140367.pdf,,2015-03-13,,2015,"Circuit Court (Stephen, J.)",circuit_court,Stephen,criminal,standard,affirmed,per_curiam,Per Curiam,3,0,0,0,3-0,True,False,False,"['criminal', 'property', 'tort', 'DWI']","['RSA 265-A:2, I', 'RSA 594:10, I', 'RSA 594:15']","RSA 265-A:2, I",False,"['de_novo', 'clear_error']",,1008,case_order,1.0.0,2026-07-16T02:04:54.692856,0.8
2014-0369,2014-0369,['2014-0369'],,,,Creative Transportation Service v. Paul E. Vrusho d/b/a Granite State Nursery & Evergreen,https://www.courts.nh.gov/sites/g/files/ehbemt471/files/documents/2021-09/20140369.pdf,,2015-03-13,,2015,"Superior Court (McHugh, J.)",superior_court,McHugh,civil,standard,affirmed,per_curiam,Per Curiam,3,0,0,0,3-0,True,False,False,['statutory_interpretation'],[],,True,[],,457,case_order,1.0.0,2026-07-16T02:04:55.238135,0.8
2014-0371,2014-0371,['2014-0371'],,,,Richard H. Daley & a. v. Linda K. Babigian,https://www.courts.nh.gov/sites/g/files/ehbemt471/files/documents/2021-09/20140371.pdf,,2015-02-19,,2015,"Superior Court (Delker, J.)",superior_court,Delker,civil,standard,affirmed,per_curiam,Per Curiam,3,0,0,0,3-0,True,False,False,"['civil_procedure', 'contract']",[],,False,[],,231,case_order,1.0.0,2026-07-16T02:04:55.305579,0.8
2014-0373,2014-0373,['2014-0373'],,,,State of New Hampshire v. Dickens Etienne,https://www.courts.nh.gov/sites/g/files/ehbemt471/files/documents/2021-09/20140373.pdf,,2015-08-10,,2015,Superior Court,superior_court,Garfunkel,family/domestic,standard,,per_curiam,Per Curiam,0,0,0,2,N/A,False,False,False,"['administrative_law', 'family_law', 'statutory_interpretation', 'property']","['RSA 595-A:6', 'RSA 595', 'RSA 318-B:17-b', 'RSA 318', 'RSA 318-B:17-d']",RSA 595-A:6,True,['de_novo'],,1384,case_order,1.0.0,2026-07-16T02:04:55.462537,0.8
2014-0379,2014-0379,['2014-0379'],,,,David D. Vandenberg v. Judith Hamilton,https://www.courts.nh.gov/sites/g/files/ehbemt471/files/documents/2021-09/20140379.pdf,,2015-01-08,,2015,Superior Court,superior_court,Smukler,family/domestic,standard,dismissed,per_curiam,Per Curiam,3,0,0,0,3-0,True,False,False,"['family_law', 'civil_procedure', 'statutory_interpretation', 'constitutional', 'property', 'tort']",['RSA 507:11'],RSA 507:11,True,[],,1286,case_order,1.0.0,2026-07-16T02:04:58.876304,0.8
2014-0380,2014-0380,['2014-0380'],,,,State of New Hampshire v. Charles Dreibelbis,https://www.courts.nh.gov/sites/g/files/ehbemt471/files/documents/2021-09/20140380.pdf,,2015-07-14,,2015,"Circuit Court (Ashley, J.)",circuit_court,Ashley,civil,standard,,per_curiam,Per Curiam,0,0,0,2,N/A,False,False,False,['DWI'],"['RSA 265-A:2, I', 'RSA 265-A:11, I']","RSA 265-A:2, I",False,[],,1479,case_order,1.0.0,2026-07-16T02:04:59.308061,0.8
2014-0393,2014-0393,['2014-0393'],,,,Appeal of Eric Dupuis,https://www.courts.nh.gov/sites/g/files/ehbemt471/files/documents/2021-09/20140393.pdf,,2015-07-14,,2015,,administrative,,criminal,standard,affirmed,per_curiam,Per Curiam,3,0,0,0,3-0,True,False,False,"['criminal', 'administrative_law', 'statutory_interpretation', 'property', 'tort']","['RSA 635:1', 'RSA 541', 'RSA 541:2', 'RSA 541:13', 'RSA 635:1, I']",RSA 635:1,True,[],,1215,case_order,1.0.0,2026-07-16T02:04:59.766224,0.8
2014-0396,2014-0396,['2014-0396'],,,,Richard Maville v. Mindy B. Maville,https://www.courts.nh.gov/sites/g/files/ehbemt471/files/documents/2021-09/20140396.pdf,,2015-02-12,,2015,Circuit Court,circuit_court,Spath,family/domestic,standard,dismissed,per_curiam,Per Curiam,3,0,0,0,3-0,True,False,False,"['civil_procedure', 'domestic_violence']","['RSA 173-B:5, IV']","RSA 173-B:5, IV",False,[],,448,case_order,1.0.0,2026-07-16T02:05:00.296801,0.8
2014-0400,2014-0400,['2014-0400'],,,,State of New Hampshire v. Ronald Libby,https://www.courts.nh.gov/sites/g/files/ehbemt471/files/documents/2021-09/20140400.pdf,,2015-04-06,,2015,"Superior Court (Wageling, J.)",superior_court,Wageling,criminal,standard,affirmed,per_curiam,Per Curiam,3,0,0,0,3-0,True,False,False,['criminal'],"['RSA 632-A:2, III', 'RSA 629:1', 'RSA 632-A:1, I']","RSA 632-A:2, III",False,[],,1135,case_order,1.0.0,2026-07-16T02:05:00.835113,0.8
2014-0405,2014-0405,['2014-0405'],,,,State of New Hampshire v. Stefan R. Gauthier,https://www.courts.nh.gov/sites/g/files/ehbemt471/files/documents/2021-09/20140405.pdf,,2015-03-16,,2015,Superior Court,superior_court,McNamara,criminal,standard,affirmed,per_curiam,Per Curiam,3,0,0,0,3-0,True,False,False,"['criminal', 'civil_procedure', 'statutory_interpretation', 'constitutional']","['RSA 641:5, I', 'RSA 651:5, I']","RSA 641:5, I",True,[],,742,case_order,1.0.0,2026-07-16T02:05:00.949516,0.8
2014-0410,2014-0410,['2014-0410'],,,,Peter Saunders & a. v. Town of Kingston,https://www.courts.nh.gov/sites/g/files/ehbemt471/files/documents/2021-09/20140410.pdf,,2015-04-23,,2015,"Superior Court (McHugh, J.)",superior_court,McHugh,civil,standard,affirmed,per_curiam,Per Curiam,3,0,0,0,3-0,True,False,False,"['property', 'evidence']",[],,False,[],,1183,case_order,1.0.0,2026-07-16T02:05:01.187791,0.8
2014-0415,2014-0415,['2014-0415'],,,,In re Name Change of Alexandra Kimberly Chase,https://www.courts.nh.gov/sites/g/files/ehbemt471/files/documents/2021-09/20140415.pdf,,2015-01-13,,2015,,,,family/domestic,standard,dismissed,per_curiam,Per Curiam,3,0,0,0,3-0,True,False,False,['family_law'],[],,False,[],,323,case_order,1.0.0,2026-07-16T02:05:03.396131,0.8
2014-0421,2014-0421,['2014-0421'],,,,Town of Atkinson v. Michael Saviano,https://www.courts.nh.gov/sites/g/files/ehbemt471/files/documents/2021-09/20140421.pdf,,2015-02-19,,2015,Superior Court,superior_court,McHugh,civil,standard,affirmed,per_curiam,Per Curiam,3,0,0,0,3-0,True,False,False,"['civil_procedure', 'constitutional', 'property']","['RSA 676:17, I']","RSA 676:17, I",False,[],,426,case_order,1.0.0,2026-07-16T02:05:03.693705,0.8
2014-0424,2014-0424,['2014-0424'],,,,Petition of James P. Connor,https://www.courts.nh.gov/sites/g/files/ehbemt471/files/documents/2021-09/20140424.pdf,,2015-04-29,,2015,,administrative,,criminal,standard,,per_curiam,Per Curiam,0,0,0,2,N/A,False,False,False,"['criminal', 'administrative_law']","['RSA 631:2-a', 'RSA 634:2', 'RSA 631:2', 'RSA 629:1', 'RSA 541:6', 'RSA 541', 'RSA 541:2', 'RSA 188-F:22-']",RSA 631:2-a,False,[],,1311,case_order,1.0.0,2026-07-16T02:05:03.991447,0.8
2014-0426,2014-0426,['2014-0426'],,,,Martin Hall & a. v. Ruth A. Rozelle & a.,https://www.courts.nh.gov/sites/g/files/ehbemt471/files/documents/2021-09/20140426.pdf,,2015-02-12,,2015,"Superior Court (Houran, J.)",superior_court,Houran,civil,standard,affirmed,per_curiam,Per Curiam,3,0,0,0,3-0,True,False,False,"['statutory_interpretation', 'property', 'contract', 'tax']",['RSA 21:20'],RSA 21:20,True,['de_novo'],,1263,case_order,1.0.0,2026-07-16T02:05:04.311425,0.8
2014-0433,2014-0433,['2014-0433'],,,,In re Guardianship of A.C.; In re Guardianship of K.C.,https://www.courts.nh.gov/sites/g/files/ehbemt471/files/documents/2021-09/20140433.pdf,,2015-01-30,,2015,"Circuit Court (Ryan, J.)",circuit_court,Ryan,family/domestic,standard,affirmed,per_curiam,Per Curiam,3,0,0,0,3-0,True,False,False,"['family_law', 'statutory_interpretation']","['RSA 463:8, III', 'RSA 461']","RSA 463:8, III",True,[],,466,case_order,1.0.0,2026-07-16T02:05:04.695165,0.8
2014-0440,2014-0440,['2014-0440'],,,,"Blazingstar Funding, LLC v. Dimitrius Wilson & a.",https://www.courts.nh.gov/sites/g/files/ehbemt471/files/documents/2021-09/20140440.pdf,,2015-04-03,,2015,"Superior Court (Brown, J.)",superior_court,Brown,civil,standard,,per_curiam,Per Curiam,0,0,0,2,N/A,False,False,False,"['insurance', 'administrative_law', 'tax']",[],,False,[],,1348,case_order,1.0.0,2026-07-16T02:05:05.273839,0.8
2014-0447,2014-0447,['2014-0447'],,,,Robert Larochelle v. Dover Mortgage Co. d/b/a David A. Bordetsky,https://www.courts.nh.gov/sites/g/files/ehbemt471/files/documents/2021-09/20140447.pdf,,2015-04-06,,2015,"Circuit Court (Ashley, J.)",circuit_court,Ashley,civil,standard,affirmed,per_curiam,Per Curiam,3,0,0,0,3-0,True,False,False,"['civil_procedure', 'contract']",[],,False,['de_novo'],,729,case_order,1.0.0,2026-07-16T02:05:05.401604,0.8
2014-0452,2014-0452,['2014-0452'],,,,"Kalika, LLC v. Boston & Maine Corporation & a.",https://www.courts.nh.gov/sites/g/files/ehbemt471/files/documents/2021-09/20140452.pdf,,2015-08-10,,2015,Superior Court,superior_court,McGuire,civil,standard,affirmed,per_curiam,Per Curiam,2,0,0,1,2-0,True,False,False,['civil_procedure'],[],,False,[],,232,case_order,1.0.0,2026-07-16T02:05:08.541508,0.8
2014-0459,2014-0459,['2014-0459'],,,,West Epping Water Company v. New Hampshire Department of Treasury & a.,https://www.courts.nh.gov/sites/g/files/ehbemt471/files/documents/2021-09/20140459.pdf,,2015-09-24,,2015,"Circuit Court (Weaver, J.)",circuit_court,Weaver,civil,standard,dismissed,per_curiam,Per Curiam,0,0,0,2,N/A,False,False,False,"['civil_procedure', 'property']",['RSA 498:5-c'],RSA 498:5-c,False,[],,1446,case_order,1.0.0,2026-07-16T02:05:08.767007,0.8
2014-0463,2014-0463,['2014-0463'],,,,Gail Brown v. Anastasia Papaefthemiou,https://www.courts.nh.gov/sites/g/files/ehbemt471/files/documents/2021-09/20140463.pdf,,2015-02-26,,2015,Superior Court,superior_court,,civil,standard,affirmed,per_curiam,Per Curiam,3,0,0,0,3-0,True,False,False,['property'],[],,False,[],,257,case_order,1.0.0,2026-07-16T02:05:09.154849,0.8
2014-0472,2014-0472,['2014-0472'],,,,Olga Edstrom v. Mount Saint Mary’s Condominium Association,https://www.courts.nh.gov/sites/g/files/ehbemt471/files/documents/2021-09/20140472.pdf,,2015-04-29,,2015,"Superior Court (McNamara, J.)",superior_court,McNamara,civil,standard,affirmed,per_curiam,Per Curiam,3,0,0,0,3-0,True,False,False,"['civil_procedure', 'property']","['RSA 480:1', 'RSA 529:25-a', 'RSA 540:17', 'RSA 502-A:26', 'RSA 498:5-a', 'RSA 540']",RSA 480:1,False,[],,1214,case_order,1.0.0,2026-07-16T02:05:09.700976,0.8
2014-0505,2014-0505,['2014-0505'],,,,State of New Hampshire v. Wilkens Duterville,https://www.courts.nh.gov/sites/g/files/ehbemt471/files/documents/2021-09/20140505.pdf,,2015-12-23,,2015,"Circuit Court (Morrison, J.)",circuit_court,Morrison,civil,standard,,per_curiam,Per Curiam,0,0,0,2,N/A,False,False,False,['statutory_interpretation'],"['RSA 265:53', 'RSA 259:8', 'RSA 259:93', 'RSA 259:118', 'RSA 265:32']",RSA 265:53,True,['plain_error'],,1397,case_order,1.0.0,2026-07-16T02:05:09.872529,0.8
2014-0511,2014-0511,['2014-0511'],,,,Betty J. Woodmansee & a. v. Federal National Mortgage Association,https://www.courts.nh.gov/sites/g/files/ehbemt471/files/documents/2021-09/20140511.pdf,,2015-05-12,,2015,"Superior Court (Delker, J.)",superior_court,Delker,civil,standard,affirmed,per_curiam,Per Curiam,3,0,0,0,3-0,True,False,False,"['statutory_interpretation', 'constitutional']",[],,True,[],,772,case_order,1.0.0,2026-07-16T02:05:11.482808,0.8
2014-0514,2014-0514,['2014-0514'],,,,State of New Hampshire v. Aniano Mendez-Torres,https://www.courts.nh.gov/sites/g/files/ehbemt471/files/documents/2021-09/20140514.pdf,,2015-04-06,,2015,,,,civil,standard,affirmed,per_curiam,Per Curiam,3,0,0,0,3-0,True,False,False,"['statutory_interpretation', 'evidence']","['RSA 263:64', 'RSA 259:60', 'RSA 263:64, I', 'RSA 259:60, I', 'RSA 259:57', 'RSA 261:40', 'RSA 263:33']",RSA 263:64,True,[],,603,case_order,1.0.0,2026-07-16T02:05:11.629690,0.8
2014-0516,2014-0516,"['2014-0516', '2012-0598']",,,,Kenneth J. Doerr & a. v. Philip Tuomala & a.,https://www.courts.nh.gov/sites/g/files/ehbemt471/files/documents/2021-09/20140516.pdf,,2015-08-10,,2015,"Superior Court (Colburn, J.)",superior_court,Colburn,civil,standard,,per_curiam,Per Curiam,0,0,0,2,N/A,False,False,False,['property'],[],,False,['clear_error'],,1278,case_order,1.0.0,2026-07-16T02:05:11.858468,0.8
2014-0522,2014-0522,['2014-0522'],,,,In the Matter of Naresh Matta and Sangeeta Matta,https://www.courts.nh.gov/sites/g/files/ehbemt471/files/documents/2021-09/20140522.pdf,,2015-07-20,,2015,"Circuit Court (Lemire, J.)",circuit_court,Lemire,family/domestic,standard,affirmed,per_curiam,Per Curiam,2,0,0,1,2-0,True,False,False,"['family_law', 'statutory_interpretation']",['RSA 458:7-a'],RSA 458:7-a,True,[],,254,case_order,1.0.0,2026-07-16T02:05:12.287173,0.8
2014-0526,2014-0526,['2014-0526'],,,,Discover Bank v. Mary E. Davis,https://www.courts.nh.gov/sites/g/files/ehbemt471/files/documents/2021-09/20140526.pdf,,2015-04-28,,2015,Superior Court,superior_court,MacLeod,civil,standard,reversed,per_curiam,Per Curiam,3,0,0,0,3-0,True,False,False,"['civil_procedure', 'statutory_interpretation']","['RSA 506:2', 'RSA 508:4']",RSA 506:2,True,[],,683,case_order,1.0.0,2026-07-16T02:05:12.834364,0.8
2014-0529,2014-0529,['2014-0529'],,,,In the Matter of Timothy W. Johnson and Carol A. Johnson,https://www.courts.nh.gov/sites/g/files/ehbemt471/files/documents/2021-09/20140529.pdf,,2015-05-11,,2015,Circuit Court,circuit_court,Lemire,family/domestic,standard,affirmed,per_curiam,Per Curiam,3,0,0,0,3-0,True,False,False,"['medicaid', 'family_law', 'statutory_interpretation']","['RSA 461-A:14, IV']","RSA 461-A:14, IV",True,['de_novo'],,572,case_order,1.0.0,2026-07-16T02:05:13.356571,0.8
2014-0530,2014-0530,['2014-0530'],,,,"Elizabeth Kiley v. Director, New Hampshire Division of Motor Vehicles",https://www.courts.nh.gov/sites/g/files/ehbemt471/files/documents/2021-09/20140530.pdf,,2015-04-06,,2015,Superior Court,superior_court,Smukler,civil,standard,affirmed,per_curiam,Per Curiam,3,0,0,0,3-0,True,False,False,"['administrative_law', 'statutory_interpretation', 'DWI']","['RSA 263:75, II', 'RSA 263:76', 'RSA 265']","RSA 263:75, II",True,['de_novo'],,1224,case_order,1.0.0,2026-07-16T02:05:16.504228,0.8
2014-0531,2014-0531,['2014-0531'],,,,In the Matter of Cheryl Bordeleau and Kevin Rocheville,https://www.courts.nh.gov/sites/g/files/ehbemt471/files/documents/2021-09/20140531.pdf,,2015-12-04,,2015,"Circuit Court (Introcaso, J.)",circuit_court,Introcaso,family/domestic,standard,affirmed,per_curiam,Per Curiam,3,0,0,0,3-0,True,False,False,"['family_law', 'constitutional', 'employment']",[],,False,[],,1325,case_order,1.0.0,2026-07-16T02:05:16.684985,0.8
2014-0537,2014-0537,['2014-0537'],,,,State of New Hampshire v. Shawn Abbott,https://www.courts.nh.gov/sites/g/files/ehbemt471/files/documents/2021-09/20140537.pdf,,2015-10-21,,2015,Superior Court,superior_court,McNamara,criminal,standard,vacated,per_curiam,Per Curiam,3,0,0,0,3-0,True,False,False,['criminal'],"['RSA 642:2', 'RSA 599:1', 'RSA 625:9, VIII']",RSA 642:2,False,['de_novo'],,781,case_order,1.0.0,2026-07-16T02:05:16.935623,0.8
2014-0538,2014-0538,['2014-0538'],,,,Sharon D. Wessel & a. v. Marion Grimes & a.,https://www.courts.nh.gov/sites/g/files/ehbemt471/files/documents/2021-09/20140538.pdf,,2015-03-13,,2015,"Superior Court (Kissinger, J.)",superior_court,Kissinger,civil,standard,affirmed,per_curiam,Per Curiam,3,0,0,0,3-0,True,False,False,['civil_procedure'],[],,False,[],,220,case_order,1.0.0,2026-07-16T02:05:17.230274,0.8
2014-0544,2014-0544,['2014-0544'],,,,Paula Herbeck & a. v. Miranda Royer; Miranda Royer & a. v. Paula Herbeck & a.,https://www.courts.nh.gov/sites/g/files/ehbemt471/files/documents/2021-09/20140544.pdf,,2015-05-21,,2015,"Circuit Court (Ashley, J.)",circuit_court,Ashley,civil,standard,affirmed,per_curiam,Per Curiam,3,0,0,0,3-0,True,False,False,"['statutory_interpretation', 'property', 'contract', 'tort']","['RSA 540-A', 'RSA 540-A:5, I']",RSA 540-A,True,[],,462,case_order,1.0.0,2026-07-16T02:05:17.572642,0.8
2014-0548,2014-0548,['2014-0548'],,,,In the Matter of Philip Wyzik and Lisa Hayward-Wyzik,https://www.courts.nh.gov/sites/g/files/ehbemt471/files/documents/2021-09/20140548.pdf,,2015-06-15,,2015,"Circuit Court (Yazinski, J.)",circuit_court,Yazinski,family/domestic,standard,,per_curiam,Per Curiam,0,0,0,2,N/A,False,False,False,"['family_law', 'property']","['RSA 458:16-a', 'RSA 458:16', 'RSA 458:16-a, II']",RSA 458:16-a,False,['de_novo'],,1379,case_order,1.0.0,2026-07-16T02:05:18.016976,0.8
2014-0554,2014-0554,['2014-0554'],,,,"Joanne Alexander v. New Hampshire Division for Children, Youth and Families",https://www.courts.nh.gov/sites/g/files/ehbemt471/files/documents/2021-09/20140554.pdf,,2015-03-17,,2015,"Superior Court (Garfunkel, J.)",superior_court,Garfunkel,family/domestic,standard,affirmed,per_curiam,Per Curiam,3,0,0,0,3-0,True,False,False,"['administrative_law', 'family_law', 'civil_procedure', 'tort']","['RSA 541-B:19, I']","RSA 541-B:19, I",False,[],,427,case_order,1.0.0,2026-07-16T02:05:18.494441,0.8
2014-0562,2014-0562,['2014-0562'],,,,State of New Hampshire v. Gerald Sullivan,https://www.courts.nh.gov/sites/g/files/ehbemt471/files/documents/2021-09/20140562.pdf,,2015-11-12,,2015,Superior Court,superior_court,Abramson,criminal,standard,,per_curiam,Per Curiam,0,0,0,2,N/A,False,False,False,"['criminal', 'statutory_interpretation', 'contract']","['RSA 632-A:3, III']","RSA 632-A:3, III",True,['de_novo'],,1333,case_order,1.0.0,2026-07-16T02:05:19.040976,0.8
2014-0565,2014-0565,['2014-0565'],,,,In the Matter of Alexandra Starr and David Starr,https://www.courts.nh.gov/sites/g/files/ehbemt471/files/documents/2021-09/20140565.pdf,,2015-11-09,,2015,,,,family/domestic,standard,vacated,per_curiam,Per Curiam,3,0,0,0,3-0,True,False,False,"['insurance', 'family_law', 'employment', 'tort']","['RSA 458-A:26', 'RSA 546-B:43, II', 'RSA 546-B:41, II', 'RSA 458:9', 'RSA 458-A:7, I', 'RSA 510:4']",RSA 458-A:26,False,['de_novo'],,1130,case_order,1.0.0,2026-07-16T02:05:19.574426,0.8
2014-0568,2014-0568,['2014-0568'],,,,Lynda Warhall v. Hillsborough County Sheriff's Office & a.,https://www.courts.nh.gov/sites/g/files/ehbemt471/files/documents/2021-09/20140568.pdf,,2015-05-11,,2015,Superior Court,superior_court,Smukler,civil,standard,affirmed,per_curiam,Per Curiam,3,0,0,0,3-0,True,False,False,"['civil_procedure', 'employment']",['RSA 507-B:5'],RSA 507-B:5,False,[],,200,case_order,1.0.0,2026-07-16T02:05:19.641030,0.8
2014-0569,2014-0569,['2014-0569'],,,,"In the Matter of John Tierney, III and Patricia Tierney",https://www.courts.nh.gov/sites/g/files/ehbemt471/files/documents/2021-09/20140569.pdf,,2015-05-11,,2015,"Circuit Court (Introcaso, J.)",circuit_court,Introcaso,family/domestic,standard,affirmed,per_curiam,Per Curiam,3,0,0,0,3-0,True,False,False,"['family_law', 'statutory_interpretation', 'property']",['RSA 458:7'],RSA 458:7,True,[],,322,case_order,1.0.0,2026-07-16T02:05:19.730064,0.8
2014-0572,2014-0572,['2014-0572'],,,,Paul T. Marino v. Christopher Muro,https://www.courts.nh.gov/sites/g/files/ehbemt471/files/documents/2021-09/20140572.pdf,,2015-04-27,,2015,Superior Court,superior_court,"McHugh, J. and Delker",civil,standard,,per_curiam,Per Curiam,0,0,0,2,N/A,False,False,False,"['statutory_interpretation', 'property']",[],,True,['de_novo'],,1369,case_order,1.0.0,2026-07-16T02:05:20.094038,0.8
2014-0574,2014-0574,['2014-0574'],,,,In the Matter of Wayne Sarette and Linda Sarette,https://www.courts.nh.gov/sites/g/files/ehbemt471/files/documents/2021-09/20140574.pdf,,2015-08-10,,2015,,,,family/domestic,standard,,per_curiam,Per Curiam,0,0,0,2,N/A,False,False,False,"['insurance', 'family_law', 'property']","['RSA 458:16-a, III', 'RSA 458:16-a, IV', 'RSA 458:19, I']","RSA 458:16-a, III",False,[],,1542,case_order,1.0.0,2026-07-16T02:05:20.314012,0.8
2014-0577,2014-0577,['2014-0577'],,,,"George W. Lemay, Trustee of the Andrew C. Lemay and Marilyn C. Lemay Irrevocable Trust v. Steven Caldwell",https://www.courts.nh.gov/sites/g/files/ehbemt471/files/documents/2021-09/20140577.pdf,,2015-07-17,,2015,,,,civil,standard,affirmed,per_curiam,Per Curiam,3,0,0,0,3-0,True,False,False,"['property', 'evidence']","['RSA 540:2, II', 'RSA 540:16-a']","RSA 540:2, II",False,['plain_error'],,1351,case_order,1.0.0,2026-07-16T02:05:20.588235,0.8
2014-0587,2014-0587,['2014-0587'],,,,State of New Hampshire v. Bradley Birkenfeld,https://www.courts.nh.gov/sites/g/files/ehbemt471/files/documents/2021-09/20140587.pdf,,2015-08-12,,2015,"Circuit Court (Gardner, J.)",circuit_court,Gardner,civil,standard,affirmed,per_curiam,Per Curiam,3,0,0,0,3-0,True,False,False,"['constitutional', 'DWI']","['RSA 265-A:2', 'RSA 265-A:15', 'RSA 265-A:15, I', 'RSA 265-A:4']",RSA 265-A:2,False,[],,1018,case_order,1.0.0,2026-07-16T02:05:20.930177,0.8
2014-0596,2014-0596,['2014-0596'],,,,New Hampshire Municipal Association & a. v. New Hampshire Department of State & a.,https://www.courts.nh.gov/sites/g/files/ehbemt471/files/documents/2021-09/20140596.pdf,,2015-06-22,,2015,"Superior Court (McNamara, J.)",superior_court,McNamara,civil,standard,,per_curiam,Per Curiam,0,0,0,2,N/A,False,False,False,"['administrative_law', 'civil_procedure', 'constitutional', 'employment', 'contract', 'tort']","['RSA 292:7', 'RSA 491:8', 'RSA 5-B:4-a', 'RSA 29', 'RSA 5-B']",RSA 292:7,False,[],,1323,case_order,1.0.0,2026-07-16T02:05:22.117386,0.8
2014-0611,2014-0611,"['2014-0611', '2013-0362']",,,,"Susan Chase Gage, Executrix of the Estate of Margaret C. Gage v. State of New Hampshire",https://www.courts.nh.gov/sites/g/files/ehbemt471/files/documents/2021-09/20140611.pdf,,2015-06-09,,2015,"Superior Court (Delker, J.)",superior_court,Delker,civil,standard,affirmed,per_curiam,Per Curiam,3,0,0,0,3-0,True,False,False,['civil_procedure'],['RSA 508:4'],RSA 508:4,False,['de_novo'],,481,case_order,1.0.0,2026-07-16T02:05:22.869381,0.8
2014-0614,2014-0614,['2014-0614'],,,,State of New Hampshire v. Harvey Martel,https://www.courts.nh.gov/sites/g/files/ehbemt471/files/documents/2021-09/20140614.pdf,,2015-09-17,,2015,"Superior Court (Temple, J.)",superior_court,Temple,criminal,standard,dismissed,per_curiam,Per Curiam,0,0,0,2,N/A,False,False,False,"['criminal', 'civil_procedure', 'constitutional']","['RSA 632-A:2, I']","RSA 632-A:2, I",False,"['de_novo', 'clear_error']",,1507,case_order,1.0.0,2026-07-16T02:05:23.404289,0.8
2014-0615,2014-0615,['2014-0615'],,,,"In the Matter of Robert Stack, Jr. and Kerry Stack",https://www.courts.nh.gov/sites/g/files/ehbemt471/files/documents/2021-09/20140615.pdf,,2015-09-16,,2015,,administrative,,family/domestic,standard,,per_curiam,Per Curiam,0,0,0,2,N/A,False,False,False,"['insurance', 'family_law', 'property', 'employment', 'tax']","['RSA 458-C:2, IV', 'RSA 458-C:2, I', 'RSA 458-C:2, VI', 'RSA 458-C:3', 'RSA 458']","RSA 458-C:2, IV",False,['de_novo'],,1372,case_order,1.0.0,2026-07-16T02:05:24.056833,0.8
2014-0618,2014-0618,['2014-0618'],,,,State of New Hampshire v. David Roberts,https://www.courts.nh.gov/sites/g/files/ehbemt471/files/documents/2021-09/20140618.pdf,,2015-07-13,,2015,Circuit Court,circuit_court,LeFrancois,criminal,standard,dismissed,per_curiam,Per Curiam,3,0,0,0,3-0,True,False,False,"['criminal', 'civil_procedure']","['RSA 265:79', 'RSA 626:2, II', 'RSA 262:2, II', 'RSA 601:4']",RSA 265:79,False,[],,1092,case_order,1.0.0,2026-07-16T02:05:25.654249,0.8
2014-0624,2014-0624,['2014-0624'],,,,State of New Hampshire v. Alain Lanciaux,https://www.courts.nh.gov/sites/g/files/ehbemt471/files/documents/2021-09/20140624.pdf,,2015-08-10,,2015,,,,criminal,standard,affirmed,per_curiam,Per Curiam,3,0,0,0,3-0,True,False,False,"['criminal', 'statutory_interpretation', 'property']","['RSA 627:4', 'RSA 631:2-a, I', 'RSA 627:7', 'RSA 627:4, I']",RSA 627:4,True,['plain_error'],,1395,case_order,1.0.0,2026-07-16T02:05:26.942346,0.8
2014-0624,2014-0624,['2014-0624'],,,,State of New Hampshire v. Alain Lanciaux (Modified Final Order),https://www.courts.nh.gov/sites/g/files/ehbemt471/files/documents/2021-09/20140624_final_order_modified.pdf,,2015-09-10,,2015,,administrative,,criminal,standard,affirmed,per_curiam,Per Curiam,3,0,0,0,3-0,True,False,False,[],[],,False,['plain_error'],,288,case_order,1.0.0,2026-07-16T02:05:27.474385,0.8
2014-0628,2014-0628,['2014-0628'],,,,In the Matter of Gabrielle Muller and William Muller,https://www.courts.nh.gov/sites/g/files/ehbemt471/files/documents/2021-09/20140628.pdf,,2015-07-10,,2015,Circuit Court,circuit_court,Sadler,family/domestic,standard,reversed,per_curiam,Per Curiam,1,0,0,2,1-0,True,False,False,"['family_law', 'statutory_interpretation']",[],,True,['de_novo'],,809,case_order,1.0.0,2026-07-16T02:05:27.573641,0.8
20140632,20140632,"['2014-0632', '2015-0041']",,,,City of Nashua v. Secretary of State,https://www.courts.nh.gov/sites/g/files/ehbemt471/files/documents/2021-09/20140632.pdf,,2015-05-12,,2015,"Superior Court (Colburn, J.)",superior_court,Colburn,civil,standard,affirmed,per_curiam,Per Curiam,0,0,0,2,N/A,False,False,False,"['statutory_interpretation', 'property', 'contract', 'tax']","['RSA 49', 'RSA 49-B:5, IV', 'RSA 49-B:5', 'RSA 49-B:5, V', 'RSA 49-B:5, I']",RSA 49,True,[],,1426,case_order,1.0.0,2026-07-16T02:05:30.904312,0.8
2014-0633,2014-0633,['2014-0633'],,,,"Edward J. Keenan, Jr. v. Federal National Mortgage Association",https://www.courts.nh.gov/sites/g/files/ehbemt471/files/documents/2021-09/20140633.pdf,,2015-05-12,,2015,,,,civil,standard,affirmed,per_curiam,Per Curiam,3,0,0,0,3-0,True,False,False,"['medicaid', 'constitutional', 'property']","['RSA 479:25', 'RSA 479:25, III']",RSA 479:25,False,[],,1106,case_order,1.0.0,2026-07-16T02:05:32.990105,0.8
2014-0637,2014-0637,['2014-0637'],,,,In the Matter of James Morse and Vanilla Moonstone,https://www.courts.nh.gov/sites/g/files/ehbemt471/files/documents/2021-09/20140637.pdf,,2015-06-19,,2015,"Circuit Court (Yazinski, J.)",circuit_court,Yazinski,family/domestic,standard,,per_curiam,Per Curiam,0,0,0,2,N/A,False,False,False,"['family_law', 'statutory_interpretation', 'constitutional', 'tax']","['RSA 458:19', 'RSA 461-A:6', 'RSA 461-A:6, I', 'RSA 461']",RSA 458:19,True,['de_novo'],,1392,case_order,1.0.0,2026-07-16T02:05:33.565343,0.8
2014-0648,2014-0648,['2014-0648'],,,,Scott Robinson v. Hillsborough County & a.,https://www.courts.nh.gov/sites/g/files/ehbemt471/files/documents/2021-09/20140648.pdf,,2015-04-28,,2015,Superior Court,superior_court,Brown,civil,standard,reversed,per_curiam,Per Curiam,3,0,0,0,3-0,True,False,False,"['civil_procedure', 'contract', 'tort']","['RSA 491:8-a, III', 'RSA 491:8-a, II']","RSA 491:8-a, III",False,['de_novo'],,1058,case_order,1.0.0,2026-07-16T02:05:33.714301,0.8
2014-0656,2014-0656,['2014-0656'],,,,Appeal of Town of Goshen,https://www.courts.nh.gov/sites/g/files/ehbemt471/files/documents/2021-09/20140656.pdf,,2015-08-19,,2015,,,,civil,standard,,per_curiam,Per Curiam,0,0,0,2,N/A,False,False,False,"['administrative_law', 'civil_procedure', 'tax']","['RSA 195:7, I', 'RSA 195:13', 'RSA 197:1', 'RSA 195:8', 'RSA 541', 'RSA 21', 'RSA 541:13']","RSA 195:7, I",False,['de_novo'],,1461,case_order,1.0.0,2026-07-16T02:05:34.615417,0.8
2014-0658,2014-0658,['2014-0658'],,,,"In the Matter of John Tucker, II and Holly Tucker",https://www.courts.nh.gov/sites/g/files/ehbemt471/files/documents/2021-09/20140658.pdf,,2015-06-15,,2015,,,,family/domestic,standard,,per_curiam,Per Curiam,0,0,0,2,N/A,False,False,False,"['family_law', 'property', 'tort']","['RSA 458:16-a', 'RSA 458:19', 'RSA 458:16-a, II']",RSA 458:16-a,False,[],,1498,case_order,1.0.0,2026-07-16T02:05:35.348671,0.8
2014-0671,2014-0671,['2014-0671'],,,,Christopher Nastasi v. Ronald Brown & a.,https://www.courts.nh.gov/sites/g/files/ehbemt471/files/documents/2021-09/20140671.pdf,,2015-07-23,,2015,"Superior Court (Anderson, J.)",superior_court,Anderson,civil,standard,affirmed,per_curiam,Per Curiam,3,0,0,0,3-0,True,False,False,"['civil_procedure', 'property', 'contract']","['RSA 508:4, I', 'RSA 508:4']","RSA 508:4, I",False,[],,1364,case_order,1.0.0,2026-07-16T02:05:35.928662,0.8
2014-0678,2014-0678,['2014-0678'],,,,In the Matter of Valentina Conant and William Faller,https://www.courts.nh.gov/sites/g/files/ehbemt471/files/documents/2021-09/20140678_0.pdf,,2015-06-23,,2015,,,,family/domestic,standard,affirmed,per_curiam,Per Curiam,3,0,0,0,3-0,True,False,False,"['family_law', 'civil_procedure', 'constitutional']",[],,False,['de_novo'],,850,case_order,1.0.0,2026-07-16T02:05:36.792420,0.8
2014-0678,2014-0678,['2014-0678'],,,,In the Matter of Valentina Conant and William Faller,https://www.courts.nh.gov/sites/g/files/ehbemt471/files/documents/2021-09/20140678.pdf,,2015-06-23,,2015,,,,family/domestic,standard,affirmed,per_curiam,Per Curiam,3,0,0,0,3-0,True,False,False,"['family_law', 'civil_procedure', 'constitutional']",[],,False,['de_novo'],,850,case_order,1.0.0,2026-07-16T02:05:38.890410,0.8
2014-0684,2014-0684,['2014-0684'],,,,In the Matter of Lisa Leary and John Leary,https://www.courts.nh.gov/sites/g/files/ehbemt471/files/documents/2021-09/20140684.pdf,,2015-04-06,,2015,,,,family/domestic,standard,affirmed,per_curiam,Per Curiam,3,0,0,0,3-0,True,False,False,"['family_law', 'contract']",['RSA 458:16-a'],RSA 458:16-a,False,[],,383,case_order,1.0.0,2026-07-16T02:05:39.283407,0.8
2014-0698,2014-0698,['2014-0698'],,,,State of New Hampshire v. Trevor D. Glodgett,https://www.courts.nh.gov/sites/g/files/ehbemt471/files/documents/2021-09/20140698.pdf,,2015-12-15,,2015,Superior Court,superior_court,McNamara,criminal,standard,affirmed,per_curiam,Per Curiam,3,0,0,0,3-0,True,False,False,"['criminal', 'property']","['RSA 635:1', 'RSA 637:7', 'RSA 635:1, IV']",RSA 635:1,False,[],,964,case_order,1.0.0,2026-07-16T02:05:39.745929,0.8
2014-0701,2014-0701,['2014-0701'],,,,In the Matter of Anders Hogblom and Jacqueline Hogblom,https://www.courts.nh.gov/sites/g/files/ehbemt471/files/documents/2021-09/20140701.pdf,,2015-07-16,,2015,Circuit Court,circuit_court,Leonard,family/domestic,standard,affirmed,per_curiam,Per Curiam,3,0,0,0,3-0,True,False,False,['family_law'],"['RSA 458:16-a', 'RSA 458:19']",RSA 458:16-a,False,[],,200,case_order,1.0.0,2026-07-16T02:05:40.234993,0.8
2014-0704,2014-0704,['2014-0704'],,,,"Lenzi Construction & Remodeling, LLC v. David Lafond",https://www.courts.nh.gov/sites/g/files/ehbemt471/files/documents/2021-09/20140704.pdf,,2015-07-20,,2015,"Circuit Court (Crocker, J.)",circuit_court,Crocker,civil,standard,affirmed,per_curiam,Per Curiam,3,0,0,0,3-0,True,False,False,[],[],,False,[],,311,case_order,1.0.0,2026-07-16T02:05:40.795063,0.8
2014-0707,2014-0707,['2014-0707'],,,,In the Matter of Keli Eckroate-Breagy and Paul Breagy,https://www.courts.nh.gov/sites/g/files/ehbemt471/files/documents/2021-09/20140707.pdf,,2015-07-13,,2015,"Circuit Court (LeFrancois, J.)",circuit_court,LeFrancois,family/domestic,standard,,per_curiam,Per Curiam,0,0,0,2,N/A,False,False,False,"['insurance', 'family_law', 'property', 'employment', 'tax']","['RSA 458:19, I', 'RSA 458:19, IV', 'RSA 458:16-a, II']","RSA 458:19, I",False,[],,1376,case_order,1.0.0,2026-07-16T02:05:44.223992,0.8
2014-0711,2014-0711,['2014-0711'],,,,"In the Matter of Elizabeth Obrey and Thomas Obrey, Jr.",https://www.courts.nh.gov/sites/g/files/ehbemt471/files/documents/2021-09/20140711.pdf,,2015-11-10,,2015,"Circuit Court (Patten, J.)",circuit_court,Patten,family/domestic,standard,remanded,per_curiam,Per Curiam,0,0,0,2,N/A,False,False,False,"['family_law', 'property', 'employment']",[],,False,['de_novo'],,1384,case_order,1.0.0,2026-07-16T02:05:44.620560,0.8
2014-0712,2014-0712,['2014-0712'],,,,"In the Matter of Dianne Haley and Joseph Haley, III",https://www.courts.nh.gov/sites/g/files/ehbemt471/files/documents/2021-09/20140712.pdf,,2015-09-17,,2015,"Circuit Court (Introcaso, J.)",circuit_court,Introcaso,family/domestic,standard,,per_curiam,Per Curiam,0,0,0,2,N/A,False,False,False,['family_law'],"['RSA 458:16-a', 'RSA 461-A:4', 'RSA 461-A:6', 'RSA 461-A:6, I', 'RSA 461']",RSA 458:16-a,False,[],,1352,case_order,1.0.0,2026-07-16T02:05:45.061962,0.8
2014-0714,2014-0714,['2014-0714'],,,,"Jillian Lennartz v. Oak Point Associates, P.A. & a.",https://www.courts.nh.gov/sites/g/files/ehbemt471/files/documents/2021-09/20140714.pdf,,2015-09-18,,2015,Superior Court,superior_court,Tucker,civil,standard,,per_curiam,Per Curiam,0,0,0,2,N/A,False,False,False,"['civil_procedure', 'statutory_interpretation', 'constitutional', 'property', 'contract', 'tort']","['RSA 508:4-b', 'RSA 91-A:4', 'RSA 91-A:4, IV', 'RSA 91-A:7', 'RSA 91-A', 'RSA 508:4', 'RSA 508:4-b, V']",RSA 508:4-b,True,[],,1424,case_order,1.0.0,2026-07-16T02:05:45.607602,0.8
2014-0715,2014-0715,['2014-0715'],,,,"Michael Mason & a. v. Cowles Ford, Inc. d/b/a Cowles Parkway Ford",https://www.courts.nh.gov/sites/g/files/ehbemt471/files/documents/2021-09/20140715.pdf,,2015-06-24,,2015,"Superior Court (Vaughan, J.)",superior_court,Vaughan,civil,standard,affirmed,per_curiam,Per Curiam,3,0,0,0,3-0,True,False,False,[],[],,False,[],,185,case_order,1.0.0,2026-07-16T02:05:46.129958,0.8
2014-0723,2014-0723,['2014-0723'],,,,State of New Hampshire v. Roland Dow,https://www.courts.nh.gov/sites/g/files/ehbemt471/files/documents/2021-09/20140723.pdf,,2015-09-28,,2015,"Superior Court (Wageling, J.)",superior_court,Wageling,civil,standard,affirmed,per_curiam,Per Curiam,3,0,0,0,3-0,True,False,False,"['constitutional', 'evidence']","['RSA 642:9, I']","RSA 642:9, I",False,[],,668,case_order,1.0.0,2026-07-16T02:05:46.242139,0.8
2014-0724,2014-0724,['2014-0724'],,,,In the Matter of Molly Cote and Kenneth Cote,https://www.courts.nh.gov/sites/g/files/ehbemt471/files/documents/2021-09/20140724.pdf,,2015-06-19,,2015,"Circuit Court (Rappa, J.)",circuit_court,Rappa,family/domestic,standard,vacated,per_curiam,Per Curiam,3,0,0,0,3-0,True,False,False,['family_law'],[],,False,[],,776,case_order,1.0.0,2026-07-16T02:05:49.262003,0.8
2014-0733,2014-0733,['2014-0733'],,,,Katie Bedard v. Pearl Coyman,https://www.courts.nh.gov/sites/g/files/ehbemt471/files/documents/2021-09/20140733.pdf,,2015-06-10,,2015,Circuit Court,circuit_court,Gordon,civil,standard,affirmed,per_curiam,Per Curiam,3,0,0,0,3-0,True,False,False,['contract'],[],,False,[],,324,case_order,1.0.0,2026-07-16T02:05:49.443308,0.8
2014-0734,2014-0734,['2014-0734'],,,,Andrew O’Leary v. Richard Brown & a.,https://www.courts.nh.gov/sites/g/files/ehbemt471/files/documents/2021-09/20140734.pdf,,2015-12-18,,2015,Superior Court,superior_court,Bornstein,civil,standard,remanded,per_curiam,Per Curiam,3,0,0,0,3-0,True,False,False,"['civil_procedure', 'property', 'contract', 'tort']",[],,False,['de_novo'],,1367,case_order,1.0.0,2026-07-16T02:05:49.673214,0.8
2014-0735,2014-0735,['2014-0735'],,,,September Quint v. Alicia Fitzpatrick,https://www.courts.nh.gov/sites/g/files/ehbemt471/files/documents/2021-09/20140735.pdf,,2015-07-13,,2015,Circuit Court,circuit_court,Varney,family/domestic,standard,affirmed,per_curiam,Per Curiam,2,0,0,1,2-0,True,False,False,"['criminal', 'property', 'domestic_violence']","['RSA 633:3-a', 'RSA 633:3-a, I', 'RSA 633:3-a, II', 'RSA 173-B']",RSA 633:3-a,False,[],,1337,case_order,1.0.0,2026-07-16T02:05:49.972060,0.8
2014-0738,2014-0738,['2014-0738'],,,,Appeal of Nicolas Bosonetto & a.,https://www.courts.nh.gov/sites/g/files/ehbemt471/files/documents/2021-09/20140738.pdf,,2015-07-13,,2015,,administrative,,civil,standard,affirmed,per_curiam,Per Curiam,3,0,0,0,3-0,True,False,False,"['administrative_law', 'statutory_interpretation', 'property', 'tax']","['RSA 674:41', 'RSA 541', 'RSA 541:13']",RSA 674:41,True,['de_novo'],,358,case_order,1.0.0,2026-07-16T02:05:50.553122,0.8
2014-0747,2014-0747,['2014-0747'],,,,In the Matter of Rebecca S. Ling and Richard J. Schaffer,https://www.courts.nh.gov/sites/g/files/ehbemt471/files/documents/2021-09/20140747.pdf,,2015-09-22,,2015,"Circuit Court (Moore, J.)",circuit_court,Moore,family/domestic,standard,,per_curiam,Per Curiam,0,0,0,2,N/A,False,False,False,"['family_law', 'tax']","['RSA 461-A:6, I', 'RSA 461-A:5', 'RSA 461-A:2, I']","RSA 461-A:6, I",False,[],,1442,case_order,1.0.0,2026-07-16T02:05:53.322313,0.8
2014-0749,2014-0749,['2014-0749'],,,,Robert Kindya v. Atrium Medical Corporation,https://www.courts.nh.gov/sites/g/files/ehbemt471/files/documents/2021-09/20140749.pdf,,2015-06-09,,2015,Superior Court,superior_court,Temple,civil,standard,reversed,per_curiam,Per Curiam,0,0,0,2,N/A,False,False,False,"['administrative_law', 'tort']","['RSA 354-A:21, II']","RSA 354-A:21, II",False,[],,450,case_order,1.0.0,2026-07-16T02:05:53.559504,0.8
2014-0751,2014-0751,['2014-0751'],,,,In the Matter of Michael Kurland and Jennifer Kurland,https://www.courts.nh.gov/sites/g/files/ehbemt471/files/documents/2021-09/20140751.pdf,,2015-07-14,,2015,"Circuit Court (Moore, J.)",circuit_court,Moore,family/domestic,standard,,per_curiam,Per Curiam,0,0,0,2,N/A,False,False,False,"['insurance', 'family_law', 'property', 'evidence', 'domestic_violence', 'tax']","['RSA 458:7, V']","RSA 458:7, V",False,[],,1442,case_order,1.0.0,2026-07-16T02:05:53.892208,0.8
2014-0752,2014-0752,['2014-0752'],,,,Gail A. Ellis v. Stephen M. Currier,https://www.courts.nh.gov/sites/g/files/ehbemt471/files/documents/2021-09/20140752.pdf,,2015-09-28,,2015,"Superior Court (Tucker, J.)",superior_court,Tucker,civil,standard,affirmed,per_curiam,Per Curiam,3,0,0,0,3-0,True,False,False,"['constitutional', 'property']","['RSA 547-C:11', 'RSA 547-C:28', 'RSA 491:15']",RSA 547-C:11,False,[],,979,case_order,1.0.0,2026-07-16T02:05:54.359703,0.8
2014-0764,2014-0764,['2014-0764'],,,,Peter N. Bookas v. Irene Liakakos,https://www.courts.nh.gov/sites/g/files/ehbemt471/files/documents/2021-09/20140764.pdf,,2015-06-19,,2015,Superior Court,superior_court,Temple,civil,standard,affirmed,per_curiam,Per Curiam,3,0,0,0,3-0,True,False,False,['property'],[],,False,[],,275,case_order,1.0.0,2026-07-16T02:05:54.926824,0.8
2014-0777,2014-0777,['2014-0777'],,,,East Industrial Park Condominium Association v. Charles Blais,https://www.courts.nh.gov/sites/g/files/ehbemt471/files/documents/2021-09/20140777.pdf,,2015-09-21,,2015,"Circuit Court (Coughlin, J.)",circuit_court,Coughlin,civil,standard,,per_curiam,Per Curiam,0,0,0,2,N/A,False,False,False,"['statutory_interpretation', 'contract', 'tort', 'tax']","['RSA 356-B:15', 'RSA 356-B:46']",RSA 356-B:15,True,['de_novo'],,974,case_order,1.0.0,2026-07-16T02:05:55.065601,0.8
2014-0778,2014-0778,['2014-0778'],,,,"Charles Hoegen v. Director, New Hampshire Division of Motor Vehicles",https://www.courts.nh.gov/sites/g/files/ehbemt471/files/documents/2021-09/20140778.pdf,,2015-07-10,,2015,Superior Court,superior_court,Brown,civil,standard,,per_curiam,Per Curiam,0,0,0,2,N/A,False,False,False,"['administrative_law', 'constitutional', 'DWI']","['RSA 265-A:30', 'RSA 265', 'RSA 265-A:34, III', 'RSA 265-A:4']",RSA 265-A:30,False,[],,1452,case_order,1.0.0,2026-07-16T02:05:57.618641,0.8
2014-0779,2014-0779,['2014-0779'],,,,Suzanne Strasenburgh & a. v. Darren Carter & a.,https://www.courts.nh.gov/sites/g/files/ehbemt471/files/documents/2021-09/20140779.pdf,,2015-07-15,,2015,Circuit Court,circuit_court,Tenney,civil,standard,affirmed,per_curiam,Per Curiam,3,0,0,0,3-0,True,False,False,['statutory_interpretation'],"['RSA 262:32', 'RSA 262:40-a']",RSA 262:32,True,[],,311,case_order,1.0.0,2026-07-16T02:05:57.970129,0.8
2014-0783,2014-0783,['2014-0783'],,,,"Burton D. Dow, III & a. v. Burton D. Dow, Sr. & a.",https://www.courts.nh.gov/sites/g/files/ehbemt471/files/documents/2021-09/20140783.pdf,,2015-09-18,,2015,"Superior Court (Delker, J.)",superior_court,Delker,civil,standard,affirmed,per_curiam,Per Curiam,3,0,0,0,3-0,True,False,False,"['property', 'contract']",[],,False,"['clear_error', 'plain_error']",,1007,case_order,1.0.0,2026-07-16T02:05:58.552455,0.8
2014-0792,2014-0792,['2014-0792'],,,,State of New Hampshire v. Stephen Socci,https://www.courts.nh.gov/sites/g/files/ehbemt471/files/documents/2021-09/20140792.pdf,,2015-12-04,,2015,Superior Court,superior_court,Delker,civil,standard,affirmed,per_curiam,Per Curiam,3,0,0,0,3-0,True,False,False,"['constitutional', 'property']",[],,False,"['de_novo', 'clear_error']",,638,case_order,1.0.0,2026-07-16T02:05:58.858384,0.8
2014-0793,2014-0793,['2014-0793'],,,,Robert C. Michele & a. v. Joseph Bremner & a.,https://www.courts.nh.gov/sites/g/files/ehbemt471/files/documents/2021-09/20140793.pdf,,2015-11-09,,2015,"Superior Court (Kissinger, J.)",superior_court,Kissinger,civil,standard,affirmed,per_curiam,Per Curiam,3,0,0,0,3-0,True,False,False,['property'],[],,False,['de_novo'],,759,case_order,1.0.0,2026-07-16T02:05:59.210863,0.8
2014-0797,2014-0797,['2014-0797'],,,,Thomas N.T. Mullen & a. v. Public Service Company of New Hampshire & a.,https://www.courts.nh.gov/sites/g/files/ehbemt471/files/documents/2021-09/20140797.pdf,,2015-07-16,,2015,"Superior Court (MacLeod, J.)",superior_court,MacLeod,civil,standard,dismissed,per_curiam,Per Curiam,0,0,0,2,N/A,False,False,False,"['civil_procedure', 'statutory_interpretation', 'property', 'contract']",[],,True,['de_novo'],,1421,case_order,1.0.0,2026-07-16T02:05:59.873951,0.8
2014-0798,2014-0798,['2014-0798'],,,,Donald Hinton v. Wayne Hinton,https://www.courts.nh.gov/sites/g/files/ehbemt471/files/documents/2021-09/20140798.pdf,,2015-06-22,,2015,Circuit Court,circuit_court,Leary,civil,standard,affirmed,per_curiam,Per Curiam,3,0,0,0,3-0,True,False,False,['constitutional'],"['RSA 540:13-a', 'RSA 540:1-a, IV', 'RSA 540']",RSA 540:13-a,False,['plain_error'],,394,case_order,1.0.0,2026-07-16T02:06:01.245890,0.8
2014-0800,2014-0800,['2014-0800'],,,,Petition of State of New Hampshire,https://www.courts.nh.gov/sites/g/files/ehbemt471/files/documents/2021-09/20140800.pdf,,2015-10-22,,2015,,administrative,,criminal,standard,remanded,per_curiam,Per Curiam,3,0,0,0,3-0,True,False,False,"['criminal', 'administrative_law']","['RSA 625:9, IV', 'RSA 625:9', 'RSA 651:2, IV', 'RSA 625:9, VIII']","RSA 625:9, IV",False,[],,589,case_order,1.0.0,2026-07-16T02:06:02.171225,0.8
2014-0802,2014-0802,['2014-0802'],,,,State of New Hampshire v. Thomas Hauser,https://www.courts.nh.gov/sites/g/files/ehbemt471/files/documents/2021-09/20140802.pdf,,2015-10-09,,2015,"Circuit Court (Yazinski, J.)",circuit_court,Yazinski,civil,standard,,per_curiam,Per Curiam,0,0,0,2,N/A,False,False,False,"['administrative_law', 'DWI']","['RSA 265-A:2', 'RSA 265-A:2, I']",RSA 265-A:2,False,['plain_error'],,1409,case_order,1.0.0,2026-07-16T02:06:02.755609,0.8
2014-0815,2014-0815,['2014-0815'],,,,New Hampshire Department of Environmental Services v. Robert C. Brown,https://www.courts.nh.gov/sites/g/files/ehbemt471/files/documents/2021-09/20140815.pdf,,2015-07-27,,2015,Superior Court,superior_court,O’Neill,civil,standard,affirmed,per_curiam,Per Curiam,2,0,0,1,2-0,True,False,False,['evidence'],[],,False,[],,959,case_order,1.0.0,2026-07-16T02:06:03.240276,0.8
2014-0817,2014-0817,['2014-0817'],,,,In the Matter of W. Elizabeth Scheidegg and Jason Pulsifer,https://www.courts.nh.gov/sites/g/files/ehbemt471/files/documents/2021-09/20140817.pdf,,2015-09-17,,2015,"Circuit Court (Cooper, M., approved by Carbon, J.) denying her request to",circuit_court,"Cooper, M., approved by Carbon",family/domestic,standard,vacated,per_curiam,Per Curiam,3,0,0,0,3-0,True,False,False,"['family_law', 'employment']","['RSA 461-A:12', 'RSA 461-A:12, V', 'RSA 461-A:12, VI']",RSA 461-A:12,False,[],,980,case_order,1.0.0,2026-07-16T02:06:04.265742,0.8
2014-0818,2014-0818,['2014-0818'],,,,"Kenneth E. Blevens, Sr. v. Town of Bow",https://www.courts.nh.gov/sites/g/files/ehbemt471/files/documents/2021-09/20140818.pdf,,2015-06-22,,2015,,administrative,,civil,standard,affirmed,per_curiam,Per Curiam,3,0,0,0,3-0,True,False,False,"['civil_procedure', 'property']","['RSA 674:39-aa, II', 'RSA 674:39-aa, I']","RSA 674:39-aa, II",False,[],,368,case_order,1.0.0,2026-07-16T02:06:04.651418,0.8
2014-0820,2014-0820,['2014-0820'],,,,Dennis Glynn v. Elizabeth Lampron & a.,https://www.courts.nh.gov/sites/g/files/ehbemt471/files/documents/2021-09/20140820.pdf,,2015-07-10,,2015,Circuit Court,circuit_court,McKenna,civil,standard,affirmed,per_curiam,Per Curiam,3,0,0,0,3-0,True,False,False,['property'],['RSA 524:6-a'],RSA 524:6-a,False,[],,292,case_order,1.0.0,2026-07-16T02:06:04.920592,0.8
2014-0829,2014-0829,['2014-0829'],,,,Edward Arsenault & a. v. Town of Raymond,https://www.courts.nh.gov/sites/g/files/ehbemt471/files/documents/2021-09/20140829.pdf,,2015-08-07,,2015,"Superior Court (Delker, J.)",superior_court,Delker,civil,standard,affirmed,per_curiam,Per Curiam,3,0,0,0,3-0,True,False,False,"['statutory_interpretation', 'property']",[],,True,[],,335,case_order,1.0.0,2026-07-16T02:06:05.351175,0.8
2015-0003,2015-0003,['2015-0003'],,,,Derrick Horton v. Keene Police Department,https://www.courts.nh.gov/sites/g/files/ehbemt471/files/documents/2021-09/20150003.pdf,,2015-09-17,,2015,Circuit Court,circuit_court,Burke,criminal,standard,affirmed,per_curiam,Per Curiam,3,0,0,0,3-0,True,False,False,"['criminal', 'constitutional', 'property']","['RSA 159:6, I', 'RSA 159:6-c', 'RSA 159:6']","RSA 159:6, I",False,['de_novo'],,1111,case_order,1.0.0,2026-07-16T02:06:05.797802,0.8
2015-0005,2015-0005,['2015-0005'],,,,"White Mountain Appraisals, Inc. v. Merchants Bank",https://www.courts.nh.gov/sites/g/files/ehbemt471/files/documents/2021-09/20150005.pdf,,2015-09-21,,2015,"Circuit Court (Carroll, J.)",circuit_court,Carroll,civil,standard,affirmed,per_curiam,Per Curiam,2,0,0,0,2-0,True,False,False,"['insurance', 'administrative_law', 'civil_procedure', 'statutory_interpretation', 'contract', 'evidence']","['RSA 491:8-a, II', 'RSA 503:2', 'RSA 503:7']","RSA 491:8-a, II",True,['de_novo'],,1249,case_order,1.0.0,2026-07-16T02:06:06.280611,0.8
2015-0009,2015-0009,['2015-0009'],,,,Keith Garrett v. Laurie Garrett,https://www.courts.nh.gov/sites/g/files/ehbemt471/files/documents/2021-09/20150009.pdf,,2015-05-20,,2015,"Circuit Court (Sadler, J.)",circuit_court,Sadler,family/domestic,standard,,per_curiam,Per Curiam,0,0,0,2,N/A,False,False,False,"['criminal', 'family_law', 'statutory_interpretation', 'evidence', 'domestic_violence']","['RSA 173-B:5, I', 'RSA 173-B:1, I', 'RSA 631:2-a, I', 'RSA 631:1', 'RSA 631:3', 'RSA 173']","RSA 173-B:5, I",True,[],,1406,case_order,1.0.0,2026-07-16T02:06:06.880503,0.8
2015-0012,2015-0012,['2015-0012'],,,,McDonald's Corporation v. Town of Newport,https://www.courts.nh.gov/sites/g/files/ehbemt471/files/documents/2021-09/20150012.pdf,,2015-07-20,,2015,,administrative,,civil,standard,dismissed,per_curiam,Per Curiam,3,0,0,0,3-0,True,False,False,"['civil_procedure', 'constitutional', 'tax']","['RSA 510:10', 'RSA 508:10']",RSA 510:10,False,[],,1161,case_order,1.0.0,2026-07-16T02:06:08.038849,0.8
2015-0013,2015-0013,['2015-0013'],,,,David Bonin & a. v. Joseph Scott & a.; Joseph Scott & a. v. David Bonin & a.,https://www.courts.nh.gov/sites/g/files/ehbemt471/files/documents/2021-09/20150013.pdf,,2015-07-15,,2015,circuit court are,circuit_court,Stephen,civil,standard,affirmed,per_curiam,Per Curiam,3,0,0,0,3-0,True,False,False,"['statutory_interpretation', 'property', 'contract']",[],,True,['de_novo'],,970,case_order,1.0.0,2026-07-16T02:06:09.256200,0.8
2015-0014,2015-0014,['2015-0014'],,,,State of New Hampshire v. Brian Fellers,https://www.courts.nh.gov/sites/g/files/ehbemt471/files/documents/2021-09/20150014.pdf,,2015-09-18,,2015,Circuit Court,circuit_court,Bamberger,criminal,standard,,per_curiam,Per Curiam,0,0,0,2,N/A,False,False,False,"['criminal', 'contract']","['RSA 644:2, III']","RSA 644:2, III",False,['clear_error'],,1512,case_order,1.0.0,2026-07-16T02:06:09.538432,0.8
2015-0016,2015-0016,['2015-0016'],,,,Daryal Klitz & a. v. Town of Pittsfield,https://www.courts.nh.gov/sites/g/files/ehbemt471/files/documents/2021-09/20150016.pdf,,2015-12-09,,2015,"Superior Court (Smukler, J.)",superior_court,Smukler,civil,standard,affirmed,per_curiam,Per Curiam,3,0,0,0,3-0,True,False,False,"['statutory_interpretation', 'property']","['RSA 674:33, I', 'RSA 677:3, I', 'RSA 677:6']","RSA 674:33, I",True,[],,677,case_order,1.0.0,2026-07-16T02:06:09.864160,0.8
2015-0028,2015-0028,['2015-0028'],,,,"In the Matter of Traci L. Smith and William E. Barnett, Jr.",https://www.courts.nh.gov/sites/g/files/ehbemt471/files/documents/2021-09/20150028.pdf,,2015-12-16,,2015,"Circuit Court (Forrest, J.)",circuit_court,Forrest,family/domestic,standard,,per_curiam,Per Curiam,0,0,0,2,N/A,False,False,False,"['family_law', 'contract']","['RSA 461-A:11, I', 'RSA 461']","RSA 461-A:11, I",False,[],,1340,case_order,1.0.0,2026-07-16T02:06:10.402732,0.8
2015-0035,2015-0035,['2015-0035'],,,,In the Matter of Marion Fitanides and Craig Carlson,https://www.courts.nh.gov/sites/g/files/ehbemt471/files/documents/2021-09/20150035.pdf,,2015-09-21,,2015,"Circuit Court (Lemire, J.)",circuit_court,Lemire,family/domestic,standard,affirmed,per_curiam,Per Curiam,3,0,0,0,3-0,True,False,False,"['insurance', 'family_law', 'employment']","['RSA 458-C:3', 'RSA 458-C:2, IV']",RSA 458-C:3,False,[],,1179,case_order,1.0.0,2026-07-16T02:06:10.966509,0.8
2015-0036,2015-0036,['2015-0036'],,,,State of New Hampshire v. Robert Conway,https://www.courts.nh.gov/sites/g/files/ehbemt471/files/documents/2021-09/20150036.pdf,,2015-12-04,,2015,"Superior Court (Brown, J.)",superior_court,Brown,family/domestic,standard,,per_curiam,Per Curiam,0,0,0,2,N/A,False,False,False,"['criminal', 'evidence', 'domestic_violence']","['RSA 633:3-a', 'RSA 173-B', 'RSA 633:3-a, II', 'RSA 633:3-a, I']",RSA 633:3-a,False,[],,899,case_order,1.0.0,2026-07-16T02:06:11.230721,0.8
2015-0037,2015-0037,['2015-0037'],,,,"Petition of Steven J. Rubenzer, Ph.D., ABPP",https://www.courts.nh.gov/sites/g/files/ehbemt471/files/documents/2021-09/20150037.pdf,,2015-09-24,,2015,"Superior Court (Smukler, J.)",superior_court,Smukler,criminal,standard,dismissed,per_curiam,Per Curiam,0,0,0,2,N/A,False,False,False,"['criminal', 'competency', 'administrative_law', 'constitutional', 'employment', 'contract', 'tort', 'evidence', 'tax']",[],,False,[],,1441,case_order,1.0.0,2026-07-16T02:06:14.634442,0.8
2015-0046,2015-0046,['2015-0046'],,,,"Bel-Air Nursing and Rehab Center, Inc. v. Town of Goffstown",https://www.courts.nh.gov/sites/g/files/ehbemt471/files/documents/2021-09/20150046.pdf,,2015-12-09,,2015,"Superior Court (Brown, J.)",superior_court,Brown,civil,standard,affirmed,per_curiam,Per Curiam,3,0,0,0,3-0,True,False,False,"['constitutional', 'property']","['RSA 674:33, I']","RSA 674:33, I",False,[],,276,case_order,1.0.0,2026-07-16T02:06:14.856262,0.8
2015-0047,2015-0047,['2015-0047'],,,,"Juan Diaz v. Wesley Hill, III",https://www.courts.nh.gov/sites/g/files/ehbemt471/files/documents/2021-09/20150047.pdf,,2015-05-22,,2015,"Circuit Court’s (Moran, J.)",circuit_court,,family/domestic,standard,reversed,per_curiam,Per Curiam,3,0,0,0,3-0,True,False,False,"['criminal', 'constitutional', 'domestic_violence']","['RSA 633:3-a, I', 'RSA 633:3-a, II']","RSA 633:3-a, I",False,[],,1245,case_order,1.0.0,2026-07-16T02:06:15.125240,0.8
2015-0049,2015-0049,['2015-0049'],,,,Mary Feeney v. Karyn Kelley,https://www.courts.nh.gov/sites/g/files/ehbemt471/files/documents/2021-09/20150049.pdf,,2015-10-09,,2015,Superior Court,superior_court,Abramson,civil,standard,affirmed,per_curiam,Per Curiam,2,0,0,0,2-0,True,False,False,"['statutory_interpretation', 'property']","['RSA 547-C:2', 'RSA 547-C:29']",RSA 547-C:2,True,['de_novo'],,1229,case_order,1.0.0,2026-07-16T02:06:15.448339,0.8
2015-0066,2015-0066,['2015-0066'],,,,Christopher John Krochina v. Town of Meredith,https://www.courts.nh.gov/sites/g/files/ehbemt471/files/documents/2021-09/20150066.pdf,,2015-11-19,,2015,"Superior Court (O’Neill, J.)",superior_court,O’Neill,civil,standard,affirmed,per_curiam,Per Curiam,3,0,0,0,3-0,True,False,False,['property'],[],,False,[],,640,case_order,1.0.0,2026-07-16T02:06:15.829549,0.8
2015-0067,2015-0067,['2015-0067'],,,,"Northern New England Telephone Operations LLC, d/b/a FairPoint Communications - NNE v. City of Concord",https://www.courts.nh.gov/sites/g/files/ehbemt471/files/documents/2021-09/20150067.pdf,,2015-10-22,,2015,Superior Court,superior_court,McNamara,civil,standard,affirmed,per_curiam,Per Curiam,0,0,0,2,N/A,False,False,False,"['civil_procedure', 'constitutional', 'property', 'tort', 'tax']",['RSA 72:6'],RSA 72:6,False,['de_novo'],,1384,case_order,1.0.0,2026-07-16T02:06:16.238279,0.8
2015-0073,2015-0073,['2015-0073'],,,,In the Matter of Ahmed Olama and Icel Khater,https://www.courts.nh.gov/sites/g/files/ehbemt471/files/documents/2021-09/20150073.pdf,,2015-07-20,,2015,"Circuit Court (Introcaso, J.)",circuit_court,Introcaso,family/domestic,standard,affirmed,per_curiam,Per Curiam,3,0,0,0,3-0,True,False,False,"['family_law', 'statutory_interpretation']","['RSA 458:16-a', 'RSA 461-A:4']",RSA 458:16-a,True,[],,311,case_order,1.0.0,2026-07-16T02:06:16.794580,0.8
2015-0076,2015-0076,['2015-0076'],,,,"Jahan Qureshi v. William J. Amann, Esq. & a.",https://www.courts.nh.gov/sites/g/files/ehbemt471/files/documents/2021-09/20150076.pdf,,2015-09-21,,2015,Superior Court,superior_court,Brown,civil,standard,dismissed,per_curiam,Per Curiam,3,0,0,0,3-0,True,False,False,"['civil_procedure', 'statutory_interpretation', 'constitutional']",[],,True,['abuse_of_discretion'],,795,case_order,1.0.0,2026-07-16T02:06:16.931547,0.8
2015-0082,2015-0082,['2015-0082'],,,,Marissa Rattee v. Andre Bertolino,https://www.courts.nh.gov/sites/g/files/ehbemt471/files/documents/2021-09/20150082.pdf,,2015-05-21,,2015,Circuit Court,circuit_court,Boyle,family/domestic,standard,affirmed,per_curiam,Per Curiam,2,0,0,0,2-0,True,False,False,"['statutory_interpretation', 'domestic_violence']","['RSA 173-B:5', 'RSA 644:4', 'RSA 173-B:5, I']",RSA 173-B:5,True,[],,379,case_order,1.0.0,2026-07-16T02:06:17.221148,0.8
2015-0090,2015-0090,['2015-0090'],,,,Egide Mbabazi & a. v. Megastore Wholesale,https://www.courts.nh.gov/sites/g/files/ehbemt471/files/documents/2021-09/20150090.pdf,,2015-10-09,,2015,,,,civil,standard,affirmed,per_curiam,Per Curiam,2,0,0,0,2-0,True,False,False,['contract'],[],,False,[],,214,case_order,1.0.0,2026-07-16T02:06:20.116373,0.8
2015-0092,2015-0092,['2015-0092'],,,,Agha S. Ahmad v. Federal National Mortgage Association,https://www.courts.nh.gov/sites/g/files/ehbemt471/files/documents/2021-09/20150092.pdf,,2015-08-10,,2015,Superior Court,superior_court,Smukler,civil,standard,dismissed,per_curiam,Per Curiam,2,0,0,0,2-0,True,False,False,"['civil_procedure', 'statutory_interpretation', 'property', 'tort', 'tax']","['RSA 382-A:3-104', 'RSA 382-A:3-109']",RSA 382-A:3-104,True,[],,943,case_order,1.0.0,2026-07-16T02:06:20.431848,0.8
2015-0094,2015-0094,['2015-0094'],,,,Kellie Brown v. Michele Janvrin,https://www.courts.nh.gov/sites/g/files/ehbemt471/files/documents/2021-09/20150094.pdf,,2015-07-20,,2015,Circuit Court,circuit_court,DeVries,family/domestic,standard,vacated,per_curiam,Per Curiam,3,0,0,0,3-0,True,False,False,"['criminal', 'domestic_violence']",['RSA 633:3-a'],RSA 633:3-a,False,[],,305,case_order,1.0.0,2026-07-16T02:06:20.759212,0.8
2015-0096,2015-0096,['2015-0096'],,,,"David Coleman, Jr. v. Thomas DeSteph",https://www.courts.nh.gov/sites/g/files/ehbemt471/files/documents/2021-09/20150096.pdf,,2015-10-14,,2015,Circuit Court,circuit_court,Burke,civil,standard,affirmed,per_curiam,Per Curiam,3,0,0,0,3-0,True,False,False,['contract'],[],,False,[],,381,case_order,1.0.0,2026-07-16T02:06:21.192344,0.8
2015-0100,2015-0100,['2015-0100'],,,,State of New Hampshire v. Kimberly C. Lambert,https://www.courts.nh.gov/sites/g/files/ehbemt471/files/documents/2021-09/20150100.pdf,,2015-11-06,,2015,,,,criminal,standard,affirmed,per_curiam,Per Curiam,2,0,0,1,2-0,True,False,False,[],"['RSA 644:2', 'RSA 627:3', 'RSA 627:4, I']",RSA 644:2,False,['de_novo'],,1003,case_order,1.0.0,2026-07-16T02:06:21.743566,0.8
2015-0109,2015-0109,['2015-0109'],,,,Philip Seekell v. John S. Merrow & a.,https://www.courts.nh.gov/sites/g/files/ehbemt471/files/documents/2021-09/20150109.pdf,,2015-10-23,,2015,Superior Court,superior_court,Bornstein,civil,standard,,per_curiam,Per Curiam,0,0,0,2,N/A,False,False,False,"['property', 'evidence']",[],,False,[],,1491,case_order,1.0.0,2026-07-16T02:06:22.284316,0.8
2015-0112,2015-0112,['2015-0112'],,,,In the Matter of Allison Scamman and Bruce Scamman,https://www.courts.nh.gov/sites/g/files/ehbemt471/files/documents/2021-09/20150112.pdf,,2015-11-20,,2015,,,,family/domestic,standard,vacated,per_curiam,Per Curiam,0,0,0,2,N/A,False,False,False,"['family_law', 'property']","['RSA 458', 'RSA 458-C:1', 'RSA 458-C:4, II', 'RSA 458-C:5, I']",RSA 458,False,[],,1448,case_order,1.0.0,2026-07-16T02:06:25.497219,0.8
2015-0113,2015-0113,['2015-0113'],,,,Paul Powers v. Joel Saren,https://www.courts.nh.gov/sites/g/files/ehbemt471/files/documents/2021-09/20150113.pdf,,2015-12-04,,2015,,,DeVries,civil,standard,vacated,per_curiam,Per Curiam,3,0,0,0,3-0,True,False,False,"['civil_procedure', 'property', 'contract', 'tort']","['RSA 503:1', 'RSA 502', 'RSA 490', 'RSA 491:7']",RSA 503:1,False,['de_novo'],,603,case_order,1.0.0,2026-07-16T02:06:25.801914,0.8
2015-0122,2015-0122,['2015-0122'],,,,In re T.L.,https://www.courts.nh.gov/sites/g/files/ehbemt471/files/documents/2021-09/20150122.pdf,,2015-06-19,,2015,Circuit Court,circuit_court,Lemire,family/domestic,standard,affirmed,per_curiam,Per Curiam,3,0,0,0,3-0,True,False,False,"['competency', 'family_law', 'constitutional']","['RSA 463:8, III', 'RSA 463:4', 'RSA 490-D:2, VIII', 'RSA 490-F:3', 'RSA 135-C:27']","RSA 463:8, III",False,[],,1275,case_order,1.0.0,2026-07-16T02:06:26.156520,0.8
2015-0132,2015-0132,['2015-0132'],,,,Kathy Wilson v. St. Magnus Condominium Association,https://www.courts.nh.gov/sites/g/files/ehbemt471/files/documents/2021-09/20150132.pdf,,2015-09-18,,2015,Superior Court,superior_court,Delker,civil,standard,affirmed,per_curiam,Per Curiam,3,0,0,0,3-0,True,False,False,"['civil_procedure', 'contract']",['RSA 356-B:41'],RSA 356-B:41,False,[],,587,case_order,1.0.0,2026-07-16T02:06:26.599718,0.8
2015-0136,2015-0136,['2015-0136'],,,,Jane Doe v. State Farm Fire and Casualty Company,https://www.courts.nh.gov/sites/g/files/ehbemt471/files/documents/2021-09/20150136.pdf,,2015-09-21,,2015,Superior Court,superior_court,Delker,civil,standard,affirmed,per_curiam,Per Curiam,3,0,0,0,3-0,True,False,False,"['insurance', 'civil_procedure', 'statutory_interpretation', 'contract']",[],,True,['de_novo'],,1019,case_order,1.0.0,2026-07-16T02:06:27.115678,0.8
2015-0138,2015-0138,['2015-0138'],,,,"Bob Matte's Raceway Motors, Inc. v. Michael Smith",https://www.courts.nh.gov/sites/g/files/ehbemt471/files/documents/2021-09/20150138.pdf,,2015-09-21,,2015,"Superior Court (Kissinger, J.)",superior_court,Kissinger,civil,standard,affirmed,per_curiam,Per Curiam,3,0,0,0,3-0,True,False,False,"['civil_procedure', 'contract', 'tort', 'evidence']",['RSA 485-A'],RSA 485-A,False,['clear_error'],,746,case_order,1.0.0,2026-07-16T02:06:27.679854,0.8
2015-0140,2015-0140,['2015-0140'],,,,"Trevor Yanuszewski v. Marc Wilson; Marc and Nathan Auto Service, Inc. v. Trevor Yanuszewski",https://www.courts.nh.gov/sites/g/files/ehbemt471/files/documents/2021-09/20150140.pdf,,2015-12-18,,2015,Circuit Court,circuit_court,Moore,civil,standard,vacated,per_curiam,Per Curiam,3,0,0,0,3-0,True,False,False,"['statutory_interpretation', 'contract']","['RSA 358-D:10', 'RSA 358-D:10, II', 'RSA 358', 'RSA 358-A', 'RSA 358-D', 'RSA 358-D:12, I']",RSA 358-D:10,True,[],,1232,case_order,1.0.0,2026-07-16T02:06:28.241087,0.8
2015-0151,2015-0151,['2015-0151'],,,,Craig Difeo & a. v. Federal National Mortgage Association,https://www.courts.nh.gov/sites/g/files/ehbemt471/files/documents/2021-09/20150151.pdf,,2015-10-26,,2015,"Superior Court (Anderson, J.)",superior_court,Anderson,civil,standard,dismissed,per_curiam,Per Curiam,3,0,0,0,3-0,True,False,False,['property'],['RSA 479:25'],RSA 479:25,False,[],,623,case_order,1.0.0,2026-07-16T02:06:28.344802,0.8
2015-0164,2015-0164,['2015-0164'],,,,Robin Carbone v. Stephen DePaula,https://www.courts.nh.gov/sites/g/files/ehbemt471/files/documents/2021-09/20150164.pdf,,2015-10-09,,2015,Circuit Court,circuit_court,Spath,family/domestic,standard,affirmed,per_curiam,Per Curiam,3,0,0,0,3-0,True,False,False,['domestic_violence'],['RSA 633:3-a'],RSA 633:3-a,False,[],,257,case_order,1.0.0,2026-07-16T02:06:29.277686,0.8
2015-0177,2015-0177,['2015-0177'],,,,State of New Hampshire v. John Jacobs,https://www.courts.nh.gov/sites/g/files/ehbemt471/files/documents/2021-09/20150177.pdf,,2015-12-18,,2015,"Circuit Court (Gardner, J.)",circuit_court,Gardner,civil,standard,dismissed,per_curiam,Per Curiam,0,0,0,2,N/A,False,False,False,"['civil_procedure', 'constitutional', 'evidence', 'DWI']","['RSA 265-A:2, I', 'RSA 318-B:2, I', 'RSA 318-B:26, II', 'RSA 265-A:43']","RSA 265-A:2, I",False,"['de_novo', 'clear_error']",,1443,case_order,1.0.0,2026-07-16T02:06:31.515290,0.8
2015-0180,2015-0180,['2015-0180'],,,,Dexter R. Merritt v. Roderick D. MacAlpine & a.,https://www.courts.nh.gov/sites/g/files/ehbemt471/files/documents/2021-09/20150180.pdf,,2015-10-21,,2015,Superior Court,superior_court,Garfunkel,civil,standard,affirmed,per_curiam,Per Curiam,3,0,0,0,3-0,True,False,False,"['civil_procedure', 'property', 'contract']",[],,False,[],,520,case_order,1.0.0,2026-07-16T02:06:31.740944,0.8
2015-0182,2015-0182,['2015-0182'],,,,Judith Tompson v. Rockingham County Sheriff’s Office,https://www.courts.nh.gov/sites/g/files/ehbemt471/files/documents/2021-09/20150182.pdf,,2015-09-18,,2015,Superior Court,superior_court,Anderson,civil,standard,affirmed,per_curiam,Per Curiam,3,0,0,0,3-0,True,False,False,"['civil_procedure', 'statutory_interpretation', 'constitutional', 'property', 'contract', 'tort']","['RSA 507-B:5', 'RSA 507-B', 'RSA 507-B:1, I', 'RSA 594:4, I', 'RSA 104:28', 'RSA 507-B:2']",RSA 507-B:5,True,[],,837,case_order,1.0.0,2026-07-16T02:06:32.082001,0.8
2015-0183,2015-0183,['2015-0183'],,,,In the Matter of Kathryn Gosselin and Heath Gosselin,https://www.courts.nh.gov/sites/g/files/ehbemt471/files/documents/2021-09/20150183.pdf,,2015-11-10,,2015,,,,family/domestic,standard,vacated,per_curiam,Per Curiam,3,0,0,0,3-0,True,False,False,"['insurance', 'family_law']","['RSA 458-C:3', 'RSA 461-A:14, VIII']",RSA 458-C:3,False,[],,758,case_order,1.0.0,2026-07-16T02:06:32.509318,0.8
2015-0186,2015-0186,['2015-0186'],,,,Carol Rose v. Jason Purdy,https://www.courts.nh.gov/sites/g/files/ehbemt471/files/documents/2021-09/20150186.pdf,,2015-10-26,,2015,Circuit Court,circuit_court,McKenna,civil,standard,vacated,per_curiam,Per Curiam,3,0,0,0,3-0,True,False,False,"['civil_procedure', 'statutory_interpretation', 'constitutional']",['RSA 508:4'],RSA 508:4,True,['de_novo'],,795,case_order,1.0.0,2026-07-16T02:06:33.025370,0.8
2015-0190,2015-0190,['2015-0190'],,,,"Verani Realty, Inc. v. Joseph Scott & a.",https://www.courts.nh.gov/sites/g/files/ehbemt471/files/documents/2021-09/20150190.pdf,,2015-09-18,,2015,"Circuit Court (LeFrancois, J.)",circuit_court,LeFrancois,civil,standard,affirmed,per_curiam,Per Curiam,3,0,0,0,3-0,True,False,False,['property'],[],,False,[],,349,case_order,1.0.0,2026-07-16T02:06:33.600366,0.8
2015-0208,2015-0208,['2015-0208'],,,,In the Matter of Carolina Hoell and Gabriel Price,https://www.courts.nh.gov/sites/g/files/ehbemt471/files/documents/2021-09/20150208.pdf,,2015-09-17,,2015,,,,family/domestic,standard,affirmed,per_curiam,Per Curiam,3,0,0,0,3-0,True,False,False,[],[],,False,[],,301,case_order,1.0.0,2026-07-16T02:06:34.171990,0.8
2015-0216,2015-0216,['2015-0216'],,,,"Brian J. Goodman v. OneWest Bank, FSB",https://www.courts.nh.gov/sites/g/files/ehbemt471/files/documents/2021-09/20150216.pdf,,2015-09-25,,2015,Superior Court,superior_court,Smukler,civil,standard,vacated,per_curiam,Per Curiam,3,0,0,0,3-0,True,False,False,"['civil_procedure', 'contract']",[],,False,[],,986,case_order,1.0.0,2026-07-16T02:06:37.211747,0.8
2015-0219,2015-0219,['2015-0219'],,,,In re Guardianship of I.B.; In re Guardianship of A.B.; In re Guardianship of N.B.,https://www.courts.nh.gov/sites/g/files/ehbemt471/files/documents/2021-09/20150219.pdf,,2015-09-18,,2015,"Circuit Court (Foley, J.)",circuit_court,Foley,civil,standard,affirmed,per_curiam,Per Curiam,3,0,0,0,3-0,True,False,False,"['employment', 'evidence']","['RSA 463:8, III', 'RSA 463:8, V']","RSA 463:8, III",False,[],,1065,case_order,1.0.0,2026-07-16T02:06:37.392546,0.8
2015-0230,2015-0230,['2015-0230'],,,,In the Matter of Mayte Jimenez and Luis Jimenez,https://www.courts.nh.gov/sites/g/files/ehbemt471/files/documents/2021-09/20150230.pdf,,2015-12-02,,2015,,,,family/domestic,standard,affirmed,per_curiam,Per Curiam,3,0,0,0,3-0,True,False,False,['family_law'],[],,False,[],,214,case_order,1.0.0,2026-07-16T02:06:37.693226,0.8
2015-0235,2015-0235,['2015-0235'],,,,Leah Ducey v. Joan Iannazzo,https://www.courts.nh.gov/sites/g/files/ehbemt471/files/documents/2021-09/20150235.pdf,,2015-12-04,,2015,,administrative,,civil,standard,,per_curiam,Per Curiam,0,0,0,2,N/A,False,False,False,"['insurance', 'statutory_interpretation', 'property', 'contract']","['RSA 540', 'RSA 540-A:2', 'RSA 540-A:4, IX', 'RSA 358-A:10', 'RSA 540-A:3, I']",RSA 540,True,"['de_novo', 'plain_error']",,1467,case_order,1.0.0,2026-07-16T02:06:38.073390,0.8
2015-0242,2015-0242,['2015-0242'],,,,Joseph Haas v. TD Bank,https://www.courts.nh.gov/sites/g/files/ehbemt471/files/documents/2021-09/20150242.pdf,,2015-09-25,,2015,Superior Court,superior_court,Kissinger,civil,standard,affirmed,per_curiam,Per Curiam,3,0,0,0,3-0,True,False,False,[],[],,False,[],,191,case_order,1.0.0,2026-07-16T02:06:38.559870,0.8
2015-0250,2015-0250,['2015-0250'],,,,The Church of the Sword v. Town of Westmoreland,https://www.courts.nh.gov/sites/g/files/ehbemt471/files/documents/2021-09/20150250.pdf,,2015-12-14,,2015,Superior Court,superior_court,,civil,standard,,per_curiam,Per Curiam,0,0,0,2,N/A,False,False,False,"['civil_procedure', 'constitutional', 'property', 'tax']","['RSA 72:23, III', 'RSA 72:34-a', 'RSA 72:23-m', 'RSA 72:23']","RSA 72:23, III",False,[],,1289,case_order,1.0.0,2026-07-16T02:06:39.109694,0.8
2015-0285,2015-0285,['2015-0285'],,,,Robert T. Bevill v. Town of Merrimack,https://www.courts.nh.gov/sites/g/files/ehbemt471/files/documents/2021-09/20150285.pdf,,2015-09-24,,2015,Superior Court,superior_court,Colburn,criminal,standard,affirmed,per_curiam,Per Curiam,3,0,0,0,3-0,True,False,False,"['criminal', 'administrative_law', 'property']","['RSA 676:15-17-b', 'RSA 676:5, I']",RSA 676:15-17-b,False,[],,1246,case_order,1.0.0,2026-07-16T02:06:39.706426,0.8
2015-0303,2015-0303,['2015-0303'],,,,Darlene Forshee & a. v. Joseph Brown,https://www.courts.nh.gov/sites/g/files/ehbemt471/files/documents/2021-09/20150303.pdf,,2015-12-04,,2015,,,,civil,standard,,per_curiam,Per Curiam,0,0,0,2,N/A,False,False,False,['property'],"['RSA 540', 'RSA 540-B:4', 'RSA 540-B', 'RSA 540-B:1, I', 'RSA 540-B:2']",RSA 540,False,[],,877,case_order,1.0.0,2026-07-16T02:06:40.144829,0.8
2015-0309,2015-0309,['2015-0309'],,,,"Thomas Maniscalco v. Labonville, Inc. & a.",https://www.courts.nh.gov/sites/g/files/ehbemt471/files/documents/2021-09/20150309.pdf,,2015-11-18,,2015,Superior Court,superior_court,MacLeod,civil,standard,affirmed,per_curiam,Per Curiam,3,0,0,0,3-0,True,False,False,['civil_procedure'],[],,False,[],,206,case_order,1.0.0,2026-07-16T02:06:42.982457,0.8
2015-0324,2015-0324,['2015-0324'],,,,In re Petition for Constructive Trust - Estate of Lucien Couture,https://www.courts.nh.gov/sites/g/files/ehbemt471/files/documents/2021-09/20150324.pdf,,2015-11-10,,2015,Circuit Court,circuit_court,Gorman,civil,standard,affirmed,per_curiam,Per Curiam,3,0,0,0,3-0,True,False,False,"['statutory_interpretation', 'constitutional']",[],,True,[],,365,case_order,1.0.0,2026-07-16T02:06:43.379584,0.8
2015-0364,2015-0364,['2015-0364'],,,,Robin Boutin v. Juan Rivera Ortiz,https://www.courts.nh.gov/sites/g/files/ehbemt471/files/documents/2021-09/20150364.pdf,,2015-12-18,,2015,"Circuit Court (Lyons, J.)",circuit_court,Lyons,family/domestic,standard,affirmed,per_curiam,Per Curiam,3,0,0,0,3-0,True,False,False,"['family_law', 'statutory_interpretation', 'domestic_violence']",['RSA 173-B:5'],RSA 173-B:5,True,[],,445,case_order,1.0.0,2026-07-16T02:06:43.688995,0.8
2015-0371,2015-0371,['2015-0371'],,,,Richard M. Husband & a. v. Town of Hudson,https://www.courts.nh.gov/sites/g/files/ehbemt471/files/documents/2021-09/20150371.pdf,,2015-11-09,,2015,Superior Court,superior_court,Temple,civil,standard,affirmed,per_curiam,Per Curiam,3,0,0,0,3-0,True,False,False,['civil_procedure'],[],,False,[],,282,case_order,1.0.0,2026-07-16T02:06:44.085560,0.8
2015-0444,2015-0444,['2015-0444'],,,,Ericka Koch v. David Koch,https://www.courts.nh.gov/sites/g/files/ehbemt471/files/documents/2021-09/20150444.pdf,,2015-11-10,,2015,Circuit Court,circuit_court,Foley,family/domestic,standard,affirmed,per_curiam,Per Curiam,3,0,0,0,3-0,True,False,False,"['criminal', 'family_law', 'evidence', 'domestic_violence']","['RSA 173-B:5', 'RSA 173-B', 'RSA 173-B:1', 'RSA 631:1', 'RSA 631:3', 'RSA 173-B:1, I', 'RSA 631:2-b', 'RSA 631:2-b, I', 'RSA 627:4', 'RSA 627:4, I', 'RSA 173-B:5, I']",RSA 173-B:5,False,[],,1337,case_order,1.0.0,2026-07-16T02:06:44.565667,0.8
2015-0445,2015-0445,['2015-0445'],,,,Ashley Hayes v. Kenneth Avery & a.,https://www.courts.nh.gov/sites/g/files/ehbemt471/files/documents/2021-09/20150445.pdf,,2015-11-19,,2015,Circuit Court,circuit_court,Gordon,civil,standard,affirmed,per_curiam,Per Curiam,3,0,0,0,3-0,True,False,False,"['insurance', 'statutory_interpretation', 'contract']",[],,True,[],,581,case_order,1.0.0,2026-07-16T02:06:45.207931,0.8
2015-0566,2015-0566,['2015-0566'],,,,Brian Chirichello & a. v. Town of Derry,https://www.courts.nh.gov/sites/g/files/ehbemt471/files/documents/2021-09/20150566.pdf,,2015-10-05,,2015,"Superior Court (Anderson, J.)",superior_court,Anderson,civil,standard,affirmed,per_curiam,Per Curiam,3,0,0,0,3-0,True,False,False,['statutory_interpretation'],"['RSA 49-D', 'RSA 49-D:3, I', 'RSA 49', 'RSA 49-C:33, I']",RSA 49-D,True,[],,1026,case_order,1.0.0,2026-07-16T02:06:46.516633,0.8
2016-0135,2016-0135,['2016-0135'],,,,Christine Westgate v. Stephen Dennis,https://www.courts.nh.gov/sites/g/files/ehbemt471/files/documents/2021-09/20160135.pdf,,2016-12-23,,2016,,,,civil,standard,vacated,per_curiam,Per Curiam,3,0,0,0,3-0,True,False,False,[],"['RSA 540-A:6, II', 'RSA 540-A:6, I', 'RSA 540-A:3, IV', 'RSA 540-A:3, V', 'RSA 540-A:6, IV']","RSA 540-A:6, II",False,[],,445,case_order,1.0.0,2026-07-16T02:06:49.918686,0.8
2016-0516,2016-0516,['2016-0516'],,,,Brenda Converse v. John LaFratta,https://www.courts.nh.gov/sites/g/files/ehbemt471/files/documents/2021-09/20160516.pdf,,2016-12-23,,2016,Circuit Court,circuit_court,Gorman,family/domestic,standard,affirmed,per_curiam,Per Curiam,3,0,0,0,3-0,True,False,False,['domestic_violence'],"['RSA 173-B:5, I']","RSA 173-B:5, I",False,[],,364,case_order,1.0.0,2026-07-16T02:06:50.510414,0.8
2016-0032,2016-0032,['2016-0032'],,,,In re Search Warrant for Medical Records of W.M.,https://www.courts.nh.gov/sites/g/files/ehbemt471/files/documents/2021-09/20160032.pdf,,2016-12-23,,2016,"Circuit Court (Carroll, J.)",circuit_court,Carroll,criminal,standard,reversed,per_curiam,Per Curiam,3,0,0,0,3-0,True,False,False,"['criminal', 'insurance', 'evidence']","['RSA 264:25', 'RSA 264:29']",RSA 264:25,False,[],,1147,case_order,1.0.0,2026-07-16T02:06:50.808630,0.8
2016-0298,2016-0298,['2016-0298'],,,,Donna Marie Conner v. Elliot Hospital & a.,https://www.courts.nh.gov/sites/g/files/ehbemt471/files/documents/2021-09/20160298.pdf,,2016-12-22,,2016,Superior Court,superior_court,,civil,standard,affirmed,per_curiam,Per Curiam,1,0,0,2,1-0,True,False,False,"['civil_procedure', 'statutory_interpretation', 'evidence']","['RSA 507-E:2', 'RSA 516:29-b']",RSA 507-E:2,True,[],,591,case_order,1.0.0,2026-07-16T02:06:51.804141,0.8
2015-0537,2015-0537,['2015-0537'],,,,Terry Ann Bartlett v. The Commerce Insurance Company & a.,https://www.courts.nh.gov/sites/g/files/ehbemt471/files/documents/2021-09/20150537.pdf,,2016-12-22,,2016,,administrative,,civil,standard,,per_curiam,Per Curiam,0,0,0,3,N/A,False,False,False,"['insurance', 'civil_procedure', 'statutory_interpretation', 'contract', 'tort']","['RSA 491:8-a, III', 'RSA 491:22-a']","RSA 491:8-a, III",True,['de_novo'],,1438,case_order,1.0.0,2026-07-16T02:06:52.127486,0.8
2016-0458,2016-0458,['2016-0458'],,,,State of New Hampshire v. Andre J. Bergeron,https://www.courts.nh.gov/sites/g/files/ehbemt471/files/documents/2021-09/20160458_0.pdf,,2016-12-22,,2016,Superior Court,superior_court,,criminal,standard,reversed,per_curiam,Per Curiam,3,0,0,0,3-0,True,False,False,"['criminal', 'property']","['RSA 597:1-a', 'RSA 597:1-a, III', 'RSA 597:2', 'RSA 597:1-a, IV', 'RSA 597:2, i', 'RSA 597:2, III']",RSA 597:1-a,False,[],,997,case_order,1.0.0,2026-07-16T02:06:52.483719,0.8
2016-0157,2016-0157,['2016-0157'],,,,In the Matter of Aileen MacNaughton and Martin Robert,https://www.courts.nh.gov/sites/g/files/ehbemt471/files/documents/2021-09/20160157.pdf,,2016-12-22,,2016,"Circuit Court (Cross, R., approved by Maloney, J.) in his divorce from the",circuit_court,"Cross, R., approved by Maloney",family/domestic,standard,,per_curiam,Per Curiam,0,0,0,3,N/A,False,False,False,"['family_law', 'property', 'employment', 'tort', 'tax']","['RSA 458:19, I', 'RSA 458:19, IV']","RSA 458:19, I",False,['de_novo'],,1437,case_order,1.0.0,2026-07-16T02:06:52.921948,0.8
2015-0720,2015-0720,['2015-0720'],,,,City of Keene v. James Cleaveland & a.,https://www.courts.nh.gov/sites/g/files/ehbemt471/files/documents/2021-09/20150720.pdf,,2016-12-22,,2016,Superior Court,superior_court,Kissinger,criminal,standard,affirmed,per_curiam,Per Curiam,3,0,0,0,3-0,True,False,False,"['criminal', 'constitutional', 'contract']",[],,False,['clear_error'],,1368,case_order,1.0.0,2026-07-16T02:06:53.403259,0.8
2016-0230,2016-0230,['2016-0230'],,,,Town of Alton v. Mark J. Hanson,https://www.courts.nh.gov/sites/g/files/ehbemt471/files/documents/2021-09/20160230.pdf,,2016-12-21,,2016,Superior Court,superior_court,O’Neill,civil,standard,dismissed,per_curiam,Per Curiam,3,0,0,0,3-0,True,False,False,"['civil_procedure', 'property']",['RSA 676:17'],RSA 676:17,False,[],,468,case_order,1.0.0,2026-07-16T02:06:53.961140,0.8
2016-0375,2016-0375,['2016-0375'],,,,Jamie Brien v. K. Cardone Holmes,https://www.courts.nh.gov/sites/g/files/ehbemt471/files/documents/2021-09/20160375.pdf,,2016-12-09,,2016,Circuit Court,circuit_court,Spath,family/domestic,standard,reversed,per_curiam,Per Curiam,3,0,0,0,3-0,True,False,False,"['criminal', 'domestic_violence']","['RSA 633:3-a, I', 'RSA 633:3-a, II']","RSA 633:3-a, I",False,['de_novo'],,591,case_order,1.0.0,2026-07-16T02:06:54.571384,0.8
2016-0011,2016-0011,['2016-0011'],,,,State of New Hampshire v. William Patten,https://www.courts.nh.gov/sites/g/files/ehbemt471/files/documents/2021-09/20160011.pdf,,2016-12-09,,2016,"Superior Court (Vaughan, J.)",superior_court,Vaughan,criminal,standard,,per_curiam,Per Curiam,0,0,0,3,N/A,False,False,False,"['criminal', 'property', 'evidence']","['RSA 637:4', 'RSA 637:2', 'RSA 637:4, I', 'RSA 637:2, I', 'RSA 637:2, IV']",RSA 637:4,False,[],,1362,case_order,1.0.0,2026-07-16T02:06:57.824392,0.8
2016-0320,2016-0320,['2016-0320'],,,,"Brian A. Gillis, as Trustee of the Gillis Family Irrevocable Trust of 2012 v. Randall S. Lawson & a.",https://www.courts.nh.gov/sites/g/files/ehbemt471/files/documents/2021-09/20160320.pdf,,2016-12-09,,2016,"Superior Court (Delker, J.)",superior_court,Delker,criminal,standard,affirmed,per_curiam,Per Curiam,3,0,0,0,3-0,True,False,False,"['criminal', 'property']",[],,False,[],,568,case_order,1.0.0,2026-07-16T02:06:58.045810,0.8
2016-0131,2016-0131,['2016-0131'],,,,In the Matter of Amanda Herman and Nathan Adams,https://www.courts.nh.gov/sites/g/files/ehbemt471/files/documents/2021-09/20160131.pdf,,2016-12-09,,2016,"Circuit Court (Yazinski, J.)",circuit_court,Yazinski,family/domestic,standard,,per_curiam,Per Curiam,0,0,0,3,N/A,False,False,False,"['family_law', 'statutory_interpretation', 'employment']","['RSA 461-A:6, I', 'RSA 461-A:6', 'RSA 461-A:6, VII']","RSA 461-A:6, I",True,['de_novo'],,1373,case_order,1.0.0,2026-07-16T02:06:58.443153,0.8
2016-0351,2016-0351,['2016-0351'],,,,Nicole Kilgore v. Brendan Philbrick,https://www.courts.nh.gov/sites/g/files/ehbemt471/files/documents/2021-09/20160351.pdf,,2016-12-09,,2016,Circuit Court,circuit_court,Crocker,family/domestic,standard,affirmed,per_curiam,Per Curiam,3,0,0,0,3-0,True,False,False,"['criminal', 'family_law', 'constitutional', 'domestic_violence']","['RSA 633:3-a, III', 'RSA 633:3-a']","RSA 633:3-a, III",False,[],,1244,case_order,1.0.0,2026-07-16T02:06:59.021110,0.8
2016-0198,2016-0198,['2016-0198'],,,,State of New Hampshire v. David Richard Lemieux,https://www.courts.nh.gov/sites/g/files/ehbemt471/files/documents/2021-09/20160198.pdf,,2016-12-09,,2016,"Circuit Court (Gardner, J.)",circuit_court,Gardner,criminal,standard,affirmed,per_curiam,Per Curiam,3,0,0,0,3-0,True,False,False,"['criminal', 'statutory_interpretation', 'constitutional']","['RSA 265:79-c', 'RSA 265:79-c, I']",RSA 265:79-c,True,['plain_error'],,955,case_order,1.0.0,2026-07-16T02:06:59.802324,0.8
2016-0062,2016-0062,['2016-0062'],,,,Appeal of Joni O'Brien,https://www.courts.nh.gov/sites/g/files/ehbemt471/files/documents/2021-09/20160062.pdf,,2016-12-01,,2016,,,,civil,standard,affirmed,per_curiam,Per Curiam,3,0,0,0,3-0,True,False,False,['administrative_law'],"['RSA 330-A:21, III', 'RSA 541', 'RSA 330-A:29, VII', 'RSA 541:13', 'RSA 541:41', 'RSA 541:6']","RSA 330-A:21, III",False,['de_novo'],,1246,case_order,1.0.0,2026-07-16T02:07:00.505218,0.8
2016-0108,2016-0108,['2016-0108'],,,,"Trailer Home Village Cooperative, Inc. v. Michael Frigon & a.",https://www.courts.nh.gov/sites/g/files/ehbemt471/files/documents/2021-09/20160108.pdf,,2016-11-30,,2016,"Circuit Court (Stephen, J.)",circuit_court,Stephen,civil,standard,affirmed,per_curiam,Per Curiam,3,0,0,0,3-0,True,False,False,"['administrative_law', 'civil_procedure', 'constitutional']","['RSA 205-A:3', 'RSA 540:5', 'RSA 205-A:9', 'RSA 540', 'RSA 540:14', 'RSA 205', 'RSA 205-A:4', 'RSA 205-A:4, I', 'RSA 540:8', 'RSA 205-A', 'RSA 205-A:6, III']",RSA 205-A:3,False,"['de_novo', 'plain_error']",,926,case_order,1.0.0,2026-07-16T02:07:00.920054,0.8
2016-0126,2016-0126,['2016-0126'],,,,"Lorin D. Mulligan, Trustee of the Lorin D. Mulligan 2011 Revocable Trust v. Town of Henniker & a.",https://www.courts.nh.gov/sites/g/files/ehbemt471/files/documents/2021-09/20160126.pdf,,2016-11-28,,2016,"Superior Court (McNamara, J.)",superior_court,McNamara,civil,standard,affirmed,per_curiam,Per Curiam,3,0,0,0,3-0,True,False,False,"['statutory_interpretation', 'constitutional', 'property', 'contract']",[],,True,[],,1347,case_order,1.0.0,2026-07-16T02:07:01.502107,0.8
2014-0589,2014-0589,['2014-0589'],,,,State of New Hampshire v. Susan Hassett,https://www.courts.nh.gov/sites/g/files/ehbemt471/files/documents/2021-09/20140589.pdf,,2016-11-23,,2016,"Superior Court (Mangones, J.)",superior_court,Mangones,civil,standard,affirmed,per_curiam,Per Curiam,3,0,0,0,3-0,True,False,False,"['constitutional', 'DWI']","['RSA 599:1', 'RSA 265-A:2, I', 'RSA 265-A:18, IV']",RSA 599:1,False,"['de_novo', 'abuse_of_discretion', 'plain_error']",,878,case_order,1.0.0,2026-07-16T02:07:03.329342,0.8
2016-0090,2016-0090,['2016-0090'],,,,State of New Hampshire v. Robert J. Badar,https://www.courts.nh.gov/sites/g/files/ehbemt471/files/documents/2021-09/20160090.pdf,,2016-11-23,,2016,,,,criminal,standard,affirmed,per_curiam,Per Curiam,3,0,0,0,3-0,True,False,False,"['criminal', 'constitutional']",['RSA 318-B:2'],RSA 318-B:2,False,[],,1224,case_order,1.0.0,2026-07-16T02:07:03.572611,0.8
2015-0750,2015-0750,['2015-0750'],,,,In the Matter of George Provencal and Laurie Provencal,https://www.courts.nh.gov/sites/g/files/ehbemt471/files/documents/2021-09/20150750.pdf,,2016-11-23,,2016,"Circuit Court (Cross, R., approved by Lawrence, J.) in his divorce from the",circuit_court,"Cross, R., approved by Lawrence",family/domestic,standard,,per_curiam,Per Curiam,0,0,0,3,N/A,False,False,False,"['family_law', 'statutory_interpretation', 'property', 'employment', 'tax']","['RSA 458:19, I', 'RSA 458:19, IV']","RSA 458:19, I",True,['de_novo'],,1320,case_order,1.0.0,2026-07-16T02:07:03.955988,0.8
2015-0451,2015-0451,['2015-0451'],,,,In the Matter of Mary Schwarzer-Hampton and R. Scott Hampton,https://www.courts.nh.gov/sites/g/files/ehbemt471/files/documents/2021-09/20150451.pdf,,2016-11-22,,2016,,,,family/domestic,standard,affirmed,per_curiam,Per Curiam,0,0,0,3,N/A,False,False,False,"['family_law', 'evidence']",['RSA 490:3'],RSA 490:3,False,[],,594,case_order,1.0.0,2026-07-16T02:07:04.471715,0.8
2016-0104,2016-0104,['2016-0104'],,,,State of New Hampshire v. Thomas Lizotte,https://www.courts.nh.gov/sites/g/files/ehbemt471/files/documents/2021-09/20160104.pdf,,2016-11-16,,2016,Circuit Court,circuit_court,Ashley,family/domestic,standard,,per_curiam,Per Curiam,0,0,0,3,N/A,False,False,False,"['criminal', 'family_law', 'civil_procedure', 'DWI']","['RSA 265-A:2', 'RSA 265-A:10']",RSA 265-A:2,False,[],,1423,case_order,1.0.0,2026-07-16T02:07:04.996471,0.8
2016-0093,2016-0093,['2016-0093'],,,,In the Matter of Christopher Taylor and Therese Taylor,https://www.courts.nh.gov/sites/g/files/ehbemt471/files/documents/2021-09/20160093.pdf,,2016-11-15,,2016,Circuit Court,circuit_court,Foley,family/domestic,standard,,per_curiam,Per Curiam,0,0,0,3,N/A,False,False,False,['family_law'],"['RSA 458-C:3, II', 'RSA 458-C:2, IV']","RSA 458-C:3, II",False,[],,1409,case_order,1.0.0,2026-07-16T02:07:05.515187,0.8
2016-0392,2016-0392,['2016-0392'],,,,Donna Molony v. James Molony,https://www.courts.nh.gov/sites/g/files/ehbemt471/files/documents/2021-09/20160392.pdf,,2016-11-15,,2016,Circuit Court,circuit_court,Chabot,family/domestic,standard,affirmed,per_curiam,Per Curiam,3,0,0,0,3-0,True,False,False,"['criminal', 'domestic_violence']","['RSA 173-B:5, I', 'RSA 173-B', 'RSA 173-B:1', 'RSA 631:4, I']","RSA 173-B:5, I",False,[],,530,case_order,1.0.0,2026-07-16T02:07:05.593777,0.8
2016-0024,2016-0024,['2016-0024'],,,,State of New Hampshire v. Richard Harris,https://www.courts.nh.gov/sites/g/files/ehbemt471/files/documents/2021-09/20160024.pdf,,2016-11-15,,2016,"Superior Court (Bornstein, J.)",superior_court,Bornstein,criminal,standard,,per_curiam,Per Curiam,0,0,0,3,N/A,False,False,False,"['criminal', 'civil_procedure', 'evidence']","['RSA 631:2-a', 'RSA 631:2, I', 'RSA 631:2-a, I']",RSA 631:2-a,False,[],,1512,case_order,1.0.0,2026-07-16T02:07:08.695389,0.8
2016-0293,2016-0293,['2016-0293'],,,,State of New Hampshire v. James Bazinet,https://www.courts.nh.gov/sites/g/files/ehbemt471/files/documents/2021-09/20160293.pdf,,2016-11-15,,2016,,administrative,Colburn,criminal,standard,,per_curiam,Per Curiam,3,0,0,0,3-0,True,False,False,['criminal'],"['RSA 597:1-a', 'RSA 597:1-a, III', 'RSA 597:1-a, V', 'RSA 630:3']",RSA 597:1-a,False,[],,758,case_order,1.0.0,2026-07-16T02:07:08.843977,0.8
2015-0185,2015-0185,['2015-0185'],,,,State of New Hampshire v. Jonathan Dodge a/k/a Brian Smith,https://www.courts.nh.gov/sites/g/files/ehbemt471/files/documents/2021-09/20150185.pdf,,2016-11-14,,2016,"Superior Court (Abramson, J.)",superior_court,Abramson,criminal,standard,,per_curiam,Per Curiam,0,0,0,3,N/A,False,False,False,['criminal'],"['RSA 638:4', 'RSA 638:4, I', 'RSA 382-A:3-', 'RSA 382-A:3-103']",RSA 638:4,False,['de_novo'],,1324,case_order,1.0.0,2026-07-16T02:07:09.066452,0.8
2015-0751,2015-0751,['2015-0751'],,,,State of New Hampshire v. Maurice Belmore,https://www.courts.nh.gov/sites/g/files/ehbemt471/files/documents/2021-09/20150751.pdf,,2016-11-14,,2016,"Superior Court (Colburn, J.)",superior_court,Colburn,criminal,standard,affirmed,per_curiam,Per Curiam,3,0,0,0,3-0,True,False,False,"['criminal', 'property', 'evidence']","['RSA 635:2, III', 'RSA 635:2', 'RSA 635:1, I']","RSA 635:2, III",False,['plain_error'],,1075,case_order,1.0.0,2026-07-16T02:07:09.342948,0.8
2016-0050,2016-0050,['2016-0050'],,,,In the Matter of Edwin Potter and Melissa Turcotte,https://www.courts.nh.gov/sites/g/files/ehbemt471/files/documents/2021-09/20160050.pdf,,2016-11-14,,2016,"Circuit Court (Introcaso, J.)",circuit_court,Introcaso,family/domestic,standard,,per_curiam,Per Curiam,0,0,0,3,N/A,False,False,False,"['family_law', 'DWI', 'tax']","['RSA 461-A:11', 'RSA 461', 'RSA 461-A:11, I', 'RSA 461-A:6', 'RSA 461-A:6, I']",RSA 461-A:11,False,['de_novo'],,1363,case_order,1.0.0,2026-07-16T02:07:09.673459,0.8
2016-0071,2016-0071,['2016-0071'],,,,State of New Hampshire v. Michael Moraros,https://www.courts.nh.gov/sites/g/files/ehbemt471/files/documents/2021-09/20160071.pdf,,2016-11-14,,2016,,,,criminal,standard,affirmed,per_curiam,Per Curiam,3,0,0,0,3-0,True,False,False,['criminal'],"['RSA 631:2', 'RSA 631:2-a']",RSA 631:2,False,[],,1197,case_order,1.0.0,2026-07-16T02:07:10.168379,0.8
2016-0277,2016-0277,['2016-0277'],,,,Cecil Curran v. Aaron Puyana,https://www.courts.nh.gov/sites/g/files/ehbemt471/files/documents/2021-09/20160277.pdf,,2016-11-10,,2016,"Circuit Court (Spath, J.)",circuit_court,Spath,civil,standard,dismissed,per_curiam,Per Curiam,3,0,0,0,3-0,True,False,False,"['civil_procedure', 'contract']","['RSA 510:4', 'RSA 510:4, II', 'RSA 510:4, V']",RSA 510:4,False,['de_novo'],,717,case_order,1.0.0,2026-07-16T02:07:10.754580,0.8
2015-0717,2015-0717,['2015-0717'],,,,In re Alice Stedman 1989 Trust 2013 Restatement,https://www.courts.nh.gov/sites/g/files/ehbemt471/files/documents/2021-09/20150717.pdf,,2016-11-10,,2016,"Circuit Court (Cassavechia, J.)",circuit_court,Cassavechia,civil,standard,,per_curiam,Per Curiam,0,0,0,3,N/A,False,False,False,"['evidence', 'tax']",['RSA 567'],RSA 567,False,['substantial_evidence'],,1422,case_order,1.0.0,2026-07-16T02:07:12.994188,0.8
2015-0286,2015-0286,['2015-0286'],,,,Michael Pearson & a. v. David Herrick & a.,https://www.courts.nh.gov/sites/g/files/ehbemt471/files/documents/2021-09/20150286.pdf,,2016-11-09,,2016,"Superior Court (Smukler, J.)",superior_court,Smukler,civil,standard,vacated,per_curiam,Per Curiam,2,0,0,1,2-0,True,False,False,"['civil_procedure', 'property', 'contract', 'tort']","['RSA 540-A', 'RSA 358-A']",RSA 540-A,False,[],,1362,case_order,1.0.0,2026-07-16T02:07:13.397575,0.8
2016-0285,2016-0285,['2016-0285'],,,,Hannah Jones v. Kevin Moul,https://www.courts.nh.gov/sites/g/files/ehbemt471/files/documents/2021-09/20160285.pdf,,2016-10-17,,2016,Circuit Court,circuit_court,Chabot,family/domestic,standard,affirmed,per_curiam,Per Curiam,3,0,0,0,3-0,True,False,False,"['criminal', 'employment', 'domestic_violence']","['RSA 173-B:5, I', 'RSA 173-B', 'RSA 173-B:1', 'RSA 632-A:2', 'RSA 632-A:5', 'RSA 173-B:1, I', 'RSA 644:4', 'RSA 632-A:2, I']","RSA 173-B:5, I",False,[],,1094,case_order,1.0.0,2026-07-16T02:07:13.687784,0.8
2016-0095,2016-0095,['2016-0095'],,,,In the Matter of Shawn Pelletier and Shawna Pelletier,https://www.courts.nh.gov/sites/g/files/ehbemt471/files/documents/2021-09/20160095.pdf,,2016-10-17,,2016,"Circuit Court (Lemire, J.)",circuit_court,Lemire,family/domestic,standard,affirmed,per_curiam,Per Curiam,3,0,0,0,3-0,True,False,False,"['insurance', 'family_law', 'property', 'employment']","['RSA 458:19, I', 'RSA 458:16-a, II']","RSA 458:19, I",False,[],,1207,case_order,1.0.0,2026-07-16T02:07:14.116124,0.8
2015-0556,2015-0556,['2015-0556'],,,,State of New Hampshire v. Craig Michael Massua,https://www.courts.nh.gov/sites/g/files/ehbemt471/files/documents/2021-09/20150556.pdf,,2016-10-17,,2016,"Superior Court (Ignatius, J.)",superior_court,Ignatius,criminal,standard,,per_curiam,Per Curiam,0,0,0,3,N/A,False,False,False,['criminal'],['RSA 318-B:2'],RSA 318-B:2,False,"['de_novo', 'clear_error']",,1402,case_order,1.0.0,2026-07-16T02:07:14.633044,0.8
2016-0161,2016-0161,['2016-0161'],,,,State of New Hampshire v. Matthew Guilmette,https://www.courts.nh.gov/sites/g/files/ehbemt471/files/documents/2021-09/20160161.pdf,,2016-10-17,,2016,"Superior Court (Wageling, J.)",superior_court,Wageling,criminal,standard,affirmed,per_curiam,Per Curiam,3,0,0,0,3-0,True,False,False,"['criminal', 'constitutional', 'property']","['RSA 631:2, I', 'RSA 631:2-a', 'RSA 634:2, I', 'RSA 631:4, I']","RSA 631:2, I",False,[],,1203,case_order,1.0.0,2026-07-16T02:07:15.235848,0.8
2016-0030,2016-0030,['2016-0030'],,,,"J. Albert Lynch, Trustee of FIN-LYN Trust v. Town of Pelham",https://www.courts.nh.gov/sites/g/files/ehbemt471/files/documents/2021-09/20160030.pdf,,2016-10-17,,2016,"Superior Court (Ignatius, J.)",superior_court,Ignatius,civil,standard,affirmed,per_curiam,Per Curiam,3,0,0,0,3-0,True,False,False,"['property', 'contract']",[],,False,[],,1210,case_order,1.0.0,2026-07-16T02:07:15.474413,0.8
2015-0690,2015-0690,['2015-0690'],,,,State of New Hampshire v. Joshua Dube,https://www.courts.nh.gov/sites/g/files/ehbemt471/files/documents/2021-09/20150690.pdf,,2016-10-14,,2016,"Superior Court (Bornstein, J.)",superior_court,Bornstein,criminal,standard,affirmed,per_curiam,Per Curiam,3,0,0,0,3-0,True,False,False,['criminal'],"['RSA 632-A:2, I']","RSA 632-A:2, I",False,[],,197,case_order,1.0.0,2026-07-16T02:07:18.689697,0.8
2016-0146,2016-0146,['2016-0146'],,,,Professional Fire Fighters of New Hampshire & a. v. State of New Hampshire & a.,https://www.courts.nh.gov/sites/g/files/ehbemt471/files/documents/2021-09/20160146.pdf,,2016-10-13,,2016,Superior Court,superior_court,Abramson,civil,standard,dismissed,per_curiam,Per Curiam,3,0,0,0,3-0,True,False,False,"['civil_procedure', 'statutory_interpretation', 'contract']","['RSA 100-A', 'RSA 100-A, i', 'RSA 100']",RSA 100-A,True,[],,619,case_order,1.0.0,2026-07-16T02:07:18.905995,0.8
2015-0280,2015-0280,['2015-0280'],,,,Melanie Phelps v. Bhavnesh Kaushik,https://www.courts.nh.gov/sites/g/files/ehbemt471/files/documents/2021-09/20150280.pdf,,2016-10-12,,2016,"Circuit Court (Tenney, J.)",circuit_court,Tenney,civil,standard,,per_curiam,Per Curiam,0,0,0,3,N/A,False,False,False,"['property', 'contract', 'evidence']","['RSA 540-A:3, I', 'RSA 540-A:4, IX', 'RSA 358-A:10, I', 'RSA 358-A:10', 'RSA 540:13, III', 'RSA 540:13-a', 'RSA 540:13-d', 'RSA 540-A', 'RSA 540-A:3', 'RSA 358-A', 'RSA 358-A:2']","RSA 540-A:3, I",False,['plain_error'],,1495,case_order,1.0.0,2026-07-16T02:07:19.281367,0.8
2016-0119,2016-0119,['2016-0119'],,,,In the Matter of Sumner Chabot and Brittney Ober,https://www.courts.nh.gov/sites/g/files/ehbemt471/files/documents/2021-09/20160119.pdf,,2016-10-12,,2016,"Circuit Court (Cross, R.; Lawrence, J.), in his parenting",circuit_court,"Cross, R.; Lawrence",family/domestic,standard,,per_curiam,Per Curiam,0,0,0,3,N/A,False,False,False,"['insurance', 'family_law', 'constitutional']","['RSA 461-A:6, I', 'RSA 461-A:6, VII', 'RSA 458-D:2-', 'RSA 461-A:12']","RSA 461-A:6, I",False,[],,1498,case_order,1.0.0,2026-07-16T02:07:19.719543,0.8
2016-0036,2016-0036,['2016-0036'],,,,Exeter Farms Homeowners Association & a. v. Town of Exeter,https://www.courts.nh.gov/sites/g/files/ehbemt471/files/documents/2021-09/20160036.pdf,,2016-09-30,,2016,"Superior Court (Schulman, J.)",superior_court,Schulman,criminal,standard,,per_curiam,Per Curiam,0,0,0,3,N/A,False,False,False,"['criminal', 'administrative_law', 'property', 'employment']","['RSA 677:6', 'RSA 675:15', 'RSA 676:17-a', 'RSA 676:17-b', 'RSA 677:2']",RSA 677:6,False,['de_novo'],,1311,case_order,1.0.0,2026-07-16T02:07:20.275994,0.8
2016-0142,2016-0142,['2016-0142'],,,,James Stile v. New Hampshire Attorney General's Office,https://www.courts.nh.gov/sites/g/files/ehbemt471/files/documents/2021-09/20160142.pdf,,2016-09-30,,2016,Superior Court,superior_court,McNamara,civil,standard,affirmed,per_curiam,Per Curiam,3,0,0,0,3-0,True,False,False,"['statutory_interpretation', 'constitutional']","['RSA 623-B:2, IV', 'RSA 623-B:3, III', 'RSA 499:18-b', 'RSA 623-B:3', 'RSA 623-B:3, I']","RSA 623-B:2, IV",True,[],,678,case_order,1.0.0,2026-07-16T02:07:20.850802,0.8
2016-0190,2016-0190,['2016-0190'],,,,Virginia Eaton v. Paul Sargent,https://www.courts.nh.gov/sites/g/files/ehbemt471/files/documents/2021-09/20160190.pdf,,2016-09-29,,2016,"Circuit Court (DeVries, J.)",circuit_court,DeVries,family/domestic,standard,reversed,per_curiam,Per Curiam,3,0,0,0,3-0,True,False,False,"['criminal', 'property', 'employment', 'domestic_violence']","['RSA 633:3-a, I', 'RSA 633:3-a, II', 'RSA 633:3-']","RSA 633:3-a, I",False,[],,1173,case_order,1.0.0,2026-07-16T02:07:21.207859,0.8
2016-0158,2016-0158,['2016-0158'],,,,Ken Henderson & a. v. Jenny DeCilla,https://www.courts.nh.gov/sites/g/files/ehbemt471/files/documents/2021-09/20160158.pdf,,2016-09-29,,2016,,administrative,,civil,standard,vacated,per_curiam,Per Curiam,0,0,0,3,N/A,False,False,False,['property'],"['RSA 540:2', 'RSA 540:1-a, I', 'RSA 540:2, I', 'RSA 540:13, III', 'RSA 540-A']",RSA 540:2,False,"['de_novo', 'plain_error']",,793,case_order,1.0.0,2026-07-16T02:07:22.991552,0.8
2016-0220,2016-0220,['2016-0220'],,,,John Cucchi v. Town of Harrisville,https://www.courts.nh.gov/sites/g/files/ehbemt471/files/documents/2021-09/20160220.pdf,,2016-09-29,,2016,,,,civil,standard,affirmed,per_curiam,Per Curiam,2,0,0,1,2-0,True,False,False,"['statutory_interpretation', 'property']","['RSA 674:33', 'RSA 676:3', 'RSA 677:4', 'RSA 677:3, II', 'RSA 677:6']",RSA 674:33,True,[],,685,case_order,1.0.0,2026-07-16T02:07:24.141956,0.8
2015-0460,2015-0460,['2015-0460'],,,,In the Matter of Tracy Waite and Richard Waite,https://www.courts.nh.gov/sites/g/files/ehbemt471/files/documents/2021-09/20150460.pdf,,2016-09-29,,2016,"Circuit Court (Forrest, J.)",circuit_court,Forrest,family/domestic,standard,dismissed,per_curiam,Per Curiam,3,0,0,0,3-0,True,False,False,"['criminal', 'family_law', 'property']",[],,False,[],,1116,case_order,1.0.0,2026-07-16T02:07:24.358210,0.8
2016-0031,2016-0031,['2016-0031'],,,,"Bellevue Properties, Inc. v. Town of Conway & a.",https://www.courts.nh.gov/sites/g/files/ehbemt471/files/documents/2021-09/20160031.pdf,,2016-09-27,,2016,,,,civil,standard,affirmed,per_curiam,Per Curiam,0,0,0,3,N/A,False,False,False,['property'],"['RSA 676:4, I']","RSA 676:4, I",False,[],,1451,case_order,1.0.0,2026-07-16T02:07:24.920850,0.8
2014-0477,2014-0477,['2014-0477'],,,,State of New Hampshire v. Seth Skillin,https://www.courts.nh.gov/sites/g/files/ehbemt471/files/documents/2021-09/20140477.pdf,,2016-09-19,,2016,"Superior Court (Delker, J.)",superior_court,Delker,criminal,standard,affirmed,per_curiam,Per Curiam,3,0,0,0,3-0,True,False,False,['criminal'],"['RSA 631:4, I', 'RSA 159:3, I']","RSA 631:4, I",False,[],,678,case_order,1.0.0,2026-07-16T02:07:25.029955,0.8
2015-0728,2015-0728,['2015-0728'],,,,Gregory W. Dawson v. Julia F. Cormier,https://www.courts.nh.gov/sites/g/files/ehbemt471/files/documents/2021-09/20150728.pdf,,2016-09-19,,2016,Superior Court,superior_court,Wageling,civil,standard,affirmed,per_curiam,Per Curiam,3,0,0,0,3-0,True,False,False,"['insurance', 'statutory_interpretation', 'property', 'contract', 'tax']","['RSA 547-C', 'RSA 547-C:29', 'RSA 547-C:30']",RSA 547-C,True,[],,1008,case_order,1.0.0,2026-07-16T02:07:27.822858,0.8
2015-0586,2015-0586,['2015-0586'],,,,In the Matter of Diane Malinick and John Malinick,https://www.courts.nh.gov/sites/g/files/ehbemt471/files/documents/2021-09/20150586.pdf,,2016-09-19,,2016,"Circuit Court (Patten, J.)",circuit_court,Patten,family/domestic,standard,affirmed,per_curiam,Per Curiam,3,0,0,0,3-0,True,False,False,"['family_law', 'property']","['RSA 458:16-a, II', 'RSA 458:16-a, IV']","RSA 458:16-a, II",False,[],,1368,case_order,1.0.0,2026-07-16T02:07:28.270030,0.8
2016-0035,2016-0035,['2016-0035'],,,,"Vatche Manoukian v. PennyMac Loan Services, LLC",https://www.courts.nh.gov/sites/g/files/ehbemt471/files/documents/2021-09/20160035.pdf,,2016-09-19,,2016,Superior Court,superior_court,Garfunkel,civil,standard,affirmed,per_curiam,Per Curiam,2,0,0,1,2-0,True,False,False,[],[],,False,[],,580,case_order,1.0.0,2026-07-16T02:07:28.833017,0.8
2015-0488,2015-0488,['2015-0488'],,,,State of New Hampshire v. Wilfred Bergeron,https://www.courts.nh.gov/sites/g/files/ehbemt471/files/documents/2021-09/20150488.pdf,,2016-09-16,,2016,"Superior Court (Brown, J.)",superior_court,Brown,family/domestic,standard,,per_curiam,Per Curiam,0,0,0,3,N/A,False,False,False,"['family_law', 'constitutional']",['RSA 649-A:3'],RSA 649-A:3,False,['clear_error'],,1388,case_order,1.0.0,2026-07-16T02:07:31.366108,0.8
2016-0054,2016-0054,['2016-0054'],,,,"Kulick's, Inc. v. Town of Winchester",https://www.courts.nh.gov/sites/g/files/ehbemt471/files/documents/2021-09/20160054.pdf,,2016-09-16,,2016,,,,civil,standard,,per_curiam,Per Curiam,0,0,0,3,N/A,False,False,False,"['administrative_law', 'property']","['RSA 677:6', 'RSA 676:4-b', 'RSA 677:15', 'RSA 677:15, II', 'RSA 674:33, IV']",RSA 677:6,False,[],,1388,case_order,1.0.0,2026-07-16T02:07:31.926700,0.8
2015-0623,2015-0623,['2015-0623'],,,,State of New Hampshire v. Lucinda Brownlee,https://www.courts.nh.gov/sites/g/files/ehbemt471/files/documents/2021-09/20150623.pdf,,2016-09-16,,2016,"Superior Court (Brown, J.)",superior_court,Brown,criminal,standard,affirmed,per_curiam,Per Curiam,3,0,0,0,3-0,True,False,False,"['criminal', 'constitutional', 'DWI']",['RSA 265-A:37'],RSA 265-A:37,False,"['de_novo', 'clear_error']",,1091,case_order,1.0.0,2026-07-16T02:07:33.903656,0.8
2016-0069,2016-0069,['2016-0069'],,,,"UniFirst Corporation v. Daniel C. Cloutier, Jr. d/b/a Check Engine Services",https://www.courts.nh.gov/sites/g/files/ehbemt471/files/documents/2021-09/20160069.pdf,,2016-09-15,,2016,"Superior Court (Colburn, J.)",superior_court,Colburn,civil,standard,affirmed,per_curiam,Per Curiam,3,0,0,0,3-0,True,False,False,"['statutory_interpretation', 'constitutional', 'contract']",[],,True,[],,824,case_order,1.0.0,2026-07-16T02:07:34.159474,0.8
2016-0217,2016-0217,['2016-0217'],,,,Sanjeev Lath v. Scott Sample,https://www.courts.nh.gov/sites/g/files/ehbemt471/files/documents/2021-09/20160217.pdf,,2016-09-15,,2016,Circuit Court,circuit_court,"Kent,
R., approved by Lyons",civil,standard,affirmed,per_curiam,Per Curiam,3,0,0,0,3-0,True,False,False,['administrative_law'],"['RSA 275:42, VI', 'RSA 275:43-b']","RSA 275:42, VI",False,[],,435,case_order,1.0.0,2026-07-16T02:07:34.371837,0.8
2016-0129,2016-0129,['2016-0129'],,,,State of New Hampshire v. Michael Martin,https://www.courts.nh.gov/sites/g/files/ehbemt471/files/documents/2021-09/20160129.pdf,,2016-09-15,,2016,Circuit Court,circuit_court,Ashley,civil,standard,affirmed,per_curiam,Per Curiam,3,0,0,0,3-0,True,False,False,"['statutory_interpretation', 'constitutional', 'property', 'evidence']","['RSA 265:60', 'RSA 261:176']",RSA 265:60,True,[],,424,case_order,1.0.0,2026-07-16T02:07:34.632490,0.8
2015-0666,2015-0666,['2015-0666'],,,,In the Matter of Gwenn Ferdinando and Bryan Ferdinando,https://www.courts.nh.gov/sites/g/files/ehbemt471/files/documents/2021-09/20150666.pdf,,2016-08-24,,2016,"Circuit Court (Foley, J.)",circuit_court,Foley,family/domestic,standard,affirmed,per_curiam,Per Curiam,2,0,0,1,2-0,True,False,False,"['insurance', 'family_law', 'property', 'employment', 'tax']","['RSA 458:19, I', 'RSA 458:19, IV', 'RSA 458:16-a, II']","RSA 458:19, I",False,['de_novo'],,1301,case_order,1.0.0,2026-07-16T02:07:34.958706,0.8
2015-0655,2015-0655,['2015-0655'],,,,Soren Pfeffer & a. v. Douglas Brackett,https://www.courts.nh.gov/sites/g/files/ehbemt471/files/documents/2021-09/20150655.pdf,,2016-08-24,,2016,Circuit Court,circuit_court,Kelly,civil,standard,vacated,per_curiam,Per Curiam,3,0,0,0,3-0,True,False,False,"['property', 'contract', 'evidence']",['RSA 540:17'],RSA 540:17,False,"['de_novo', 'plain_error']",,885,case_order,1.0.0,2026-07-16T02:07:35.310329,0.8
2015-0716,2015-0716,"['2015-0716', '2014-0263']",,,,Vanessa Vanderhoek v. Aylward Motors,https://www.courts.nh.gov/sites/g/files/ehbemt471/files/documents/2021-09/20150716.pdf,,2016-08-24,,2016,Circuit Court,circuit_court,Ashley,civil,standard,affirmed,per_curiam,Per Curiam,3,0,0,0,3-0,True,False,False,['contract'],[],,False,[],,777,case_order,1.0.0,2026-07-16T02:07:35.720939,0.8
2015-0558,2015-0558,['2015-0558'],,,,State of New Hampshire v. Michael Cenat,https://www.courts.nh.gov/sites/g/files/ehbemt471/files/documents/2021-09/20150558.pdf,,2016-08-24,,2016,Superior Court,superior_court,Brown,civil,standard,affirmed,per_curiam,Per Curiam,3,0,0,0,3-0,True,False,False,"['constitutional', 'tort']",['RSA 636:1'],RSA 636:1,False,[],,920,case_order,1.0.0,2026-07-16T02:07:36.194865,0.8
2015-0698,2015-0698,['2015-0698'],,,,Gregory Gould & a. v. Northern Human Services & a.,https://www.courts.nh.gov/sites/g/files/ehbemt471/files/documents/2021-09/20150698.pdf,,2016-08-22,,2016,"Superior Court (Temple, J.)",superior_court,Temple,civil,standard,dismissed,per_curiam,Per Curiam,3,0,0,0,3-0,True,False,False,"['administrative_law', 'civil_procedure', 'statutory_interpretation', 'contract', 'tort', 'evidence']","['RSA 508:4', 'RSA 508:4, II', 'RSA 508:4, I']",RSA 508:4,True,[],,1056,case_order,1.0.0,2026-07-16T02:07:36.725769,0.8
2016-0202,2016-0202,['2016-0202'],,,,State of New Hampshire v. Michael Moraros,https://www.courts.nh.gov/sites/g/files/ehbemt471/files/documents/2021-09/20160202.pdf,,2016-08-22,,2016,Superior Court,superior_court,O’Neill,criminal,standard,affirmed,per_curiam,Per Curiam,3,0,0,0,3-0,True,False,False,['criminal'],"['RSA 631:2', 'RSA 631:2-a', 'RSA 597:1-a, V', 'RSA 597:1-a, III']",RSA 631:2,False,[],,1025,case_order,1.0.0,2026-07-16T02:07:37.312913,0.8
2015-0521,2015-0521,['2015-0521'],,,,State of New Hampshire v. Nancy Watkins,https://www.courts.nh.gov/sites/g/files/ehbemt471/files/documents/2021-09/20150521.pdf,,2016-08-22,,2016,"Circuit Court (Gardner, J.)",circuit_court,Gardner,criminal,standard,affirmed,per_curiam,Per Curiam,3,0,0,0,3-0,True,False,False,"['criminal', 'DWI']","['RSA 265-A:2', 'RSA 265-A:2, I', 'RSA 265-A:10', 'RSA 265-A:4']",RSA 265-A:2,False,[],,773,case_order,1.0.0,2026-07-16T02:07:37.450309,0.8
2015-0718,2015-0718,['2015-0718'],,,,Robin Katz v. David Warren & a.,https://www.courts.nh.gov/sites/g/files/ehbemt471/files/documents/2021-09/20150718.pdf,,2016-08-22,,2016,"Circuit Court (Crocker, J.)",circuit_court,Crocker,civil,standard,vacated,per_curiam,Per Curiam,0,0,0,3,N/A,False,False,False,"['statutory_interpretation', 'property', 'contract', 'evidence']","['RSA 503:2-a', 'RSA 503:2', 'RSA 503:7', 'RSA 503:2-a, I', 'RSA 503:2-a, III']",RSA 503:2-a,True,[],,1445,case_order,1.0.0,2026-07-16T02:07:40.391847,0.8
2015-0627,2015-0627,['2015-0627'],,,,"Exeter River MHP Cooperative, Inc. v. Catherine Brown & a.",https://www.courts.nh.gov/sites/g/files/ehbemt471/files/documents/2021-09/20150627.pdf,,2016-08-22,,2016,Circuit Court,circuit_court,LeFrancois,civil,standard,,per_curiam,Per Curiam,0,0,0,3,N/A,False,False,False,"['statutory_interpretation', 'evidence']","['RSA 205-A:3', 'RSA 540:5', 'RSA 540:13-d', 'RSA 48-A', 'RSA 540:13-d, I']",RSA 205-A:3,True,['plain_error'],,763,case_order,1.0.0,2026-07-16T02:07:40.559178,0.8
2016-0066,2016-0066,['2016-0066'],,,,Tamim Shansab & a. v. Town of Piermont,https://www.courts.nh.gov/sites/g/files/ehbemt471/files/documents/2021-09/20160066.pdf,,2016-08-22,,2016,"Superior Court (MacLeod, J.)",superior_court,MacLeod,civil,standard,dismissed,per_curiam,Per Curiam,3,0,0,0,3-0,True,False,False,[],[],,False,[],,935,case_order,1.0.0,2026-07-16T02:07:41.134096,0.8
2015-0398,2015-0398,"['2015-0398', '2015-0533']",,,,"Juliet Ermitano v. Jennifer Brigham, and 2015-0533, Jennifer Brigham v. Juliet Ermitano",https://www.courts.nh.gov/sites/g/files/ehbemt471/files/documents/2021-09/20150398.pdf,,2016-08-22,,2016,"Circuit Court (Barry, J.)",circuit_court,Barry,civil,standard,affirmed,per_curiam,Per Curiam,0,0,0,3,N/A,False,False,False,"['statutory_interpretation', 'property']","['RSA 540:2, II', 'RSA 540-A', 'RSA 540:13, III']","RSA 540:2, II",True,[],,354,case_order,1.0.0,2026-07-16T02:07:41.416288,0.8
2015-0702,2015-0702,['2015-0702'],,,,Zen Williams v. Tanya Krajcik,https://www.courts.nh.gov/sites/g/files/ehbemt471/files/documents/2021-09/20150702.pdf,,2016-08-22,,2016,,,,civil,standard,vacated,per_curiam,Per Curiam,3,0,0,0,3-0,True,False,False,"['civil_procedure', 'contract']",['RSA 508:4'],RSA 508:4,False,['de_novo'],,667,case_order,1.0.0,2026-07-16T02:07:45.238285,0.8
2015-0539,2015-0539,['2015-0539'],,,,State of New Hampshire v. Michael Messina,https://www.courts.nh.gov/sites/g/files/ehbemt471/files/documents/2021-09/20150539.pdf,,2016-08-22,,2016,"Superior Court (Brown, J.)",superior_court,Brown,family/domestic,standard,,per_curiam,Per Curiam,0,0,0,3,N/A,False,False,False,"['criminal', 'family_law', 'property', 'evidence']","['RSA 645:2', 'RSA 318-B:16', 'RSA 639:3', 'RSA 633:4']",RSA 645:2,False,[],,1411,case_order,1.0.0,2026-07-16T02:07:45.698583,0.8
2016-0052,2016-0052,['2016-0052'],,,,In the Matter of Tina Robinton and Stephen Robinton,https://www.courts.nh.gov/sites/g/files/ehbemt471/files/documents/2021-09/20160052.pdf,,2016-08-22,,2016,"Circuit Court (Leonard, J.)",circuit_court,Leonard,family/domestic,standard,affirmed,per_curiam,Per Curiam,3,0,0,0,3-0,True,False,False,"['family_law', 'statutory_interpretation', 'property', 'tax']",['RSA 458:16'],RSA 458:16,True,[],,440,case_order,1.0.0,2026-07-16T02:07:46.255592,0.8
2015-0054,2015-0054,['2015-0054'],,,,State of New Hampshire v. Nickolas Micucci,https://www.courts.nh.gov/sites/g/files/ehbemt471/files/documents/2021-09/20150054.pdf,,2016-08-22,,2016,"Superior Court (Smukler, J.)",superior_court,Smukler,criminal,standard,,per_curiam,Per Curiam,0,0,0,3,N/A,False,False,False,"['criminal', 'evidence']",['RSA 631:2'],RSA 631:2,False,[],,1389,case_order,1.0.0,2026-07-16T02:07:48.068948,0.8
2015-0682,2015-0682,['2015-0682'],,,,"Clearview Software International, Inc. v. Paul R. Kfoury, Sr., Esq.",https://www.courts.nh.gov/sites/g/files/ehbemt471/files/documents/2021-09/20150682.pdf,,2016-08-18,,2016,"Superior Court (Nicolosi, J.)",superior_court,Nicolosi,civil,standard,,per_curiam,Per Curiam,0,0,0,3,N/A,False,False,False,"['insurance', 'civil_procedure', 'statutory_interpretation', 'contract', 'tort']","['RSA 491:8-a, II', 'RSA 491:8-a, III', 'RSA 491:8-a']","RSA 491:8-a, II",True,['de_novo'],,1397,case_order,1.0.0,2026-07-16T02:07:48.619502,0.8
2014-0536,2014-0536,['2014-0536'],,,,"Bellevue Properties, Inc. v. Settlers’ Tennis, Inc. & a.",https://www.courts.nh.gov/sites/g/files/ehbemt471/files/documents/2021-09/20140536.pdf,,2016-07-26,,2016,Superior Court,superior_court,Smukler,civil,standard,,per_curiam,Per Curiam,0,0,0,3,N/A,False,False,False,"['civil_procedure', 'property', 'contract']",[],,False,[],,1246,case_order,1.0.0,2026-07-16T02:07:49.507252,0.8
2014-0693,2014-0693,['2014-0693'],,,,State of New Hampshire v. Craig W. Carter,https://www.courts.nh.gov/sites/g/files/ehbemt471/files/documents/2021-09/20140693_0.pdf,,2016-07-12,,2016,"Superior Court (Temple, J.)",superior_court,Temple,family/domestic,standard,affirmed,per_curiam,Per Curiam,3,0,0,0,3-0,True,False,False,"['criminal', 'family_law', 'constitutional']","['RSA 318-B:2', 'RSA 318-B:17', 'RSA 318-E']",RSA 318-B:2,False,[],,903,case_order,1.0.0,2026-07-16T02:07:51.882473,0.8
20150633,20150633,"['2015-0633', '2016-0061']",,,,James Nixon v. Brian Beauvais & a.,https://www.courts.nh.gov/sites/g/files/ehbemt471/files/documents/2021-09/20150633.pdf,,2016-07-12,,2016,"Circuit Court (Quigley, J.)",circuit_court,Quigley,civil,standard,affirmed,per_curiam,Per Curiam,3,0,0,0,3-0,True,False,False,['contract'],[],,False,[],,353,case_order,1.0.0,2026-07-16T02:07:52.044366,0.8
2015-0472,2015-0472,['2015-0472'],,,,In the Matter of Kara Golden and Michael Golden,https://www.courts.nh.gov/sites/g/files/ehbemt471/files/documents/2021-09/20150742.pdf,,2016-07-12,,2016,Circuit Court,circuit_court,"DalPra, M., approved by Introcaso",family/domestic,standard,affirmed,per_curiam,Per Curiam,3,0,0,0,3-0,True,False,False,"['family_law', 'property']","['RSA 458:16-a', 'RSA 458:16-a, IV']",RSA 458:16-a,False,[],,497,case_order,1.0.0,2026-07-16T02:07:52.444701,0.8
2016-0055,2016-0055,['2016-0055'],,,,Scott Howe v. City of Nashua & a.,https://www.courts.nh.gov/sites/g/files/ehbemt471/files/documents/2021-09/20160055.pdf,,2016-07-08,,2016,,,,civil,standard,dismissed,per_curiam,Per Curiam,0,0,0,3,N/A,False,False,False,"['administrative_law', 'civil_procedure', 'statutory_interpretation', 'constitutional', 'property', 'employment']","['RSA 105-C:4', 'RSA 41:48']",RSA 105-C:4,True,['de_novo'],,1424,case_order,1.0.0,2026-07-16T02:07:52.922030,0.8
2014-0729,2014-0729,['2014-0729'],,,,"Brentwood Distribution, LLC v. Town of Exeter",https://www.courts.nh.gov/sites/g/files/ehbemt471/files/documents/2021-09/20140729.pdf,,2016-07-07,,2016,Superior Court,superior_court,Delker,civil,standard,,per_curiam,Per Curiam,0,0,0,3,N/A,False,False,False,"['administrative_law', 'civil_procedure', 'contract', 'tort']","['RSA 231:191', 'RSA 231:191, I', 'RSA 231:191, V']",RSA 231:191,False,[],,1367,case_order,1.0.0,2026-07-16T02:07:53.481126,0.8
2016-0017,2016-0017,['2016-0017'],,,,"Vi B. McNeill v. Nancy W. Barrett, Trustee of the Nancy W. Barrett Revocable Trust",https://www.courts.nh.gov/sites/g/files/ehbemt471/files/documents/2021-09/20160017.pdf,,2016-07-07,,2016,Superior Court,superior_court,Fauver,civil,standard,affirmed,per_curiam,Per Curiam,3,0,0,0,3-0,True,False,False,"['statutory_interpretation', 'property', 'contract']",[],,True,['de_novo'],,1408,case_order,1.0.0,2026-07-16T02:07:54.079327,0.8
2015-0522,2015-0522,['2015-0522'],,,,State of New Hampshire v. Stephen O’Neill,https://www.courts.nh.gov/sites/g/files/ehbemt471/files/documents/2021-09/20150522.pdf,,2016-06-24,,2016,"Superior Court (Brown, J.)",superior_court,Brown,criminal,standard,affirmed,per_curiam,Per Curiam,3,0,0,0,3-0,True,False,False,['criminal'],"['RSA 641:6', 'RSA 641:6, I']",RSA 641:6,False,['plain_error'],,1197,case_order,1.0.0,2026-07-16T02:07:54.707006,0.8
2015-0611,2015-0611,['2015-0611'],,,,"11 New Zealand Road, LLC v. Town of Seabrook",https://www.courts.nh.gov/sites/g/files/ehbemt471/files/documents/2021-09/20150611.pdf,,2016-06-24,,2016,"Superior Court (Delker, J.)",superior_court,Delker,civil,standard,affirmed,per_curiam,Per Curiam,2,0,0,1,2-0,True,False,False,['property'],[],,False,[],,1100,case_order,1.0.0,2026-07-16T02:07:55.152901,0.8
2015-0571,2015-0571,['2015-0571'],,,,Doris Nelkens v. Daniel Kurz & a.,https://www.courts.nh.gov/sites/g/files/ehbemt471/files/documents/2021-09/20150571.pdf,,2016-06-24,,2016,Superior Court,superior_court,Kissinger,civil,standard,affirmed,per_curiam,Per Curiam,3,0,0,0,3-0,True,False,False,"['tort', 'tax']",[],,False,[],,257,case_order,1.0.0,2026-07-16T02:07:55.232237,0.8
2015-0668,2015-0668,['2015-0668'],,,,Regent Park Associates v. Caleb Baird & a.,https://www.courts.nh.gov/sites/g/files/ehbemt471/files/documents/2021-09/20150668.pdf,,2016-06-23,,2016,"Circuit Court (Moore, J.)",circuit_court,Moore,civil,standard,affirmed,per_curiam,Per Curiam,2,0,0,1,2-0,True,False,False,"['statutory_interpretation', 'constitutional', 'property']","['RSA 540:13', 'RSA 540:13, I', 'RSA 540:3', 'RSA 540:5, I']",RSA 540:13,True,['clear_error'],,796,case_order,1.0.0,2026-07-16T02:07:55.356559,0.8
2015-0727,2015-0727,['2015-0727'],,,,"Nicole Gulleson v. Hector Cote, Jr.",https://www.courts.nh.gov/sites/g/files/ehbemt471/files/documents/2021-09/20150727.pdf,,2016-06-23,,2016,Circuit Court,circuit_court,"Cyr, R., approved by Kelly",family/domestic,standard,vacated,per_curiam,Per Curiam,3,0,0,0,3-0,True,False,False,"['criminal', 'statutory_interpretation', 'domestic_violence']","['RSA 173-B:5', 'RSA 173-B', 'RSA 173-B:5, I', 'RSA 173-B:1', 'RSA 633:1', 'RSA 633:3-a', 'RSA 635:1', 'RSA 635:2']",RSA 173-B:5,True,[],,687,case_order,1.0.0,2026-07-16T02:07:55.468738,0.8
2015-0709,2015-0709,['2015-0709'],,,,Amanda Russo v. Eric Parsons,https://www.courts.nh.gov/sites/g/files/ehbemt471/files/documents/2021-09/20150709.pdf,,2016-06-23,,2016,"Circuit Court (LeFrancois, J.)",circuit_court,LeFrancois,family/domestic,standard,affirmed,per_curiam,Per Curiam,3,0,0,0,3-0,True,False,False,"['criminal', 'domestic_violence']","['RSA 633:3-a, I', 'RSA 633:3-a, II', 'RSA 173-B']","RSA 633:3-a, I",False,[],,1245,case_order,1.0.0,2026-07-16T02:07:55.625264,0.8
2015-0629,2015-0629,['2015-0629'],,,,"Brittany Place Condominium Association v. F. Lavoie Apartments, Inc.",https://www.courts.nh.gov/sites/g/files/ehbemt471/files/documents/2021-09/20150629.pdf,,2016-06-22,,2016,"Superior Court (Colburn, J.)",superior_court,Colburn,civil,standard,affirmed,per_curiam,Per Curiam,3,0,0,0,3-0,True,False,False,"['statutory_interpretation', 'property']",[],,True,['de_novo'],,1332,case_order,1.0.0,2026-07-16T02:07:55.807909,0.8
20150434,20150434,"['2015-0434', '2015-0516']",,,,Appeal of University System of New Hampshire,https://www.courts.nh.gov/sites/g/files/ehbemt471/files/documents/2021-09/20150434.pdf,,2016-06-22,,2016,,administrative,,civil,standard,remanded,per_curiam,Per Curiam,2,0,0,1,2-0,True,False,False,"['administrative_law', 'constitutional']",['RSA 541:13'],RSA 541:13,False,[],,344,case_order,1.0.0,2026-07-16T02:07:59.563130,0.8
2015-0617,2015-0617,['2015-0617'],,,,In the Matter of Aquil Eaglin and Kelli MacDonald,https://www.courts.nh.gov/sites/g/files/ehbemt471/files/documents/2021-09/20150617.pdf,,2016-06-14,,2016,,,,family/domestic,standard,affirmed,per_curiam,Per Curiam,3,0,0,0,3-0,True,False,False,"['insurance', 'family_law']",[],,False,[],,513,case_order,1.0.0,2026-07-16T02:08:00.264677,0.8
2015-0415,2015-0415,['2015-0415'],,,,Brian J. Goodman v. Wachovia Mortgage,https://www.courts.nh.gov/sites/g/files/ehbemt471/files/documents/2021-09/20150415.pdf,,2016-06-14,,2016,,,,civil,standard,affirmed,per_curiam,Per Curiam,3,0,0,0,3-0,True,False,False,"['civil_procedure', 'property', 'contract']",[],,False,[],,393,case_order,1.0.0,2026-07-16T02:08:00.342571,0.8
2016-0003,2016-0003,['2016-0003'],,,,Olga Edstrom v. Mount Saint Mary's Condominium Association,https://www.courts.nh.gov/sites/g/files/ehbemt471/files/documents/2021-09/20160003.pdf,,2016-06-10,,2016,Superior Court,superior_court,McNamara,civil,standard,affirmed,per_curiam,Per Curiam,3,0,0,0,3-0,True,False,False,"['statutory_interpretation', 'contract', 'tort']",[],,True,[],,500,case_order,1.0.0,2026-07-16T02:08:01.419252,0.8
2015-0424,2015-0424,['2015-0424'],,,,"Brian Goodman v. Wells Fargo Bank, N.A.",https://www.courts.nh.gov/sites/g/files/ehbemt471/files/documents/2021-09/20150424.pdf,,2016-06-10,,2016,,,,civil,standard,dismissed,per_curiam,Per Curiam,3,0,0,0,3-0,True,False,False,"['civil_procedure', 'statutory_interpretation', 'property', 'contract']",[],,True,[],,851,case_order,1.0.0,2026-07-16T02:08:01.571851,0.8
2016-0019,2016-0019,['2016-0019'],,,,"Richard B. Ireland, Jr. v. City of Portsmouth",https://www.courts.nh.gov/sites/g/files/ehbemt471/files/documents/2021-09/20160019.pdf,,2016-06-09,,2016,,,,civil,standard,affirmed,per_curiam,Per Curiam,3,0,0,0,3-0,True,False,False,"['civil_procedure', 'contract']",['RSA 466:21'],RSA 466:21,False,[],,205,case_order,1.0.0,2026-07-16T02:08:02.177546,0.8
2014-0720,2014-0720,['2014-0720'],,,,"Gregg Blackstock v. Executive Assistant, Adult Parole Board & a.",https://www.courts.nh.gov/sites/g/files/ehbemt471/files/documents/2021-09/20140720.pdf,,2016-06-09,,2016,"Superior Court (Wageling, J.)",superior_court,Wageling,criminal,standard,,per_curiam,Per Curiam,0,0,0,3,N/A,False,False,False,"['criminal', 'administrative_law', 'civil_procedure', 'statutory_interpretation', 'constitutional']","['RSA 651:20, I', 'RSA 651-A', 'RSA 651-A:6, II', 'RSA 651-A:6', 'RSA 651:3, III']","RSA 651:20, I",True,['de_novo'],,1360,case_order,1.0.0,2026-07-16T02:08:04.406263,0.8
2015-0443,2015-0443,['2015-0443'],,,,"Monet Credit, LLC v. George J.F. Werner, Esq.",https://www.courts.nh.gov/sites/g/files/ehbemt471/files/documents/2021-09/20150443.pdf,,2016-06-08,,2016,"Superior Court (Nicolosi, J.)",superior_court,Nicolosi,civil,standard,,per_curiam,Per Curiam,0,0,0,3,N/A,False,False,False,"['civil_procedure', 'statutory_interpretation', 'constitutional', 'contract', 'tort', 'evidence']","['RSA 510:4, I']","RSA 510:4, I",True,['de_novo'],,1382,case_order,1.0.0,2026-07-16T02:08:06.920391,0.8
2015-0544,2015-0544,['2015-0544'],,,,"Santander Bank, N.A. v. Lockwood Technology Corporation & a.",https://www.courts.nh.gov/sites/g/files/ehbemt471/files/documents/2021-09/20150544.pdf,,2016-05-31,,2016,"Superior Court (Mangones, J.)",superior_court,Mangones,civil,standard,affirmed,per_curiam,Per Curiam,3,0,0,0,3-0,True,False,False,"['contract', 'DWI']",[],,False,[],,330,case_order,1.0.0,2026-07-16T02:08:07.249713,0.8
2015-0642,2015-0642,['2015-0642'],,,,In the Matter of Donna DeNapoli and Anthony DeNapoli,https://www.courts.nh.gov/sites/g/files/ehbemt471/files/documents/2021-09/20150642.pdf,,2016-05-31,,2016,"Circuit Court (Cross, R., approved by Gordon, J.) in his divorce from the",circuit_court,"Cross, R., approved by Gordon",family/domestic,standard,affirmed,per_curiam,Per Curiam,3,0,0,0,3-0,True,False,False,"['family_law', 'property', 'tort', 'tax']",[],,False,[],,545,case_order,1.0.0,2026-07-16T02:08:07.706346,0.8
2015-0581,2015-0581,['2015-0581'],,,,Robyn Casey v. Deborah Berardino,https://www.courts.nh.gov/sites/g/files/ehbemt471/files/documents/2021-09/20150581.pdf,,2016-05-31,,2016,Circuit Court,circuit_court,Sadler,family/domestic,standard,affirmed,per_curiam,Per Curiam,3,0,0,0,3-0,True,False,False,"['criminal', 'property', 'domestic_violence']","['RSA 633:3-a, III', 'RSA 633:3-a, I', 'RSA 633:3-a, II']","RSA 633:3-a, III",False,[],,826,case_order,1.0.0,2026-07-16T02:08:08.290708,0.8
2015-0663,2015-0663,['2015-0663'],,,,"Norman L. Lesser v. Wells Fargo Bank, N.A.",https://www.courts.nh.gov/sites/g/files/ehbemt471/files/documents/2021-09/20150663.pdf,,2016-05-31,,2016,,,,civil,standard,,per_curiam,Per Curiam,0,0,0,3,N/A,False,False,False,"['civil_procedure', 'property', 'contract']",['RSA 498:2'],RSA 498:2,False,"['de_novo', 'clear_error']",,1428,case_order,1.0.0,2026-07-16T02:08:08.878225,0.8
2015-0509,2015-0509,['2015-0509'],,,,"Ralph V. Furino & a. v. Arthur Hoover, Esq. & a.",https://www.courts.nh.gov/sites/g/files/ehbemt471/files/documents/2021-09/20150509.pdf,,2016-05-26,,2016,"Circuit Court (Weaver, J.)",circuit_court,Weaver,civil,standard,affirmed,per_curiam,Per Curiam,2,0,0,1,2-0,True,False,False,[],[],,False,[],,366,case_order,1.0.0,2026-07-16T02:08:08.979829,0.8
2015-0688,2015-0688,['2015-0688'],,,,Joel Weiner v. Larry Harvey,https://www.courts.nh.gov/sites/g/files/ehbemt471/files/documents/2021-09/20150688.pdf,,2016-05-26,,2016,"Circuit Court (Runyon, J.)",circuit_court,Runyon,civil,standard,vacated,per_curiam,Per Curiam,3,0,0,0,3-0,True,False,False,['statutory_interpretation'],[],,True,[],,417,case_order,1.0.0,2026-07-16T02:08:10.172192,0.8
2015-0279,2015-0279,['2015-0279'],,,,"Brian J. Goodman v. Wells Fargo Bank, N.A., as Trustee",https://www.courts.nh.gov/sites/g/files/ehbemt471/files/documents/2021-09/20150279.pdf,,2016-05-26,,2016,"Superior Court (McNamara, J.)",superior_court,McNamara,civil,standard,dismissed,per_curiam,Per Curiam,3,0,0,0,3-0,True,False,False,"['civil_procedure', 'property', 'contract']","['RSA 479:25, II']","RSA 479:25, II",False,[],,1286,case_order,1.0.0,2026-07-16T02:08:10.572055,0.8
2015-0680,2015-0680,['2015-0680'],,,,Dennis R. Cookish v. Danielle Clark,https://www.courts.nh.gov/sites/g/files/ehbemt471/files/documents/2021-09/20150680.pdf,,2016-05-26,,2016,Superior Court,superior_court,McNamara,civil,standard,vacated,per_curiam,Per Curiam,3,0,0,0,3-0,True,False,False,['constitutional'],"['RSA 524:6-a', 'RSA 499:18-b', 'RSA 623-B:2, IV']",RSA 524:6-a,False,[],,946,case_order,1.0.0,2026-07-16T02:08:11.195909,0.8
2014-0811,2014-0811,['2014-0811'],,,,State of New Hampshire v. Jean Mars,https://www.courts.nh.gov/sites/g/files/ehbemt471/files/documents/2021-09/20140811.pdf,,2016-05-13,,2016,"Superior Court (Nicolosi, J.)",superior_court,Nicolosi,criminal,standard,affirmed,per_curiam,Per Curiam,0,0,0,3,N/A,False,False,False,['criminal'],"['RSA 318-B:2, I', 'RSA 318-B:1, XXX', 'RSA 318-B:2', 'RSA 318', 'RSA 318-B']","RSA 318-B:2, I",False,[],,1478,case_order,1.0.0,2026-07-16T02:08:11.635292,0.8
2015-0557,2015-0557,['2015-0557'],,,,James Alger & a. v. Town of Goffstown & a.,https://www.courts.nh.gov/sites/g/files/ehbemt471/files/documents/2021-09/20150557.pdf,,2016-05-13,,2016,"Superior Court (Nicolosi, J.)",superior_court,Nicolosi,civil,standard,,per_curiam,Per Curiam,0,0,0,3,N/A,False,False,False,"['administrative_law', 'property']","['RSA 674:33, I', 'RSA 677:4', 'RSA 677:6']","RSA 674:33, I",False,['de_novo'],,1483,case_order,1.0.0,2026-07-16T02:08:12.239634,0.8
2015-0618,2015-0618,['2015-0618'],,,,Richard P. Cassidy v. New Hampshire Department of Health and Human Services,https://www.courts.nh.gov/sites/g/files/ehbemt471/files/documents/2021-09/20150618.pdf,,2016-05-12,,2016,,administrative,McNamara,civil,standard,remanded,per_curiam,Per Curiam,3,0,0,0,3-0,True,False,False,"['administrative_law', 'statutory_interpretation', 'property']","['RSA 167:6, VI', 'RSA 541:6', 'RSA 541']","RSA 167:6, VI",True,[],,1483,case_order,1.0.0,2026-07-16T02:08:12.879937,0.8
2015-0382,2015-0382,['2015-0382'],,,,"Hannaford Bros. Co., LLC v. Town of Rindge & a.",https://www.courts.nh.gov/sites/g/files/ehbemt471/files/documents/2021-09/20150382.pdf,,2016-05-12,,2016,"Superior Court (Kissinger, J.)",superior_court,Kissinger,civil,standard,,per_curiam,Per Curiam,0,0,0,3,N/A,False,False,False,"['insurance', 'property']","['RSA 674:44, III', 'RSA 677:15']","RSA 674:44, III",False,[],,1406,case_order,1.0.0,2026-07-16T02:08:13.668362,0.8
2015-0478,2015-0478,['2015-0478'],,,,Mark Skiathitis v. City of Manchester Water Works,https://www.courts.nh.gov/sites/g/files/ehbemt471/files/documents/2021-09/20150478.pdf,,2016-05-12,,2016,"Superior Court (Abramson, J.)",superior_court,Abramson,civil,standard,reversed,per_curiam,Per Curiam,3,0,0,0,3-0,True,False,False,"['property', 'contract', 'tort']",[],,False,[],,831,case_order,1.0.0,2026-07-16T02:08:14.541556,0.8
2015-0542,2015-0542,['2015-0542'],,,,Roy E. Lavallee v. State Farm Mutual Automobile Insurance Company,https://www.courts.nh.gov/sites/g/files/ehbemt471/files/documents/2021-09/20150542.pdf,,2016-05-11,,2016,Superior Court,superior_court,Colburn,civil,standard,,per_curiam,Per Curiam,0,0,0,3,N/A,False,False,False,"['insurance', 'civil_procedure', 'statutory_interpretation', 'contract', 'tort']","['RSA 264:15, I']","RSA 264:15, I",True,['de_novo'],,1330,case_order,1.0.0,2026-07-16T02:08:15.167847,0.8
2015-0540,2015-0540,['2015-0540'],,,,In the Matter of Tonia Kennedy and Joanne Bairos,https://www.courts.nh.gov/sites/g/files/ehbemt471/files/documents/2021-09/20150540.pdf,,2016-05-11,,2016,,,,family/domestic,standard,,per_curiam,Per Curiam,0,0,0,3,N/A,False,False,False,"['family_law', 'statutory_interpretation', 'property', 'tax']","['RSA 458:7, VII', 'RSA 458:7-a', 'RSA 458:16-a, II']","RSA 458:7, VII",True,[],,1475,case_order,1.0.0,2026-07-16T02:08:18.549716,0.8
2015-0545,2015-0545,"['2015-0545', '2014-0413', '2013-0244']",,,,Branch Banking and Trust Company v. Samson Duclair & a.,https://www.courts.nh.gov/sites/g/files/ehbemt471/files/documents/2021-09/20150545.pdf,,2016-05-02,,2016,"Superior Court (Wageling, J.)",superior_court,Wageling,civil,standard,affirmed,per_curiam,Per Curiam,2,0,0,1,2-0,True,False,False,['statutory_interpretation'],['RSA 490:14-a'],RSA 490:14-a,True,[],,458,case_order,1.0.0,2026-07-16T02:08:18.754415,0.8
2015-0390,2015-0390,['2015-0390'],,,,"William Fortune v. P.H. Collins Builders, LLC & a.",https://www.courts.nh.gov/sites/g/files/ehbemt471/files/documents/2021-09/20150390.pdf,,2016-04-29,,2016,"Circuit Court (Morrison, J.)",circuit_court,Morrison,civil,standard,affirmed,per_curiam,Per Curiam,3,0,0,0,3-0,True,False,False,"['statutory_interpretation', 'contract', 'evidence']",[],,True,[],,390,case_order,1.0.0,2026-07-16T02:08:18.992162,0.8
2015-0607,2015-0607,['2015-0607'],,,,Thomas Svoleantopoulos v. Jaye Burns,https://www.courts.nh.gov/sites/g/files/ehbemt471/files/documents/2021-09/20150607.pdf,,2016-04-29,,2016,Superior Court,superior_court,McNamara,civil,standard,affirmed,per_curiam,Per Curiam,3,0,0,0,3-0,True,False,False,[],[],,False,[],,356,case_order,1.0.0,2026-07-16T02:08:19.424612,0.8
2015-0529,2015-0529,['2015-0529'],,,,"Michael Gill v. New Hampshire Department of Revenue Administration; The Mortgage Specialists, Inc. v. New Hampshire Department of Revenue Administration",https://www.courts.nh.gov/sites/g/files/ehbemt471/files/documents/2021-09/20150529.pdf,,2016-04-29,,2016,"Superior Court (Anderson, J.)",superior_court,Anderson,criminal,standard,affirmed,per_curiam,Per Curiam,1,0,0,2,1-0,True,False,False,"['criminal', 'civil_procedure', 'statutory_interpretation', 'constitutional', 'tax']","['RSA 21-J:28-b, IV', 'RSA 21-J:3, XVIII']","RSA 21-J:28-b, IV",True,['de_novo'],,664,case_order,1.0.0,2026-07-16T02:08:19.903327,0.8
2015-0252,2015-0252,['2015-0252'],,,,Lancelot Court Condominium Association v. Judith Tompson,https://www.courts.nh.gov/sites/g/files/ehbemt471/files/documents/2021-09/20150252.pdf,,2016-04-29,,2016,"Superior Court (Anderson, J.)",superior_court,Anderson,civil,standard,,per_curiam,Per Curiam,0,0,0,3,N/A,False,False,False,"['civil_procedure', 'statutory_interpretation', 'constitutional', 'contract', 'tort', 'tax']",[],,True,['plain_error'],,1317,case_order,1.0.0,2026-07-16T02:08:20.440421,0.8
2015-0580,2015-0580,['2015-0580'],,,,Raymond E. Ladebush & a. v. HSBC Mortgage Corporation & a.,https://www.courts.nh.gov/sites/g/files/ehbemt471/files/documents/2021-09/20150580.pdf,,2016-04-29,,2016,"Superior Court (Houran and Brown, JJ.)",superior_court,,civil,standard,affirmed,per_curiam,Per Curiam,3,0,0,0,3-0,True,False,False,"['civil_procedure', 'property', 'contract']",[],,False,[],,279,case_order,1.0.0,2026-07-16T02:08:21.091362,0.8
2015-0403,2015-0403,['2015-0403'],,,,"Backus, Meyer & Branch, LLP v. Mark Skiathitis",https://www.courts.nh.gov/sites/g/files/ehbemt471/files/documents/2021-09/20150403.pdf,,2016-04-29,,2016,"Superior Court (Abramson, J.)",superior_court,Abramson,civil,standard,affirmed,per_curiam,Per Curiam,2,0,0,1,2-0,True,False,False,"['contract', 'tort', 'evidence']",[],,False,[],,542,case_order,1.0.0,2026-07-16T02:08:21.203266,0.8
2015-0677,2015-0677,['2015-0677'],,,,"James Daneau & a. v. CitiMortgage, Inc.",https://www.courts.nh.gov/sites/g/files/ehbemt471/files/documents/2021-09/20150677.pdf,,2016-04-29,,2016,"Superior Court (Anderson, J.)",superior_court,Anderson,civil,standard,,per_curiam,Per Curiam,0,0,0,3,N/A,False,False,False,"['insurance', 'civil_procedure', 'property', 'contract', 'tax']",['RSA 479:25'],RSA 479:25,False,[],,1463,case_order,1.0.0,2026-07-16T02:08:24.358606,0.8
2015-0555,2015-0555,['2015-0555'],,,,Town of Carroll v. William Rines,https://www.courts.nh.gov/sites/g/files/ehbemt471/files/documents/2021-09/20150555.pdf,,2016-04-29,,2016,Superior Court,superior_court,Vaughan,civil,standard,affirmed,per_curiam,Per Curiam,3,0,0,0,3-0,True,False,False,"['property', 'contract']","['RSA 676:17, I', 'RSA 676:17, II']","RSA 676:17, I",False,[],,292,case_order,1.0.0,2026-07-16T02:08:24.656116,0.8
2015-0369,2015-0369,['2015-0369'],,,,State of New Hampshire v. Joshua Patel,https://www.courts.nh.gov/sites/g/files/ehbemt471/files/documents/2021-09/20150369.pdf,,2016-04-29,,2016,"Circuit Court (Gardner, J.)",circuit_court,Gardner,civil,standard,affirmed,per_curiam,Per Curiam,2,0,0,1,2-0,True,False,False,['statutory_interpretation'],"['RSA 265:60', 'RSA 265:60, I', 'RSA 265:60, II', 'RSA 265:62, I']",RSA 265:60,True,[],,745,case_order,1.0.0,2026-07-16T02:08:25.032651,0.8
2015-0606,2015-0606,['2015-0606'],,,,Shannon O'Keefe v. Jaye Burns,https://www.courts.nh.gov/sites/g/files/ehbemt471/files/documents/2021-09/20150606.pdf,,2016-04-29,,2016,Superior Court,superior_court,McNamara,civil,standard,affirmed,per_curiam,Per Curiam,3,0,0,0,3-0,True,False,False,[],[],,False,[],,356,case_order,1.0.0,2026-07-16T02:08:25.498410,0.8
2015-0493,2015-0493,"['2015-0493', '2011-0051']",,,,"Starbrite Leasing, Inc. & a. v. Douglas A. Garland & a.",https://www.courts.nh.gov/sites/g/files/ehbemt471/files/documents/2021-09/20150493.pdf,,2016-04-29,,2016,,,Temple,civil,standard,affirmed,per_curiam,Per Curiam,3,0,0,0,3-0,True,False,False,[],[],,False,[],,318,case_order,1.0.0,2026-07-16T02:08:26.022503,0.8
2015-0704,2015-0704,['2015-0704'],,,,Monica Banerjee v. Town of Wilmot,https://www.courts.nh.gov/sites/g/files/ehbemt471/files/documents/2021-09/20150704.pdf,,2016-04-29,,2016,Superior Court,superior_court,McNamara,civil,standard,affirmed,per_curiam,Per Curiam,3,0,0,0,3-0,True,False,False,['contract'],"['RSA 154:1-d', 'RSA 508:10']",RSA 154:1-d,False,[],,390,case_order,1.0.0,2026-07-16T02:08:26.680328,0.8
2015-0227,2015-0227,['2015-0227'],,,,State of New Hampshire v. Rickie Shambo,https://www.courts.nh.gov/sites/g/files/ehbemt471/files/documents/2021-09/20150227.pdf,,2016-04-29,,2016,"Superior Court (Tucker, J.)",superior_court,Tucker,criminal,standard,affirmed,per_curiam,Per Curiam,3,0,0,0,3-0,True,False,False,[],[],,False,[],,436,case_order,1.0.0,2026-07-16T02:08:26.754356,0.8
2015-0562,2015-0562,['2015-0562'],,,,State of New Hampshire v. Josephine Amatucci,https://www.courts.nh.gov/sites/g/files/ehbemt471/files/documents/2021-09/20150562.pdf,,2016-04-29,,2016,"Circuit Court (Patten, J.)",circuit_court,Patten,criminal,standard,affirmed,per_curiam,Per Curiam,3,0,0,0,3-0,True,False,False,['criminal'],"['RSA 265:4', 'RSA 625:9, VII']",RSA 265:4,False,[],,465,case_order,1.0.0,2026-07-16T02:08:27.381970,0.8
2015-0538,2015-0538,['2015-0538'],,,,"Ohio Mutual Insurance Group & a. v. Merle Wilbur, III, Administrator of the Estate of Merle Wilbur, IV & a.",https://www.courts.nh.gov/sites/g/files/ehbemt471/files/documents/2021-09/20150538.pdf,,2016-04-25,,2016,"Superior Court (Delker, J.)",superior_court,Delker,civil,standard,,per_curiam,Per Curiam,0,0,0,3,N/A,False,False,False,"['insurance', 'civil_procedure', 'statutory_interpretation', 'contract', 'tort']",[],,True,['de_novo'],,1449,case_order,1.0.0,2026-07-16T02:08:29.655656,0.8
2015-0661,2015-0661,['2015-0661'],,,,In the Matter of Robert Raymond and Kazuko Raymond,https://www.courts.nh.gov/sites/g/files/ehbemt471/files/documents/2021-09/20150661.pdf,,2016-04-15,,2016,"Circuit Court (Patten, J.)",circuit_court,Patten,family/domestic,standard,affirmed,per_curiam,Per Curiam,3,0,0,0,3-0,True,False,False,"['family_law', 'property']",[],,False,[],,505,case_order,1.0.0,2026-07-16T02:08:30.052031,0.8
2015-0582,2015-0582,['2015-0582'],,,,In re Name Change of Robert Verne Towle,https://www.courts.nh.gov/sites/g/files/ehbemt471/files/documents/2021-09/20150582.pdf,,2016-04-15,,2016,,,Leonard,civil,standard,affirmed,per_curiam,Per Curiam,3,0,0,0,3-0,True,False,False,"['statutory_interpretation', 'constitutional']","['RSA 21', 'RSA 537:3-i', 'RSA 623-B:3', 'RSA 623-B:3, I']",RSA 21,True,['de_novo'],,915,case_order,1.0.0,2026-07-16T02:08:30.555650,0.8
2015-0674,2015-0674,['2015-0674'],,,,In the Matter of Tarsha Lamarre and Jeremy Lamarre,https://www.courts.nh.gov/sites/g/files/ehbemt471/files/documents/2021-09/20150674.pdf,,2016-04-15,,2016,"Circuit Court (Leonard, J.)",circuit_court,Leonard,family/domestic,standard,affirmed,per_curiam,Per Curiam,3,0,0,0,3-0,True,False,False,['family_law'],[],,False,[],,341,case_order,1.0.0,2026-07-16T02:08:31.104801,0.8
2015-0500,2015-0500,['2015-0500'],,,,In the Matter of Christine Hodorowski and Tawfic Hakim,https://www.courts.nh.gov/sites/g/files/ehbemt471/files/documents/2021-09/20150500.pdf,,2016-04-14,,2016,"Circuit Court (Tenney, J.)",circuit_court,Tenney,family/domestic,standard,affirmed,per_curiam,Per Curiam,3,0,0,0,3-0,True,False,False,"['family_law', 'property']",[],,False,[],,343,case_order,1.0.0,2026-07-16T02:08:31.751343,0.8
2015-0546,2015-0546,['2015-0546'],,,,"Josephine Amatucci v. Timothy Morgan, Esq.",https://www.courts.nh.gov/sites/g/files/ehbemt471/files/documents/2021-09/20150546.pdf,,2016-04-14,,2016,"circuit court, are denied. On appeal, we consider only evidence",circuit_court,,criminal,standard,dismissed,per_curiam,Per Curiam,3,0,0,0,3-0,True,False,False,"['criminal', 'civil_procedure']","['RSA 91-A:8, II']","RSA 91-A:8, II",False,[],,678,case_order,1.0.0,2026-07-16T02:08:31.870428,0.8
2015-0270,2015-0270,['2015-0270'],,,,Wayne Perreault v. Town of Goffstown & a.,https://www.courts.nh.gov/sites/g/files/ehbemt471/files/documents/2021-09/20150270.pdf,,2016-04-14,,2016,Superior Court,superior_court,Brown,civil,standard,remanded,per_curiam,Per Curiam,0,0,0,3,N/A,False,False,False,"['administrative_law', 'property']",['RSA 677:6'],RSA 677:6,False,['de_novo'],,1362,case_order,1.0.0,2026-07-16T02:08:35.122030,0.8
2015-0590,2015-0590,['2015-0590'],,,,Joshua Riendeau v. Alicia Boyer,https://www.courts.nh.gov/sites/g/files/ehbemt471/files/documents/2021-09/20150590.pdf,,2016-04-14,,2016,,,,family/domestic,standard,affirmed,per_curiam,Per Curiam,3,0,0,0,3-0,True,False,False,"['criminal', 'property', 'domestic_violence']","['RSA 633:3-a, I', 'RSA 633:3-a, II']","RSA 633:3-a, I",False,[],,819,case_order,1.0.0,2026-07-16T02:08:35.382890,0.8
2015-0497,2015-0497,['2015-0497'],,,,"Marilyn V. Marchant, as Administrator of the Estate of Robert Marchant v. Harbour Women's Health, P.A. & a.",https://www.courts.nh.gov/sites/g/files/ehbemt471/files/documents/2021-09/20150497.pdf,,2016-04-13,,2016,"Superior Court (Delker, J.)",superior_court,Delker,civil,standard,affirmed,per_curiam,Per Curiam,3,0,0,0,3-0,True,False,False,['tort'],[],,False,[],,230,case_order,1.0.0,2026-07-16T02:08:35.805530,0.8
2015-0433,2015-0433,['2015-0433'],,,,Lise deLongchamp v. Armand Poirier & a.,https://www.courts.nh.gov/sites/g/files/ehbemt471/files/documents/2021-09/20150433.pdf,,2016-04-01,,2016,Superior Court,superior_court,Nicolosi,civil,standard,affirmed,per_curiam,Per Curiam,3,0,0,0,3-0,True,False,False,"['property', 'evidence']",[],,False,['de_novo'],,1161,case_order,1.0.0,2026-07-16T02:08:36.403689,0.8
2015-0643,2015-0643,['2015-0643'],,,,Dexter Cronin v. Town of Conway,https://www.courts.nh.gov/sites/g/files/ehbemt471/files/documents/2021-09/20150643.pdf,,2016-04-01,,2016,"Circuit Court (Albee, J.)",circuit_court,Albee,civil,standard,affirmed,per_curiam,Per Curiam,3,0,0,0,3-0,True,False,False,"['statutory_interpretation', 'contract']","['RSA 155-B:7', 'RSA 155-B:3', 'RSA 155-B', 'RSA 155-B:4', 'RSA 155-B:6', 'RSA 155-B:2', 'RSA 155-B:15']",RSA 155-B:7,True,[],,1271,case_order,1.0.0,2026-07-16T02:08:37.002936,0.8
2015-0350,2015-0350,['2015-0350'],,,,Thomas Newman v. New Hampshire State Police Permits and Licensing Unit,https://www.courts.nh.gov/sites/g/files/ehbemt471/files/documents/2021-09/20150350.pdf,,2016-03-31,,2016,Circuit Court,circuit_court,Boyle,criminal,standard,,per_curiam,Per Curiam,0,0,0,3,N/A,False,False,False,"['criminal', 'administrative_law', 'statutory_interpretation', 'property']","['RSA 159:6', 'RSA 159:6, I', 'RSA 159:4', 'RSA 159:6-c', 'RSA 490-F:3', 'RSA 21-P:14, II']",RSA 159:6,True,['de_novo'],,1420,case_order,1.0.0,2026-07-16T02:08:37.898464,0.8
2014-0744,2014-0744,['2014-0744'],,,,State of New Hampshire v. Isaac Jaillet,https://www.courts.nh.gov/sites/g/files/ehbemt471/files/documents/2021-09/20140744.pdf,,2016-03-31,,2016,"Superior Court (Delker, J.)",superior_court,Delker,family/domestic,standard,,per_curiam,Per Curiam,0,0,0,3,N/A,False,False,False,"['criminal', 'evidence', 'domestic_violence']","['RSA 631:4, I', 'RSA 631:2-a']","RSA 631:4, I",False,[],,1212,case_order,1.0.0,2026-07-16T02:08:38.549175,0.8
2015-0495,2015-0495,['2015-0495'],,,,The RDM Trust & a. v. Town of Milford & a.,https://www.courts.nh.gov/sites/g/files/ehbemt471/files/documents/2021-09/20150495.pdf,,2016-03-31,,2016,"Superior Court (Ignatius, J.)",superior_court,Ignatius,civil,standard,affirmed,per_curiam,Per Curiam,3,0,0,0,3-0,True,False,False,"['statutory_interpretation', 'property']","['RSA 674:33-a, I', 'RSA 677:6', 'RSA 674:33-a', 'RSA 647:33-a, I']","RSA 674:33-a, I",True,[],,992,case_order,1.0.0,2026-07-16T02:08:40.859471,0.8
2015-0239,2015-0239,['2015-0239'],,,,State of New Hampshire v. John P. Stacy,https://www.courts.nh.gov/sites/g/files/ehbemt471/files/documents/2021-09/20150239.pdf,,2016-03-31,,2016,"Superior Court (Schulman, J.)",superior_court,Schulman,family/domestic,standard,,per_curiam,Per Curiam,0,0,0,3,N/A,False,False,False,"['statutory_interpretation', 'property', 'domestic_violence']","['RSA 635:1, I', 'RSA 637:2, III']","RSA 635:1, I",True,[],,1393,case_order,1.0.0,2026-07-16T02:08:41.031589,0.8
2015-0619,2015-0619,['2015-0619'],,,,MMG Insurance Company v. Shaban Beqiri,https://www.courts.nh.gov/sites/g/files/ehbemt471/files/documents/2021-09/20150619.pdf,,2016-03-31,,2016,Circuit Court,circuit_court,Michael,civil,standard,affirmed,per_curiam,Per Curiam,2,0,0,1,2-0,True,False,False,['insurance'],[],,False,[],,431,case_order,1.0.0,2026-07-16T02:08:41.310490,0.8
2015-0327,2015-0327,['2015-0327'],,,,Petition of Judith Tompson,https://www.courts.nh.gov/sites/g/files/ehbemt471/files/documents/2021-09/20150327.pdf,,2016-03-30,,2016,,administrative,,civil,standard,reversed,per_curiam,Per Curiam,3,0,0,0,3-0,True,False,False,"['insurance', 'medicaid', 'administrative_law']","['RSA 126-A:5, VIII', 'RSA 161:4, IV', 'RSA 541-A']","RSA 126-A:5, VIII",False,[],,993,case_order,1.0.0,2026-07-16T02:08:41.661189,0.8
2015-0648,2015-0648,['2015-0648'],,,,Edwin LeBel & a. v. Iris Buzzell,https://www.courts.nh.gov/sites/g/files/ehbemt471/files/documents/2021-09/20150648.pdf,,2016-03-30,,2016,"Circuit Court (Carroll, J.)",circuit_court,Carroll,civil,standard,vacated,per_curiam,Per Curiam,3,0,0,0,3-0,True,False,False,"['property', 'contract', 'DWI']",[],,False,['de_novo'],,714,case_order,1.0.0,2026-07-16T02:08:42.069085,0.8
2014-0745,2014-0745,['2014-0745'],,,,State of New Hampshire v. Samuel J. Coffey,https://www.courts.nh.gov/sites/g/files/ehbemt471/files/documents/2021-09/20140745.pdf,,2016-03-21,,2016,"Superior Court (Houran, J.)",superior_court,Houran,criminal,standard,,per_curiam,Per Curiam,0,0,0,3,N/A,False,False,False,"['criminal', 'DWI']","['RSA 632-A:2, I', 'RSA 632-A:1, V']","RSA 632-A:2, I",False,[],,1458,case_order,1.0.0,2026-07-16T02:08:42.537601,0.8
2015-0312,2015-0312,['2015-0312'],,,,In re Estate of Brian H. Shaw,https://www.courts.nh.gov/sites/g/files/ehbemt471/files/documents/2021-09/20150312.pdf,,2016-03-18,,2016,"Circuit Court (Cassavechia, J.)",circuit_court,Cassavechia,civil,standard,,per_curiam,Per Curiam,0,0,0,3,N/A,False,False,False,"['administrative_law', 'constitutional', 'property', 'contract']","['RSA 382-A:3-118', 'RSA 382-A:3-605']",RSA 382-A:3-118,False,"['de_novo', 'clear_error']",,1446,case_order,1.0.0,2026-07-16T02:08:43.090968,0.8
2015-0162,2015-0162,['2015-0162'],,,,State of New Hampshire v. Justin Cassidy,https://www.courts.nh.gov/sites/g/files/ehbemt471/files/documents/2021-09/20150162.pdf,,2016-03-18,,2016,"Superior Court (Abramson, J.)",superior_court,Abramson,criminal,standard,reversed,per_curiam,Per Curiam,0,0,0,3,N/A,False,False,False,"['criminal', 'tort']",['RSA 318-B:2'],RSA 318-B:2,False,['plain_error'],,1262,case_order,1.0.0,2026-07-16T02:08:43.696360,0.8
2015-0386,2015-0386,['2015-0386'],,,,"In re Estate of Earle K. Fox, Jr.",https://www.courts.nh.gov/sites/g/files/ehbemt471/files/documents/2021-09/20150386.pdf,,2016-03-18,,2016,Circuit Court,circuit_court,Quigley,civil,standard,affirmed,per_curiam,Per Curiam,3,0,0,0,3-0,True,False,False,"['statutory_interpretation', 'property']",[],,True,[],,410,case_order,1.0.0,2026-07-16T02:08:44.279674,0.8
2015-0263,2015-0263,['2015-0263'],,,,State of New Hampshire v. Thomas M. Ludwig,https://www.courts.nh.gov/sites/g/files/ehbemt471/files/documents/2021-09/20150263.pdf,,2016-03-18,,2016,Superior Court,superior_court,Delker,criminal,standard,affirmed,per_curiam,Per Curiam,3,0,0,0,3-0,True,False,False,"['criminal', 'DWI']",['RSA 265-A:2'],RSA 265-A:2,False,[],,899,case_order,1.0.0,2026-07-16T02:08:47.190626,0.8
2015-0209,2015-0209,['2015-0209'],,,,State of New Hampshire v. Jason Nolan,https://www.courts.nh.gov/sites/g/files/ehbemt471/files/documents/2021-09/20150209.pdf,,2016-03-17,,2016,"Superior Court (Anderson, J.)",superior_court,Anderson,criminal,standard,,per_curiam,Per Curiam,0,0,0,3,N/A,False,False,False,['criminal'],"['RSA 632-A:2', 'RSA 632-A:1, I', 'RSA 632-A:1, V']",RSA 632-A:2,False,['plain_error'],,1389,case_order,1.0.0,2026-07-16T02:08:47.441897,0.8
2014-0825,2014-0825,['2014-0825'],,,,"In the Matter of Edward Kissell, Jr. and Martha Kissell",https://www.courts.nh.gov/sites/g/files/ehbemt471/files/documents/2021-09/20140825.pdf,,2016-03-16,,2016,"Circuit Court (Geiger, M., approved by Kelly, J.) in her divorce from the",circuit_court,"Geiger, M., approved by Kelly",family/domestic,standard,affirmed,per_curiam,Per Curiam,3,0,0,0,3-0,True,False,False,['family_law'],"['RSA 458:16-a, I']","RSA 458:16-a, I",False,[],,370,case_order,1.0.0,2026-07-16T02:08:47.682084,0.8
2015-0261,2015-0261,['2015-0261'],,,,Robert L. Benjamin v. Vatche Manoukian & a.,https://www.courts.nh.gov/sites/g/files/ehbemt471/files/documents/2021-09/20150261.pdf,,2016-03-03,,2016,"Superior Court (McGuire, J.)",superior_court,McGuire,civil,standard,affirmed,per_curiam,Per Curiam,2,0,0,1,2-0,True,False,False,"['statutory_interpretation', 'tort']",['RSA 524:6-a'],RSA 524:6-a,True,[],,754,case_order,1.0.0,2026-07-16T02:08:47.981453,0.8
2015-0217,2015-0217,['2015-0217'],,,,In the Matter of Patricia Goldberg and Mark Goldberg,https://www.courts.nh.gov/sites/g/files/ehbemt471/files/documents/2021-09/20150217.pdf,,2016-03-03,,2016,"Circuit Court (Tenney, J.)",circuit_court,Tenney,family/domestic,standard,affirmed,per_curiam,Per Curiam,3,0,0,0,3-0,True,False,False,"['insurance', 'family_law', 'property', 'employment', 'tax']","['RSA 458:19', 'RSA 458:19, I', 'RSA 458:16-a', 'RSA 458:19, IV', 'RSA 458:14']",RSA 458:19,False,[],,1394,case_order,1.0.0,2026-07-16T02:08:48.326338,0.8
2015-0408,2015-0408,['2015-0408'],,,,In the Matter of Jill Content and Edward Content,https://www.courts.nh.gov/sites/g/files/ehbemt471/files/documents/2021-09/20150408.pdf,,2016-03-03,,2016,"Circuit Court (Carbon, J.)",circuit_court,Carbon,family/domestic,standard,affirmed,per_curiam,Per Curiam,3,0,0,0,3-0,True,False,False,"['family_law', 'employment']","['RSA 458:19, I', 'RSA 461-A:21']","RSA 458:19, I",False,[],,1400,case_order,1.0.0,2026-07-16T02:08:48.708920,0.8
2015-0249,2015-0249,['2015-0249'],,,,In the Matter of James Hatzos and Lisa Hatzos,https://www.courts.nh.gov/sites/g/files/ehbemt471/files/documents/2021-09/20150249.pdf,,2016-03-03,,2016,,,,family/domestic,standard,,per_curiam,Per Curiam,0,0,0,3,N/A,False,False,False,"['family_law', 'statutory_interpretation', 'tort']",['RSA 336'],RSA 336,True,['de_novo'],,1463,case_order,1.0.0,2026-07-16T02:08:49.255253,0.8
2015-0064,2015-0064,['2015-0064'],,,,In re Estate of Dan T. Buckless,https://www.courts.nh.gov/sites/g/files/ehbemt471/files/documents/2021-09/20150064.pdf,,2016-03-02,,2016,Circuit Court –,circuit_court,,civil,standard,,per_curiam,Per Curiam,0,0,0,3,N/A,False,False,False,['tort'],"['RSA 552:9', 'RSA 552:15', 'RSA 567', 'RSA 552:7', 'RSA 567-A:4']",RSA 552:9,False,[],,1102,case_order,1.0.0,2026-07-16T02:08:49.853667,0.8
2015-0355,2015-0355,['2015-0355'],,,,Appeal of Derek Holston,https://www.courts.nh.gov/sites/g/files/ehbemt471/files/documents/2021-09/20150355.pdf,,2016-02-22,,2016,,,,civil,standard,affirmed,per_curiam,Per Curiam,0,0,0,3,N/A,False,False,False,"['administrative_law', 'constitutional']","['RSA 21-I:58, II', 'RSA 541', 'RSA 541:13']","RSA 21-I:58, II",False,['de_novo'],,337,case_order,1.0.0,2026-07-16T02:08:51.124874,0.8
2015-0225,2015-0225,['2015-0225'],,,,State of New Hampshire v. Robert E. Johnson,https://www.courts.nh.gov/sites/g/files/ehbemt471/files/documents/2021-09/20150225.pdf,,2016-02-22,,2016,"Superior Court (MacLeod, J.)",superior_court,MacLeod,criminal,standard,affirmed,per_curiam,Per Curiam,3,0,0,0,3-0,True,False,False,[],['RSA 318'],RSA 318,False,[],,741,case_order,1.0.0,2026-07-16T02:08:51.432238,0.8
2015-0306,2015-0306,['2015-0306'],,,,In the Matter of Judith Desmarais and Timothy Desmarais,https://www.courts.nh.gov/sites/g/files/ehbemt471/files/documents/2021-09/20150306.pdf,,2016-02-22,,2016,"Circuit Court (Moore, J.)",circuit_court,Moore,family/domestic,standard,remanded,per_curiam,Per Curiam,0,0,0,3,N/A,False,False,False,"['insurance', 'family_law', 'statutory_interpretation', 'property', 'employment']",[],,True,['de_novo'],,1444,case_order,1.0.0,2026-07-16T02:08:51.789012,0.8
2015-0378,2015-0378,['2015-0378'],,,,State of New Hampshire v. Susan Galvin,https://www.courts.nh.gov/sites/g/files/ehbemt471/files/documents/2021-09/20150378.pdf,,2016-02-18,,2016,"Circuit Court (Gardner, J.)",circuit_court,Gardner,criminal,standard,affirmed,per_curiam,Per Curiam,3,0,0,0,3-0,True,False,False,"['criminal', 'DWI']","['RSA 265-A:2', 'RSA 265-A:2, I', 'RSA 265-A:10', 'RSA 265-A:15, I']",RSA 265-A:2,False,"['de_novo', 'clear_error']",,1362,case_order,1.0.0,2026-07-16T02:08:52.250742,0.8
2015-0354,2015-0354,['2015-0354'],,,,Appeal of Theresa Young,https://www.courts.nh.gov/sites/g/files/ehbemt471/files/documents/2021-09/20150354.pdf,,2016-02-18,,2016,,,,civil,standard,,per_curiam,Per Curiam,0,0,0,3,N/A,False,False,False,['administrative_law'],"['RSA 28:10-a', 'RSA 28:10-a, III', 'RSA 541', 'RSA 541:13', 'RSA 28:10-a, II']",RSA 28:10-a,False,[],,1473,case_order,1.0.0,2026-07-16T02:08:52.898757,0.8
2015-0068,2015-0068,['2015-0068'],,,,Appeal of Kathleen Burl-Cardin,https://www.courts.nh.gov/sites/g/files/ehbemt471/files/documents/2021-09/20150068.pdf,,2016-02-18,,2016,,administrative,,civil,standard,,per_curiam,Per Curiam,0,0,0,3,N/A,False,False,False,"['administrative_law', 'civil_procedure', 'employment']","['RSA 281-A:48', 'RSA 281-A:48, I', 'RSA 281']",RSA 281-A:48,False,[],,1428,case_order,1.0.0,2026-07-16T02:08:53.822099,0.8
2015-0360,2015-0360,['2015-0360'],,,,Walter Donovan v. Town of Piermont,https://www.courts.nh.gov/sites/g/files/ehbemt471/files/documents/2021-09/20150360.pdf,,2016-02-18,,2016,Superior Court,superior_court,MacLeod,civil,standard,,per_curiam,Per Curiam,0,0,0,3,N/A,False,False,False,"['civil_procedure', 'property']","['RSA 677:6', 'RSA 674:19', 'RSA 674:33, IV']",RSA 677:6,False,['de_novo'],,1449,case_order,1.0.0,2026-07-16T02:08:55.614362,0.8
2015-0337,2015-0337,['2015-0337'],,,,Paul A. DeHetre & a. v. Linda Barron,https://www.courts.nh.gov/sites/g/files/ehbemt471/files/documents/2021-09/20150337.pdf,,2016-02-18,,2016,"Superior Court (Delker, J.)",superior_court,Delker,family/domestic,standard,affirmed,per_curiam,Per Curiam,3,0,0,0,3-0,True,False,False,"['family_law', 'contract']","['RSA 261:14, I']","RSA 261:14, I",False,['de_novo'],,984,case_order,1.0.0,2026-07-16T02:08:55.898047,0.8
2015-0313,2015-0313,['2015-0313'],,,,"In the Matter of Jessica Nelson and Eric Nelson, Sr.",https://www.courts.nh.gov/sites/g/files/ehbemt471/files/documents/2021-09/20150313.pdf,,2016-02-11,,2016,,,,family/domestic,standard,affirmed,per_curiam,Per Curiam,2,0,0,1,2-0,True,False,False,"['insurance', 'family_law']","['RSA 458-C:2, IV']","RSA 458-C:2, IV",False,[],,916,case_order,1.0.0,2026-07-16T02:08:56.246928,0.8
2015-0549,2015-0549,['2015-0549'],,,,"Ed’s Carpet, Tile, and Hardwood, Inc. v. Marshall Law Office",https://www.courts.nh.gov/sites/g/files/ehbemt471/files/documents/2021-09/20150549.pdf,,2016-02-11,,2016,"Superior Court (Delker, J.)",superior_court,Delker,civil,standard,dismissed,per_curiam,Per Curiam,2,0,0,1,2-0,True,False,False,"['administrative_law', 'civil_procedure', 'statutory_interpretation', 'contract', 'tort']","['RSA 508:4', 'RSA 508:4, I']",RSA 508:4,True,[],,1078,case_order,1.0.0,2026-07-16T02:08:56.657237,0.8
2015-0119,2015-0119,['2015-0119'],,,,State of New Hampshire v. Aldo Batista Dos Santos,https://www.courts.nh.gov/sites/g/files/ehbemt471/files/documents/2021-09/20150119.pdf,,2016-02-11,,2016,"Superior Court (Colburn, J.)",superior_court,Colburn,criminal,standard,vacated,per_curiam,Per Curiam,2,0,0,1,2-0,True,False,False,['criminal'],['RSA 632-A:3'],RSA 632-A:3,False,['plain_error'],,1296,case_order,1.0.0,2026-07-16T02:08:57.230998,0.8
2015-0376,2015-0376,['2015-0376'],,,,In the Matter of Sarah Gormady and Stephen O'Malley,https://www.courts.nh.gov/sites/g/files/ehbemt471/files/documents/2021-09/20150376.pdf,,2016-02-11,,2016,"Circuit Court (Foley, J.)",circuit_court,Foley,civil,standard,vacated,per_curiam,Per Curiam,2,0,0,1,2-0,True,False,False,['civil_procedure'],[],,False,[],,793,case_order,1.0.0,2026-07-16T02:08:57.809733,0.8
2015-0156,2015-0156,['2015-0156'],,,,State of New Hampshire v. Richard N. Saunders,https://www.courts.nh.gov/sites/g/files/ehbemt471/files/documents/2021-09/20150156.pdf,,2016-02-11,,2016,,,,criminal,standard,affirmed,per_curiam,Per Curiam,1,0,0,2,1-0,True,False,False,[],[],,False,['clear_error'],,1250,case_order,1.0.0,2026-07-16T02:08:59.116149,0.8
2015-0393,2015-0393,['2015-0393'],,,,Route One Realty Trust v. Joseph Webster,https://www.courts.nh.gov/sites/g/files/ehbemt471/files/documents/2021-09/20150393.pdf,,2016-02-11,,2016,Circuit Court,circuit_court,DeVries,civil,standard,affirmed,per_curiam,Per Curiam,0,0,0,3,N/A,False,False,False,"['property', 'contract']","['RSA 540:2-', 'RSA 540:3, I', 'RSA 540:3', 'RSA 21:35']",RSA 540:2-,False,['plain_error'],,374,case_order,1.0.0,2026-07-16T02:08:59.499968,0.8
2015-0394,2015-0394,"['2015-0394', '2014-0113']",,,,"Edward C. Furlong, III v. Randall Cooper, Esq. & a.",https://www.courts.nh.gov/sites/g/files/ehbemt471/files/documents/2021-09/20150394.pdf,,2016-01-25,,2016,"Superior Court (Tucker, J.)",superior_court,Tucker,civil,standard,reversed,per_curiam,Per Curiam,2,0,0,1,2-0,True,False,False,['contract'],[],,False,"['de_novo', 'clear_error', 'plain_error']",,1251,case_order,1.0.0,2026-07-16T02:08:59.957319,0.8
2015-0323,2015-0323,['2015-0323'],,,,Joseph Yarborough & a. v. City of Portsmouth,https://www.courts.nh.gov/sites/g/files/ehbemt471/files/documents/2021-09/20150323.pdf,,2016-01-25,,2016,"Superior Court (Schulman, J.)",superior_court,Schulman,civil,standard,affirmed,per_curiam,Per Curiam,3,0,0,0,3-0,True,False,False,['property'],"['RSA 677:6', 'RSA 674:17, II', 'RSA 677:3, I', 'RSA 677:10', 'RSA 674:33, I']",RSA 677:6,False,[],,690,case_order,1.0.0,2026-07-16T02:09:00.499471,0.8
2015-0450,2015-0450,['2015-0450'],,,,In the Matter of Tracy Mansur and Harley Mansur,https://www.courts.nh.gov/sites/g/files/ehbemt471/files/documents/2021-09/20150450.pdf,,2016-01-22,,2016,,,,family/domestic,standard,affirmed,per_curiam,Per Curiam,3,0,0,0,3-0,True,False,False,"['family_law', 'property']","['RSA 458:16-a, I']","RSA 458:16-a, I",False,[],,502,case_order,1.0.0,2026-07-16T02:09:01.128202,0.8
2015-0487,2015-0487,['2015-0487'],,,,"Brian A. Gillis, as Trustee of the Gillis Family Irrevocable Trust of 2012 v. Randall S. Lawson & a.",https://www.courts.nh.gov/sites/g/files/ehbemt471/files/documents/2021-09/20150487.pdf,,2016-01-22,,2016,"Superior Court (Delker, J.)",superior_court,Delker,civil,standard,affirmed,per_curiam,Per Curiam,3,0,0,0,3-0,True,False,False,['property'],"['RSA 516:29-b, II']","RSA 516:29-b, II",False,"['de_novo', 'plain_error']",,1199,case_order,1.0.0,2026-07-16T02:09:01.321209,0.8
2015-0231,2015-0231,['2015-0231'],,,,In the Matter of Michele Mayo and Dana Mayo,https://www.courts.nh.gov/sites/g/files/ehbemt471/files/documents/2021-09/20150231.pdf,,2016-01-13,,2016,,,,family/domestic,standard,affirmed,per_curiam,Per Curiam,3,0,0,0,3-0,True,False,False,"['family_law', 'statutory_interpretation']",['RSA 458:19'],RSA 458:19,True,[],,320,case_order,1.0.0,2026-07-16T02:09:04.419341,0.8
2015-0464,2015-0464,['2015-0464'],,,,Loretta Peterson v. Rock Bastianelli,https://www.courts.nh.gov/sites/g/files/ehbemt471/files/documents/2021-09/20150464.pdf,,2016-01-13,,2016,,,,civil,standard,affirmed,per_curiam,Per Curiam,3,0,0,0,3-0,True,False,False,['contract'],"['RSA 540-A:3, I']","RSA 540-A:3, I",False,[],,455,case_order,1.0.0,2026-07-16T02:09:04.572369,0.8
2015-0314,2015-0314,['2015-0314'],,,,State of New Hampshire v. Kenneth Mofford,https://www.courts.nh.gov/sites/g/files/ehbemt471/files/documents/2021-09/20150314.pdf,,2016-01-13,,2016,"Circuit Court (DeVries, J.)",circuit_court,DeVries,criminal,standard,affirmed,per_curiam,Per Curiam,3,0,0,0,3-0,True,False,False,['criminal'],"['RSA 631:2-', 'RSA 627:4, I']",RSA 631:2-,False,[],,623,case_order,1.0.0,2026-07-16T02:09:04.812340,0.8
2015-0511,2015-0511,['2015-0511'],,,,"Douglas Milbury v. Peaslee Hill, LLC",https://www.courts.nh.gov/sites/g/files/ehbemt471/files/documents/2021-09/20150511.pdf,,2016-01-13,,2016,Superior Court,superior_court,Smukler,civil,standard,affirmed,per_curiam,Per Curiam,3,0,0,0,3-0,True,False,False,['civil_procedure'],[],,False,[],,225,case_order,1.0.0,2026-07-16T02:09:05.123355,0.8
2015-0405,2015-0405,['2015-0405'],,,,"In the Matter of Nadine M. Goulet and Richard E. Goulet, Jr.",https://www.courts.nh.gov/sites/g/files/ehbemt471/files/documents/2021-09/20150405.pdf,,2016-01-13,,2016,,,,family/domestic,standard,affirmed,per_curiam,Per Curiam,3,0,0,0,3-0,True,False,False,['family_law'],"['RSA 458-C:7, II', 'RSA 461-A:14, VIII']","RSA 458-C:7, II",False,[],,509,case_order,1.0.0,2026-07-16T02:09:05.583908,0.8
2014-0807,2014-0807,['2014-0807'],,,,"Marilyn A. Cantiloro, as Executrix of the Estate of Madeleine Pope Hall v. Robert G. Pope",https://www.courts.nh.gov/sites/g/files/ehbemt471/files/documents/2021-09/20140807.pdf,,2016-01-12,,2016,"Circuit Court (Weaver, J.)",circuit_court,Weaver,civil,standard,affirmed,per_curiam,Per Curiam,3,0,0,0,3-0,True,False,False,"['property', 'evidence']","['RSA 567-A:4', 'RSA 490-F:3']",RSA 567-A:4,False,[],,1208,case_order,1.0.0,2026-07-16T02:09:06.105630,0.8
2015-0467,2015-0467,['2015-0467'],,,,"Governor's Island Club, Inc. v. Richard Homsi",https://www.courts.nh.gov/sites/g/files/ehbemt471/files/documents/2021-09/20150467.pdf,,2016-01-12,,2016,Superior Court,superior_court,O’Neill,civil,standard,dismissed,per_curiam,Per Curiam,3,0,0,0,3-0,True,False,False,"['civil_procedure', 'statutory_interpretation', 'property']",[],,True,[],,769,case_order,1.0.0,2026-07-16T02:09:06.694500,0.8
2015-0229,2015-0229,['2015-0229'],,,,"MTS Associates, LLC & a. v. L-Town Garage, LLC",https://www.courts.nh.gov/sites/g/files/ehbemt471/files/documents/2021-09/20150229.pdf,,2016-01-11,,2016,,,,civil,standard,affirmed,per_curiam,Per Curiam,3,0,0,0,3-0,True,False,False,['contract'],[],,False,[],,839,case_order,1.0.0,2026-07-16T02:09:06.823849,0.8
2015-0359,2015-0359,['2015-0359'],,,,"Ralph Langevin, Trustee of the Ralph Langevin Revocable Trust v. Lester W. Firstenberger & a.",https://www.courts.nh.gov/sites/g/files/ehbemt471/files/documents/2021-09/20150359.pdf,,2016-01-11,,2016,Superior Court,superior_court,,civil,standard,affirmed,per_curiam,Per Curiam,3,0,0,0,3-0,True,False,False,"['civil_procedure', 'contract']",[],,False,[],,264,case_order,1.0.0,2026-07-16T02:09:09.821657,0.8
2014-0816,2014-0816,['2014-0816'],,,,In the Matter of Richard Calvin and Connie Calvin,https://www.courts.nh.gov/sites/g/files/ehbemt471/files/documents/2021-09/20140816.pdf,,2016-01-11,,2016,"Circuit Court (Cooper, M., approved by Gordon, J.) and the",circuit_court,"Cooper, M., approved by Gordon",family/domestic,standard,,per_curiam,Per Curiam,0,0,0,3,N/A,False,False,False,"['family_law', 'contract']",['RSA 460:2-a'],RSA 460:2-a,False,[],,1341,case_order,1.0.0,2026-07-16T02:09:10.391523,0.8
2015-0397,2015-0397,['2015-0397'],,,,Josephine Amatucci v. Jared Welman & a.,https://www.courts.nh.gov/sites/g/files/ehbemt471/files/documents/2021-09/20150397.pdf,,2016-01-08,,2016,Superior Court,superior_court,,civil,standard,dismissed,per_curiam,Per Curiam,0,0,0,3,N/A,False,False,False,"['civil_procedure', 'statutory_interpretation', 'constitutional']",[],,True,['de_novo'],,1474,case_order,1.0.0,2026-07-16T02:09:10.964246,0.8
2015-0448,2015-0448,['2015-0448'],,,,Barbara Stewart v. Jeffrey Murdock,https://www.courts.nh.gov/sites/g/files/ehbemt471/files/documents/2021-09/20150448.pdf,,2016-01-08,,2016,"Circuit Court (Boyle, J.)",circuit_court,Boyle,family/domestic,standard,,per_curiam,Per Curiam,0,0,0,3,N/A,False,False,False,"['criminal', 'domestic_violence']","['RSA 633:3-a, III']","RSA 633:3-a, III",False,[],,1473,case_order,1.0.0,2026-07-16T02:09:11.125226,0.8
2015-0257,2015-0257,['2015-0257'],,,,Sally A. Finan & a. v. Sheli Sokorelis & a.,https://www.courts.nh.gov/sites/g/files/ehbemt471/files/documents/2021-09/20150257.pdf,,2016-01-08,,2016,"Circuit Court (DeVries, J.)",circuit_court,DeVries,civil,standard,vacated,per_curiam,Per Curiam,3,0,0,0,3-0,True,False,False,[],"['RSA 540:2, II', 'RSA 540:13-a', 'RSA 540:20']","RSA 540:2, II",False,[],,801,case_order,1.0.0,2026-07-16T02:09:11.231283,0.8
2014-0682,2014-0682,['2014-0682'],,,,State of New Hampshire v. Joshua Baud,https://www.courts.nh.gov/sites/g/files/ehbemt471/files/documents/2021-09/20140682.pdf,,2015-12-22,,2015,Superior Court,superior_court,Garfunkel,criminal,standard,reversed,per_curiam,Per Curiam,2,0,0,1,2-0,True,False,False,"['criminal', 'statutory_interpretation']","['RSA 632-A:2, I']","RSA 632-A:2, I",True,['de_novo'],,818,case_order,1.0.0,2026-07-16T02:09:11.341874,0.8
2015-0422,2015-0422,['2015-0422'],,,,Scott Eaton v. Craig Shealy,https://www.courts.nh.gov/sites/g/files/ehbemt471/files/documents/2021-09/20150422.pdf,,2015-12-21,,2015,Circuit Court,circuit_court,Patten,civil,standard,affirmed,per_curiam,Per Curiam,3,0,0,0,3-0,True,False,False,[],[],,False,[],,334,case_order,1.0.0,2026-07-16T02:09:11.411710,0.8
2016-0015,2016-0015,['2016-0015'],,,,Geri Hunter v. Oneta Bobbett,https://www.courts.nh.gov/sites/g/files/ehbemt471/files/documents/2021-09/20160015.pdf,,2016-09-20,,2016,Superior Court,superior_court,Anderson,family/domestic,standard,affirmed,per_curiam,Per Curiam,3,0,0,0,3-0,True,False,False,"['family_law', 'property', 'contract', 'tort', 'tax']",[],,False,"['de_novo', 'clear_error', 'plain_error']",,740,case_order,1.0.0,2026-07-16T02:09:11.521555,0.8
2017-0070,2017-0070,['2017-0070'],,,,In the Matter of Rebecca Stanley-Snelling and Randall Snelling,https://www.courts.nh.gov/sites/g/files/ehbemt471/files/documents/2021-09/20170070.pdf,,2017-12-22,,2017,"Circuit Court (Moran, J.)",circuit_court,Moran,family/domestic,standard,,per_curiam,Per Curiam,0,0,0,3,N/A,False,False,False,"['insurance', 'family_law', 'property', 'contract', 'tax']","['RSA 458:19, I']","RSA 458:19, I",False,[],,1445,case_order,1.0.0,2026-07-16T02:09:11.802291,0.8
2017-0356,2017-0356,['2017-0356'],,,,"Judith Tompson v. Michael Feniger, Esq. & a.",https://www.courts.nh.gov/sites/g/files/ehbemt471/files/documents/2021-09/20170356.pdf,,2017-12-21,,2017,,,,civil,standard,,per_curiam,Per Curiam,0,0,0,3,N/A,False,False,False,"['civil_procedure', 'tort', 'tax']","['RSA 356-B:46, III', 'RSA 356-B:46, I', 'RSA 358-C:2']","RSA 356-B:46, III",False,[],,1477,case_order,1.0.0,2026-07-16T02:09:11.976395,0.8
2016-0583,2016-0583,['2016-0583'],,,,"WHS Homes, Inc. v. Traditional Living, Inc. & a.",https://www.courts.nh.gov/sites/g/files/ehbemt471/files/documents/2021-09/20160583.pdf,,2017-12-21,,2017,"Superior Court (McNamara, J.)",superior_court,McNamara,civil,standard,,per_curiam,Per Curiam,0,0,0,3,N/A,False,False,False,"['insurance', 'civil_procedure', 'contract']",[],,False,"['de_novo', 'substantial_evidence']",,1289,case_order,1.0.0,2026-07-16T02:09:12.190389,0.8
2016-0687,2016-0687,['2016-0687'],,,,"Quarry at Milford, A Condominium Unit Owners’ Association v. Eber L. Currier & a.,",https://www.courts.nh.gov/sites/g/files/ehbemt471/files/documents/2021-09/20160687.pdf,,2017-12-20,,2017,"Superior Court (Temple, J.)",superior_court,Temple,civil,standard,,per_curiam,Per Curiam,0,0,0,3,N/A,False,False,False,['property'],"['RSA 677:6', 'RSA 674:33, I']",RSA 677:6,False,[],,1426,case_order,1.0.0,2026-07-16T02:09:12.467630,0.8
2016-0289,2016-0289,['2016-0289'],,,,State of New Hampshire v. Peter A. Dauphin,https://www.courts.nh.gov/sites/g/files/ehbemt471/files/documents/2021-09/20160289.pdf,,2017-12-13,,2017,"Superior Court (Fauver, J.)",superior_court,Fauver,family/domestic,standard,,per_curiam,Per Curiam,0,0,0,3,N/A,False,False,False,"['family_law', 'constitutional', 'property', 'DWI']",['RSA 318-B:2'],RSA 318-B:2,False,['de_novo'],,1415,case_order,1.0.0,2026-07-16T02:09:12.798338,0.8
2017-0134,2017-0134,['2017-0134'],,,,"In the Matter of Tracy Middleton and Jack Middleton, Jr.",https://www.courts.nh.gov/sites/g/files/ehbemt471/files/documents/2021-09/20170134.pdf,,2017-12-08,,2017,Circuit Court,circuit_court,Foley,family/domestic,standard,affirmed,per_curiam,Per Curiam,4,0,0,0,4-0,True,False,False,"['family_law', 'property']",[],,False,[],,327,case_order,1.0.0,2026-07-16T02:09:13.212837,0.8
2017-0345,2017-0345,['2017-0345'],,,,State of New Hampshire v. Brittany Boggs,https://www.courts.nh.gov/sites/g/files/ehbemt471/files/documents/2021-09/20170345.pdf,,2017-12-07,,2017,,administrative,Ignatius,criminal,standard,,per_curiam,Per Curiam,0,0,0,3,N/A,False,False,False,['criminal'],"['RSA 597:1-a', 'RSA 597:1-a, III', 'RSA 638:4']",RSA 597:1-a,False,[],,1422,case_order,1.0.0,2026-07-16T02:09:13.679655,0.8
2016-0649,2016-0649,"['2016-0649', '2008-2009']",,,,"The Travelers Indemnity Company v. Construction Services of New Hampshire, LLC",https://www.courts.nh.gov/sites/g/files/ehbemt471/files/documents/2021-09/20160649.pdf,,2017-11-29,,2017,"Superior Court (Anderson, J.)",superior_court,Anderson,civil,standard,,per_curiam,Per Curiam,0,0,0,3,N/A,False,False,False,"['insurance', 'administrative_law', 'civil_procedure', 'employment', 'contract', 'tort']","['RSA 508:4', 'RSA 281-A:43, III']",RSA 508:4,False,['de_novo'],,1268,case_order,1.0.0,2026-07-16T02:09:14.189196,0.8
2017-0235,2017-0235,['2017-0235'],,,,State of New Hampshire v. Parker Wright,https://www.courts.nh.gov/sites/g/files/ehbemt471/files/documents/2021-09/20170235.pdf,,2017-11-28,,2017,,,,criminal,standard,affirmed,per_curiam,Per Curiam,4,0,0,0,4-0,True,False,False,"['criminal', 'tax']","['RSA 644:2, I', 'RSA 644:2, VI', 'RSA 651:2, IV']","RSA 644:2, I",False,[],,519,case_order,1.0.0,2026-07-16T02:09:14.768864,0.8
2017-0282,2017-0282,['2017-0282'],,,,"Alfred Charest, III & a. v. Kym Blaisdell",https://www.courts.nh.gov/sites/g/files/ehbemt471/files/documents/2021-09/20170282.pdf,,2017-11-28,,2017,Circuit Court,circuit_court,"Cyr, Referee, approved by
Rappa",civil,standard,affirmed,per_curiam,Per Curiam,4,0,0,0,4-0,True,False,False,"['statutory_interpretation', 'contract']","['RSA 540-A:3', 'RSA 540-A:4, IX']",RSA 540-A:3,True,['clear_error'],,704,case_order,1.0.0,2026-07-16T02:09:15.328369,0.8
2017-0068,2017-0068,['2017-0068'],,,,Appeal of Richard Adam,https://www.courts.nh.gov/sites/g/files/ehbemt471/files/documents/2021-09/20170068.pdf,,2017-11-27,,2017,,,,civil,standard,,per_curiam,Per Curiam,0,0,0,3,N/A,False,False,False,"['statutory_interpretation', 'constitutional', 'employment']","['RSA 281-A:37, II', 'RSA 281-A']","RSA 281-A:37, II",True,[],,1431,case_order,1.0.0,2026-07-16T02:09:17.710740,0.8
2016-0582,2016-0582,"['2016-0582', '2009-2013', '2015-2018']",,,,Appeal of Manchester School District,https://www.courts.nh.gov/sites/g/files/ehbemt471/files/documents/2021-09/20160582.pdf,,2017-11-22,,2017,,administrative,,civil,standard,dismissed,per_curiam,Per Curiam,0,0,0,3,N/A,False,False,False,"['administrative_law', 'statutory_interpretation', 'contract']","['RSA 541:4', 'RSA 189:13', 'RSA 189:14-a', 'RSA 541', 'RSA 273-A:6, IX']",RSA 541:4,True,[],,1294,case_order,1.0.0,2026-07-16T02:09:17.988719,0.8
2017-0148,2017-0148,['2017-0148'],,,,"John F. Best, Jr. v. Nationstar Mortgage & a.",https://www.courts.nh.gov/sites/g/files/ehbemt471/files/documents/2021-09/20170148.pdf,,2017-11-21,,2017,"Superior Court (Wageling, J.)",superior_court,Wageling,civil,standard,dismissed,per_curiam,Per Curiam,4,0,0,0,4-0,True,False,False,"['civil_procedure', 'property']",[],,False,['de_novo'],,699,case_order,1.0.0,2026-07-16T02:09:18.354447,0.8
2017-0281,2017-0281,['2017-0281'],,,,Cathie A. Partridge-White v. Jonathan Ramsdell,https://www.courts.nh.gov/sites/g/files/ehbemt471/files/documents/2021-09/20170281.pdf,,2017-11-14,,2017,"Superior Court (Colburn, J.)",superior_court,Colburn,civil,standard,affirmed,per_curiam,Per Curiam,4,0,0,0,4-0,True,False,False,"['civil_procedure', 'contract', 'tort']",[],,False,[],,1318,case_order,1.0.0,2026-07-16T02:09:18.793482,0.8
2017-0348,2017-0348,['2017-0348'],,,,Kathleen Kristiansen v. Glenn Erlandson,https://www.courts.nh.gov/sites/g/files/ehbemt471/files/documents/2021-09/20170348.pdf,,2017-11-14,,2017,Circuit Court,circuit_court,Coughlin,family/domestic,standard,affirmed,per_curiam,Per Curiam,4,0,0,0,4-0,True,False,False,"['evidence', 'domestic_violence', 'tax']","['RSA 173-B:5, VI']","RSA 173-B:5, VI",False,[],,837,case_order,1.0.0,2026-07-16T02:09:19.357046,0.8
2017-0290,2017-0290,['2017-0290'],,,,"In the Matter of Robert Howard, Jr. and Caroline Howard",https://www.courts.nh.gov/sites/g/files/ehbemt471/files/documents/2021-09/20170290.pdf,,2017-11-13,,2017,"Circuit Court (Cross, Referee, approved by Foley, J.) in his divorce from the",circuit_court,"Cross, Referee, approved by Foley",family/domestic,standard,affirmed,per_curiam,Per Curiam,4,0,0,0,4-0,True,False,False,['family_law'],[],,False,[],,422,case_order,1.0.0,2026-07-16T02:09:19.462033,0.8
2016-0679,2016-0679,['2016-0679'],,,,Charles Cote & a. v. Town of Danville,https://www.courts.nh.gov/sites/g/files/ehbemt471/files/documents/2021-09/20160679.pdf,,2017-11-08,,2017,"Superior Court (Schulman, J.)",superior_court,Schulman,civil,standard,affirmed,per_curiam,Per Curiam,3,0,0,1,3-0,True,False,False,"['administrative_law', 'property']","['RSA 677:6', 'RSA 21:34-a, II', 'RSA 674:32-b', 'RSA 21:34-a', 'RSA 672:1', 'RSA 674:32-a']",RSA 677:6,False,[],,1275,case_order,1.0.0,2026-07-16T02:09:20.343931,0.8
2016-0565,2016-0565,['2016-0565'],,,,"Mary Wright v. Mask Construction, LLC; Mary Wright & a. v. Hubert Clifford Mask, III & a",https://www.courts.nh.gov/sites/g/files/ehbemt471/files/documents/2021-09/20160565.pdf,,2017-11-08,,2017,"Superior Court (McNamara, J.)",superior_court,McNamara,family/domestic,standard,,per_curiam,Per Curiam,0,0,0,3,N/A,False,False,False,"['property', 'tort', 'evidence', 'domestic_violence']","['RSA 304-A:6, I']","RSA 304-A:6, I",False,[],,1415,case_order,1.0.0,2026-07-16T02:09:22.148317,0.8
2017-0165,2017-0165,['2017-0165'],,,,Matthew Patch v. Mark Patch,https://www.courts.nh.gov/sites/g/files/ehbemt471/files/documents/2021-09/20170165.pdf,,2017-10-27,,2017,Superior Court,superior_court,Bornstein,civil,standard,affirmed,per_curiam,Per Curiam,4,0,0,0,4-0,True,False,False,"['statutory_interpretation', 'property', 'contract']",['RSA 542:8'],RSA 542:8,True,[],,1047,case_order,1.0.0,2026-07-16T02:09:22.676989,0.8
2016-0569,2016-0569,['2016-0569'],,,,In the Matter of Liquidation of The Home Insurance Company,https://www.courts.nh.gov/sites/g/files/ehbemt471/files/documents/2021-09/20160569.pdf,,2017-10-27,,2017,"Superior Court (Nicolosi, J.)",superior_court,Nicolosi,civil,standard,,per_curiam,Per Curiam,0,0,0,3,N/A,False,False,False,"['insurance', 'statutory_interpretation', 'contract', 'tort']","['RSA 402-C:44, II']","RSA 402-C:44, II",True,['de_novo'],,1124,case_order,1.0.0,2026-07-16T02:09:22.836062,0.8
2017-0189,2017-0189,['2017-0189'],,,,"James Clark, III v. Frank Woodward d/b/a Yankee Precision Engineering & a.",https://www.courts.nh.gov/sites/g/files/ehbemt471/files/documents/2021-09/20170189.pdf,,2017-10-27,,2017,Circuit Court,circuit_court,Boyle,civil,standard,affirmed,per_curiam,Per Curiam,4,0,0,0,4-0,True,False,False,['tort'],[],,False,[],,277,case_order,1.0.0,2026-07-16T02:09:23.919190,0.8
2016-0658,2016-0658,['2016-0658'],,,,Patricia O’Donnell v. Kathryn O’Donnell,https://www.courts.nh.gov/sites/g/files/ehbemt471/files/documents/2021-09/20160658.pdf,,2017-10-27,,2017,,,,civil,standard,affirmed,per_curiam,Per Curiam,4,0,0,0,4-0,True,False,False,"['property', 'contract', 'tax']",[],,False,[],,957,case_order,1.0.0,2026-07-16T02:09:24.496588,0.8
2016-0620,2016-0620,['2016-0620'],,,,State of New Hampshire v. Robert Williams,https://www.courts.nh.gov/sites/g/files/ehbemt471/files/documents/2021-09/20160620.pdf,,2017-10-27,,2017,Superior Court,superior_court,Abramson,family/domestic,standard,affirmed,per_curiam,Per Curiam,4,0,0,0,4-0,True,False,False,['domestic_violence'],[],,False,[],,825,case_order,1.0.0,2026-07-16T02:09:25.622511,0.8
2017-0067,2017-0067,['2017-0067'],,,,"Eugene Gaudreau & a. v. Wal-Mart Stores, Inc. & a.",https://www.courts.nh.gov/sites/g/files/ehbemt471/files/documents/2021-09/20170067.pdf,,2017-10-26,,2017,"Superior Court (Anderson, J.)",superior_court,Anderson,civil,standard,affirmed,per_curiam,Per Curiam,3,0,0,0,3-0,True,False,False,['tort'],[],,False,[],,908,case_order,1.0.0,2026-07-16T02:09:25.876060,0.8
2016-0619,2016-0619,['2016-0619'],,,,"In the Matter of Stephanie Moore and Richard Cox, Sr.",https://www.courts.nh.gov/sites/g/files/ehbemt471/files/documents/2021-09/20160619.pdf,,2017-10-26,,2017,,,,family/domestic,standard,affirmed,per_curiam,Per Curiam,4,0,0,0,4-0,True,False,False,"['family_law', 'statutory_interpretation', 'constitutional', 'property', 'evidence']",[],,True,[],,985,case_order,1.0.0,2026-07-16T02:09:26.298751,0.8
2017-0072,2017-0072,['2017-0072'],,,,State of New Hampshire v. Dawson Hambright,https://www.courts.nh.gov/sites/g/files/ehbemt471/files/documents/2021-09/20170072.pdf,,2017-10-17,,2017,Circuit Court,circuit_court,Ashley,criminal,standard,affirmed,per_curiam,Per Curiam,4,0,0,0,4-0,True,False,False,"['criminal', 'tax']","['RSA 265:79', 'RSA 626:2, II']",RSA 265:79,False,[],,1356,case_order,1.0.0,2026-07-16T02:09:26.869472,0.8
2016-0697,2016-0697,['2016-0697'],,,,In the Matter of Neeraja Reddy and Veerender Makam,https://www.courts.nh.gov/sites/g/files/ehbemt471/files/documents/2021-09/20160697.pdf,,2017-10-17,,2017,"Circuit Court (Introcaso, J.)",circuit_court,Introcaso,family/domestic,standard,affirmed,per_curiam,Per Curiam,3,0,0,1,3-0,True,False,False,"['insurance', 'family_law', 'property', 'tax']","['RSA 458:16-a, II']","RSA 458:16-a, II",False,[],,614,case_order,1.0.0,2026-07-16T02:09:26.964422,0.8
2017-0118,2017-0118,['2017-0118'],,,,In the Matter of Christopher Lawton and Christi Lawton,https://www.courts.nh.gov/sites/g/files/ehbemt471/files/documents/2021-09/20170118.pdf,,2017-10-17,,2017,,,,family/domestic,standard,affirmed,per_curiam,Per Curiam,4,0,0,0,4-0,True,False,False,"['family_law', 'property', 'employment', 'tax']","['RSA 458:19, I', 'RSA 458:16-a', 'RSA 458:16-a, II', 'RSA 458:19, IV']","RSA 458:19, I",False,[],,1132,case_order,1.0.0,2026-07-16T02:09:29.630556,0.8
2017-0023,2017-0023,['2017-0023'],,,,State of New Hampshire v. Michael Regan,https://www.courts.nh.gov/sites/g/files/ehbemt471/files/documents/2021-09/20170023.pdf,,2017-10-17,,2017,Superior Court,superior_court,O’Neill,criminal,standard,,per_curiam,Per Curiam,0,0,0,3,N/A,False,False,False,"['criminal', 'constitutional', 'evidence']","['RSA 635:1', 'RSA 635:1, I']",RSA 635:1,False,[],,1407,case_order,1.0.0,2026-07-16T02:09:29.820322,0.8
2016-0543,2016-0543,['2016-0543'],,,,"Appeal of Mr. Bult’s, Inc.",https://www.courts.nh.gov/sites/g/files/ehbemt471/files/documents/2021-09/20160543.pdf,,2017-10-16,,2017,,administrative,,civil,standard,,per_curiam,Per Curiam,0,0,0,3,N/A,False,False,False,"['insurance', 'administrative_law', 'statutory_interpretation', 'employment', 'tort']","['RSA 541:13', 'RSA 281-A:2, XIV', 'RSA 281', 'RSA 281-A:54', 'RSA 281-A:54, I', 'RSA 281-A:54, III']",RSA 541:13,True,['de_novo'],,1273,case_order,1.0.0,2026-07-16T02:09:30.078352,0.8
2017-0179,2017-0179,['2017-0179'],,,,In the Matter of Sandra W. Hair and Sandra L. Hair & a.,https://www.courts.nh.gov/sites/g/files/ehbemt471/files/documents/2021-09/20170179.pdf,,2017-10-13,,2017,Circuit Court,circuit_court,"Cyr,
Referee, approved by Rappa",family/domestic,standard,affirmed,per_curiam,Per Curiam,4,0,0,0,4-0,True,False,False,"['family_law', 'statutory_interpretation']","['RSA 461-A:13', 'RSA 461-A:13, II', 'RSA 461']",RSA 461-A:13,True,['de_novo'],,1296,case_order,1.0.0,2026-07-16T02:09:30.463841,0.8
2016-0328,2016-0328,['2016-0328'],,,,"David Eldridge & a. v. Ocwen Loan Servicing, LLC & a.",https://www.courts.nh.gov/sites/g/files/ehbemt471/files/documents/2021-09/20160328.pdf,,2017-10-12,,2017,"Superior Court (Colburn, J.)",superior_court,Colburn,civil,standard,affirmed,per_curiam,Per Curiam,0,0,0,3,N/A,False,False,False,"['civil_procedure', 'property', 'contract', 'evidence', 'tax']",[],,False,['de_novo'],,1249,case_order,1.0.0,2026-07-16T02:09:30.961904,0.8
2016-0645,2016-0645,['2016-0645'],,,,State of New Hampshire v. Jonathan Nzali,https://www.courts.nh.gov/sites/g/files/ehbemt471/files/documents/2021-09/20160645.pdf,,2017-10-02,,2017,"Superior Court (Delker, J.)",superior_court,Delker,criminal,standard,,per_curiam,Per Curiam,0,0,0,3,N/A,False,False,False,"['criminal', 'evidence']","['RSA 645:1, II', 'RSA 645:1, I']","RSA 645:1, II",False,[],,1464,case_order,1.0.0,2026-07-16T02:09:31.523956,0.8
2016-0589,2016-0589,['2016-0589'],,,,"Christopher Ouellette v. Chuck Smith's Auto, LLC",https://www.courts.nh.gov/sites/g/files/ehbemt471/files/documents/2021-09/20160589.pdf,,2017-09-29,,2017,Circuit Court,circuit_court,Crocker,civil,standard,,per_curiam,Per Curiam,0,0,0,3,N/A,False,False,False,"['contract', 'evidence']","['RSA 266:1', 'RSA 358-A:2, V', 'RSA 358-F', 'RSA 358-A:2, VII']",RSA 266:1,False,[],,1491,case_order,1.0.0,2026-07-16T02:09:34.135293,0.8
2017-0117,2017-0117,['2017-0117'],,,,Lancelot Court Condominium Association v. Judith Tompson,https://www.courts.nh.gov/sites/g/files/ehbemt471/files/documents/2021-09/20170117.pdf,,2017-09-28,,2017,Superior Court,superior_court,Anderson,civil,standard,dismissed,per_curiam,Per Curiam,4,0,0,0,4-0,True,False,False,"['civil_procedure', 'statutory_interpretation', 'constitutional', 'property', 'tax']","['RSA 529:20', 'RSA 529:20-a', 'RSA 480:4', 'RSA 480:4, IV']",RSA 529:20,True,[],,646,case_order,1.0.0,2026-07-16T02:09:34.484933,0.8
2016-0628,2016-0628,['2016-0628'],,,,In the Matter of Eva Stilkey and Alexander Marsters,https://www.courts.nh.gov/sites/g/files/ehbemt471/files/documents/2021-09/20160628.pdf,,2017-09-28,,2017,,,,family/domestic,standard,,per_curiam,Per Curiam,0,0,0,3,N/A,False,False,False,"['family_law', 'domestic_violence']","['RSA 461-A:6, I']","RSA 461-A:6, I",False,['de_novo'],,1412,case_order,1.0.0,2026-07-16T02:09:35.049247,0.8
2016-0488,2016-0488,['2016-0488'],,,,"Todor D. Simeonov & a. v. Twins Contracting, LLC & a.; Twins Contracting, LLC v. Tuida Enterprises, LLC & a.",https://www.courts.nh.gov/sites/g/files/ehbemt471/files/documents/2021-09/20160488.pdf,,2017-09-20,,2017,"Superior Court (O’Neill, J.)",superior_court,O’Neill,civil,standard,,per_curiam,Per Curiam,0,0,0,3,N/A,False,False,False,"['contract', 'tort']","['RSA 358-A', 'RSA 304-C:23']",RSA 358-A,False,[],,1409,case_order,1.0.0,2026-07-16T02:09:37.812085,0.8
2016-0666,2016-0666,['2016-0666'],,,,George Nicolaou v. Marilyn J. Taylor & a.,https://www.courts.nh.gov/sites/g/files/ehbemt471/files/documents/2021-09/20160666.pdf,,2017-09-20,,2017,"Superior Court (Ruoff, J.)",superior_court,Ruoff,civil,standard,,per_curiam,Per Curiam,0,0,0,3,N/A,False,False,False,['property'],['RSA 491:22'],RSA 491:22,False,['de_novo'],,1407,case_order,1.0.0,2026-07-16T02:09:38.085860,0.8
2016-0353,2016-0353,['2016-0353'],,,,State of New Hampshire v. Scott LeBlanc,https://www.courts.nh.gov/sites/g/files/ehbemt471/files/documents/2021-09/20160353.pdf,,2017-09-20,,2017,Superior Court,superior_court,,criminal,standard,affirmed,per_curiam,Per Curiam,4,0,0,0,4-0,True,False,False,['criminal'],['RSA 632-A:2'],RSA 632-A:2,False,[],,802,case_order,1.0.0,2026-07-16T02:09:38.423393,0.8
2017-0126,2017-0126,['2017-0126'],,,,Robert V. Cavanagh & a. v. Charles Beaulieu & a.,https://www.courts.nh.gov/sites/g/files/ehbemt471/files/documents/2021-09/20170126.pdf,,2017-09-20,,2017,"Superior Court (Colburn, J.)",superior_court,Colburn,civil,standard,remanded,per_curiam,Per Curiam,4,0,0,0,4-0,True,False,False,"['civil_procedure', 'property', 'contract']",[],,False,['de_novo'],,1301,case_order,1.0.0,2026-07-16T02:09:38.815963,0.8
2016-0191,2016-0191,['2016-0191'],,,,State of New Hampshire v. Kyle C. Buffum,https://www.courts.nh.gov/sites/g/files/ehbemt471/files/documents/2021-09/20160191.pdf,,2017-09-19,,2017,,,,criminal,standard,,per_curiam,Per Curiam,0,0,0,3,N/A,False,False,False,"['criminal', 'constitutional']",['RSA 644:18'],RSA 644:18,False,"['de_novo', 'plain_error']",,1318,case_order,1.0.0,2026-07-16T02:09:39.386830,0.8
2017-0109,2017-0109,['2017-0109'],,,,Sanford Woodmansee & a. v. Federal National Mortgage Association,https://www.courts.nh.gov/sites/g/files/ehbemt471/files/documents/2021-09/20170109.pdf,,2017-09-19,,2017,"Superior Court (Delker, J.)",superior_court,Delker,civil,standard,affirmed,per_curiam,Per Curiam,4,0,0,0,4-0,True,False,False,"['civil_procedure', 'property', 'contract']","['RSA 479:26', 'RSA 540', 'RSA 540:17', 'RSA 540:19', 'RSA 478:42', 'RSA 491:8-a, II', 'RSA 479:25, II']",RSA 479:26,False,['de_novo'],,1378,case_order,1.0.0,2026-07-16T02:09:39.981209,0.8
2016-0306,2016-0306,['2016-0306'],,,,State of New Hampshire v. Daniel King,https://www.courts.nh.gov/sites/g/files/ehbemt471/files/documents/2021-09/20160306.pdf,,2017-09-19,,2017,"Superior Court (O’Neill, J.)",superior_court,O’Neill,civil,standard,,per_curiam,Per Curiam,0,0,0,3,N/A,False,False,False,"['constitutional', 'evidence']",['RSA 645:1'],RSA 645:1,False,['de_novo'],,1359,case_order,1.0.0,2026-07-16T02:09:43.405580,0.8
2016-0549,2016-0549,['2016-0549'],,,,Joseph W. Chalifoux v. Jennifer M. Chalifoux & a.,https://www.courts.nh.gov/sites/g/files/ehbemt471/files/documents/2021-09/20160549.pdf,,2017-09-19,,2017,Superior Court,superior_court,Temple,family/domestic,standard,,per_curiam,Per Curiam,0,0,0,3,N/A,False,False,False,"['criminal', 'family_law', 'civil_procedure', 'statutory_interpretation', 'constitutional']",['RSA 510:4'],RSA 510:4,True,[],,1426,case_order,1.0.0,2026-07-16T02:09:43.966076,0.8
2017-0052,2017-0052,['2017-0052'],,,,"Kerry Kidd v. Commissioner, New Hampshire Department of Corrections",https://www.courts.nh.gov/sites/g/files/ehbemt471/files/documents/2021-09/20170052.pdf,,2017-09-18,,2017,Superior Court,superior_court,Bornstein,civil,standard,affirmed,per_curiam,Per Curiam,2,0,0,2,2-0,True,False,False,"['administrative_law', 'statutory_interpretation', 'property']","['RSA 622:31-a', 'RSA 524:6-a', 'RSA 511:2', 'RSA 511', 'RSA 511:1']",RSA 622:31-a,True,[],,718,case_order,1.0.0,2026-07-16T02:09:44.087426,0.8
2016-0231,2016-0231,['2016-0231'],,,,State of New Hampshire v. Tina Cehic,https://www.courts.nh.gov/sites/g/files/ehbemt471/files/documents/2021-09/20160231.pdf,,2017-09-18,,2017,"Superior Court (Smukler, J.)",superior_court,Smukler,criminal,standard,,per_curiam,Per Curiam,0,0,0,3,N/A,False,False,False,"['criminal', 'insurance', 'tort']","['RSA 626:8', 'RSA 631:3']",RSA 626:8,False,[],,1411,case_order,1.0.0,2026-07-16T02:09:46.292631,0.8
2017-0196,2017-0196,['2017-0196'],,,,Karen King v. Jennifer Lopez,https://www.courts.nh.gov/sites/g/files/ehbemt471/files/documents/2021-09/20170196.pdf,,2017-09-15,,2017,"Circuit Court (Crocker, J.)",circuit_court,Crocker,family/domestic,standard,affirmed,per_curiam,Per Curiam,4,0,0,0,4-0,True,False,False,"['criminal', 'statutory_interpretation', 'domestic_violence']","['RSA 633:3-a, III']","RSA 633:3-a, III",True,[],,492,case_order,1.0.0,2026-07-16T02:09:46.814879,0.8
2016-0550,2016-0550,['2016-0550'],,,,Appeal of David Drolet & a.,https://www.courts.nh.gov/sites/g/files/ehbemt471/files/documents/2021-09/20160550.pdf,,2017-09-15,,2017,,administrative,,civil,standard,,per_curiam,Per Curiam,0,0,0,3,N/A,False,False,False,"['administrative_law', 'property']","['RSA 482-A:3', 'RSA 482-A:10', 'RSA 482-A:11, II', 'RSA 541', 'RSA 482-A:10, VIII', 'RSA 541:13']",RSA 482-A:3,False,['de_novo'],,1365,case_order,1.0.0,2026-07-16T02:09:47.383239,0.8
2017-0100,2017-0100,['2017-0100'],,,,State of New Hampshire v. Gretchen A. Haffer,https://www.courts.nh.gov/sites/g/files/ehbemt471/files/documents/2021-09/20170100.pdf,,2017-09-15,,2017,"Circuit Court (Carroll, J.)",circuit_court,Carroll,criminal,standard,affirmed,per_curiam,Per Curiam,4,0,0,0,4-0,True,False,False,"['criminal', 'statutory_interpretation', 'tax']","['RSA 265:25', 'RSA 265:25, I', 'RSA 265:25, IV', 'RSA 188-F:31, I']",RSA 265:25,True,['de_novo'],,580,case_order,1.0.0,2026-07-16T02:09:47.475303,0.8
2016-0642,2016-0642,['2016-0642'],,,,In the Matter of Crystal Ndyaija and Joshua Ndyaija,https://www.courts.nh.gov/sites/g/files/ehbemt471/files/documents/2021-09/20160642.pdf,,2017-08-16,,2017,,,,family/domestic,standard,vacated,per_curiam,Per Curiam,3,0,0,0,3-0,True,False,False,['family_law'],[],,False,['de_novo'],,481,case_order,1.0.0,2026-07-16T02:09:47.743432,0.8
2016-0494,2016-0494,['2016-0494'],,,,State of New Hampshire v. Anthony Manuel Ortiz,https://www.courts.nh.gov/sites/g/files/ehbemt471/files/documents/2021-09/20160494.pdf,,2017-08-16,,2017,"Superior Court (Delker, J.)",superior_court,Delker,criminal,standard,,per_curiam,Per Curiam,0,0,0,3,N/A,False,False,False,"['criminal', 'evidence']","['RSA 632-A:2, I', 'RSA 633:2']","RSA 632-A:2, I",False,['de_novo'],,1349,case_order,1.0.0,2026-07-16T02:09:51.250114,0.8
2016-0643,2016-0643,['2016-0643'],,,,"Michael Stringer & a. v. People's United Bank, N.A.",https://www.courts.nh.gov/sites/g/files/ehbemt471/files/documents/2021-09/20160643.pdf,,2017-08-16,,2017,"Superior Court (Temple, J.)",superior_court,Temple,civil,standard,affirmed,per_curiam,Per Curiam,2,0,0,1,2-0,True,False,False,"['statutory_interpretation', 'contract']","['RSA 479:25', 'RSA 480:5-a']",RSA 479:25,True,[],,381,case_order,1.0.0,2026-07-16T02:09:51.627452,0.8
2016-0572,2016-0572,['2016-0572'],,,,In the Matter of Giovanni Santiago and Meghan Morrissey,https://www.courts.nh.gov/sites/g/files/ehbemt471/files/documents/2021-09/20160572_0.pdf,,2017-08-16,,2017,"Circuit Court (Chabot, J.)",circuit_court,Chabot,family/domestic,standard,,per_curiam,Per Curiam,0,0,0,3,N/A,False,False,False,"['insurance', 'family_law', 'constitutional', 'employment', 'tax']","['RSA 461-A:6', 'RSA 461-A:12', 'RSA 461-A:16, I', 'RSA 461-A:12, II', 'RSA 461', 'RSA 461-A:12, VI']",RSA 461-A:6,False,"['de_novo', 'plain_error']",,1417,case_order,1.0.0,2026-07-16T02:09:52.202178,0.8
2017-0069,2017-0069,['2017-0069'],,,,Gail E. DiGirolamo v. Michael J. Stewart,https://www.courts.nh.gov/sites/g/files/ehbemt471/files/documents/2021-09/20170069.pdf,,2017-08-15,,2017,Superior Court,superior_court,Ignatius,civil,standard,affirmed,per_curiam,Per Curiam,3,0,0,0,3-0,True,False,False,"['civil_procedure', 'statutory_interpretation', 'property']",['RSA 547-C'],RSA 547-C,True,[],,433,case_order,1.0.0,2026-07-16T02:09:52.292092,0.8
2017-0234,2017-0234,['2017-0234'],,,,Melissa Allen v. Lawrence Holdsworth,https://www.courts.nh.gov/sites/g/files/ehbemt471/files/documents/2021-09/20170234.pdf,,2017-08-15,,2017,,,,family/domestic,standard,affirmed,per_curiam,Per Curiam,3,0,0,0,3-0,True,False,False,"['criminal', 'family_law', 'constitutional', 'employment', 'domestic_violence']","['RSA 173-B:5', 'RSA 173-B', 'RSA 173-B:1', 'RSA 633:3-a', 'RSA 173-B:1, I', 'RSA 633:3-a, I', 'RSA 633:3-a, II']",RSA 173-B:5,False,[],,1080,case_order,1.0.0,2026-07-16T02:09:54.958997,0.8
2016-0501,2016-0501,['2016-0501'],,,,In the Matter of Carolina Dahlqvist and Alberto Jose Marca Cham,https://www.courts.nh.gov/sites/g/files/ehbemt471/files/documents/2021-09/20160501.pdf,,2017-08-14,,2017,"Circuit Court (Tenney, J.)",circuit_court,Tenney,family/domestic,standard,affirmed,per_curiam,Per Curiam,3,0,0,0,3-0,True,False,False,"['family_law', 'property', 'employment']","['RSA 458:7, V']","RSA 458:7, V",False,[],,1026,case_order,1.0.0,2026-07-16T02:09:55.267840,0.8
2016-0458,2016-0458,['2016-0458'],,,,State of New Hampshire v. Andre J. Bergeron,https://www.courts.nh.gov/sites/g/files/ehbemt471/files/documents/2021-09/20160458.pdf,,2017-08-11,,2017,"Superior Court (Bornstein, J.)",superior_court,Bornstein,civil,standard,affirmed,per_curiam,Per Curiam,3,0,0,0,3-0,True,False,False,['property'],"['RSA 638:5', 'RSA 637:7']",RSA 638:5,False,[],,586,case_order,1.0.0,2026-07-16T02:09:55.569063,0.8
2016-0607,2016-0607,['2016-0607'],,,,Brian J. Krol & a. v. Liberty Mutual Insurance Company,https://www.courts.nh.gov/sites/g/files/ehbemt471/files/documents/2021-09/20160607.pdf,,2017-08-11,,2017,"Superior Court (Schulman, J.)",superior_court,Schulman,civil,standard,affirmed,per_curiam,Per Curiam,0,0,0,3,N/A,False,False,False,"['insurance', 'civil_procedure', 'contract']","['RSA 417:14, XV']","RSA 417:14, XV",False,['de_novo'],,785,case_order,1.0.0,2026-07-16T02:09:55.974116,0.8
2016-0657,2016-0657,['2016-0657'],,,,Anthony Venti v. Town of Newport,https://www.courts.nh.gov/sites/g/files/ehbemt471/files/documents/2021-09/20160657.pdf,,2017-08-10,,2017,"Superior Court (Tucker, J.)",superior_court,Tucker,civil,standard,,per_curiam,Per Curiam,0,0,0,3,N/A,False,False,False,"['civil_procedure', 'statutory_interpretation', 'constitutional', 'property', 'contract', 'tort', 'tax']","['RSA 212:34, II', 'RSA 508:14, I', 'RSA 212:34, I', 'RSA 212:34', 'RSA 507-B:2', 'RSA 231', 'RSA 422']","RSA 212:34, II",True,[],,1385,case_order,1.0.0,2026-07-16T02:09:56.433414,0.8
2016-0369,2016-0369,['2016-0369'],,,,In the Matter of Susan Drew and James Drew,https://www.courts.nh.gov/sites/g/files/ehbemt471/files/documents/2021-09/20160369.pdf,,2017-08-03,,2017,"Circuit Court (Foley, J.)",circuit_court,Foley,family/domestic,standard,dismissed,per_curiam,Per Curiam,0,0,0,3,N/A,False,False,False,"['family_law', 'employment']","['RSA 458:16-a, II']","RSA 458:16-a, II",False,[],,1329,case_order,1.0.0,2026-07-16T02:09:57.000317,0.8
2017-0043,2017-0043,['2017-0043'],,,,Karen Hinse v. Ryan Dunn,https://www.courts.nh.gov/sites/g/files/ehbemt471/files/documents/2021-09/20170043.pdf,,2017-08-01,,2017,Circuit Court,circuit_court,Tenney,family/domestic,standard,affirmed,per_curiam,Per Curiam,3,0,0,0,3-0,True,False,False,"['criminal', 'family_law', 'domestic_violence']","['RSA 173-B:5', 'RSA 173-B', 'RSA 173-B:1', 'RSA 632-A:2', 'RSA 632-A:5', 'RSA 173-B:1, I', 'RSA 632-A:2, I', 'RSA 632-A:6, I']",RSA 173-B:5,False,[],,889,case_order,1.0.0,2026-07-16T02:09:57.329586,0.8
2017-0144,2017-0144,['2017-0144'],,,,"Alison Baker v. James Acheson, Jr.",https://www.courts.nh.gov/sites/g/files/ehbemt471/files/documents/2021-09/20170144.pdf,,2017-08-01,,2017,Circuit Court,circuit_court,Pendleton,family/domestic,standard,affirmed,per_curiam,Per Curiam,3,0,0,0,3-0,True,False,False,"['criminal', 'property', 'domestic_violence']","['RSA 173-B:5', 'RSA 173-B', 'RSA 173-B:1', 'RSA 634:2', 'RSA 173-B:1, I']",RSA 173-B:5,False,[],,701,case_order,1.0.0,2026-07-16T02:09:58.027668,0.8
2016-0271,2016-0271,['2016-0271'],,,,State of New Hampshire v. Daniel Perez,https://www.courts.nh.gov/sites/g/files/ehbemt471/files/documents/2021-09/20160271.pdf,,2017-08-01,,2017,"Superior Court (Schulman, J.)",superior_court,Schulman,family/domestic,standard,affirmed,per_curiam,Per Curiam,3,0,0,0,3-0,True,False,False,"['criminal', 'family_law', 'constitutional', 'domestic_violence']","['RSA 629:1', 'RSA 632-A:2, I', 'RSA 632-A:3, III']",RSA 629:1,False,[],,1185,case_order,1.0.0,2026-07-16T02:09:58.405828,0.8
2016-0559,2016-0559,['2016-0559'],,,,The Rolling Green at Whip-Poor-Will Condominium Townhouse Owners’ Association v. David Eldridge & a.,https://www.courts.nh.gov/sites/g/files/ehbemt471/files/documents/2021-09/20160559.pdf,,2017-07-31,,2017,"Circuit Court (Moore, J.)",circuit_court,Moore,civil,standard,reversed,per_curiam,Per Curiam,3,0,0,0,3-0,True,False,False,['civil_procedure'],[],,False,['de_novo'],,1019,case_order,1.0.0,2026-07-16T02:09:58.882332,0.8
2016-0449,2016-0449,['2016-0449'],,,,Charles Emerson v. Noel Gonzales & a.,https://www.courts.nh.gov/sites/g/files/ehbemt471/files/documents/2021-09/20160449.pdf,,2017-07-31,,2017,Circuit Court,circuit_court,"Kent, Referee, approved by Rappa",civil,standard,affirmed,per_curiam,Per Curiam,3,0,0,0,3-0,True,False,False,"['statutory_interpretation', 'contract']",[],,True,[],,658,case_order,1.0.0,2026-07-16T02:09:59.404121,0.8
2016-0425,2016-0425,['2016-0425'],,,,State of New Hampshire v. George J. Sartorelli,https://www.courts.nh.gov/sites/g/files/ehbemt471/files/documents/2021-09/20160425.pdf,,2017-07-31,,2017,Superior Court,superior_court,Tucker,civil,standard,affirmed,per_curiam,Per Curiam,3,0,0,0,3-0,True,False,False,"['constitutional', 'property']",['RSA 595'],RSA 595,False,[],,351,case_order,1.0.0,2026-07-16T02:09:59.973455,0.8
2017-0065,2017-0065,['2017-0065'],,,,In the Matter of Robert Asipi and Melinda Diaz,https://www.courts.nh.gov/sites/g/files/ehbemt471/files/documents/2021-09/20170065.pdf,,2017-07-31,,2017,"Circuit Court (Foley, J.)",circuit_court,Foley,family/domestic,standard,affirmed,per_curiam,Per Curiam,3,0,0,0,3-0,True,False,False,"['family_law', 'statutory_interpretation']",['RSA 461-A:20'],RSA 461-A:20,True,[],,611,case_order,1.0.0,2026-07-16T02:10:00.286106,0.8
2017-0139,2017-0139,['2017-0139'],,,,Christina DePamphilis v. Paul Maravelias,https://www.courts.nh.gov/sites/g/files/ehbemt471/files/documents/2021-09/20170139.pdf,,2017-07-28,,2017,Circuit Court,circuit_court,Stephen,family/domestic,standard,,per_curiam,Per Curiam,0,0,0,3,N/A,False,False,False,"['criminal', 'statutory_interpretation', 'constitutional', 'domestic_violence']","['RSA 633:3-a, III', 'RSA 633:3-a, II', 'RSA 633:3-a, I', 'RSA 633:3-a']","RSA 633:3-a, III",True,['plain_error'],,1490,case_order,1.0.0,2026-07-16T02:10:03.015254,0.8
2015-0271,2015-0271,['2015-0271'],,,,State of New Hampshire v. James Robarge,https://www.courts.nh.gov/sites/g/files/ehbemt471/files/documents/2021-09/20150271.pdf,,2017-07-28,,2017,"Superior Court (Tucker, J.)",superior_court,Tucker,family/domestic,standard,,per_curiam,Per Curiam,0,0,0,3,N/A,False,False,False,"['criminal', 'family_law', 'property']",['RSA 630:1-'],RSA 630:1-,False,[],,1356,case_order,1.0.0,2026-07-16T02:10:03.352927,0.8
2016-0490,2016-0490,['2016-0490'],,,,State of New Hampshire v. Mark Murphy,https://www.courts.nh.gov/sites/g/files/ehbemt471/files/documents/2021-09/20160490.pdf,,2017-07-28,,2017,Superior Court,superior_court,Wageling,criminal,standard,affirmed,per_curiam,Per Curiam,3,0,0,0,3-0,True,False,False,[],"['RSA 631:2, I']","RSA 631:2, I",False,[],,221,case_order,1.0.0,2026-07-16T02:10:03.765786,0.8
2016-0201,2016-0201,['2016-0201'],,,,State of New Hampshire v. John J. Corcoran,https://www.courts.nh.gov/sites/g/files/ehbemt471/files/documents/2021-09/20160201.pdf,,2017-07-27,,2017,Circuit Court,circuit_court,DeVries,criminal,standard,,per_curiam,Per Curiam,0,0,0,3,N/A,False,False,False,"['criminal', 'insurance', 'constitutional', 'property', 'tort']","['RSA 264:25, I', 'RSA 259:1-a', 'RSA 625:9, II']","RSA 264:25, I",False,['de_novo'],,1242,case_order,1.0.0,2026-07-16T02:10:04.315409,0.8
2016-0614,2016-0614,['2016-0614'],,,,Peter Fuller v. Concord General Mutual Insurance Company,https://www.courts.nh.gov/sites/g/files/ehbemt471/files/documents/2021-09/20160614.pdf,,2017-07-27,,2017,"Superior Court (Schulman, J.)",superior_court,Schulman,civil,standard,affirmed,per_curiam,Per Curiam,2,0,0,1,2-0,True,False,False,"['insurance', 'civil_procedure', 'statutory_interpretation']",[],,True,[],,615,case_order,1.0.0,2026-07-16T02:10:04.916868,0.8
2016-0209,2016-0209,['2016-0209'],,,,State of New Hampshire v. Walton Valentin,https://www.courts.nh.gov/sites/g/files/ehbemt471/files/documents/2021-09/20160209.pdf,,2017-06-30,,2017,,administrative,,family/domestic,standard,,per_curiam,Per Curiam,0,0,0,3,N/A,False,False,False,"['criminal', 'civil_procedure', 'domestic_violence']","['RSA 631:1, I', 'RSA 651:2, II', 'RSA 173-B:9, III', 'RSA 597:6-d']","RSA 631:1, I",False,[],,1400,case_order,1.0.0,2026-07-16T02:10:05.180311,0.8
2016-0088,2016-0088,['2016-0088'],,,,State of New Hampshire v. Wilfred Bergeron,https://www.courts.nh.gov/sites/g/files/ehbemt471/files/documents/2021-09/20160088.pdf,,2017-06-30,,2017,"Superior Court (Brown, J.)",superior_court,Brown,criminal,standard,,per_curiam,Per Curiam,0,0,0,3,N/A,False,False,False,['criminal'],"['RSA 649-A:3-a', 'RSA 649-A:2, III', 'RSA 649-A:2, I', 'RSA 649-A', 'RSA 649-A:3']",RSA 649-A:3-a,False,['plain_error'],,1342,case_order,1.0.0,2026-07-16T02:10:05.339810,0.8
2017-0075,2017-0075,['2017-0075'],,,,In re Guardianship of M.R.; In the Matter of Tammy Desilets & a. and Natasha Duby & a.,https://www.courts.nh.gov/sites/g/files/ehbemt471/files/documents/2021-09/20170075.pdf,,2017-06-26,,2017,"Circuit Court (Foley, J.)",circuit_court,Foley,family/domestic,standard,,per_curiam,Per Curiam,0,0,0,3,N/A,False,False,False,['family_law'],"['RSA 461-A:6', 'RSA 169-C', 'RSA 170-C']",RSA 461-A:6,False,[],,1401,case_order,1.0.0,2026-07-16T02:10:05.498752,0.8
2016-0423,2016-0423,['2016-0423'],,,,State of New Hampshire v. Joanie Osgood,https://www.courts.nh.gov/sites/g/files/ehbemt471/files/documents/2021-09/20160423.pdf,,2017-06-23,,2017,"Superior Court (Nicolosi, J.)",superior_court,Nicolosi,family/domestic,standard,,per_curiam,Per Curiam,0,0,0,3,N/A,False,False,False,"['family_law', 'property', 'tort']","['RSA 644:8', 'RSA 644:8, III']",RSA 644:8,False,[],,1451,case_order,1.0.0,2026-07-16T02:10:05.730406,0.8
2017-0071,2017-0071,['2017-0071'],,,,Louise Bourdelais v. Kim Boisselle,https://www.courts.nh.gov/sites/g/files/ehbemt471/files/documents/2021-09/20170071.pdf,,2017-06-23,,2017,Circuit Court,circuit_court,Coughlin,family/domestic,standard,dismissed,per_curiam,Per Curiam,3,0,0,0,3-0,True,False,False,"['family_law', 'civil_procedure', 'statutory_interpretation', 'contract', 'evidence']",[],,True,[],,628,case_order,1.0.0,2026-07-16T02:10:06.152635,0.8
2017-0045,2017-0045,['2017-0045'],,,,"Jan Jasik v. Catamount Ridge, LLC a/k/a All State Builders, Inc.",https://www.courts.nh.gov/sites/g/files/ehbemt471/files/documents/2021-09/20170045.pdf,,2017-06-23,,2017,"Circuit Court (Tenney, J.)",circuit_court,Tenney,civil,standard,affirmed,per_curiam,Per Curiam,3,0,0,0,3-0,True,False,False,"['statutory_interpretation', 'contract']",['RSA 359-G'],RSA 359-G,True,[],,453,case_order,1.0.0,2026-07-16T02:10:06.603204,0.8
2016-0219,2016-0219,['2016-0219'],,,,"Petition of Assets Recovery Center, LLC d/b/a Assets Recovery Center of Florida & a.",https://www.courts.nh.gov/sites/g/files/ehbemt471/files/documents/2021-09/20160219.pdf,,2017-06-16,,2017,,administrative,,civil,standard,,per_curiam,Per Curiam,0,0,0,3,N/A,False,False,False,"['administrative_law', 'civil_procedure', 'statutory_interpretation']","['RSA 397-B', 'RSA 397', 'RSA 397-B:9-a, IX', 'RSA 397-B:6, V', 'RSA 397-B:9-a, VII', 'RSA 397-B:4, V', 'RSA 397-B:2, II', 'RSA 397-B:4, I', 'RSA 397-B:4-b']",RSA 397-B,True,[],,1327,case_order,1.0.0,2026-07-16T02:10:07.173209,0.8
2015-0510,2015-0510,['2015-0510'],,,,"Liberty Utilities (EnergyNorth Natural Gas) Corporation v. City of Concord; EnergyNorth Natural Gas, Inc. d/b/a Liberty Utilities v. City of Manchester",https://www.courts.nh.gov/sites/g/files/ehbemt471/files/documents/2021-09/20150510.pdf,,2017-06-16,,2017,"Superior Court (Smukler, J.)",superior_court,Smukler,civil,standard,remanded,per_curiam,Per Curiam,0,0,0,3,N/A,False,False,False,"['civil_procedure', 'contract', 'tax']","['RSA 231:185', 'RSA 236:11']",RSA 231:185,False,[],,1218,case_order,1.0.0,2026-07-16T02:10:07.789182,0.8
2016-0564,2016-0564,['2016-0564'],,,,State of New Hampshire v. David C. Smith,https://www.courts.nh.gov/sites/g/files/ehbemt471/files/documents/2021-09/20160564.pdf,,2017-06-09,,2017,,,,family/domestic,standard,,per_curiam,Per Curiam,0,0,0,3,N/A,False,False,False,"['criminal', 'administrative_law', 'family_law']","['RSA 207:3-d, I', 'RSA 541-A', 'RSA 206:19-a', 'RSA 207:1, II', 'RSA 207:1, XIX', 'RSA 207:1, IV', 'RSA 207:1, XXVII', 'RSA 206:26, V', 'RSA 594:1', 'RSA 594:14, I', 'RSA 594:1, III', 'RSA 3']","RSA 207:3-d, I",False,[],,1465,case_order,1.0.0,2026-07-16T02:10:08.043595,0.8
2017-0021,2017-0021,['2017-0021'],,,,Estate of Brandon P. Rock v. Metropolitan Group Property and Casualty Insurance Company,https://www.courts.nh.gov/sites/g/files/ehbemt471/files/documents/2021-09/20170021.pdf,,2017-06-09,,2017,"Superior Court (Tucker, J.)",superior_court,Tucker,civil,standard,affirmed,per_curiam,Per Curiam,2,0,0,1,2-0,True,False,False,"['insurance', 'civil_procedure', 'statutory_interpretation', 'property', 'contract', 'tort']","['RSA 491:22, I']","RSA 491:22, I",True,[],,971,case_order,1.0.0,2026-07-16T02:10:10.634052,0.8
2016-0606,2016-0606,['2016-0606'],,,,In the Matter of Coleen Walsh and Steven Walsh,https://www.courts.nh.gov/sites/g/files/ehbemt471/files/documents/2021-09/20160606.pdf,,2017-06-08,,2017,"Circuit Court (Leonard, J.)",circuit_court,Leonard,family/domestic,standard,,per_curiam,Per Curiam,0,0,0,3,N/A,False,False,False,"['insurance', 'family_law', 'property', 'employment', 'tax']","['RSA 458:16-a', 'RSA 458:19', 'RSA 458', 'RSA 458:16-a, II', 'RSA 458:16-b, I', 'RSA 458:19, I']",RSA 458:16-a,False,[],,1396,case_order,1.0.0,2026-07-16T02:10:11.477861,0.8
2016-0415,2016-0415,['2016-0415'],,,,State of New Hampshire v. Devin Irvine,https://www.courts.nh.gov/sites/g/files/ehbemt471/files/documents/2021-09/20160415.pdf,,2017-05-26,,2017,"Superior Court (Ruoff, J.)",superior_court,Ruoff,criminal,standard,affirmed,per_curiam,Per Curiam,3,0,0,0,3-0,True,False,False,"['criminal', 'constitutional', 'evidence']","['RSA 631:2-a, I', 'RSA 516:34']","RSA 631:2-a, I",False,[],,1008,case_order,1.0.0,2026-07-16T02:10:13.526684,0.8
2016-0681,2016-0681,['2016-0681'],,,,Cheyenne French v. Tucker Kram,https://www.courts.nh.gov/sites/g/files/ehbemt471/files/documents/2021-09/20160681.pdf,,2017-05-26,,2017,Circuit Court,circuit_court,Tenney,family/domestic,standard,reversed,per_curiam,Per Curiam,3,0,0,0,3-0,True,False,False,"['criminal', 'domestic_violence']","['RSA 633:3-a, III', 'RSA 633:3-a, I', 'RSA 633:3-a, II']","RSA 633:3-a, III",False,[],,468,case_order,1.0.0,2026-07-16T02:10:13.664057,0.8
2016-0410,2016-0410,['2016-0410'],,,,"Exeter River MHP Cooperative, Inc. v. James Dow & a.",https://www.courts.nh.gov/sites/g/files/ehbemt471/files/documents/2021-09/20160410.pdf,,2017-05-26,,2017,Circuit Court,circuit_court,Weaver,civil,standard,affirmed,per_curiam,Per Curiam,3,0,0,0,3-0,True,False,False,"['statutory_interpretation', 'contract']","['RSA 205-A:9', 'RSA 540', 'RSA 540:14', 'RSA 540:13-a', 'RSA 540:14, II']",RSA 205-A:9,True,"['de_novo', 'plain_error']",,826,case_order,1.0.0,2026-07-16T02:10:14.026147,0.8
2016-0597,2016-0597,['2016-0597'],,,,State of New Hampshire v. Hasaam-Udeen Muhammad,https://www.courts.nh.gov/sites/g/files/ehbemt471/files/documents/2021-09/20160597.pdf,,2017-05-26,,2017,"Superior Court (Kissinger, J.)",superior_court,Kissinger,criminal,standard,affirmed,per_curiam,Per Curiam,3,0,0,0,3-0,True,False,False,"['criminal', 'constitutional']",[],,False,['de_novo'],,1229,case_order,1.0.0,2026-07-16T02:10:14.410123,0.8
2016-0480,2016-0480,['2016-0480'],,,,Martha Fuller Clark & a. v. City of Portsmouth,https://www.courts.nh.gov/sites/g/files/ehbemt471/files/documents/2021-09/20160480.pdf,,2017-05-25,,2017,Superior Court,superior_court,Delker,civil,standard,affirmed,per_curiam,Per Curiam,3,0,0,0,3-0,True,False,False,['property'],"['RSA 677:6', 'RSA 674:21, II']",RSA 677:6,False,[],,818,case_order,1.0.0,2026-07-16T02:10:14.844776,0.8
2016-0453,2016-0453,['2016-0453'],,,,Allyn Jones v. Seabreeze Condominium Association,https://www.courts.nh.gov/sites/g/files/ehbemt471/files/documents/2021-09/20160453.pdf,,2017-05-16,,2017,Superior Court,superior_court,Schulman,civil,standard,affirmed,per_curiam,Per Curiam,3,0,0,0,3-0,True,False,False,"['property', 'contract']",[],,False,[],,579,case_order,1.0.0,2026-07-16T02:10:15.369727,0.8
2016-0444,2016-0444,['2016-0444'],,,,In re Estate of Scott Brewster,https://www.courts.nh.gov/sites/g/files/ehbemt471/files/documents/2021-09/20160444.pdf,,2017-05-16,,2017,Circuit Court,circuit_court,Quigley,civil,standard,,per_curiam,Per Curiam,0,0,0,3,N/A,False,False,False,['insurance'],"['RSA 457:39', 'RSA 567-A:4']",RSA 457:39,False,['de_novo'],,1475,case_order,1.0.0,2026-07-16T02:10:15.977122,0.8
2016-0673,2016-0673,['2016-0673'],,,,State of New Hampshire v. John LaFratta,https://www.courts.nh.gov/sites/g/files/ehbemt471/files/documents/2021-09/20160673.pdf,,2017-05-15,,2017,Circuit Court,circuit_court,Coughlin,family/domestic,standard,affirmed,per_curiam,Per Curiam,3,0,0,0,3-0,True,False,False,"['statutory_interpretation', 'domestic_violence']","['RSA 173-B:5, I', 'RSA 173', 'RSA 173-B:1']","RSA 173-B:5, I",True,[],,528,case_order,1.0.0,2026-07-16T02:10:16.601553,0.8
2016-0476,2016-0476,['2016-0476'],,,,Linda-Marie Nakamura v. Michael J. Gill & a.,https://www.courts.nh.gov/sites/g/files/ehbemt471/files/documents/2021-09/20160476.pdf,,2017-05-15,,2017,"Superior Court (Howard, J.)",superior_court,Howard,civil,standard,affirmed,per_curiam,Per Curiam,0,0,0,3,N/A,False,False,False,[],['RSA 490:3'],RSA 490:3,False,['plain_error'],,254,case_order,1.0.0,2026-07-16T02:10:19.974694,0.8
2016-0313,2016-0313,['2016-0313'],,,,State of New Hampshire v. Ernest Justin Blanchette,https://www.courts.nh.gov/sites/g/files/ehbemt471/files/documents/2021-09/20160313.pdf,,2017-05-15,,2017,"Superior Court (Abramson, J.)",superior_court,Abramson,family/domestic,standard,,per_curiam,Per Curiam,0,0,0,3,N/A,False,False,False,"['criminal', 'family_law', 'civil_procedure', 'tort', 'evidence']","['RSA 632-A:2, I', 'RSA 632']","RSA 632-A:2, I",False,['de_novo'],,1254,case_order,1.0.0,2026-07-16T02:10:20.178237,0.8
2016-0574,2016-0574,['2016-0574'],,,,In the Matter of Kevin Tully and Christina Thomas,https://www.courts.nh.gov/sites/g/files/ehbemt471/files/documents/2021-09/20160574.pdf,,2017-05-15,,2017,"Circuit Court (Foley, J.)",circuit_court,Foley,family/domestic,standard,affirmed,per_curiam,Per Curiam,3,0,0,0,3-0,True,False,False,"['family_law', 'statutory_interpretation']",['RSA 461-A:4'],RSA 461-A:4,True,[],,642,case_order,1.0.0,2026-07-16T02:10:20.589759,0.8
2016-0394,2016-0394,['2016-0394'],,,,State of New Hampshire v. Derek Sacco,https://www.courts.nh.gov/sites/g/files/ehbemt471/files/documents/2021-09/20160394.pdf,,2017-05-15,,2017,"Circuit Court (LeFrancois, J.)",circuit_court,LeFrancois,civil,standard,,per_curiam,Per Curiam,0,0,0,3,N/A,False,False,False,['DWI'],"['RSA 265-A:2, I', 'RSA 264:25', 'RSA 265-A:10', 'RSA 264:25, I']","RSA 265-A:2, I",False,['de_novo'],,1453,case_order,1.0.0,2026-07-16T02:10:21.083918,0.8
2016-0579,2016-0579,['2016-0579'],,,,Diethild M. Beckman v. Mark L. Faretra & a.,https://www.courts.nh.gov/sites/g/files/ehbemt471/files/documents/2021-09/20160579.pdf,,2017-05-12,,2017,Superior Court,superior_court,Howard,civil,standard,affirmed,per_curiam,Per Curiam,3,0,0,0,3-0,True,False,False,['property'],['RSA 498:5-d'],RSA 498:5-d,False,[],,677,case_order,1.0.0,2026-07-16T02:10:21.638609,0.8
2015-0368,2015-0368,['2015-0368'],,,,Elizabeth Skrekas & a. v. State Farm Fire and Casualty Company & a.,https://www.courts.nh.gov/sites/g/files/ehbemt471/files/documents/2021-09/20150368.pdf,,2017-05-12,,2017,Superior Court,superior_court,,criminal,standard,dismissed,per_curiam,Per Curiam,0,0,0,3,N/A,False,False,False,"['criminal', 'insurance', 'civil_procedure', 'statutory_interpretation', 'contract', 'tort']","['RSA 153:13-a, II', 'RSA 407:15', 'RSA 407:22']","RSA 153:13-a, II",True,[],,954,case_order,1.0.0,2026-07-16T02:10:22.239830,0.8
2016-0479,2016-0479,['2016-0479'],,,,James White v. Stanley Kowalczyk & a.,https://www.courts.nh.gov/sites/g/files/ehbemt471/files/documents/2021-09/20160479.pdf,,2017-05-12,,2017,Circuit Court,circuit_court,Coughlin,civil,standard,affirmed,per_curiam,Per Curiam,2,0,0,1,2-0,True,False,False,"['statutory_interpretation', 'property', 'contract']","['RSA 540:12', 'RSA 540:8']",RSA 540:12,True,['de_novo'],,1111,case_order,1.0.0,2026-07-16T02:10:22.414216,0.8
ld20160018,ld20160018,['2016-0018'],,,,"LD-2016-0018, Appeal of Craig N. Salomon, Esquire",https://www.courts.nh.gov/sites/g/files/ehbemt471/files/documents/2021-09/ld20160018.pdf,,2017-05-12,,2017,,,,civil,standard,affirmed,per_curiam,Per Curiam,3,0,0,0,3-0,True,False,False,[],[],,False,[],,612,case_order,1.0.0,2026-07-16T02:10:22.529474,0.8
2016-0409,2016-0409,['2016-0409'],,,,Deborah Cutler v. Daniel Knight & a.,https://www.courts.nh.gov/sites/g/files/ehbemt471/files/documents/2021-09/20160409.pdf,,2017-05-11,,2017,"Circuit Court (LeFrancois, J.)",circuit_court,LeFrancois,civil,standard,affirmed,per_curiam,Per Curiam,0,0,0,3,N/A,False,False,False,[],"['RSA 540:12', 'RSA 130-A']",RSA 540:12,False,[],,148,case_order,1.0.0,2026-07-16T02:10:22.697493,0.8
2016-0248,2016-0248,['2016-0248'],,,,State of New Hampshire v. Travis Lewis,https://www.courts.nh.gov/sites/g/files/ehbemt471/files/documents/2021-09/20160248.pdf,,2017-05-11,,2017,Superior Court,superior_court,Tucker,civil,standard,affirmed,per_curiam,Per Curiam,3,0,0,0,3-0,True,False,False,['civil_procedure'],"['RSA 629:3', 'RSA 318-B:2, I', 'RSA 318-B:26, I', 'RSA 629:3, I']",RSA 629:3,False,['de_novo'],,1145,case_order,1.0.0,2026-07-16T02:10:22.835626,0.8
2016-0330,2016-0330,['2016-0330'],,,,"Comfort Zone Heating-Cooling-Refrigeration Services v. GRJH, Inc. & a.",https://www.courts.nh.gov/sites/g/files/ehbemt471/files/documents/2021-09/20160330.pdf,,2017-05-11,,2017,Circuit Court,circuit_court,Patten,civil,standard,affirmed,per_curiam,Per Curiam,3,0,0,0,3-0,True,False,False,['contract'],[],,False,[],,1372,case_order,1.0.0,2026-07-16T02:10:23.007929,0.8
2016-0084,2016-0084,['2016-0084'],,,,State of New Hampshire v. Andrew Tulley,https://www.courts.nh.gov/sites/g/files/ehbemt471/files/documents/2021-09/20160084.pdf,,2017-04-26,,2017,"Circuit Court (Stephen, J.)",circuit_court,Stephen,civil,standard,,per_curiam,Per Curiam,0,0,0,3,N/A,False,False,False,"['constitutional', 'DWI']","['RSA 264:25', 'RSA 265-A:45', 'RSA 263:57', 'RSA 265-A:45, I']",RSA 264:25,False,['de_novo'],,1377,case_order,1.0.0,2026-07-16T02:10:23.215834,0.8
2016-0242,2016-0242,['2016-0242'],,,,Kristopher Doane v. Brianne Sexton & a.,https://www.courts.nh.gov/sites/g/files/ehbemt471/files/documents/2021-09/20160242.pdf,,2017-04-25,,2017,"Circuit Court (Morrison, J.)",circuit_court,Morrison,civil,standard,affirmed,per_curiam,Per Curiam,3,0,0,0,3-0,True,False,False,"['statutory_interpretation', 'contract']","['RSA 540:14', 'RSA 540:5', 'RSA 540:8', 'RSA 540:9', 'RSA 540:13, VII', 'RSA 540:14, I', 'RSA 477:15']",RSA 540:14,True,['plain_error'],,1373,case_order,1.0.0,2026-07-16T02:10:23.460436,0.8
2016-0334,2016-0334,['2016-0334'],,,,State of New Hampshire v. Ralph C. Alexander,https://www.courts.nh.gov/sites/g/files/ehbemt471/files/documents/2021-09/20160334.pdf,,2017-04-25,,2017,"Circuit Court, Franklin District Division (Gordon, J.)",circuit_court,,criminal,standard,affirmed,per_curiam,Per Curiam,3,0,0,0,3-0,True,False,False,['criminal'],"['RSA 265:60', 'RSA 265:2', 'RSA 265', 'RSA 490-F:3', 'RSA 502-A:1', 'RSA 502-A:1, XIV', 'RSA 502-A:11', 'RSA 625:9, V']",RSA 265:60,False,[],,457,case_order,1.0.0,2026-07-16T02:10:23.853420,0.8
2015-0116,2015-0116,['2015-0116'],,,,State of New Hampshire v. Robie B. Gould,https://www.courts.nh.gov/sites/g/files/ehbemt471/files/documents/2021-09/20150116.pdf,,2017-04-21,,2017,,,,criminal,standard,affirmed,per_curiam,Per Curiam,3,0,0,0,3-0,True,False,False,"['criminal', 'civil_procedure', 'contract', 'evidence']","['RSA 631:3', 'RSA 631:2-a', 'RSA 264:25']",RSA 631:3,False,[],,1006,case_order,1.0.0,2026-07-16T02:10:24.315301,0.8
2016-0430,2016-0430,['2016-0430'],,,,State of New Hampshire v. Scott Goodale,https://www.courts.nh.gov/sites/g/files/ehbemt471/files/documents/2021-09/20160430.pdf,,2017-04-21,,2017,"Circuit Court (Rappa, J.)",circuit_court,Rappa,criminal,standard,affirmed,per_curiam,Per Curiam,3,0,0,0,3-0,True,False,False,"['criminal', 'property']","['RSA 631:4', 'RSA 644:2', 'RSA 625:8', 'RSA 631:4, IV', 'RSA 631:4, I', 'RSA 644:2, II', 'RSA 631:4, III', 'RSA 644:2, V', 'RSA 631:2-a']",RSA 631:4,False,[],,1143,case_order,1.0.0,2026-07-16T02:10:24.918851,0.8
2016-0520,2016-0520,['2016-0520'],,,,Anita Santos & a. v. Richard J. Buba & a.,https://www.courts.nh.gov/sites/g/files/ehbemt471/files/documents/2021-09/20160520.pdf,,2017-04-20,,2017,"Superior Court (Wageling, J.)",superior_court,Wageling,civil,standard,affirmed,per_curiam,Per Curiam,3,0,0,0,3-0,True,False,False,['contract'],"['RSA 524-A:2', 'RSA 524-A:4']",RSA 524-A:2,False,[],,415,case_order,1.0.0,2026-07-16T02:10:25.515468,0.8
2016-0310,2016-0310,"['2016-0310', '2011-0773']",,,,Richard Coleman v. Shirley Coleman,https://www.courts.nh.gov/sites/g/files/ehbemt471/files/documents/2021-09/20160310.pdf,,2017-04-20,,2017,Superior Court,superior_court,Garfunkel,civil,standard,affirmed,per_curiam,Per Curiam,3,0,0,0,3-0,True,False,False,"['civil_procedure', 'statutory_interpretation']","['RSA 464-A:40, I']","RSA 464-A:40, I",True,['de_novo'],,1336,case_order,1.0.0,2026-07-16T02:10:28.247890,0.8
2016-0519,2016-0519,['2016-0519'],,,,Fred Ward v. Town of Stoddard,https://www.courts.nh.gov/sites/g/files/ehbemt471/files/documents/2021-09/20160519.pdf,,2017-04-20,,2017,Superior Court,superior_court,Kissinger,civil,standard,dismissed,per_curiam,Per Curiam,3,0,0,0,3-0,True,False,False,"['administrative_law', 'civil_procedure', 'statutory_interpretation', 'property']",[],,True,[],,635,case_order,1.0.0,2026-07-16T02:10:28.497794,0.8
2016-0345,2016-0345,['2016-0345'],,,,State of New Hampshire v. Joshua J. DeBoer,https://www.courts.nh.gov/sites/g/files/ehbemt471/files/documents/2021-09/20160345.pdf,,2017-04-12,,2017,"Superior Court (O’Neill, J.)",superior_court,O’Neill,criminal,standard,dismissed,per_curiam,Per Curiam,0,0,0,3,N/A,False,False,False,['criminal'],"['RSA 265:4, I', 'RSA 631:3']","RSA 265:4, I",False,[],,1334,case_order,1.0.0,2026-07-16T02:10:28.965950,0.8
2016-0416,2016-0416,['2016-0416'],,,,John Morris & a. v. Town of Dublin,https://www.courts.nh.gov/sites/g/files/ehbemt471/files/documents/2021-09/20160416.pdf,,2017-04-12,,2017,"Superior Court (Kissinger, J.)",superior_court,Kissinger,civil,standard,affirmed,per_curiam,Per Curiam,3,0,0,0,3-0,True,False,False,"['property', 'tax']",['RSA 76:17'],RSA 76:17,False,['clear_error'],,1265,case_order,1.0.0,2026-07-16T02:10:29.477414,0.8
2016-0596,2016-0596,"['2016-0596', '2016-0217']",,,,Sanjeev Lath v. Scott Sample,https://www.courts.nh.gov/sites/g/files/ehbemt471/files/documents/2021-09/20160596.pdf,,2017-04-07,,2017,"Circuit Court (Lyons, J.)",circuit_court,Lyons,civil,standard,vacated,per_curiam,Per Curiam,3,0,0,0,3-0,True,False,False,"['administrative_law', 'employment', 'contract']",[],,False,[],,725,case_order,1.0.0,2026-07-16T02:10:30.067074,0.8
2016-0308,2016-0308,['2016-0308'],,,,Appeal of Elizabeth E. Connors,https://www.courts.nh.gov/sites/g/files/ehbemt471/files/documents/2021-09/20160308.pdf,,2017-04-07,,2017,,administrative,,civil,standard,affirmed,per_curiam,Per Curiam,3,0,0,0,3-0,True,False,False,['employment'],"['RSA 282-A:32, I', 'RSA 282-A:67', 'RSA 282-A:67, V', 'RSA 282-A:67, IV']","RSA 282-A:32, I",False,['clear_error'],,1058,case_order,1.0.0,2026-07-16T02:10:32.175754,0.8
2016-0246,2016-0246,['2016-0246'],,,,"Lionel A. Perreault & a. v. Douglas M. Goumas, M.D. & a.",https://www.courts.nh.gov/sites/g/files/ehbemt471/files/documents/2021-09/20160246.pdf,,2017-04-07,,2017,"Superior Court (Ignatius, J.)",superior_court,Ignatius,civil,standard,dismissed,per_curiam,Per Curiam,0,0,0,3,N/A,False,False,False,"['contract', 'tort', 'evidence']","['RSA 507-E:2, I']","RSA 507-E:2, I",False,[],,1368,case_order,1.0.0,2026-07-16T02:10:32.803733,0.8
2016-0493,2016-0493,['2016-0493'],,,,Jeffrey Thomas Clay v. Newmarket School District,https://www.courts.nh.gov/sites/g/files/ehbemt471/files/documents/2021-09/20160493.pdf,,2017-04-06,,2017,Superior Court,superior_court,Wageling,civil,standard,affirmed,per_curiam,Per Curiam,3,0,0,0,3-0,True,False,False,['statutory_interpretation'],"['RSA 91-A:3, III', 'RSA 91-A:5, IV']","RSA 91-A:3, III",True,['de_novo'],,1191,case_order,1.0.0,2026-07-16T02:10:33.458220,0.8
2016-0652,2016-0652,['2016-0652'],,,,In re Guardianship of J.F.,https://www.courts.nh.gov/sites/g/files/ehbemt471/files/documents/2021-09/20160652.pdf,,2017-04-06,,2017,"Circuit Court (Moran, J.)",circuit_court,Moran,family/domestic,standard,affirmed,per_curiam,Per Curiam,3,0,0,0,3-0,True,False,False,"['family_law', 'constitutional']","['RSA 463:8, III', 'RSA 463:8']","RSA 463:8, III",False,[],,1131,case_order,1.0.0,2026-07-16T02:10:34.567660,0.8
2016-0393,2016-0393,['2016-0393'],,,,"Elizabeth Merry, Trustee of the Elizabeth H. Merry 2012 Revocable Trust v. Gilbert M. Costa & a.",https://www.courts.nh.gov/sites/g/files/ehbemt471/files/documents/2021-09/20160393.pdf,,2017-04-06,,2017,"Superior Court (Ignatius, J.)",superior_court,Ignatius,civil,standard,affirmed,per_curiam,Per Curiam,3,0,0,0,3-0,True,False,False,['property'],[],,False,[],,804,case_order,1.0.0,2026-07-16T02:10:35.113004,0.8
2016-0560,2016-0560,['2016-0560'],,,,Richard P. Cassidy v. New Hampshire Department of Health and Human Services,https://www.courts.nh.gov/sites/g/files/ehbemt471/files/documents/2021-09/20160560.pdf,,2017-04-06,,2017,"Superior Court (McNamara, J.)",superior_court,McNamara,civil,standard,affirmed,per_curiam,Per Curiam,3,0,0,0,3-0,True,False,False,"['medicaid', 'administrative_law']","['RSA 167:6', 'RSA 167:6, VI']",RSA 167:6,False,[],,616,case_order,1.0.0,2026-07-16T02:10:35.678035,0.8
2016-0049,2016-0049,"['2016-0049', '2013-0558', '2015-0092']",,,,Agha S. Ahmad v. Federal National Mortgage Association,https://www.courts.nh.gov/sites/g/files/ehbemt471/files/documents/2021-09/20160049.pdf,,2017-04-06,,2017,Superior Court,superior_court,Nicolosi,civil,standard,dismissed,per_curiam,Per Curiam,2,0,0,1,2-0,True,False,False,"['civil_procedure', 'property']",[],,False,[],,624,case_order,1.0.0,2026-07-16T02:10:36.274201,0.8
2016-0578,2016-0578,['2016-0578'],,,,Misty Brisiel v. Jonathan Brisiel,https://www.courts.nh.gov/sites/g/files/ehbemt471/files/documents/2021-09/20160578.pdf,,2017-03-28,,2017,Circuit Court,circuit_court,"DalPra, Master, approved by Introcaso",family/domestic,standard,dismissed,per_curiam,Per Curiam,3,0,0,0,3-0,True,False,False,"['criminal', 'constitutional', 'domestic_violence']","['RSA 173-B:5', 'RSA 173-B', 'RSA 173-B:1', 'RSA 631:3', 'RSA 173-B:1, I', 'RSA 631:4', 'RSA 631:4, I']",RSA 173-B:5,False,[],,1038,case_order,1.0.0,2026-07-16T02:10:36.424861,0.8
2016-0388,2016-0388,['2016-0388'],,,,John E. LaFratta v. Office of Public Guardian,https://www.courts.nh.gov/sites/g/files/ehbemt471/files/documents/2021-09/20160388.pdf,,2017-03-27,,2017,,,,civil,standard,reversed,per_curiam,Per Curiam,3,0,0,0,3-0,True,False,False,"['constitutional', 'contract']",['RSA 490:4'],RSA 490:4,False,[],,508,case_order,1.0.0,2026-07-16T02:10:36.750215,0.8
2016-0253,2016-0253,['2016-0253'],,,,Petition of Jeannette Marino,https://www.courts.nh.gov/sites/g/files/ehbemt471/files/documents/2021-09/20160253.pdf,,2017-03-27,,2017,Probate Court Administrative Order 16 (2009). She contends that the trial court,probate_court,Kelly,civil,standard,reversed,per_curiam,Per Curiam,3,0,0,0,3-0,True,False,False,"['administrative_law', 'property']","['RSA 464-A:2, XIV']","RSA 464-A:2, XIV",False,[],,806,case_order,1.0.0,2026-07-16T02:10:37.394118,0.8
2016-0465,2016-0465,['2016-0465'],,,,Robert L. Benjamin v. Vatche Manoukian & a.,https://www.courts.nh.gov/sites/g/files/ehbemt471/files/documents/2021-09/20160465.pdf,,2017-03-24,,2017,"Superior Court (Ignatius, J.)",superior_court,Ignatius,civil,standard,affirmed,per_curiam,Per Curiam,2,0,0,1,2-0,True,False,False,"['statutory_interpretation', 'contract']",[],,True,[],,421,case_order,1.0.0,2026-07-16T02:10:37.584391,0.8
2016-0554,2016-0554,['2016-0554'],,,,Jeffrey Cogswell d/b/a Berry Hill Construction v. Brian Dove,https://www.courts.nh.gov/sites/g/files/ehbemt471/files/documents/2021-09/20160554.pdf,,2017-03-24,,2017,"Circuit Court (Rappa, J.)",circuit_court,Rappa,civil,standard,affirmed,per_curiam,Per Curiam,0,0,0,3,N/A,False,False,False,['property'],[],,False,[],,345,case_order,1.0.0,2026-07-16T02:10:37.856635,0.8
2016-0463,2016-0463,['2016-0463'],,,,"Kishan, Inc. & a. v. Margaret L. Jalbert & a.",https://www.courts.nh.gov/sites/g/files/ehbemt471/files/documents/2021-09/20160463.pdf,,2017-03-24,,2017,,,,civil,standard,,per_curiam,Per Curiam,0,0,0,3,N/A,False,False,False,"['property', 'contract']",[],,False,[],,1407,case_order,1.0.0,2026-07-16T02:10:38.183998,0.8
2016-0539,2016-0539,['2016-0539'],,,,"McCaffrey Professional Association v. McDowell & Osburn, P.A",https://www.courts.nh.gov/sites/g/files/ehbemt471/files/documents/2021-09/20160539.pdf,,2017-03-24,,2017,"Superior Court (Wageling, J.)",superior_court,Wageling,civil,standard,dismissed,per_curiam,Per Curiam,0,0,0,3,N/A,False,False,False,"['administrative_law', 'civil_procedure', 'constitutional', 'contract', 'tort', 'evidence', 'tax']",['RSA 498:1'],RSA 498:1,False,[],,1456,case_order,1.0.0,2026-07-16T02:10:38.543974,0.8
2016-0356,2016-0356,['2016-0356'],,,,Mohammed Abdallah Omran v. Andrew Schulman,https://www.courts.nh.gov/sites/g/files/ehbemt471/files/documents/2021-09/20160356.pdf,,2017-03-24,,2017,,,Nicolosi,family/domestic,standard,dismissed,per_curiam,Per Curiam,0,0,0,3,N/A,False,False,False,"['criminal', 'administrative_law', 'family_law', 'civil_procedure', 'statutory_interpretation', 'constitutional', 'property', 'contract', 'tort']",[],,True,[],,1437,case_order,1.0.0,2026-07-16T02:10:38.947780,0.8
2016-0064,2016-0064,['2016-0064'],,,,State of New Hampshire v. Angel Sanchez,https://www.courts.nh.gov/sites/g/files/ehbemt471/files/documents/2021-09/20160064.pdf,,2017-03-23,,2017,"Superior Court (Delker, J.)",superior_court,Delker,criminal,standard,,per_curiam,Per Curiam,0,0,0,3,N/A,False,False,False,['criminal'],"['RSA 629:1', 'RSA 641:5, I', 'RSA 629:1, I', 'RSA 629:1, II']",RSA 629:1,False,['de_novo'],,1410,case_order,1.0.0,2026-07-16T02:10:39.429145,0.8
2016-0249,2016-0249,['2016-0249'],,,,State of New Hampshire v. Jason Millett,https://www.courts.nh.gov/sites/g/files/ehbemt471/files/documents/2021-09/20160249.pdf,,2017-03-10,,2017,,,,criminal,standard,reversed_and_remanded,per_curiam,Per Curiam,3,0,0,0,3-0,True,False,False,[],"['RSA 318-B:2, I']","RSA 318-B:2, I",False,[],,411,case_order,1.0.0,2026-07-16T02:10:39.969299,0.8
2016-0383,2016-0383,['2016-0383'],,,,Patrick Walsh & a. v. Village District of Little Boar's Head,https://www.courts.nh.gov/sites/g/files/ehbemt471/files/documents/2021-09/20160383.pdf,,2017-03-10,,2017,"Superior Court (Wageling, J.)",superior_court,Wageling,civil,standard,affirmed,per_curiam,Per Curiam,3,0,0,0,3-0,True,False,False,['property'],['RSA 677:6'],RSA 677:6,False,[],,793,case_order,1.0.0,2026-07-16T02:10:40.567389,0.8
2015-0588,2015-0588,['2015-0588'],,,,In the Matter of Caren Logan and James Logan,https://www.courts.nh.gov/sites/g/files/ehbemt471/files/documents/2021-09/20150588.pdf,,2017-03-10,,2017,"Circuit Court (Foley, J.)",circuit_court,Foley,family/domestic,standard,,per_curiam,Per Curiam,0,0,0,3,N/A,False,False,False,"['family_law', 'property', 'contract', 'tort']",[],,False,['de_novo'],,1235,case_order,1.0.0,2026-07-16T02:10:41.156848,0.8
2016-0284,2016-0284,['2016-0284'],,,,In the Matter of Tara Broom and Jeffrey Broom,https://www.courts.nh.gov/sites/g/files/ehbemt471/files/documents/2021-09/20160284.pdf,,2017-03-10,,2017,"Circuit Court (Carbon, J.)",circuit_court,Carbon,family/domestic,standard,,per_curiam,Per Curiam,0,0,0,3,N/A,False,False,False,"['insurance', 'family_law']","['RSA 461-A:6, I', 'RSA 461-A:6, VII', 'RSA 461-A:6', 'RSA 461-A:5', 'RSA 490-D:3', 'RSA 490-F:3']","RSA 461-A:6, I",False,[],,1468,case_order,1.0.0,2026-07-16T02:10:44.268799,0.8
2016-0459,2016-0459,['2016-0459'],,,,Steven J. Cohen v. John Raymond & a.,https://www.courts.nh.gov/sites/g/files/ehbemt471/files/documents/2021-09/20160459.pdf,,2017-03-10,,2017,Superior Court,superior_court,McNamara,family/domestic,standard,affirmed,per_curiam,Per Curiam,1,0,0,2,1-0,True,False,False,"['family_law', 'property', 'contract']",[],,False,[],,1127,case_order,1.0.0,2026-07-16T02:10:44.443506,0.8
2016-0457,2016-0457,['2016-0457'],,,,In the Matter of Patrick Shea and Sharon Hupé,https://www.courts.nh.gov/sites/g/files/ehbemt471/files/documents/2021-09/20160457.pdf,,2017-02-28,,2017,,,,family/domestic,standard,affirmed,per_curiam,Per Curiam,3,0,0,0,3-0,True,False,False,"['family_law', 'statutory_interpretation']",[],,True,[],,332,case_order,1.0.0,2026-07-16T02:10:44.772286,0.8
2016-0484,2016-0484,['2016-0484'],,,,Mark Glunts v. Mark Sanchez,https://www.courts.nh.gov/sites/g/files/ehbemt471/files/documents/2021-09/20160484.pdf,,2017-02-27,,2017,"Circuit Court (Kent, Referee, approved by Rappa, J.), which awarded him no",circuit_court,"Kent, Referee, approved by Rappa",civil,standard,affirmed,per_curiam,Per Curiam,3,0,0,0,3-0,True,False,False,['contract'],[],,False,[],,509,case_order,1.0.0,2026-07-16T02:10:45.148773,0.8
2016-0262,2016-0262,['2016-0262'],,,,In the Matter of Christopher Osorio and Samantha McAllister,https://www.courts.nh.gov/sites/g/files/ehbemt471/files/documents/2021-09/20160262.pdf,,2017-02-27,,2017,"Circuit Court (Rein, Referee, approved by Albee, J.) on the parenting petition",circuit_court,"Rein, Referee, approved by Albee",family/domestic,standard,affirmed,per_curiam,Per Curiam,3,0,0,0,3-0,True,False,False,"['family_law', 'evidence']",[],,False,[],,927,case_order,1.0.0,2026-07-16T02:10:45.676639,0.8
2016-0200,2016-0200,['2016-0200'],,,,State of New Hampshire v. James Lagerberg,https://www.courts.nh.gov/sites/g/files/ehbemt471/files/documents/2021-09/20160200.pdf,,2017-02-24,,2017,"Superior Court (Kissinger, J.)",superior_court,Kissinger,criminal,standard,affirmed,per_curiam,Per Curiam,3,0,0,0,3-0,True,False,False,"['criminal', 'property', 'tax']","['RSA 637:3', 'RSA 637:3, I', 'RSA 637:2, III', 'RSA 637:11, I']",RSA 637:3,False,"['de_novo', 'plain_error']",,1091,case_order,1.0.0,2026-07-16T02:10:46.298720,0.8
2016-0389,2016-0389,['2016-0389'],,,,"Michael Askenaizer, as Trustee of Chapter 7 Estate of Focus Capital, Inc. v. Foy Insurance Group, Inc. & a.",https://www.courts.nh.gov/sites/g/files/ehbemt471/files/documents/2021-09/20160389.pdf,,2017-02-23,,2017,"Superior Court (Colburn, J.)",superior_court,Colburn,civil,standard,,per_curiam,Per Curiam,0,0,0,3,N/A,False,False,False,"['insurance', 'civil_procedure', 'contract']","['RSA 508:4', 'RSA 508:4, I']",RSA 508:4,False,['de_novo'],,1365,case_order,1.0.0,2026-07-16T02:10:49.313475,0.8
2015-0228,2015-0228,['2015-0228'],,,,State of New Hampshire v. Steven Dupont,https://www.courts.nh.gov/sites/g/files/ehbemt471/files/documents/2021-09/20150228.pdf,,2017-02-23,,2017,"Superior Court (Bornstein, J.)",superior_court,Bornstein,criminal,standard,,per_curiam,Per Curiam,0,0,0,3,N/A,False,False,False,['criminal'],"['RSA 631:1, I', 'RSA 630:3, I', 'RSA 630:2, I', 'RSA 627:4, I', 'RSA 627:9, IV', 'RSA 627:9, II', 'RSA 625:11, V']","RSA 631:1, I",False,['plain_error'],,1350,case_order,1.0.0,2026-07-16T02:10:49.912552,0.8
2016-0087,2016-0087,['2016-0087'],,,,State of New Hampshire v. Jason Vincent,https://www.courts.nh.gov/sites/g/files/ehbemt471/files/documents/2021-09/20160087.pdf,,2017-02-16,,2017,"Superior Court (Abramson, J.)",superior_court,Abramson,criminal,standard,dismissed,per_curiam,Per Curiam,3,0,0,0,3-0,True,False,False,['criminal'],"['RSA 651:25, I']","RSA 651:25, I",False,[],,355,case_order,1.0.0,2026-07-16T02:10:50.000768,0.8
2016-0115,2016-0115,['2016-0115'],,,,State of New Hampshire v. Michael Flynn,https://www.courts.nh.gov/sites/g/files/ehbemt471/files/documents/2021-09/20160115.pdf,,2017-02-16,,2017,"Circuit Court (Gardner, J.)",circuit_court,Gardner,criminal,standard,dismissed,per_curiam,Per Curiam,0,0,0,3,N/A,False,False,False,"['criminal', 'civil_procedure', 'DWI']","['RSA 265-A:2', 'RSA 259:125', 'RSA 266:44', 'RSA 265-A:2, I', 'RSA 259:125, II']",RSA 265-A:2,False,['clear_error'],,1387,case_order,1.0.0,2026-07-16T02:10:52.826112,0.8
2016-0292,2016-0292,['2016-0292'],,,,"Wayne Rowe, Jr. v. Stephan Condodemetraky & a.",https://www.courts.nh.gov/sites/g/files/ehbemt471/files/documents/2021-09/20160292.pdf,,2017-02-15,,2017,"Superior Court (Schulman, J.)",superior_court,Schulman,civil,standard,affirmed,per_curiam,Per Curiam,3,0,0,0,3-0,True,False,False,"['civil_procedure', 'employment', 'contract']","['RSA 358-A', 'RSA 358-A:2']",RSA 358-A,False,['de_novo'],,1068,case_order,1.0.0,2026-07-16T02:10:53.005523,0.8
2016-0218,2016-0218,['2016-0218'],,,,Jeffrey Alan Knott v. Henry P. Moscone & a.,https://www.courts.nh.gov/sites/g/files/ehbemt471/files/documents/2021-09/20160218.pdf,,2017-02-14,,2017,,,,civil,standard,,per_curiam,Per Curiam,0,0,0,3,N/A,False,False,False,"['property', 'contract']","['RSA 539:4', 'RSA 539']",RSA 539:4,False,[],,1376,case_order,1.0.0,2026-07-16T02:10:53.261986,0.8
2016-0281,2016-0281,['2016-0281'],,,,State of New Hampshire v. Charles L. Barcus,https://www.courts.nh.gov/sites/g/files/ehbemt471/files/documents/2021-09/20160281.pdf,,2017-02-15,,2017,"Superior Court (Wageling, J.)",superior_court,Wageling,family/domestic,standard,affirmed,per_curiam,Per Curiam,3,0,0,0,3-0,True,False,False,['family_law'],['RSA 318-B:2'],RSA 318-B:2,False,"['de_novo', 'clear_error']",,1430,case_order,1.0.0,2026-07-16T02:10:53.607688,0.8
2016-0098,2016-0098,"['2016-0098', '2014-0682']",,,,State of New Hampshire v. Joshua Baud,https://www.courts.nh.gov/sites/g/files/ehbemt471/files/documents/2021-09/20160098.pdf,,2017-02-15,,2017,Superior Court,superior_court,Garfunkel,criminal,standard,reversed,per_curiam,Per Curiam,2,0,0,1,2-0,True,False,False,"['criminal', 'statutory_interpretation']","['RSA 632-A:2, I']","RSA 632-A:2, I",True,['de_novo'],,1268,case_order,1.0.0,2026-07-16T02:10:54.003157,0.8
2016-0434,2016-0434,['2016-0434'],,,,Scott Eaton v. Carin Hallam White & a.,https://www.courts.nh.gov/sites/g/files/ehbemt471/files/documents/2021-09/20160434.pdf,,2017-02-15,,2017,"Circuit Court (Patten, J.)",circuit_court,Patten,civil,standard,reversed,per_curiam,Per Curiam,3,0,0,0,3-0,True,False,False,"['contract', 'tort']",[],,False,[],,973,case_order,1.0.0,2026-07-16T02:10:54.453005,0.8
2016-0240,2016-0240,['2016-0240'],,,,Appeal of Thomas Sloan,https://www.courts.nh.gov/sites/g/files/ehbemt471/files/documents/2021-09/20160240.pdf,,2017-02-15,,2017,,,,civil,standard,affirmed,per_curiam,Per Curiam,3,0,0,0,3-0,True,False,False,"['administrative_law', 'employment', 'contract']","['RSA 541', 'RSA 21-I:58, II', 'RSA 541:13', 'RSA 541:3']",RSA 541,False,['de_novo'],,1384,case_order,1.0.0,2026-07-16T02:10:54.963807,0.8
2016-0113,2016-0113,['2016-0113'],,,,Mason Horse & Trail v. Amy Bergeron & a.,https://www.courts.nh.gov/sites/g/files/ehbemt471/files/documents/2021-09/20160113.pdf,,2017-02-03,,2017,Circuit Court,circuit_court,Crocker,civil,standard,affirmed,per_curiam,Per Curiam,3,0,0,0,3-0,True,False,False,[],['RSA 536-A:5'],RSA 536-A:5,False,[],,612,case_order,1.0.0,2026-07-16T02:10:55.562304,0.8
2016-0216,2016-0216,['2016-0216'],,,,R. Scott McKnight Revocable Trust v. Elwood McLlarky,https://www.courts.nh.gov/sites/g/files/ehbemt471/files/documents/2021-09/20160216.pdf,,2017-01-31,,2017,Circuit Court,circuit_court,Patten,civil,standard,affirmed,per_curiam,Per Curiam,3,0,0,0,3-0,True,False,False,['medicaid'],[],,False,[],,402,case_order,1.0.0,2026-07-16T02:10:55.656891,0.8
2016-0286,2016-0286,['2016-0286'],,,,Sanjeev Lath & a. v. Scott Sample,https://www.courts.nh.gov/sites/g/files/ehbemt471/files/documents/2021-09/20160286.pdf,,2017-01-31,,2017,"Superior Court (Ignatius, J.)",superior_court,Ignatius,family/domestic,standard,affirmed,per_curiam,Per Curiam,3,0,0,0,3-0,True,False,False,"['criminal', 'statutory_interpretation', 'domestic_violence']","['RSA 633:3-a', 'RSA 173-B', 'RSA 644:4']",RSA 633:3-a,True,[],,1073,case_order,1.0.0,2026-07-16T02:10:58.926261,0.8
2016-0322,2016-0322,['2016-0322'],,,,"Society for the Protection of New Hampshire Forests v. Northern Pass Transmission, LLC",https://www.courts.nh.gov/sites/g/files/ehbemt471/files/documents/2021-09/20160322.pdf,,2017-01-30,,2017,"Superior Court (MacLeod, J.)",superior_court,MacLeod,civil,standard,,per_curiam,Per Curiam,0,0,0,3,N/A,False,False,False,"['administrative_law', 'civil_procedure', 'constitutional', 'property']","['RSA 231:160', 'RSA 21-L:14-', 'RSA 541:6']",RSA 231:160,False,['de_novo'],,1411,case_order,1.0.0,2026-07-16T02:10:59.222106,0.8
2016-0278,2016-0278,['2016-0278'],,,,Robert McNamara v. New Hampshire Retirement System,https://www.courts.nh.gov/sites/g/files/ehbemt471/files/documents/2021-09/20160278.pdf,,2017-01-27,,2017,Superior Court,superior_court,McNamara,civil,standard,dismissed,per_curiam,Per Curiam,0,0,0,3,N/A,False,False,False,"['insurance', 'administrative_law', 'civil_procedure', 'statutory_interpretation', 'employment', 'contract']","['RSA 100-A:10, II', 'RSA 100-A:5, II', 'RSA 100-A:1, XVIII', 'RSA 100-A:4', 'RSA 100-A', 'RSA 100-A:27']","RSA 100-A:10, II",True,[],,1443,case_order,1.0.0,2026-07-16T02:10:59.582944,0.8
2016-0077,2016-0077,['2016-0077'],,,,State of New Hampshire v. Mary Ellen Burritt,https://www.courts.nh.gov/sites/g/files/ehbemt471/files/documents/2021-09/20160077.pdf,,2017-01-27,,2017,"Superior Court (Bornstein, J.)",superior_court,Bornstein,criminal,standard,,per_curiam,Per Curiam,0,0,0,3,N/A,False,False,False,"['criminal', 'civil_procedure', 'constitutional']","['RSA 631:3', 'RSA 631:3, I', 'RSA 626:2, II']",RSA 631:3,False,['de_novo'],,1440,case_order,1.0.0,2026-07-16T02:10:59.994141,0.8
2016-0189,2016-0189,['2016-0189'],,,,Mount Saint Mary's Condominium Association v. Ronald LeClerc,https://www.courts.nh.gov/sites/g/files/ehbemt471/files/documents/2021-09/20160189.pdf,,2017-01-27,,2017,Circuit Court,circuit_court,Spath,civil,standard,affirmed,per_curiam,Per Curiam,2,0,0,1,2-0,True,False,False,"['property', 'contract', 'tax']","['RSA 356-B:41, I', 'RSA 356-B:15, II', 'RSA 356-B:46']","RSA 356-B:41, I",False,['de_novo'],,1369,case_order,1.0.0,2026-07-16T02:11:00.467346,0.8
2016-0355,2016-0355,['2016-0355'],,,,"Cate Street Capital, Inc. v. DG Whitefield, LLC d/b/a Whitefield Power and Light Company & a.",https://www.courts.nh.gov/sites/g/files/ehbemt471/files/documents/2021-09/20160355.pdf,,2017-01-17,,2017,,,,civil,standard,affirmed,per_curiam,Per Curiam,2,0,0,1,2-0,True,False,False,"['civil_procedure', 'contract']",[],,False,[],,373,case_order,1.0.0,2026-07-16T02:11:00.992010,0.8
2016-0021,2016-0021,['2016-0021'],,,,In the Matter of Sylvie Campeau and Normand Campeau,https://www.courts.nh.gov/sites/g/files/ehbemt471/files/documents/2021-09/20160021.pdf,,2017-01-17,,2017,"Circuit Court (Carbon, J.)",circuit_court,Carbon,family/domestic,standard,,per_curiam,Per Curiam,0,0,0,3,N/A,False,False,False,"['family_law', 'property', 'tort']","['RSA 524-A:2', 'RSA 546', 'RSA 546-B:41, III', 'RSA 546-B:1, XXVIII', 'RSA 458:16-a, I', 'RSA 524:6-a']",RSA 524-A:2,False,[],,1472,case_order,1.0.0,2026-07-16T02:11:01.629652,0.8
2016-0412,2016-0412,['2016-0412'],,,,"John D. Tucker, Jr. v. Jean A. Tucker & a.",https://www.courts.nh.gov/sites/g/files/ehbemt471/files/documents/2021-09/20160412.pdf,,2017-01-13,,2017,Superior Court,superior_court,Temple,family/domestic,standard,affirmed,per_curiam,Per Curiam,3,0,0,0,3-0,True,False,False,"['family_law', 'civil_procedure', 'property']","['RSA 508:5', 'RSA 508:4']",RSA 508:5,False,[],,368,case_order,1.0.0,2026-07-16T02:11:01.721660,0.8
2016-0343,2016-0343,['2016-0343'],,,,Barry Norcross v. Robert Fahey,https://www.courts.nh.gov/sites/g/files/ehbemt471/files/documents/2021-09/20160343.pdf,,2017-01-13,,2017,Superior Court,superior_court,Ignatius,civil,standard,affirmed,per_curiam,Per Curiam,3,0,0,0,3-0,True,False,False,"['constitutional', 'contract']","['RSA 511-A:8', 'RSA 447:10', 'RSA 511-A:2', 'RSA 511-A:1', 'RSA 511-A:8, III', 'RSA 511-A', 'RSA 511-A:8, V', 'RSA 511:53']",RSA 511-A:8,False,[],,1035,case_order,1.0.0,2026-07-16T02:11:01.873075,0.8
2016-0378,2016-0378,['2016-0378'],,,,State of New Hampshire v. Louise Juneau-Kurylak,https://www.courts.nh.gov/sites/g/files/ehbemt471/files/documents/2021-09/20160378.pdf,,2017-01-13,,2017,,,,civil,standard,affirmed,per_curiam,Per Curiam,3,0,0,0,3-0,True,False,False,['statutory_interpretation'],"['RSA 265:60', 'RSA 265:60, II', 'RSA 265:60, I']",RSA 265:60,True,[],,359,case_order,1.0.0,2026-07-16T02:11:01.987903,0.8
2016-0256,2016-0256,['2016-0256'],,,,"7 Islington Street, LLC & a. v. Tanner Bridge Development, LLC & a.",https://www.courts.nh.gov/sites/g/files/ehbemt471/files/documents/2021-09/20160256.pdf,,2017-01-12,,2017,"Superior Court (Delker, J.)",superior_court,Delker,civil,standard,affirmed,per_curiam,Per Curiam,3,0,0,0,3-0,True,False,False,"['property', 'contract', 'tort']",[],,False,[],,444,case_order,1.0.0,2026-07-16T02:11:03.749442,0.8
20140454,20140454,"['2014-0454', '2015-0501']",,,,"Bellevue Properties, Inc. v. Settlers’ R1, Inc. & a.",https://www.courts.nh.gov/sites/g/files/ehbemt471/files/documents/2021-09/20140454.pdf,,2017-01-12,,2017,"Superior Court (Smukler, J.)",superior_court,Smukler,civil,standard,,per_curiam,Per Curiam,0,0,0,3,N/A,False,False,False,"['property', 'contract']",[],,False,[],,1425,case_order,1.0.0,2026-07-16T02:11:04.097627,0.8
2016-0110,2016-0110,['2016-0110'],,,,Robert Flannery v. Gerrity Industries,https://www.courts.nh.gov/sites/g/files/ehbemt471/files/documents/2021-09/20160110.pdf,,2017-01-12,,2017,Superior Court,superior_court,Abramson,civil,standard,affirmed,per_curiam,Per Curiam,3,0,0,0,3-0,True,False,False,['contract'],[],,False,[],,821,case_order,1.0.0,2026-07-16T02:11:04.684747,0.8
2016-0314,2016-0314,['2016-0314'],,,,Town of Amherst v. Rosemary Gilroy,https://www.courts.nh.gov/sites/g/files/ehbemt471/files/documents/2021-09/20160314.pdf,,2017-03-24,,2017,Circuit Court,circuit_court,Moore,civil,standard,vacated,per_curiam,Per Curiam,3,0,0,0,3-0,True,False,False,"['property', 'contract']","['RSA 502-A:14, II', 'RSA 490-F:3', 'RSA 504-A:14', 'RSA 676:17, I', 'RSA 676:17, II']","RSA 502-A:14, II",False,[],,1019,case_order,1.0.0,2026-07-16T02:11:05.272951,0.8
2018-0203,2018-0203,['2018-0203'],,,,Stuart W. Cady v. Alethea Young & a.,https://www.courts.nh.gov/sites/g/files/ehbemt471/files/documents/2021-09/20180203.pdf,,2018-12-26,,2018,Superior Court,superior_court,Bornstein,civil,standard,affirmed,per_curiam,Per Curiam,0,0,0,3,N/A,False,False,False,['civil_procedure'],[],,False,[],,120,case_order,1.0.0,2026-07-16T02:11:06.658166,0.8
2017-0414,2017-0414,['2017-0414'],,,,State of New Hampshire v. Gregory M. Bruno,https://www.courts.nh.gov/sites/g/files/ehbemt471/files/documents/2021-09/20170414.pdf,,2018-12-26,,2018,"Superior Court (Delker and Schulman, JJ.)",superior_court,,criminal,standard,,per_curiam,Per Curiam,0,0,0,3,N/A,False,False,False,"['criminal', 'insurance', 'property']",[],,False,[],,1229,case_order,1.0.0,2026-07-16T02:11:07.112710,0.8
2018-0167,2018-0167,['2018-0167'],,,,In the Matter of Regina Gagne and Paul Gagne,https://www.courts.nh.gov/sites/g/files/ehbemt471/files/documents/2021-09/20180167.pdf,,2018-12-26,,2018,"Circuit Court (Burns, J.)",circuit_court,Burns,family/domestic,standard,affirmed,per_curiam,Per Curiam,5,0,0,1,5-0,True,False,False,['family_law'],['RSA 461-A:22'],RSA 461-A:22,False,[],,1372,case_order,1.0.0,2026-07-16T02:11:07.648389,0.8
2017-0180,2017-0180,['2017-0180'],,,,State of New Hampshire v. Joyce LaFrance,https://www.courts.nh.gov/sites/g/files/ehbemt471/files/documents/2021-09/20170180.pdf,,2018-12-26,,2018,Superior Court,superior_court,Schulman,criminal,standard,vacated,per_curiam,Per Curiam,5,0,0,1,5-0,True,False,False,"['criminal', 'civil_procedure']",['RSA 599:1'],RSA 599:1,False,['de_novo'],,476,case_order,1.0.0,2026-07-16T02:11:08.296436,0.8
2017-0719,2017-0719,['2017-0719'],,,,In the Matter of Laura Woodbury and Travis Woodbury,https://www.courts.nh.gov/sites/g/files/ehbemt471/files/documents/2021-09/20170719.pdf,,2018-12-26,,2018,Circuit Court,circuit_court,Forrest,family/domestic,standard,remanded,per_curiam,Per Curiam,5,0,0,1,5-0,True,False,False,"['family_law', 'statutory_interpretation', 'employment']",[],,True,[],,620,case_order,1.0.0,2026-07-16T02:11:08.422734,0.8
2018-0004,2018-0004,['2018-0004'],,,,State of New Hampshire v. Travis Martein,https://www.courts.nh.gov/sites/g/files/ehbemt471/files/documents/2021-09/20180004.pdf,,2018-12-06,,2018,"Superior Court (Temple, J.)",superior_court,Temple,criminal,standard,,per_curiam,Per Curiam,0,0,0,3,N/A,False,False,False,[],['RSA 641:6'],RSA 641:6,False,"['de_novo', 'plain_error']",,1407,case_order,1.0.0,2026-07-16T02:11:09.640567,0.8
2018-0206,2018-0206,['2018-0206'],,,,"Sanford A. Woodmansee v. Andrea V. Lasker, Esquire",https://www.courts.nh.gov/sites/g/files/ehbemt471/files/documents/2021-09/20180206.pdf,,2018-11-30,,2018,,,,civil,standard,affirmed,per_curiam,Per Curiam,5,0,0,1,5-0,True,False,False,"['civil_procedure', 'statutory_interpretation', 'evidence']",['RSA 358-A:2'],RSA 358-A:2,True,[],,786,case_order,1.0.0,2026-07-16T02:11:10.624003,0.8
2018-0042,2018-0042,['2018-0042'],,,,Town of Derry Town Council v. Town of Derry Zoning Board of Adjustment & a.,https://www.courts.nh.gov/sites/g/files/ehbemt471/files/documents/2021-09/20180042.pdf,,2018-11-28,,2018,"Superior Court (Schulman, J.)",superior_court,Schulman,civil,standard,vacated,per_curiam,Per Curiam,5,0,0,1,5-0,True,False,False,['property'],"['RSA 674:33, I', 'RSA 677:6']","RSA 674:33, I",False,[],,455,case_order,1.0.0,2026-07-16T02:11:11.113955,0.8
2018-0159,2018-0159,['2018-0159'],,,,Allen Williamson v. Zen Braccio,https://www.courts.nh.gov/sites/g/files/ehbemt471/files/documents/2021-09/20180159.pdf,,2018-11-28,,2018,Circuit Court,circuit_court,Kelly,civil,standard,affirmed,per_curiam,Per Curiam,5,0,0,1,5-0,True,False,False,[],[],,False,[],,411,case_order,1.0.0,2026-07-16T02:11:11.681302,0.8
2018-0191,2018-0191,['2018-0191'],,,,Mark Keenan v. Karen Tuthill & a.,https://www.courts.nh.gov/sites/g/files/ehbemt471/files/documents/2021-09/20180191.pdf,,2018-11-28,,2018,Superior Court,superior_court,Brown,civil,standard,,per_curiam,Per Curiam,0,0,0,3,N/A,False,False,False,"['property', 'contract', 'tort']",[],,False,[],,1371,case_order,1.0.0,2026-07-16T02:11:12.286199,0.8
2018-0083,2018-0083,['2018-0083'],,,,Linderhof Property Owners’ Association & a. v. Paul Hegner & a.,https://www.courts.nh.gov/sites/g/files/ehbemt471/files/documents/2021-09/20180083.pdf,,2018-11-28,,2018,"Circuit Court (Patten, Referee, approved by Boyle, J.) entering a default",circuit_court,"Patten, Referee, approved by Boyle",civil,standard,affirmed,per_curiam,Per Curiam,5,0,0,1,5-0,True,False,False,"['property', 'contract', 'tax']",[],,False,[],,985,case_order,1.0.0,2026-07-16T02:11:15.340287,0.8
2018-0160,2018-0160,['2018-0160'],,,,Carlos Santos v. Zenandre Braccio,https://www.courts.nh.gov/sites/g/files/ehbemt471/files/documents/2021-09/20180160.pdf,,2018-11-28,,2018,Circuit Court,circuit_court,Quigley,civil,standard,affirmed,per_curiam,Per Curiam,5,0,0,1,5-0,True,False,False,[],[],,False,[],,358,case_order,1.0.0,2026-07-16T02:11:15.418955,0.8
2018-0230,2018-0230,['2018-0230'],,,,Brian J. Stone v. Susan Bruce,https://www.courts.nh.gov/sites/g/files/ehbemt471/files/documents/2021-09/20180230.pdf,,2018-11-27,,2018,Superior Court,superior_court,Kissinger,civil,standard,dismissed,per_curiam,Per Curiam,0,0,0,3,N/A,False,False,False,"['civil_procedure', 'statutory_interpretation', 'constitutional', 'tort']",[],,True,[],,1449,case_order,1.0.0,2026-07-16T02:11:15.844674,0.8
2018-0032,2018-0032,['2018-0032'],,,,Sanjeev Lath v. Oakbrook Condominium Owners’ Association & a.,https://www.courts.nh.gov/sites/g/files/ehbemt471/files/documents/2021-09/20180032.pdf,,2018-11-20,,2018,Superior Court,superior_court,Brown,criminal,standard,affirmed,per_curiam,Per Curiam,4,0,0,2,4-0,True,False,False,"['criminal', 'contract', 'evidence']",[],,False,[],,556,case_order,1.0.0,2026-07-16T02:11:16.210931,0.8
2018-0183,2018-0183,['2018-0183'],,,,"Appeal of Jennifer Fitzpatrick, LICSW",https://www.courts.nh.gov/sites/g/files/ehbemt471/files/documents/2021-09/20180183.pdf,,2018-11-20,,2018,,,,criminal,standard,reversed_and_remanded,per_curiam,Per Curiam,5,0,0,1,5-0,True,False,False,['criminal'],['RSA 490:4'],RSA 490:4,False,[],,585,case_order,1.0.0,2026-07-16T02:11:16.664658,0.8
2017-0647,2017-0647,['2017-0647'],,,,"Salmon Properties, LLC v. Michael Herpst & a.",https://www.courts.nh.gov/sites/g/files/ehbemt471/files/documents/2021-09/20170647.pdf,,2018-11-16,,2018,"Circuit Court (Ashley, J.)",circuit_court,Ashley,civil,standard,,per_curiam,Per Curiam,0,0,0,3,N/A,False,False,False,['statutory_interpretation'],"['RSA 540:13-d', 'RSA 540:13-d, I']",RSA 540:13-d,True,['de_novo'],,603,case_order,1.0.0,2026-07-16T02:11:21.168176,0.8
2017-0733,2017-0733,['2017-0733'],,,,Anna Konopka v. New Hampshire Board of Medicine,https://www.courts.nh.gov/sites/g/files/ehbemt471/files/documents/2021-09/20170733.pdf,,2018-11-16,,2018,Superior Court,superior_court,Kissinger,criminal,standard,affirmed,per_curiam,Per Curiam,5,0,0,1,5-0,True,False,False,"['criminal', 'administrative_law', 'statutory_interpretation']",[],,True,[],,317,case_order,1.0.0,2026-07-16T02:11:21.289318,0.8
2017-0439,2017-0439,['2017-0439'],,,,State of New Hampshire v. Cesar Abreu,https://www.courts.nh.gov/sites/g/files/ehbemt471/files/documents/2021-09/20170439.pdf,,2018-11-15,,2018,"Superior Court (Brown, J.)",superior_court,Brown,family/domestic,standard,affirmed,per_curiam,Per Curiam,0,0,0,3,N/A,False,False,False,"['criminal', 'family_law']","['RSA 642:2', 'RSA 159:3, I']",RSA 642:2,False,['de_novo'],,1267,case_order,1.0.0,2026-07-16T02:11:21.868830,0.8
2017-0652,2017-0652,['2017-0652'],,,,State of New Hampshire v. Nathan Chernis,https://www.courts.nh.gov/sites/g/files/ehbemt471/files/documents/2021-09/20170652.pdf,,2018-11-02,,2018,"Circuit Court’s (Spath, J.)",circuit_court,,criminal,standard,affirmed,per_curiam,Per Curiam,5,0,0,1,5-0,True,False,False,"['criminal', 'civil_procedure', 'statutory_interpretation', 'constitutional', 'DWI']",[],,True,"['de_novo', 'clear_error']",,1312,case_order,1.0.0,2026-07-16T02:11:22.499435,0.8
2017-0417,2017-0417,['2017-0417'],,,,"Rohan, LLC v. Kim Carmichael",https://www.courts.nh.gov/sites/g/files/ehbemt471/files/documents/2021-09/20170417.pdf,,2018-11-01,,2018,"Circuit Court (Lyons, J.)",circuit_court,Lyons,civil,standard,affirmed,per_curiam,Per Curiam,5,0,0,1,5-0,True,False,False,"['constitutional', 'property']","['RSA 540:13', 'RSA 48-A:14', 'RSA 540']",RSA 540:13,False,[],,1006,case_order,1.0.0,2026-07-16T02:11:22.848164,0.8
2018-0041,2018-0041,['2018-0041'],,,,State of New Hampshire v. Joseph Sawyer,https://www.courts.nh.gov/sites/g/files/ehbemt471/files/documents/2021-09/20180041.pdf,,2018-10-29,,2018,"Superior Court (Schulman, J.)",superior_court,Schulman,criminal,standard,affirmed,per_curiam,Per Curiam,5,0,0,1,5-0,True,False,False,"['criminal', 'property']","['RSA 637:3-a', 'RSA 637:11, III', 'RSA 637:7', 'RSA 637:4', 'RSA 637:4, IV']",RSA 637:3-a,False,['plain_error'],,693,case_order,1.0.0,2026-07-16T02:11:23.329744,0.8
2018-0055,2018-0055,['2018-0055'],,,,Craig Lange v. Timothy Vogel & a.,https://www.courts.nh.gov/sites/g/files/ehbemt471/files/documents/2021-09/20180055.pdf,,2018-10-29,,2018,Circuit Court,circuit_court,Lemire,civil,standard,affirmed,per_curiam,Per Curiam,5,0,0,1,5-0,True,False,False,"['civil_procedure', 'contract']",['RSA 508:4'],RSA 508:4,False,[],,380,case_order,1.0.0,2026-07-16T02:11:23.910551,0.8
2017-0688,2017-0688,['2017-0688'],,,,Lorraine F. Menard v. Kimberlee A. Tyndall,https://www.courts.nh.gov/sites/g/files/ehbemt471/files/documents/2021-09/20170688.pdf,,2018-10-26,,2018,Circuit Court,circuit_court,LeFrancois,criminal,standard,affirmed,per_curiam,Per Curiam,5,0,0,1,5-0,True,False,False,"['criminal', 'contract', 'evidence']","['RSA 352:1', 'RSA 352:2', 'RSA 352:10', 'RSA 352:7', 'RSA 352:8']",RSA 352:1,False,[],,813,case_order,1.0.0,2026-07-16T02:11:24.032220,0.8
2018-0014,2018-0014,['2018-0014'],,,,Alan Armstrong & a. v. Maria Giakoumakis & a.,https://www.courts.nh.gov/sites/g/files/ehbemt471/files/documents/2021-09/20180014.pdf,,2018-10-26,,2018,"Superior Court (Anderson, J.)",superior_court,Anderson,civil,standard,,per_curiam,Per Curiam,0,0,0,3,N/A,False,False,False,"['constitutional', 'property', 'contract']","['RSA 482-A:3, XIII', 'RSA 482-A:14-c']","RSA 482-A:3, XIII",False,['de_novo'],,1390,case_order,1.0.0,2026-07-16T02:11:27.474222,0.8
2018-0059,2018-0059,['2018-0059'],,,,State of New Hampshire v. Michael A. DeLong,https://www.courts.nh.gov/sites/g/files/ehbemt471/files/documents/2021-09/20180059.pdf,,2018-10-17,,2018,"Circuit Court (Ryan, J.)",circuit_court,Ryan,criminal,standard,affirmed,per_curiam,Per Curiam,5,0,0,1,5-0,True,False,False,"['criminal', 'statutory_interpretation', 'property', 'tort', 'evidence']","['RSA 265:79-b', 'RSA 626:2, II']",RSA 265:79-b,True,[],,712,case_order,1.0.0,2026-07-16T02:11:27.587170,0.8
2017-0519,2017-0519,"['2017-0519', '2017-0501']",,,,Donald Toy & a. v. City of Rochester,https://www.courts.nh.gov/sites/g/files/ehbemt471/files/documents/2021-09/20170519.pdf,,2018-10-16,,2018,"Superior Court (Howard, J.)",superior_court,Howard,civil,standard,affirmed,per_curiam,Per Curiam,4,0,0,1,4-0,True,False,False,"['civil_procedure', 'property']",[],,False,[],,216,case_order,1.0.0,2026-07-16T02:11:28.717287,0.8
2018-0168,2018-0168,['2018-0168'],,,,"State of New Hampshire v. Jack B. Flanagan, III",https://www.courts.nh.gov/sites/g/files/ehbemt471/files/documents/2021-09/20180168.pdf,,2018-10-17,,2018,"Circuit Court (Crocker, J.)",circuit_court,Crocker,civil,standard,affirmed,per_curiam,Per Curiam,5,0,0,1,5-0,True,False,False,"['constitutional', 'evidence']","['RSA 265:22', 'RSA 265:22, I', 'RSA 265:16', 'RSA 265:37-a', 'RSA 265:37-a, I']",RSA 265:22,False,[],,819,case_order,1.0.0,2026-07-16T02:11:29.045962,0.8
2018-0039,2018-0039,['2018-0039'],,,,Nicole Pittore v. Dan LeBlanc & a.,https://www.courts.nh.gov/sites/g/files/ehbemt471/files/documents/2021-09/20180039.pdf,,2018-10-17,,2018,,,Sadler,family/domestic,standard,,per_curiam,Per Curiam,0,0,0,3,N/A,False,False,False,"['civil_procedure', 'statutory_interpretation', 'property', 'contract', 'domestic_violence']","['RSA 503:1, I']","RSA 503:1, I",True,['de_novo'],,1479,case_order,1.0.0,2026-07-16T02:11:29.441347,0.8
2017-0164,2017-0164,['2017-0164'],,,,State of New Hampshire v. Edward Furlong,https://www.courts.nh.gov/sites/g/files/ehbemt471/files/documents/2021-09/20170164.pdf,,2018-10-17,,2018,,,,criminal,standard,,per_curiam,Per Curiam,0,0,0,3,N/A,False,False,False,"['criminal', 'statutory_interpretation', 'constitutional', 'property', 'evidence']","['RSA 635:2', 'RSA 634:2', 'RSA 629:1']",RSA 635:2,True,['plain_error'],,1437,case_order,1.0.0,2026-07-16T02:11:29.907133,0.8
2017-0412,2017-0412,['2017-0412'],,,,"Louis F. Clarizio v. R. David DePuy, Esq. & a.",https://www.courts.nh.gov/sites/g/files/ehbemt471/files/documents/2021-09/20170412.pdf,,2018-10-12,,2018,"Superior Court (Brown, J.)",superior_court,Brown,family/domestic,standard,,per_curiam,Per Curiam,0,0,0,3,N/A,False,False,False,"['family_law', 'civil_procedure', 'property', 'tort']","['RSA 508:4, I', 'RSA 508:4']","RSA 508:4, I",False,[],,1245,case_order,1.0.0,2026-07-16T02:11:30.502969,0.8
2017-0731,2017-0731,['2017-0731'],,,,James McManus v. Patrick Royal & a.,https://www.courts.nh.gov/sites/g/files/ehbemt471/files/documents/2021-09/20170731.pdf,,2018-10-02,,2018,Superior Court,superior_court,Anderson,civil,standard,affirmed,per_curiam,Per Curiam,0,0,0,3,N/A,False,False,False,"['statutory_interpretation', 'property']",[],,True,[],,1433,case_order,1.0.0,2026-07-16T02:11:31.106575,0.8
2017-0732,2017-0732,['2017-0732'],,,,Judith Tompson v. Randolph Bank,https://www.courts.nh.gov/sites/g/files/ehbemt471/files/documents/2021-09/20170732.pdf,,2018-10-02,,2018,Superior Court,superior_court,Anderson,civil,standard,affirmed,per_curiam,Per Curiam,5,0,0,1,5-0,True,False,False,['property'],"['RSA 358-A', 'RSA 358-C']",RSA 358-A,False,[],,288,case_order,1.0.0,2026-07-16T02:11:31.177148,0.8
2017-0631,20170631,['2017-0631'],,,,2017-0631 State of New Hampshire v. John Edward Barbuto,https://www.courts.nh.gov/sites/g/files/ehbemt471/files/documents/2021-09/20170631.pdf,,2018-09-17,,2018,"Circuit Court (Gordon, J.)",circuit_court,Gordon,civil,standard,affirmed,per_curiam,Per Curiam,5,0,0,1,5-0,True,False,False,"['statutory_interpretation', 'DWI']","['RSA 265-A:2', 'RSA 265-A:10']",RSA 265-A:2,True,"['de_novo', 'plain_error']",,794,case_order,1.0.0,2026-07-16T02:11:33.190991,0.8
2017-0257,2017-0257,['2017-0257'],,,,Appeal of Matthew Lowrie & a.,https://www.courts.nh.gov/sites/g/files/ehbemt471/files/documents/2021-09/20170257.pdf,,2018-09-17,,2018,,administrative,,civil,standard,,per_curiam,Per Curiam,0,0,0,3,N/A,False,False,False,"['administrative_law', 'statutory_interpretation', 'property', 'tax']","['RSA 21-O:14', 'RSA 21', 'RSA 482-A', 'RSA 21-O:5-a, V', 'RSA 21-O:14, I', 'RSA 541-A:1, VIII', 'RSA 21-O:5-a', 'RSA 541:1, VIII', 'RSA 482-A:3']",RSA 21-O:14,True,['de_novo'],,1241,case_order,1.0.0,2026-07-16T02:11:34.784453,0.8
2017-0716,2017-0716,['2017-0716'],,,,State of New Hampshire v. Gokhan Kumpas,https://www.courts.nh.gov/sites/g/files/ehbemt471/files/documents/2021-09/20170716.pdf,,2018-09-17,,2018,"Circuit Court (Morrison, J.)",circuit_court,Morrison,criminal,standard,affirmed,per_curiam,Per Curiam,5,0,0,1,5-0,True,False,False,"['criminal', 'statutory_interpretation', 'DWI']","['RSA 265-A:2', 'RSA 265-A:2, I', 'RSA 265-A:10']",RSA 265-A:2,True,['de_novo'],,736,case_order,1.0.0,2026-07-16T02:11:35.027930,0.8
2017-0366,2017-0366,['2017-0366'],,,,In the Matter of Joan Marden and Edward Marden,https://www.courts.nh.gov/sites/g/files/ehbemt471/files/documents/2021-09/20170366.pdf,,2018-09-17,,2018,Circuit Court,circuit_court,Introcaso,family/domestic,standard,dismissed,per_curiam,Per Curiam,5,0,0,1,5-0,True,False,False,"['family_law', 'civil_procedure', 'constitutional']",[],,False,[],,1262,case_order,1.0.0,2026-07-16T02:11:35.441043,0.8
2017-0675,2017-0675,['2017-0675'],,,,Sheila D. Petrin v. David M. Liberatore & a.,https://www.courts.nh.gov/sites/g/files/ehbemt471/files/documents/2021-09/20170675.pdf,,2018-09-17,,2018,"Superior Court (Nicolosi, J.)",superior_court,Nicolosi,civil,standard,dismissed,per_curiam,Per Curiam,0,0,0,3,N/A,False,False,False,"['civil_procedure', 'contract']",['RSA 514:9'],RSA 514:9,False,[],,1394,case_order,1.0.0,2026-07-16T02:11:35.913056,0.8
2017-0073,2017-0073,['2017-0073'],,,,State of New Hampshire v. Alan A. Kenison,https://www.courts.nh.gov/sites/g/files/ehbemt471/files/documents/2021-09/20170073.pdf,,2018-09-17,,2018,"Superior Court (Bornstein, J.)",superior_court,Bornstein,criminal,standard,,per_curiam,Per Curiam,0,0,0,3,N/A,False,False,False,['criminal'],"['RSA 632-A:3, III', 'RSA 632-A:2, I', 'RSA 570-A:7']","RSA 632-A:3, III",False,[],,1302,case_order,1.0.0,2026-07-16T02:11:36.430164,0.8
2017-0645,2017-0645,['2017-0645'],,,,Peter D. Harback & a. v. Neil Manning & a.,https://www.courts.nh.gov/sites/g/files/ehbemt471/files/documents/2021-09/20170645.pdf,,2018-09-17,,2018,"Superior Court (Kissinger, J.)",superior_court,Kissinger,civil,standard,affirmed,per_curiam,Per Curiam,5,0,0,1,5-0,True,False,False,['property'],[],,False,[],,410,case_order,1.0.0,2026-07-16T02:11:37.039540,0.8
2017-0604,20170604,['2017-0604'],,,,2017-0604vIn the Matter of Michelle Chirco and Anthony Chirco,https://www.courts.nh.gov/sites/g/files/ehbemt471/files/documents/2021-09/20170604.pdf,,2018-09-14,,2018,Circuit Court,circuit_court,"Cross, Referee, approved by Stephen",civil,standard,affirmed,per_curiam,Per Curiam,5,0,0,1,5-0,True,False,False,['constitutional'],[],,False,[],,357,case_order,1.0.0,2026-07-16T02:11:37.133480,0.8
2017-0711,2017-0711,['2017-0711'],,,,Richard Theriault v. Robert A. Theriault,https://www.courts.nh.gov/sites/g/files/ehbemt471/files/documents/2021-09/20170711.pdf,,2018-09-14,,2018,Circuit Court,circuit_court,Quigley,civil,standard,affirmed,per_curiam,Per Curiam,5,0,0,1,5-0,True,False,False,[],[],,False,[],,253,case_order,1.0.0,2026-07-16T02:11:39.020380,0.8
2017-0509,20170509,['2017-0509'],,,,"2017-0509 Christine John v. Festival Fun Parks, LLC",https://www.courts.nh.gov/sites/g/files/ehbemt471/files/documents/2021-09/20170509.pdf,,2018-09-14,,2018,"Superior Court (Delker, J.)",superior_court,Delker,civil,standard,,per_curiam,Per Curiam,0,0,0,3,N/A,False,False,False,['property'],[],,False,[],,1467,case_order,1.0.0,2026-07-16T02:11:40.499897,0.8
2018-0133,2018-0133,['2018-0133'],,,,Wayne A. Sabato & a. v. Federal National Mortgage Association,https://www.courts.nh.gov/sites/g/files/ehbemt471/files/documents/2021-09/20180133.pdf,,2018-09-14,,2018,"Superior Court (Temple, J.)",superior_court,Temple,civil,standard,dismissed,per_curiam,Per Curiam,5,0,0,1,5-0,True,False,False,"['civil_procedure', 'statutory_interpretation', 'property']","['RSA 480:3-a', 'RSA 480:1', 'RSA 529:20-a']",RSA 480:3-a,True,[],,458,case_order,1.0.0,2026-07-16T02:11:40.780180,0.8
2017-0684,2017-0684,['2017-0684'],,,,Robert Ploettner v. Christopher Della Cioppa & a.,https://www.courts.nh.gov/sites/g/files/ehbemt471/files/documents/2021-09/20170684.pdf,,2018-09-14,,2018,"Circuit Court (Tenney, J.)",circuit_court,Tenney,civil,standard,vacated,per_curiam,Per Curiam,5,0,0,1,5-0,True,False,False,"['statutory_interpretation', 'property']","['RSA 540:13', 'RSA 490-F:3', 'RSA 540:17', 'RSA 540:18']",RSA 540:13,True,[],,418,case_order,1.0.0,2026-07-16T02:11:41.258157,0.8
2018-0063,2018-0063,"['2018-0063', '2014-0720']",,,,State of New Hampshire v. Ronald Martin,https://www.courts.nh.gov/sites/g/files/ehbemt471/files/documents/2021-09/20180063.pdf,,2018-09-14,,2018,Superior Court,superior_court,Nicolosi,criminal,standard,affirmed,per_curiam,Per Curiam,5,0,0,1,5-0,True,False,False,"['criminal', 'statutory_interpretation', 'constitutional']","['RSA 651-A:6, II', 'RSA 651']","RSA 651-A:6, II",True,[],,796,case_order,1.0.0,2026-07-16T02:11:41.850100,0.8
2017-0048,2017-0048,['2017-0048'],,,,State of New Hampshire v. Andrew Brown,https://www.courts.nh.gov/sites/g/files/ehbemt471/files/documents/2021-09/20170048.pdf,,2018-08-30,,2018,"Circuit Court (Moore, J.)",circuit_court,Moore,criminal,standard,,per_curiam,Per Curiam,0,0,0,3,N/A,False,False,False,['criminal'],['RSA 263:64'],RSA 263:64,False,['de_novo'],,1531,case_order,1.0.0,2026-07-16T02:11:42.266457,0.8
2017-0696,2017-0696,['2017-0696'],,,,"Michael J. Walsh, Trustee v. Sydney H. Walsh, Trustee",https://www.courts.nh.gov/sites/g/files/ehbemt471/files/documents/2021-09/20170696.pdf,,2018-08-21,,2018,Circuit Court,circuit_court,King,civil,standard,dismissed,per_curiam,Per Curiam,0,0,0,3,N/A,False,False,False,"['civil_procedure', 'property', 'contract']","['RSA 511-A:8, III']","RSA 511-A:8, III",False,['plain_error'],,1519,case_order,1.0.0,2026-07-16T02:11:45.863930,0.8
2017-0426,2017-0426,['2017-0426'],,,,State of New Hampshire v. Reilly Leith,https://www.courts.nh.gov/sites/g/files/ehbemt471/files/documents/2021-09/20170426.pdf,,2018-08-14,,2018,"Superior Court (Wageling, J.)",superior_court,Wageling,criminal,standard,affirmed,per_curiam,Per Curiam,5,0,0,1,5-0,True,False,False,"['criminal', 'constitutional', 'evidence']","['RSA 642:8', 'RSA 642:8, III', 'RSA 625:9, III']",RSA 642:8,False,[],,1067,case_order,1.0.0,2026-07-16T02:11:46.119274,0.8
2017-0535,2017-0535,['2017-0535'],,,,"MPG Bedford, LLC v. KDG Bedford, LLC & a.",https://www.courts.nh.gov/sites/g/files/ehbemt471/files/documents/2021-09/20170535.pdf,,2018-08-13,,2018,,administrative,,civil,standard,,per_curiam,Per Curiam,0,0,0,3,N/A,False,False,False,"['civil_procedure', 'statutory_interpretation', 'contract']",[],,True,[],,1365,case_order,1.0.0,2026-07-16T02:11:46.564956,0.8
2017-0653,2017-0653,['2017-0653'],,,,In re Estate of Frederick G. McCaffery,https://www.courts.nh.gov/sites/g/files/ehbemt471/files/documents/2021-09/20170653.pdf,,2018-08-10,,2018,Circuit Court,circuit_court,Weaver,civil,standard,dismissed,per_curiam,Per Curiam,5,0,0,1,5-0,True,False,False,"['civil_procedure', 'statutory_interpretation', 'contract']",[],,True,[],,1122,case_order,1.0.0,2026-07-16T02:11:47.103804,0.8
2017-0240,2017-0240,['2017-0240'],,,,State of New Hampshire v. Jarid D. Crosby,https://www.courts.nh.gov/sites/g/files/ehbemt471/files/documents/2021-09/20170240.pdf,,2018-08-10,,2018,"Superior Court (Ruoff, J.)",superior_court,Ruoff,family/domestic,standard,affirmed,per_curiam,Per Curiam,5,0,0,1,5-0,True,False,False,"['criminal', 'domestic_violence']","['RSA 631:2-b', 'RSA 631:4']",RSA 631:2-b,False,['plain_error'],,862,case_order,1.0.0,2026-07-16T02:11:47.722065,0.8
2017-0404,2017-0404,['2017-0404'],,,,Michael Weeden v. Shawn O’Brien,https://www.courts.nh.gov/sites/g/files/ehbemt471/files/documents/2021-09/20170404.pdf,,2018-08-10,,2018,,,,criminal,standard,affirmed,per_curiam,Per Curiam,5,0,0,1,5-0,True,False,False,"['criminal', 'statutory_interpretation']","['RSA 540:13', 'RSA 540:13-d', 'RSA 540:13-d, I']",RSA 540:13,True,['de_novo'],,652,case_order,1.0.0,2026-07-16T02:11:47.838312,0.8
2018-0012,2018-0012,['2018-0012'],,,,In re Estate of Phyllis W. Holton,https://www.courts.nh.gov/sites/g/files/ehbemt471/files/documents/2021-09/20180012.pdf,,2018-08-09,,2018,Circuit Court,circuit_court,LeFrancois,civil,standard,affirmed,per_curiam,Per Curiam,4,0,0,1,4-0,True,False,False,"['property', 'contract']",['RSA 564'],RSA 564,False,[],,672,case_order,1.0.0,2026-07-16T02:11:50.078705,0.8
2017-0277,2017-0277,['2017-0277'],,,,Michael D. Roche & a. v. City of Manchester,https://www.courts.nh.gov/sites/g/files/ehbemt471/files/documents/2021-09/20170277.pdf,,2018-08-02,,2018,Superior Court,superior_court,"Ruoff, J., and Kissinger",civil,standard,,per_curiam,Per Curiam,0,0,0,3,N/A,False,False,False,"['civil_procedure', 'employment', 'contract']","['RSA 273-A:6, I', 'RSA 273-A:5', 'RSA 273-A:5, I']","RSA 273-A:6, I",False,['de_novo'],,1342,case_order,1.0.0,2026-07-16T02:11:50.363498,0.8
2017-0261,2017-0261,['2017-0261'],,,,"Summit Meadow Farm, Inc. v. Daniel D. and Karen R. Holmes, d/b/a Sunnyfield Farm",https://www.courts.nh.gov/sites/g/files/ehbemt471/files/documents/2021-09/20170261.pdf,,2018-08-02,,2018,Circuit Court,circuit_court,Stephen,civil,standard,,per_curiam,Per Curiam,0,0,0,3,N/A,False,False,False,"['insurance', 'statutory_interpretation', 'property', 'contract', 'tort']",[],,True,['de_novo'],,1282,case_order,1.0.0,2026-07-16T02:11:50.803706,0.8
2017-0635,2017-0635,['2017-0635'],,,,In the Matter of Crystal DeAngelo and Aaron DeAngelo,https://www.courts.nh.gov/sites/g/files/ehbemt471/files/documents/2021-09/20170635.pdf,,2018-07-13,,2018,Circuit Court,circuit_court,,family/domestic,standard,,per_curiam,Per Curiam,0,0,0,3,N/A,False,False,False,"['insurance', 'family_law', 'employment']","['RSA 458-C:7', 'RSA 461-A:14, VIII', 'RSA 458-C:7, II', 'RSA 461-A:14, VI']",RSA 458-C:7,False,[],,1312,case_order,1.0.0,2026-07-16T02:11:51.349039,0.8
2017-0656,2017-0656,['2017-0656'],,,,In the Matter of Tanya Braga-Pillsbury and Mickey Pillsbury,https://www.courts.nh.gov/sites/g/files/ehbemt471/files/documents/2021-09/20170656.pdf,,2018-07-13,,2018,,,,family/domestic,standard,affirmed,per_curiam,Per Curiam,5,0,0,1,5-0,True,False,False,"['family_law', 'property']","['RSA 458:16-a, I', 'RSA 458:16-a, II']","RSA 458:16-a, I",False,['de_novo'],,1342,case_order,1.0.0,2026-07-16T02:11:52.007225,0.8
2017-0672,2017-0672,"['2017-0672', '2017-0695', '2017-0694']",,,,Christopher Brault & a. v. Walter Fredette,https://www.courts.nh.gov/sites/g/files/ehbemt471/files/documents/2021-09/20170672.pdf,,2018-07-03,,2018,,,Crocker,civil,standard,affirmed,per_curiam,Per Curiam,5,0,0,1,5-0,True,False,False,"['statutory_interpretation', 'property', 'contract']","['RSA 540-A:4', 'RSA 540-A:2', 'RSA 540-A:3', 'RSA 48-A', 'RSA 147', 'RSA 155']",RSA 540-A:4,True,[],,539,case_order,1.0.0,2026-07-16T02:11:52.117400,0.8
2017-0056,2017-0056,['2017-0056'],,,,In the Matter of Dawn Reeby and David Nazzaro,https://www.courts.nh.gov/sites/g/files/ehbemt471/files/documents/2021-09/20170056.pdf,,2018-07-03,,2018,"Circuit Court (Introcaso, J.)",circuit_court,Introcaso,family/domestic,standard,affirmed,per_curiam,Per Curiam,4,0,0,1,4-0,True,False,False,"['insurance', 'family_law', 'statutory_interpretation', 'employment']","['RSA 458', 'RSA 458-C:7, I', 'RSA 458-C:2, IV', 'RSA 458-C:3']",RSA 458,True,['de_novo'],,1156,case_order,1.0.0,2026-07-16T02:11:55.231631,0.8
2017-0561,2017-0561,['2017-0561'],,,,In the Matter of Tanya Bourgeois and Michael Cook,https://www.courts.nh.gov/sites/g/files/ehbemt471/files/documents/2021-09/20170561.pdf,,2018-07-03,,2018,,,,family/domestic,standard,,per_curiam,Per Curiam,0,0,0,3,N/A,False,False,False,"['family_law', 'constitutional']","['RSA 461-A:11', 'RSA 461-A:11, I', 'RSA 461-A, I', 'RSA 461-A:11, III']",RSA 461-A:11,False,['plain_error'],,1329,case_order,1.0.0,2026-07-16T02:11:55.559786,0.8
2017-0727,2017-0727,['2017-0727'],,,,"The World of Discovery, Inc. v. Victoria Rogers & a.",https://www.courts.nh.gov/sites/g/files/ehbemt471/files/documents/2021-09/20170727.pdf,,2018-06-29,,2018,"Circuit Court (Kent, Referee, approved by Lyons, J.), in its collection action",circuit_court,"Kent, Referee, approved by Lyons",civil,standard,affirmed,per_curiam,Per Curiam,5,0,0,1,5-0,True,False,False,['DWI'],[],,False,[],,303,case_order,1.0.0,2026-07-16T02:11:55.891334,0.8
2017-0589,2017-0589,['2017-0589'],,,,"Barlo Signs International, Inc. v. GCD, Inc.",https://www.courts.nh.gov/sites/g/files/ehbemt471/files/documents/2021-09/20170589.pdf,,2018-06-29,,2018,,,,civil,standard,vacated,per_curiam,Per Curiam,4,0,0,2,4-0,True,False,False,['contract'],"['RSA 502-A:14', 'RSA 490-F:3', 'RSA 503:1']",RSA 502-A:14,False,[],,1034,case_order,1.0.0,2026-07-16T02:11:56.425995,0.8
2017-0579,2017-0579,['2017-0579'],,,,Robert Nelson v. John Biddle & a.,https://www.courts.nh.gov/sites/g/files/ehbemt471/files/documents/2021-09/20170579.pdf,,2018-06-29,,2018,"Circuit Court (Boyle, J.)",circuit_court,Boyle,civil,standard,,per_curiam,Per Curiam,0,0,0,3,N/A,False,False,False,"['medicaid', 'property', 'contract']","['RSA 540:2, II', 'RSA 540:13, III']","RSA 540:2, II",False,[],,1392,case_order,1.0.0,2026-07-16T02:11:56.602725,0.8
2018-0027,2018-0027,['2018-0027'],,,,American Express Centurion Bank v. Maricris Arnoff,https://www.courts.nh.gov/sites/g/files/ehbemt471/files/documents/2021-09/20180027.pdf,,2018-06-29,,2018,,,,civil,standard,affirmed,per_curiam,Per Curiam,5,0,0,1,5-0,True,False,False,[],"['RSA 511:2', 'RSA 511:2, XVIII']",RSA 511:2,False,[],,405,case_order,1.0.0,2026-07-16T02:11:58.525760,0.8
2017-0544,2017-0544,['2017-0544'],,,,In re Estate of Amy Marjorie Patnaude,https://www.courts.nh.gov/sites/g/files/ehbemt471/files/documents/2021-09/20170544.pdf,,2018-06-29,,2018,"Circuit Court (King, J.)",circuit_court,King,civil,standard,,per_curiam,Per Curiam,0,0,0,3,N/A,False,False,False,['statutory_interpretation'],['RSA 567'],RSA 567,True,[],,1471,case_order,1.0.0,2026-07-16T02:11:58.787845,0.8
2017-0451,2017-0451,['2017-0451'],,,,"Lloyd T. Graves, Trustee of the Lloyd T. Graves Revocable Trust – 1997, Hampton and North Hampton, New Hampshire v. Town of Hampton",https://www.courts.nh.gov/sites/g/files/ehbemt471/files/documents/2021-09/20170451.pdf,,2018-06-21,,2018,"Superior Court (Anderson, J.)",superior_court,Anderson,civil,standard,,per_curiam,Per Curiam,0,0,0,2,N/A,False,False,False,['property'],"['RSA 231:3, I', 'RSA 231:8', 'RSA 231:38']","RSA 231:3, I",False,['de_novo'],,1331,case_order,1.0.0,2026-07-16T02:11:59.783980,0.8
2017-0549,2017-0549,['2017-0549'],,,,"Paul E. Hunt, Executor of the Estate of Lorraine V. Hunt v. Rachael Hunt & a.",https://www.courts.nh.gov/sites/g/files/ehbemt471/files/documents/2021-09/20170549.pdf,,2018-06-20,,2018,Circuit Court,circuit_court,Gordon,family/domestic,standard,affirmed,per_curiam,Per Curiam,5,0,0,0,5-0,True,False,False,"['family_law', 'property']",[],,False,[],,809,case_order,1.0.0,2026-07-16T02:12:00.143508,0.8
2017-0405,2017-0405,['2017-0405'],,,,State of New Hampshire v. Kenneth Coy,https://www.courts.nh.gov/sites/g/files/ehbemt471/files/documents/2021-09/20170405.pdf,,2018-06-20,,2018,Superior Court,superior_court,Howard,family/domestic,standard,affirmed,per_curiam,Per Curiam,5,0,0,0,5-0,True,False,False,"['criminal', 'administrative_law', 'family_law', 'civil_procedure', 'contract', 'tort']","['RSA 225-A:25, IV', 'RSA 606-A:1']","RSA 225-A:25, IV",False,['de_novo'],,1268,case_order,1.0.0,2026-07-16T02:12:00.772562,0.8
2017-0551,2017-0551,"['2017-0551', '2016-0434']",,,,Scott Eaton v. Carin Hallum White & a.,https://www.courts.nh.gov/sites/g/files/ehbemt471/files/documents/2021-09/20170551.pdf,,2018-06-20,,2018,,,Greenhalgh,civil,standard,remanded,per_curiam,Per Curiam,5,0,0,0,5-0,True,False,False,"['civil_procedure', 'statutory_interpretation']","['RSA 503:1, IV']","RSA 503:1, IV",True,[],,718,case_order,1.0.0,2026-07-16T02:12:00.890453,0.8
2017-0529,2017-0529,['2017-0529'],,,,Robert L. Benjamin v. Vatche Manoukian & a.,https://www.courts.nh.gov/sites/g/files/ehbemt471/files/documents/2021-09/20170529.pdf,,2018-06-20,,2018,Superior Court,superior_court,Ignatius,civil,standard,affirmed,per_curiam,Per Curiam,4,0,0,1,4-0,True,False,False,"['statutory_interpretation', 'property']",[],,True,[],,1065,case_order,1.0.0,2026-07-16T02:12:01.094820,0.8
2018-0016,2018-0016,['2018-0016'],,,,Victoria Pizz v. Kianoush Jebeli & a.,https://www.courts.nh.gov/sites/g/files/ehbemt471/files/documents/2021-09/20180016.pdf,,2018-06-08,,2018,Superior Court,superior_court,McNamara,civil,standard,dismissed,per_curiam,Per Curiam,5,0,0,0,5-0,True,False,False,"['civil_procedure', 'property', 'employment', 'contract']",[],,False,[],,952,case_order,1.0.0,2026-07-16T02:12:03.998844,0.8
2017-0650,2017-0650,['2017-0650'],,,,Thomas A. Tardif v. Belknap County Convention,https://www.courts.nh.gov/sites/g/files/ehbemt471/files/documents/2021-09/20170650.pdf,,2018-06-08,,2018,Superior Court,superior_court,Ignatius,civil,standard,affirmed,per_curiam,Per Curiam,0,0,0,2,N/A,False,False,False,[],"['RSA 91-A:2, II', 'RSA 24:9-d']","RSA 91-A:2, II",False,[],,264,case_order,1.0.0,2026-07-16T02:12:04.189380,0.8
2017-0540,2017-0540,['2017-0540'],,,,Carol St. Pierre v. School Administrative Unit 28 Windham School District & a.,https://www.courts.nh.gov/sites/g/files/ehbemt471/files/documents/2021-09/20170540.pdf,,2018-06-08,,2018,Superior Court,superior_court,Wageling,civil,standard,affirmed,per_curiam,Per Curiam,5,0,0,0,5-0,True,False,False,"['administrative_law', 'civil_procedure', 'employment']",[],,False,[],,363,case_order,1.0.0,2026-07-16T02:12:04.545030,0.8
2017-0648,2017-0648,['2017-0648'],,,,"Funding Circle USA, Inc. v. Robert Bigos & a.",https://www.courts.nh.gov/sites/g/files/ehbemt471/files/documents/2021-09/20170648.pdf,,2018-06-07,,2018,"Superior Court (Anderson, J.)",superior_court,Anderson,civil,standard,dismissed,per_curiam,Per Curiam,5,0,0,0,5-0,True,False,False,"['civil_procedure', 'statutory_interpretation', 'contract', 'tort']","['RSA 491:8-a, III', 'RSA 508-A:3']","RSA 491:8-a, III",True,['de_novo'],,710,case_order,1.0.0,2026-07-16T02:12:04.977964,0.8
2018-0002,2018-0002,"['2018-0002', '2016-0217', '2016-0596']",,,,Sanjeev Lath v. Scott Sample,https://www.courts.nh.gov/sites/g/files/ehbemt471/files/documents/2021-09/20180002.pdf,,2018-06-07,,2018,Circuit Court,circuit_court,Lyons,civil,standard,vacated,per_curiam,Per Curiam,5,0,0,0,5-0,True,False,False,[],[],,False,[],,693,case_order,1.0.0,2026-07-16T02:12:05.502042,0.8
2017-0565,2017-0565,['2017-0565'],,,,"Brian Pellerin & a. v. The Bank of New York Mellon Trust Company, National Association",https://www.courts.nh.gov/sites/g/files/ehbemt471/files/documents/2021-09/20170565.pdf,,2018-06-07,,2018,"Superior Court (Delker, J.)",superior_court,Delker,civil,standard,affirmed,per_curiam,Per Curiam,4,0,0,1,4-0,True,False,False,"['administrative_law', 'civil_procedure', 'DWI']",['RSA 479:25'],RSA 479:25,False,[],,660,case_order,1.0.0,2026-07-16T02:12:06.142063,0.8
2017-0707,2017-0707,['2017-0707'],,,,"Wells Fargo Bank, N.A. v. Ana Shevin Cabacoff & a.",https://www.courts.nh.gov/sites/g/files/ehbemt471/files/documents/2021-09/20170707.pdf,,2018-06-07,,2018,"Superior Court (Temple, J.)",superior_court,Temple,civil,standard,affirmed,per_curiam,Per Curiam,5,0,0,0,5-0,True,False,False,"['administrative_law', 'statutory_interpretation', 'constitutional']",[],,True,['plain_error'],,413,case_order,1.0.0,2026-07-16T02:12:06.717424,0.8
2017-0488,2017-0488,['2017-0488'],,,,Brian L. Bilodeau & a. v. Elizabeth B. Cutting & a.,https://www.courts.nh.gov/sites/g/files/ehbemt471/files/documents/2021-09/20170488.pdf,,2018-06-07,,2018,"Superior Court (Ignatius, J.)",superior_court,Ignatius,civil,standard,affirmed,per_curiam,Per Curiam,5,0,0,0,5-0,True,False,False,['property'],['RSA 547-C:29'],RSA 547-C:29,False,[],,773,case_order,1.0.0,2026-07-16T02:12:06.870531,0.8
2017-0120,2017-0120,['2017-0120'],,,,John W. Weeden & a. v. City of Rochester,https://www.courts.nh.gov/sites/g/files/ehbemt471/files/documents/2021-09/20170120.pdf,,2018-06-04,,2018,,administrative,,civil,standard,,per_curiam,Per Curiam,0,0,0,2,N/A,False,False,False,"['property', 'tax']","['RSA 216-I:1, VIII']","RSA 216-I:1, VIII",False,[],,1388,case_order,1.0.0,2026-07-16T02:12:09.890439,0.8
2017-0378,2017-0378,['2017-0378'],,,,Petition of State of New Hampshire (State of New Hampshire v. Kyle J. McCoy),https://www.courts.nh.gov/sites/g/files/ehbemt471/files/documents/2021-09/20170378.pdf,,2018-05-29,,2018,"Superior Court (O’Neill, J.)",superior_court,O’Neill,civil,standard,vacated,per_curiam,Per Curiam,5,0,0,0,5-0,True,False,False,"['administrative_law', 'constitutional', 'tort', 'evidence']",[],,False,[],,722,case_order,1.0.0,2026-07-16T02:12:10.232786,0.8
2017-0331,2017-0331,['2017-0331'],,,,State of New Hampshire v. David Decker,https://www.courts.nh.gov/sites/g/files/ehbemt471/files/documents/2021-09/20170331.pdf,,2018-05-22,,2018,"Superior Court (Bornstein, J.)",superior_court,Bornstein,family/domestic,standard,,per_curiam,Per Curiam,0,0,0,2,N/A,False,False,False,"['criminal', 'family_law', 'evidence']","['RSA 159:3', 'RSA 627:3', 'RSA 627:3, I']",RSA 159:3,False,[],,1466,case_order,1.0.0,2026-07-16T02:12:10.767210,0.8
2017-0113,2017-0113,['2017-0113'],,,,James Matarozzo d/b/a M&M Cleaning v. New Hampshire Department of Employment Security,https://www.courts.nh.gov/sites/g/files/ehbemt471/files/documents/2021-09/20170113.pdf,,2018-05-21,,2018,"Superior Court (O’Neill, J.)",superior_court,O’Neill,civil,standard,affirmed,per_curiam,Per Curiam,5,0,0,0,5-0,True,False,False,"['administrative_law', 'civil_procedure', 'constitutional', 'employment', 'tax']","['RSA 282-A:67, II', 'RSA 282-A', 'RSA 282-A:68', 'RSA 282-A:67', 'RSA 282-A:95']","RSA 282-A:67, II",False,[],,357,case_order,1.0.0,2026-07-16T02:12:11.400142,0.8
2017-0053,2017-0053,"['2017-0053', '2017-0241']",,,,"Huckleberry Propane & Oil, LLC & a. v. Town of Wilmot, and 2017-0241, Janellen M. Kirk & a. v. Town of Wilmot",https://www.courts.nh.gov/sites/g/files/ehbemt471/files/documents/2021-09/20170053.pdf,,2018-05-18,,2018,"Superior Court (McNamara, J.)",superior_court,McNamara,civil,standard,affirmed,per_curiam,Per Curiam,4,0,0,0,4-0,True,False,False,"['statutory_interpretation', 'property']",[],,True,['de_novo'],,1251,case_order,1.0.0,2026-07-16T02:12:12.537834,0.8
2017-0499,2017-0499,['2017-0499'],,,,"Joseph J. Nugent, III v. New Hampshire Department of Safety",https://www.courts.nh.gov/sites/g/files/ehbemt471/files/documents/2021-09/20170499.pdf,,2018-05-15,,2018,,,,criminal,standard,affirmed,per_curiam,Per Curiam,5,0,0,0,5-0,True,False,False,"['criminal', 'statutory_interpretation', 'constitutional', 'evidence']","['RSA 21-P:13', 'RSA 263:76', 'RSA 263:77', 'RSA 263:56-a, I']",RSA 21-P:13,True,[],,977,case_order,1.0.0,2026-07-16T02:12:12.967174,0.8
2017-0301,2017-0301,['2017-0301'],,,,State of New Hampshire v. Richard A. Germain,https://www.courts.nh.gov/sites/g/files/ehbemt471/files/documents/2021-09/20170301.pdf,,2018-05-04,,2018,"Superior Court (Delker, J.)",superior_court,Delker,criminal,standard,,per_curiam,Per Curiam,0,0,0,2,N/A,False,False,False,"['criminal', 'constitutional', 'evidence']","['RSA 641:6', 'RSA 649-A:3']",RSA 641:6,False,[],,1274,case_order,1.0.0,2026-07-16T02:12:13.440439,0.8
2017-0316,2017-0316,['2017-0316'],,,,"Mohamed F. Hafez v. 100 Northeastern Boulevard, LLC & a.",https://www.courts.nh.gov/sites/g/files/ehbemt471/files/documents/2021-09/20170316.pdf,,2018-05-04,,2018,"Superior Court (Colburn, J.)",superior_court,Colburn,civil,standard,affirmed,per_curiam,Per Curiam,2,0,0,1,2-0,True,False,False,"['property', 'contract']",['RSA 490:3'],RSA 490:3,False,[],,1261,case_order,1.0.0,2026-07-16T02:12:14.102896,0.8
2017-0372,2017-0372,['2017-0372'],,,,"Darlene Ketteridge v. Martin, Lord & Osman, P.A.",https://www.courts.nh.gov/sites/g/files/ehbemt471/files/documents/2021-09/20170372.pdf,,2018-05-02,,2018,"Superior Court (MacLeod, J.)",superior_court,MacLeod,civil,standard,dismissed,per_curiam,Per Curiam,0,0,0,2,N/A,False,False,False,"['civil_procedure', 'statutory_interpretation', 'constitutional', 'contract', 'tort']",[],,True,['de_novo'],,1376,case_order,1.0.0,2026-07-16T02:12:16.990655,0.8
2017-0302,2017-0302,['2017-0302'],,,,Barbara Reed v. New Hampshire Department of Health and Human Services,https://www.courts.nh.gov/sites/g/files/ehbemt471/files/documents/2021-09/20170302.pdf,,2018-04-17,,2018,,,,civil,standard,reversed,per_curiam,Per Curiam,0,0,0,2,N/A,False,False,False,"['employment', 'contract']","['RSA 354-A:7', 'RSA 354-A:7, VII', 'RSA 354-A:7, i', 'RSA 357-A:7, VII', 'RSA 354-A:2, XIV']",RSA 354-A:7,False,['de_novo'],,1404,case_order,1.0.0,2026-07-16T02:12:17.641019,0.8
2017-0489,2017-0489,['2017-0489'],,,,Woodrow Medina v. George Knight,https://www.courts.nh.gov/sites/g/files/ehbemt471/files/documents/2021-09/20170489.pdf,,2018-04-16,,2018,Circuit Court,circuit_court,DeVries,civil,standard,affirmed,per_curiam,Per Curiam,4,0,0,0,4-0,True,False,False,['statutory_interpretation'],"['RSA 261:3, I']","RSA 261:3, I",True,[],,340,case_order,1.0.0,2026-07-16T02:12:18.284843,0.8
2017-0468,2017-0468,['2017-0468'],,,,Portsmouth Quality Flooring Corporation v. Jill Ballentyne & a.,https://www.courts.nh.gov/sites/g/files/ehbemt471/files/documents/2021-09/20170468.pdf,,2018-04-13,,2018,"Circuit Court (Coughlin, J.)",circuit_court,Coughlin,civil,standard,affirmed,per_curiam,Per Curiam,4,0,0,0,4-0,True,False,False,"['contract', 'tort']",[],,False,[],,913,case_order,1.0.0,2026-07-16T02:12:21.307802,0.8
2017-0135,2017-0135,['2017-0135'],,,,State of New Hampshire v. Shawn Murphy,https://www.courts.nh.gov/sites/g/files/ehbemt471/files/documents/2021-09/20170135.pdf,,2018-04-12,,2018,"Superior Court (Howard, J.)",superior_court,Howard,criminal,standard,affirmed,per_curiam,Per Curiam,4,0,0,0,4-0,True,False,False,"['criminal', 'property']","['RSA 635:1', 'RSA 635:1, I']",RSA 635:1,False,[],,1381,case_order,1.0.0,2026-07-16T02:12:21.512208,0.8
2017-0379,2017-0379,['2017-0379'],,,,Jeff’s General Service Corporation v. AAA Pool & Spa Builders,https://www.courts.nh.gov/sites/g/files/ehbemt471/files/documents/2021-09/20170379.pdf,,2018-04-12,,2018,,,,civil,standard,affirmed,per_curiam,Per Curiam,4,0,0,0,4-0,True,False,False,"['civil_procedure', 'tort']","['RSA 293-A', 'RSA 304-C']",RSA 293-A,False,[],,836,case_order,1.0.0,2026-07-16T02:12:21.866281,0.8
2017-0276,2017-0276,['2017-0276'],,,,Keith Healey v. Jessica Leach & a.,https://www.courts.nh.gov/sites/g/files/ehbemt471/files/documents/2021-09/20170276.pdf,,2018-03-30,,2018,,,Crocker,civil,standard,affirmed,per_curiam,Per Curiam,4,0,0,0,4-0,True,False,False,['contract'],[],,False,[],,385,case_order,1.0.0,2026-07-16T02:12:22.296291,0.8
2017-0588,2017-0588,['2017-0588'],,,,Colleen Smith & a. v. John Freilich,https://www.courts.nh.gov/sites/g/files/ehbemt471/files/documents/2021-09/20170588.pdf,,2018-03-30,,2018,"Circuit Court (Gordon, J.)",circuit_court,Gordon,civil,standard,affirmed,per_curiam,Per Curiam,4,0,0,0,4-0,True,False,False,"['statutory_interpretation', 'constitutional', 'evidence']",[],,True,[],,472,case_order,1.0.0,2026-07-16T02:12:22.832407,0.8
2017-0226,2017-0226,['2017-0226'],,,,In The Matter of Edythe Murphy and Kevin Rogers,https://www.courts.nh.gov/sites/g/files/ehbemt471/files/documents/2021-09/20170226.pdf,,2018-03-30,,2018,"Circuit Court (Garner, J.)",circuit_court,Garner,family/domestic,standard,affirmed,per_curiam,Per Curiam,4,0,0,0,4-0,True,False,False,"['criminal', 'family_law', 'domestic_violence']","['RSA 458:16', 'RSA 458:19, I']",RSA 458:16,False,[],,685,case_order,1.0.0,2026-07-16T02:12:23.492484,0.8
2017-0485,2017-0485,['2017-0485'],,,,In The Matter of Ilya Shubentsov and Maureen Shubentsov,https://www.courts.nh.gov/sites/g/files/ehbemt471/files/documents/2021-09/20170485.pdf,,2018-03-30,,2018,,,Lemire,family/domestic,standard,,per_curiam,Per Curiam,0,0,0,2,N/A,False,False,False,"['family_law', 'constitutional', 'employment']",[],,False,[],,1343,case_order,1.0.0,2026-07-16T02:12:23.663086,0.8
2017-0305,2017-0305,['2017-0305'],,,,Robert Reed v. Michelle Doucette & a.,https://www.courts.nh.gov/sites/g/files/ehbemt471/files/documents/2021-09/20170305.pdf,,2018-03-29,,2018,"Circuit Court (Desjardins, J.)",circuit_court,Desjardins,civil,standard,vacated,per_curiam,Per Curiam,4,0,0,0,4-0,True,False,False,"['civil_procedure', 'statutory_interpretation', 'property', 'contract']","['RSA 540:13, III']","RSA 540:13, III",True,['de_novo'],,953,case_order,1.0.0,2026-07-16T02:12:23.811399,0.8
2017-0455,2017-0455,['2017-0455'],,,,State v. Luis Lopez,https://www.courts.nh.gov/sites/g/files/ehbemt471/files/documents/2021-09/20170455.pdf,,2018-03-29,,2018,"Superior Court (Delker, J.)",superior_court,Delker,family/domestic,standard,affirmed,per_curiam,Per Curiam,4,0,0,0,4-0,True,False,False,"['criminal', 'family_law', 'statutory_interpretation']","['RSA 318-B:2, I', 'RSA 629:3', 'RSA 651:3', 'RSA 651-A:23', 'RSA 606-A:1', 'RSA 651']","RSA 318-B:2, I",True,[],,1284,case_order,1.0.0,2026-07-16T02:12:23.969478,0.8
2016-0655,2016-0655,['2016-0655'],,,,Appeal of Epoch Corp.,https://www.courts.nh.gov/sites/g/files/ehbemt471/files/documents/2021-09/20160655.pdf,,2018-03-29,,2018,,,,civil,standard,,per_curiam,Per Curiam,0,0,0,2,N/A,False,False,False,"['insurance', 'administrative_law', 'employment', 'tort']","['RSA 281-A:54', 'RSA 281-A:55', 'RSA 281-A:43, I', 'RSA 541', 'RSA 541:13', 'RSA 281-A:54, I', 'RSA 281-A:2, XIV', 'RSA 281-A:54, III']",RSA 281-A:54,False,['de_novo'],,1370,case_order,1.0.0,2026-07-16T02:12:24.143469,0.8
2017-0434,2017-0434,['2017-0434'],,,,State v. Lorraine P. Lanciaux,https://www.courts.nh.gov/sites/g/files/ehbemt471/files/documents/2021-09/20170434.pdf,,2018-03-29,,2018,"Superior Court (Ignatius, J.)",superior_court,Ignatius,family/domestic,standard,vacated,per_curiam,Per Curiam,4,0,0,0,4-0,True,False,False,"['criminal', 'competency', 'family_law', 'constitutional']","['RSA 597:14-b', 'RSA 631:2-a', 'RSA 651:6', 'RSA 135:17', 'RSA 135:17-a', 'RSA 135:17-a, I']",RSA 597:14-b,False,[],,1070,case_order,1.0.0,2026-07-16T02:12:24.310751,0.8
2016-0654,2016-0654,['2016-0654'],,,,"Appeal of Health Trust, Inc.",https://www.courts.nh.gov/sites/g/files/ehbemt471/files/documents/2021-09/20160654.pdf,,2018-03-29,,2018,,administrative,,civil,standard,vacated,per_curiam,Per Curiam,0,0,0,2,N/A,False,False,False,"['insurance', 'administrative_law', 'property', 'tort']","['RSA 5-B', 'RSA 5-B, i', 'RSA 5-B:5, I', 'RSA 5-B:4-a, I', 'RSA 5-B:4-a']",RSA 5-B,False,[],,1333,case_order,1.0.0,2026-07-16T02:12:24.494132,0.8
2017-0570,2017-0570,['2017-0570'],,,,Monica Banerjee v. Town of Wilmot,https://www.courts.nh.gov/sites/g/files/ehbemt471/files/documents/2021-09/20170570.pdf,,2018-03-29,,2018,"Superior Court (McNamara, J.)",superior_court,McNamara,civil,standard,dismissed,per_curiam,Per Curiam,4,0,0,0,4-0,True,False,False,"['administrative_law', 'civil_procedure', 'constitutional', 'property', 'contract']","['RSA 508:4', 'RSA 508:10', 'RSA 508:2']",RSA 508:4,False,[],,916,case_order,1.0.0,2026-07-16T02:12:24.760664,0.8
2017-0314,2017-0314,"['2017-0314', '2005-2006']",,,,Arbay M. Osman & a. v. Wen Lin & a.; Sharif Abdullahi & a. v. Wen Lin & a.; Mohamed Mohamed & a. v. Wen Lin & a.; Daud Hussein & a. v. Wen Lin & a.; Sidi Hassan & a. v. Wen Lin & a.; Ramadhani Musa & a. v. Wen Lin & a.; Mohamed Osman Mohamed &,https://www.courts.nh.gov/sites/g/files/ehbemt471/files/documents/2021-09/20170314.pdf,,2018-03-21,,2018,Superior Court,superior_court,Kissinger,civil,standard,reversed,per_curiam,Per Curiam,0,0,0,2,N/A,False,False,False,"['civil_procedure', 'tort', 'evidence', 'tax']",['RSA 516:29-a'],RSA 516:29-a,False,['plain_error'],,1344,case_order,1.0.0,2026-07-16T02:12:25.129956,0.8
2017-0203,2017-0203,['2017-0203'],,,,State v. Richard Lucas,https://www.courts.nh.gov/sites/g/files/ehbemt471/files/documents/2021-09/20170203.pdf,,2018-03-19,,2018,"Superior Court (Houran, J.)",superior_court,Houran,civil,standard,affirmed,per_curiam,Per Curiam,4,0,0,0,4-0,True,False,False,"['statutory_interpretation', 'evidence']","['RSA 635:1', 'RSA 644:9, III', 'RSA 644:9, IV']",RSA 635:1,True,"['de_novo', 'plain_error']",,1461,case_order,1.0.0,2026-07-16T02:12:25.475425,0.8
2017-0457,2017-0457,['2017-0457'],,,,"Edward J. Kissell v. Steiner Law Office, PLLC & a.",https://www.courts.nh.gov/sites/g/files/ehbemt471/files/documents/2021-09/20170457.pdf,,2018-03-16,,2018,,,,family/domestic,standard,affirmed,per_curiam,Per Curiam,4,0,0,0,4-0,True,False,False,"['family_law', 'statutory_interpretation', 'property', 'tort']",['RSA 304-C:25'],RSA 304-C:25,True,[],,1088,case_order,1.0.0,2026-07-16T02:12:25.994632,0.8
2017-0436,2017-0436,['2017-0436'],,,,"Charlene Ann Craig v. The Bank of New York Mellon Trust, N.A.",https://www.courts.nh.gov/sites/g/files/ehbemt471/files/documents/2021-09/20170436.pdf,,2018-03-15,,2018,Superior Court,superior_court,Delker,civil,standard,affirmed,per_curiam,Per Curiam,4,0,0,0,4-0,True,False,False,['DWI'],['RSA 479:25'],RSA 479:25,False,[],,595,case_order,1.0.0,2026-07-16T02:12:26.608364,0.8
2016-0694,2016-0694,['2016-0694'],,,,State v. Alyssa A. Turcotte,https://www.courts.nh.gov/sites/g/files/ehbemt471/files/documents/2021-09/20160694.pdf,,2018-03-14,,2018,"Circuit Court (Gardner, J.)",circuit_court,Gardner,criminal,standard,,per_curiam,Per Curiam,0,0,0,2,N/A,False,False,False,"['criminal', 'civil_procedure', 'DWI']","['RSA 265-A:2', 'RSA 266:44', 'RSA 265:95', 'RSA 265-A:2, I']",RSA 265-A:2,False,[],,1389,case_order,1.0.0,2026-07-16T02:12:27.219462,0.8
2017-0615,2017-0615,['2017-0615'],,,,Karen Tuthill v. Mark Keenan,https://www.courts.nh.gov/sites/g/files/ehbemt471/files/documents/2021-09/20170615.pdf,,2018-03-14,,2018,Circuit Court,circuit_court,Forrest,family/domestic,standard,vacated,per_curiam,Per Curiam,4,0,0,0,4-0,True,False,False,"['criminal', 'constitutional', 'property', 'domestic_violence']","['RSA 633:3-a', 'RSA 491:15', 'RSA 633:3-a, III', 'RSA 502-A:17-a']",RSA 633:3-a,False,[],,1278,case_order,1.0.0,2026-07-16T02:12:29.643992,0.8
2017-0427,2017-0427,['2017-0427'],,,,"Georgia A. Tuttle, M.D. & a. v. New Hampshire Medical Malpractice Joint Underwriting Association & a.; In The Matter of The Winding Down of the New Hampshire Medical Malpractice Joint Underwriting Association",https://www.courts.nh.gov/sites/g/files/ehbemt471/files/documents/2021-09/20170427.pdf,,2018-03-13,,2018,,,McNamara,civil,standard,remanded,per_curiam,Per Curiam,3,0,0,1,3-0,True,False,False,"['insurance', 'contract', 'tort']","['RSA 404-C:17', 'RSA 404-C:17, III']",RSA 404-C:17,False,[],,1254,case_order,1.0.0,2026-07-16T02:12:29.985552,0.8
2017-0250,2017-0250,['2017-0250'],,,,State v. Larry L. Lemay,https://www.courts.nh.gov/sites/g/files/ehbemt471/files/documents/2021-09/20170250.pdf,,2018-03-08,,2018,,,,criminal,standard,affirmed,per_curiam,Per Curiam,4,0,0,0,4-0,True,False,False,[],"['RSA 265:60', 'RSA 265:60, II', 'RSA 265:60, I']",RSA 265:60,False,[],,791,case_order,1.0.0,2026-07-16T02:12:30.266394,0.8
2017-0228,2017-0228,['2017-0228'],,,,Weston J. Stow v. Robert P. McGrath & a.,https://www.courts.nh.gov/sites/g/files/ehbemt471/files/documents/2021-09/20170228.pdf,,2018-03-08,,2018,Superior Court,superior_court,Tucker,criminal,standard,dismissed,per_curiam,Per Curiam,4,0,0,0,4-0,True,False,False,['criminal'],[],,False,[],,578,case_order,1.0.0,2026-07-16T02:12:30.950076,0.8
2017-0358,2017-0358,['2017-0358'],,,,Stacey White & a. v. Joseph Foster & a.,https://www.courts.nh.gov/sites/g/files/ehbemt471/files/documents/2021-09/20170358.pdf,,2018-03-08,,2018,"Superior Court (Tucker, J.)",superior_court,Tucker,civil,standard,dismissed,per_curiam,Per Curiam,4,0,0,0,4-0,True,False,False,['constitutional'],[],,False,[],,417,case_order,1.0.0,2026-07-16T02:12:31.039987,0.8
2017-0088,2017-0088,['2017-0088'],,,,State v. Frederick Bassett,https://www.courts.nh.gov/sites/g/files/ehbemt471/files/documents/2021-09/20170088.pdf,,2018-03-08,,2018,"Superior Court (McNamara, J.)",superior_court,McNamara,criminal,standard,affirmed,per_curiam,Per Curiam,4,0,0,0,4-0,True,False,False,['criminal'],['RSA 632'],RSA 632,False,[],,287,case_order,1.0.0,2026-07-16T02:12:34.404781,0.8
2017-0140,2017-0140,['2017-0140'],,,,Kenneth McKenzie v. Town of Eaton Planning Board & a.,https://www.courts.nh.gov/sites/g/files/ehbemt471/files/documents/2021-09/20170140.pdf,,2018-03-07,,2018,Superior Court,superior_court,Ignatius,civil,standard,affirmed,per_curiam,Per Curiam,4,0,0,0,4-0,True,False,False,[],"['RSA 91-A:2-a, II', 'RSA 91-A:2, III', 'RSA 91-A:2, I']","RSA 91-A:2-a, II",False,[],,1016,case_order,1.0.0,2026-07-16T02:12:34.616060,0.8
2017-0408,2017-0408,['2017-0408'],,,,Kathleen Masi & a. v. Paul Lynn & a.,https://www.courts.nh.gov/sites/g/files/ehbemt471/files/documents/2021-09/20170408.pdf,,2018-03-07,,2018,"Circuit Court (Gardner, J.)",circuit_court,Gardner,civil,standard,reversed,per_curiam,Per Curiam,3,0,0,1,3-0,True,False,False,"['civil_procedure', 'property', 'contract']","['RSA 356-B:15, I']","RSA 356-B:15, I",False,['de_novo'],,1084,case_order,1.0.0,2026-07-16T02:12:34.957989,0.8
2016-0641,2016-0641,['2016-0641'],,,,State v. Faustino Brito,https://www.courts.nh.gov/sites/g/files/ehbemt471/files/documents/2021-09/20160641.pdf,,2018-03-07,,2018,Superior Court,superior_court,Howard,family/domestic,standard,affirmed,per_curiam,Per Curiam,4,0,0,0,4-0,True,False,False,"['criminal', 'evidence', 'domestic_violence', 'tax']","['RSA 632-A:2', 'RSA 632-A:6, I']",RSA 632-A:2,False,[],,1199,case_order,1.0.0,2026-07-16T02:12:35.385905,0.8
2017-0360,2017-0360,['2017-0360'],,,,State v. Suzanne Walsh,https://www.courts.nh.gov/sites/g/files/ehbemt471/files/documents/2021-09/20170360.pdf,,2018-03-07,,2018,Circuit Court,circuit_court,Crocker,criminal,standard,affirmed,per_curiam,Per Curiam,4,0,0,0,4-0,True,False,False,"['criminal', 'DWI']","['RSA 265-A:2, I']","RSA 265-A:2, I",False,[],,962,case_order,1.0.0,2026-07-16T02:12:35.936642,0.8
2017-0130,2017-0130,"['2017-0130', '2017-0133']",,,,In The Matter of Sandra Matarozzo and James Matarozzo,https://www.courts.nh.gov/sites/g/files/ehbemt471/files/documents/2021-09/20170130.pdf,,2018-03-06,,2018,"Circuit Court (Garner, J.)",circuit_court,Garner,family/domestic,standard,affirmed,per_curiam,Per Curiam,3,0,0,1,3-0,True,False,False,"['family_law', 'contract']","['RSA 458-C:7, I']","RSA 458-C:7, I",False,['de_novo'],,895,case_order,1.0.0,2026-07-16T02:12:36.588127,0.8
2017-0384,2017-0384,['2017-0384'],,,,Deborah Cadman v. State of New Hampshire & a.,https://www.courts.nh.gov/sites/g/files/ehbemt471/files/documents/2021-09/20170384.pdf,,2018-03-06,,2018,Superior Court,superior_court,McNamara,civil,standard,affirmed,per_curiam,Per Curiam,4,0,0,0,4-0,True,False,False,[],"['RSA 332-G:9, I', 'RSA 329:17, XII']","RSA 332-G:9, I",False,[],,242,case_order,1.0.0,2026-07-16T02:12:36.677719,0.8
2017-0097,2017-0097,['2017-0097'],,,,State v. Anthony Collins,https://www.courts.nh.gov/sites/g/files/ehbemt471/files/documents/2021-09/20170097.pdf,,2018-03-01,,2018,"Superior Court (Kissinger, J.)",superior_court,Kissinger,criminal,standard,,per_curiam,Per Curiam,0,0,0,2,N/A,False,False,False,"['criminal', 'evidence']","['RSA 631:1, I']","RSA 631:1, I",False,['plain_error'],,1341,case_order,1.0.0,2026-07-16T02:12:39.907167,0.8
2017-0252,2017-0252,"['2017-0252', '2016-0698']",,,,State v. Elise Roux,https://www.courts.nh.gov/sites/g/files/ehbemt471/files/documents/2021-09/20170252.pdf,,2018-03-01,,2018,"Circuit Court (DeVries, J.)",circuit_court,DeVries,criminal,standard,reversed,per_curiam,Per Curiam,3,0,0,1,3-0,True,False,False,[],[],,False,[],,136,case_order,1.0.0,2026-07-16T02:12:40.129294,0.8
2017-0081,2017-0081,['2017-0081'],,,,In The Matter Of Carol Perkins and Warner Knowles,https://www.courts.nh.gov/sites/g/files/ehbemt471/files/documents/2021-09/20170081.pdf,,2018-03-01,,2018,"Circuit Court (Gorman, J.)",circuit_court,Gorman,family/domestic,standard,affirmed,per_curiam,Per Curiam,4,0,0,0,4-0,True,False,False,"['family_law', 'property']",[],,False,[],,642,case_order,1.0.0,2026-07-16T02:12:40.477307,0.8
2017-0216,2017-0216,['2017-0216'],,,,In The Matter of Carlos Figueroa and Deanna Figueroa,https://www.courts.nh.gov/sites/g/files/ehbemt471/files/documents/2021-09/20170216.pdf,,2018-03-01,,2018,,,,family/domestic,standard,affirmed,per_curiam,Per Curiam,4,0,0,0,4-0,True,False,False,"['family_law', 'property', 'contract', 'tort', 'tax']","['RSA 458:16-a', 'RSA 458:19', 'RSA 458:16-a, II']",RSA 458:16-a,False,[],,1318,case_order,1.0.0,2026-07-16T02:12:40.933989,0.8
2017-0471,2017-0471,['2017-0471'],,,,Corey A. Rocco v. James Kelley & a.,https://www.courts.nh.gov/sites/g/files/ehbemt471/files/documents/2021-09/20170471.pdf,,2018-02-16,,2018,Superior Court,superior_court,Anderson,civil,standard,affirmed,per_curiam,Per Curiam,4,0,0,0,4-0,True,False,False,"['administrative_law', 'statutory_interpretation', 'property', 'contract', 'tort']","['RSA 507-B:2', 'RSA 507-B', 'RSA 507-B:5', 'RSA 507-B:4, IV', 'RSA 507']",RSA 507-B:2,True,[],,810,case_order,1.0.0,2026-07-16T02:12:41.475687,0.8
2017-0215,2017-0215,['2017-0215'],,,,In the Matter of Edward Fallon and Ganna Fallon,https://www.courts.nh.gov/sites/g/files/ehbemt471/files/documents/2021-09/20170215.pdf,,2018-02-16,,2018,,,,family/domestic,standard,affirmed,per_curiam,Per Curiam,3,0,0,1,3-0,True,False,False,[],[],,False,[],,415,case_order,1.0.0,2026-07-16T02:12:42.137226,0.8
2017-0171,2017-0171,['2017-0171'],,,,"Greater New Hampshire Properties, LLC v. Kelly Rousseau",https://www.courts.nh.gov/sites/g/files/ehbemt471/files/documents/2021-09/20170171.pdf,,2018-02-16,,2018,,,,civil,standard,affirmed,per_curiam,Per Curiam,4,0,0,0,4-0,True,False,False,['property'],"['RSA 540:2, I', 'RSA 540:13-a', 'RSA 540:13-b', 'RSA 540:13, III', 'RSA 540:13-d', 'RSA 540:13-a, II', 'RSA 540:13-d, I']","RSA 540:2, I",False,['plain_error'],,842,case_order,1.0.0,2026-07-16T02:12:44.543683,0.8
2017-0454,2017-0454,['2017-0454'],,,,"TBF Financial, LLC v. Compass Systems & Programming, Inc. & a.",https://www.courts.nh.gov/sites/g/files/ehbemt471/files/documents/2021-09/20170454.pdf,,2018-02-12,,2018,,,,civil,standard,dismissed,per_curiam,Per Curiam,4,0,0,0,4-0,True,False,False,"['civil_procedure', 'statutory_interpretation', 'contract']",['RSA 508-A:3'],RSA 508-A:3,True,['de_novo'],,721,case_order,1.0.0,2026-07-16T02:12:45.566687,0.8
2017-0177,2017-0177,['2017-0177'],,,,State of New Hampshire v. Michael D. Mooney,https://www.courts.nh.gov/sites/g/files/ehbemt471/files/documents/2021-09/20170177.pdf,,2018-02-09,,2018,"Circuit Court (Morrison, J.)",circuit_court,Morrison,civil,standard,affirmed,per_curiam,Per Curiam,4,0,0,0,4-0,True,False,False,"['constitutional', 'DWI']","['RSA 265-A:2', 'RSA 265-A:2, I', 'RSA 259:24']",RSA 265-A:2,False,['de_novo'],,1058,case_order,1.0.0,2026-07-16T02:12:45.759030,0.8
2017-0101,2017-0101,['2017-0101'],,,,State of New Hampshire v. Fuad Ndibalema,https://www.courts.nh.gov/sites/g/files/ehbemt471/files/documents/2021-09/20170101.pdf,,2018-01-26,,2018,"Circuit Court (Cardello, J.)",circuit_court,Cardello,criminal,standard,affirmed,per_curiam,Per Curiam,4,0,0,0,4-0,True,False,False,"['criminal', 'statutory_interpretation']","['RSA 265:60', 'RSA 263:64', 'RSA 635:2, III', 'RSA 263:64, VI', 'RSA 263:64, VII']",RSA 265:60,True,['plain_error'],,411,case_order,1.0.0,2026-07-16T02:12:46.108908,0.8
2017-0325,2017-0325,['2017-0325'],,,,"James Faro & a. v. IKO Industries, Inc.",https://www.courts.nh.gov/sites/g/files/ehbemt471/files/documents/2021-09/20170325.pdf,,2018-01-26,,2018,"Superior Court (Ignatius, J.)",superior_court,Ignatius,civil,standard,,per_curiam,Per Curiam,0,0,0,2,N/A,False,False,False,"['civil_procedure', 'property', 'contract', 'tort']","['RSA 382-A:2-313', 'RSA 382-A:2-725']",RSA 382-A:2-313,False,['de_novo'],,1456,case_order,1.0.0,2026-07-16T02:12:46.509075,0.8
2017-0003,2017-0003,['2017-0003'],,,,In re Estate of Carolyn R. Buskirk,https://www.courts.nh.gov/sites/g/files/ehbemt471/files/documents/2021-09/20170003.pdf,,2018-01-24,,2018,"Circuit Court–Ossipee Probate Division (Patten, J.)",circuit_court,,civil,standard,,per_curiam,Per Curiam,0,0,0,2,N/A,False,False,False,"['administrative_law', 'property']","['RSA 552:7', 'RSA 567']",RSA 552:7,False,['clear_error'],,1304,case_order,1.0.0,2026-07-16T02:12:47.033475,0.8
2016-0634,2016-0634,['2016-0634'],,,,Sanford A. Woodmansee v. Robert H. Walther,https://www.courts.nh.gov/sites/g/files/ehbemt471/files/documents/2021-09/20160634.pdf,,2018-01-22,,2018,,,,civil,standard,dismissed,per_curiam,Per Curiam,4,0,0,0,4-0,True,False,False,"['statutory_interpretation', 'constitutional', 'property', 'contract', 'tort']","['RSA 540-A:3, VII', 'RSA 514:9']","RSA 540-A:3, VII",True,[],,1033,case_order,1.0.0,2026-07-16T02:12:47.682088,0.8
2017-0166,2017-0166,['2017-0166'],,,,Mary Feeney v. Karyn Kelley,https://www.courts.nh.gov/sites/g/files/ehbemt471/files/documents/2021-09/20170166.pdf,,2018-01-16,,2018,Superior Court,superior_court,Abramson,civil,standard,,per_curiam,Per Curiam,0,0,0,2,N/A,False,False,False,"['statutory_interpretation', 'property']","['RSA 526:1', 'RSA 547-C:2', 'RSA 490-F:3']",RSA 526:1,True,[],,1403,case_order,1.0.0,2026-07-16T02:12:49.774070,0.8
2016-0630,2016-0630,['2016-0630'],,,,James R. Gammon & a. v. David N. Valentino & a.,https://www.courts.nh.gov/sites/g/files/ehbemt471/files/documents/2021-09/20160630.pdf,,2018-01-12,,2018,"Superior Court (Wageling, J.)",superior_court,Wageling,civil,standard,affirmed,per_curiam,Per Curiam,4,0,0,0,4-0,True,False,False,['contract'],['RSA 498:1'],RSA 498:1,False,['clear_error'],,1113,case_order,1.0.0,2026-07-16T02:12:50.599484,0.8
2019-0004,2019-0004,['2019-0004'],,,,"Granite Green Investment Partners, LLC v. City of Nashua",https://www.courts.nh.gov/sites/g/files/ehbemt471/files/documents/2021-09/20190004.pdf,,2019-10-28,,2019,"Superior Court (Temple, J.)",superior_court,Temple,civil,standard,affirmed,per_curiam,Per Curiam,3,0,0,2,3-0,True,False,False,[],['RSA 91-A'],RSA 91-A,False,[],,354,case_order,1.0.0,2026-07-16T02:12:51.154421,0.8
2019-0117,2019-0117,['2019-0117'],,,,National Collegiate Student Loan Trust 2006-3 v. Angela J. Pearson & a.,https://www.courts.nh.gov/sites/g/files/ehbemt471/files/documents/2021-09/20190117.pdf,,2019-09-16,,2019,"Superior Court (Bornstein, J.)",superior_court,Bornstein,civil,standard,affirmed,per_curiam,Per Curiam,4,0,0,2,4-0,True,False,False,[],[],,False,[],,520,case_order,1.0.0,2026-07-16T02:12:51.681247,0.8
2019-0218,2019-0218,['2019-0218'],,,,Appeal of Elizabeth Arsenault,https://www.courts.nh.gov/sites/g/files/ehbemt471/files/documents/2021-09/20190218.pdf,,2019-12-23,,2019,,administrative,,civil,standard,dismissed,per_curiam,Per Curiam,4,0,0,2,4-0,True,False,False,"['administrative_law', 'employment']","['RSA 541:4', 'RSA 561:3', 'RSA 273', 'RSA 273-A:6, VIII', 'RSA 541', 'RSA 273-A:14']",RSA 541:4,False,[],,830,case_order,1.0.0,2026-07-16T02:12:52.318902,0.8
2018-0423,2018-0423,['2018-0423'],,,,The State of New Hampshire v. Ronald L. Fuller,https://www.courts.nh.gov/sites/g/files/ehbemt471/files/documents/2021-09/20180423.pdf,,2019-12-20,,2019,"Superior Court (Ignatius, J.)",superior_court,Ignatius,criminal,standard,reversed,per_curiam,Per Curiam,0,0,0,5,N/A,False,False,False,"['criminal', 'tax']",['RSA 632-A:2'],RSA 632-A:2,False,[],,1294,case_order,1.0.0,2026-07-16T02:12:53.811227,0.8
2019-0009,2019-0009,['2019-0009'],,,,"Appeal of Aaron Geller, M.D.",https://www.courts.nh.gov/sites/g/files/ehbemt471/files/documents/2021-09/20190009.pdf,,2019-12-20,,2019,,,,civil,standard,vacated,per_curiam,Per Curiam,0,0,0,5,N/A,False,False,False,['administrative_law'],"['RSA 541', 'RSA 329:17, VIII', 'RSA 541:13', 'RSA 329', 'RSA 329:2, II']",RSA 541,False,['de_novo'],,1383,case_order,1.0.0,2026-07-16T02:12:54.358292,0.8
2019-0148,2019-0148,['2019-0148'],,,,"Todd Harbour & a. v. Henry Farrin, Jr. & a.",https://www.courts.nh.gov/sites/g/files/ehbemt471/files/documents/2021-09/20190148.pdf,,2019-12-20,,2019,"Superior Court (Kissinger, J.)",superior_court,Kissinger,civil,standard,,per_curiam,Per Curiam,0,0,0,5,N/A,False,False,False,['administrative_law'],[],,False,['de_novo'],,1448,case_order,1.0.0,2026-07-16T02:12:56.527158,0.8
2019-0100,2019-0100,['2019-0100'],,,,James Faro & a. v. Land’s End Association,https://www.courts.nh.gov/sites/g/files/ehbemt471/files/documents/2021-09/20190100.pdf,,2019-12-19,,2019,"Superior Court (Houran, J.)",superior_court,Houran,civil,standard,,per_curiam,Per Curiam,0,0,0,5,N/A,False,False,False,"['civil_procedure', 'statutory_interpretation', 'property', 'contract', 'evidence']",[],,True,[],,1413,case_order,1.0.0,2026-07-16T02:12:56.895441,0.8
2018-0674,2018-0674,['2018-0674'],,,,State of New Hampshire v. Hector Rivera,https://www.courts.nh.gov/sites/g/files/ehbemt471/files/documents/2021-09/20180674.pdf,,2019-12-19,,2019,"Superior Court (Schulman, J.)",superior_court,Schulman,criminal,standard,remanded,per_curiam,Per Curiam,0,0,0,5,N/A,False,False,False,"['criminal', 'tort', 'evidence']","['RSA 632', 'RSA 632-A:2, III']",RSA 632,False,[],,1361,case_order,1.0.0,2026-07-16T02:12:57.518206,0.8
2018-0545,2018-0545,['2018-0545'],,,,The State of New Hampshire v. Paul Stratton,https://www.courts.nh.gov/sites/g/files/ehbemt471/files/documents/2021-09/20180545.pdf,,2019-12-04,,2019,,administrative,Brown,criminal,standard,,per_curiam,Per Curiam,0,0,0,5,N/A,False,False,False,['criminal'],"['RSA 632-A:2, I', 'RSA 632-A:1, I', 'RSA 632-A:3, II', 'RSA 639:3, III', 'RSA 639:2']","RSA 632-A:2, I",False,[],,1391,case_order,1.0.0,2026-07-16T02:12:59.743266,0.8
2019-0324,2019-0324,['2019-0324'],,,,William Cheney & a. v. Peter Mertins,https://www.courts.nh.gov/sites/g/files/ehbemt471/files/documents/2021-09/20190324.pdf,,2019-11-26,,2019,Superior Court,superior_court,Smukler,civil,standard,,per_curiam,Per Curiam,0,0,0,5,N/A,False,False,False,"['contract', 'tort', 'evidence']","['RSA 516:29-b', 'RSA 516:29-b, I', 'RSA 516:29-b, II']",RSA 516:29-b,False,[],,1378,case_order,1.0.0,2026-07-16T02:13:00.132741,0.8
2018-0683,20180683,['2018-0683'],,,,2018-0683 State of New Hampshire v. Ronald Welch,https://www.courts.nh.gov/sites/g/files/ehbemt471/files/documents/2021-09/20180683.pdf,,2019-11-26,,2019,,administrative,,criminal,standard,,per_curiam,Per Curiam,0,0,0,5,N/A,False,False,False,"['criminal', 'constitutional']","['RSA 318-B:2, I']","RSA 318-B:2, I",False,"['de_novo', 'clear_error']",,1326,case_order,1.0.0,2026-07-16T02:13:00.407077,0.8
2018-0617,20180617,['2018-0617'],,,,2018-0617 Appeal of Suzanne Fournier & a.,https://www.courts.nh.gov/sites/g/files/ehbemt471/files/documents/2021-09/20180617.pdf,,2019-11-14,,2019,,administrative,,civil,standard,,per_curiam,Per Curiam,0,0,0,5,N/A,False,False,False,"['administrative_law', 'statutory_interpretation', 'property']","['RSA 541', 'RSA 21-O:14, III', 'RSA 541:13', 'RSA 212-A:9, III', 'RSA 212-A:2, II']",RSA 541,True,['de_novo'],,1440,case_order,1.0.0,2026-07-16T02:13:00.827037,0.8
2019-0095,2019-0095,['2019-0095'],,,,Appeal of Steven MacDougall,https://www.courts.nh.gov/sites/g/files/ehbemt471/files/documents/2021-09/20190095.pdf,,2019-11-13,,2019,,,,civil,standard,,per_curiam,Per Curiam,0,0,0,5,N/A,False,False,False,"['insurance', 'administrative_law', 'statutory_interpretation', 'employment']","['RSA 541', 'RSA 281-A:43, I', 'RSA 541:13', 'RSA 541:4', 'RSA 281-A:48', 'RSA 281-A:48, III']",RSA 541,True,['de_novo'],,1438,case_order,1.0.0,2026-07-16T02:13:01.464433,0.8
2019-0207,2019-0207,['2019-0207'],,,,Khaled Abdel-Fattah v. Fatima Belal; Fatima Belal v. Khaled Abdel-Fattah,https://www.courts.nh.gov/sites/g/files/ehbemt471/files/documents/2021-09/20190207.pdf,,2019-10-25,,2019,"Superior Court (Temple, J.)",superior_court,Temple,civil,standard,affirmed,per_curiam,Per Curiam,4,0,0,2,4-0,True,False,False,['civil_procedure'],[],,False,[],,167,case_order,1.0.0,2026-07-16T02:13:01.537300,0.8
2019-0159,2019-0159,['2019-0159'],,,,Omoro Mogaj v. The TRC Trust & a.,https://www.courts.nh.gov/sites/g/files/ehbemt471/files/documents/2021-09/20190159.pdf,,2019-10-25,,2019,"Circuit Court (Introcaso, J.)",circuit_court,Introcaso,civil,standard,affirmed,per_curiam,Per Curiam,4,0,0,2,4-0,True,False,False,['property'],"['RSA 540-A:4', 'RSA 540-A:4, II', 'RSA 540-A:2', 'RSA 540-A:3', 'RSA 540-A:1, I', 'RSA 540-A', 'RSA 540']",RSA 540-A:4,False,[],,372,case_order,1.0.0,2026-07-16T02:13:04.062212,0.8
2019-0209,2019-0209,['2019-0209'],,,,"Aho Heating and Cooling, LLC v. Robert Helminen & a.",https://www.courts.nh.gov/sites/g/files/ehbemt471/files/documents/2021-09/20190209.pdf,,2019-10-25,,2019,"Circuit Court (Ryan, J.)",circuit_court,Ryan,civil,standard,dismissed,per_curiam,Per Curiam,4,0,0,2,4-0,True,False,False,"['civil_procedure', 'statutory_interpretation', 'contract']",[],,True,[],,622,case_order,1.0.0,2026-07-16T02:13:04.449566,0.8
2019-0163,2019-0163,['2019-0163'],,,,Taylor McCarthy v. Frank Styles & a.,https://www.courts.nh.gov/sites/g/files/ehbemt471/files/documents/2021-09/20190163.pdf,,2019-10-25,,2019,Circuit Court,circuit_court,Weaver,civil,standard,affirmed,per_curiam,Per Curiam,4,0,0,2,4-0,True,False,False,"['statutory_interpretation', 'property']","['RSA 540-A:4', 'RSA 540-A', 'RSA 540-A:3', 'RSA 540-A:1, II']",RSA 540-A:4,True,[],,724,case_order,1.0.0,2026-07-16T02:13:04.879058,0.8
2019-0295,2019-0295,['2019-0295'],,,,"Joseph Sanders Haas, Jr. v. City of Nashua & a.",https://www.courts.nh.gov/sites/g/files/ehbemt471/files/documents/2021-09/20190295.pdf,,2019-10-25,,2019,,,,civil,standard,affirmed,per_curiam,Per Curiam,3,0,0,2,3-0,True,False,False,"['statutory_interpretation', 'property']",[],,True,[],,219,case_order,1.0.0,2026-07-16T02:13:05.499723,0.8
2019-0133,2019-0133,['2019-0133'],,,,"Edward Moriarty v. Director, New Hampshire Division of Motor Vehicles",https://www.courts.nh.gov/sites/g/files/ehbemt471/files/documents/2021-09/20190133.pdf,,2019-10-24,,2019,Superior Court,superior_court,Howard,civil,standard,affirmed,per_curiam,Per Curiam,4,0,0,2,4-0,True,False,False,"['administrative_law', 'statutory_interpretation', 'DWI']","['RSA 265-A:14', 'RSA 265-A:2, I', 'RSA 265-A:7', 'RSA 265-A:7, III', 'RSA 265-A:34, III', 'RSA 265-A:4', 'RSA 265-A:8', 'RSA 265-A:8, I', 'RSA 265-A:7, I']",RSA 265-A:14,True,['de_novo'],,1209,case_order,1.0.0,2026-07-16T02:13:08.222730,0.8
2019-0048,2019-0048,['2019-0048'],,,,Maher M. Mahmoud v. John March d/b/a Mountain Mapping,https://www.courts.nh.gov/sites/g/files/ehbemt471/files/documents/2021-09/20190048.pdf,,2019-10-15,,2019,"Superior Court (Bornstein, J.)",superior_court,Bornstein,civil,standard,dismissed,per_curiam,Per Curiam,4,0,0,2,4-0,True,False,False,"['civil_procedure', 'contract']",[],,False,[],,502,case_order,1.0.0,2026-07-16T02:13:08.794102,0.8
2019-0108,2019-0108,['2019-0108'],,,,In the Matter of Allen McKenzie and Jodi McKenzie,https://www.courts.nh.gov/sites/g/files/ehbemt471/files/documents/2021-09/20190108.pdf,,2019-10-15,,2019,"Circuit Court (Lemire, J.)",circuit_court,Lemire,family/domestic,standard,affirmed,per_curiam,Per Curiam,4,0,0,2,4-0,True,False,False,"['family_law', 'property', 'employment', 'tax']","['RSA 458:19, I', 'RSA 458:16-a, v', 'RSA 458:16-a, II', 'RSA 458:19, IV']","RSA 458:19, I",False,[],,1034,case_order,1.0.0,2026-07-16T02:13:09.412504,0.8
2018-0615,2018-0615,['2018-0615'],,,,In the Matter of Lisa Knott and John Knott,https://www.courts.nh.gov/sites/g/files/ehbemt471/files/documents/2021-09/20180615.pdf,,2019-10-15,,2019,Circuit Court,circuit_court,Luneau,family/domestic,standard,affirmed,per_curiam,Per Curiam,4,0,0,2,4-0,True,False,False,"['administrative_law', 'family_law', 'property', 'tort']","['RSA 458:16-a, II']","RSA 458:16-a, II",False,[],,1075,case_order,1.0.0,2026-07-16T02:13:09.543817,0.8
2019-0042,2019-0042,['2019-0042'],,,,In the Matter of Karen Kilcup and Christopher Chimera,https://www.courts.nh.gov/sites/g/files/ehbemt471/files/documents/2021-09/20190042.pdf,,2019-10-11,,2019,"Circuit Court (Pendleton, J.)",circuit_court,Pendleton,family/domestic,standard,,per_curiam,Per Curiam,0,0,0,5,N/A,False,False,False,"['insurance', 'family_law', 'statutory_interpretation', 'constitutional', 'property', 'contract']",[],,True,['de_novo'],,1414,case_order,1.0.0,2026-07-16T02:13:12.732462,0.8
2018-0229,2018-0229,['2018-0229'],,,,State of New Hampshire v. Xi Liu,https://www.courts.nh.gov/sites/g/files/ehbemt471/files/documents/2021-09/20180229.pdf,,2019-10-11,,2019,Superior Court,superior_court,Bornstein,criminal,standard,affirmed,per_curiam,Per Curiam,0,0,0,5,N/A,False,False,False,"['criminal', 'statutory_interpretation']","['RSA 632-A', 'RSA 649-B:4, I']",RSA 632-A,True,[],,1387,case_order,1.0.0,2026-07-16T02:13:13.022345,0.8
2019-0191,2019-0191,"['2019-0191', '2018-0014']",,,,Alan Armstrong & a. v. Maria Giakoumakis & a.,https://www.courts.nh.gov/sites/g/files/ehbemt471/files/documents/2021-09/20190191.pdf,,2019-10-10,,2019,"Superior Court (Messer, J.)",superior_court,Messer,civil,standard,affirmed,per_curiam,Per Curiam,4,0,0,2,4-0,True,False,False,"['statutory_interpretation', 'property']",[],,True,[],,690,case_order,1.0.0,2026-07-16T02:13:13.622926,0.8
2019-0182,2019-0182,['2019-0182'],,,,Jason Cariker v. Robert Yovanov & a.,https://www.courts.nh.gov/sites/g/files/ehbemt471/files/documents/2021-09/20190182.pdf,,2019-10-10,,2019,Circuit Court,circuit_court,Lyons,criminal,standard,vacated,per_curiam,Per Curiam,4,0,0,2,4-0,True,False,False,['criminal'],[],,False,[],,748,case_order,1.0.0,2026-07-16T02:13:13.824680,0.8
2019-0187,2019-0187,['2019-0187'],,,,In the Matter of Brian Balch and Karen Balch,https://www.courts.nh.gov/sites/g/files/ehbemt471/files/documents/2021-09/20190187.pdf,,2019-10-10,,2019,"Circuit Court (Mace, J.)",circuit_court,Mace,family/domestic,standard,affirmed,per_curiam,Per Curiam,4,0,0,2,4-0,True,False,False,"['family_law', 'property', 'employment']","['RSA 458:19', 'RSA 458:16-a', 'RSA 461-A', 'RSA 458:19-a, I']",RSA 458:19,False,[],,865,case_order,1.0.0,2026-07-16T02:13:13.955010,0.8
2019-0170,2019-0170,['2019-0170'],,,,Jason A. Czekalski v. Cheshire County & a.,https://www.courts.nh.gov/sites/g/files/ehbemt471/files/documents/2021-09/20190170.pdf,,2019-09-30,,2019,Superior Court,superior_court,Ruoff,civil,standard,dismissed,per_curiam,Per Curiam,0,0,0,5,N/A,False,False,False,"['civil_procedure', 'statutory_interpretation', 'constitutional', 'property', 'contract', 'tort']","['RSA 507-B', 'RSA 507-B:5', 'RSA 507', 'RSA 507-B:2']",RSA 507-B,True,[],,1389,case_order,1.0.0,2026-07-16T02:13:14.103249,0.8
2019-0038,2019-0038,['2019-0038'],,,,"Aaron Wedgwood v. HCA Health Services of New Hampshire, Inc.",https://www.courts.nh.gov/sites/g/files/ehbemt471/files/documents/2021-09/20190038.pdf,,2019-09-30,,2019,"Superior Court (Anderson, J.)",superior_court,Anderson,civil,standard,,per_curiam,Per Curiam,0,0,0,5,N/A,False,False,False,"['tort', 'evidence']",['RSA 516:29-b'],RSA 516:29-b,False,[],,1460,case_order,1.0.0,2026-07-16T02:13:14.266675,0.8
2019-0063,2019-0063,['2019-0063'],,,,In the Matter of Jeremiah Comeford and Breanna Comeford,https://www.courts.nh.gov/sites/g/files/ehbemt471/files/documents/2021-09/20190063.pdf,,2019-09-27,,2019,"Circuit Court (Lemire, J.)",circuit_court,Lemire,family/domestic,standard,affirmed,per_curiam,Per Curiam,4,0,0,2,4-0,True,False,False,"['insurance', 'family_law', 'property', 'employment', 'tax']","['RSA 458:19', 'RSA 458:19, I']",RSA 458:19,False,[],,1164,case_order,1.0.0,2026-07-16T02:13:14.409471,0.8
2018-0677,2018-0677,['2018-0677'],,,,"Santander Bank, N.A. v. Jerome J. Day, Jr., Trustee of the Jerome J. Day, Jr. Revocable Inter Vivos Trust u/t/d November 10, 2000 & a.",https://www.courts.nh.gov/sites/g/files/ehbemt471/files/documents/2021-09/20180677.pdf,,2019-09-27,,2019,,,,civil,standard,,per_curiam,Per Curiam,0,0,0,5,N/A,False,False,False,"['civil_procedure', 'property', 'contract']",[],,False,[],,1304,case_order,1.0.0,2026-07-16T02:13:14.563821,0.8
2018-0707,2018-0707,['2018-0707'],,,,In the Matter of Daniela Gamboa Soriano and Benjamin Ross,https://www.courts.nh.gov/sites/g/files/ehbemt471/files/documents/2021-09/20180707.pdf,,2019-09-27,,2019,"Circuit Court (Forrest, J.)",circuit_court,Forrest,family/domestic,standard,,per_curiam,Per Curiam,0,0,0,5,N/A,False,False,False,"['family_law', 'employment']","['RSA 458-C', 'RSA 458-C:4, II', 'RSA 458', 'RSA 458-C:5, I', 'RSA 458-C:5']",RSA 458-C,False,[],,1424,case_order,1.0.0,2026-07-16T02:13:14.916885,0.8
2019-0093,2019-0093,['2019-0093'],,,,William J. Knaus & a. v. Namaschaug Landing Association,https://www.courts.nh.gov/sites/g/files/ehbemt471/files/documents/2021-09/20190093.pdf,,2019-09-26,,2019,"Superior Court (Ruoff, J.)",superior_court,Ruoff,civil,standard,affirmed,per_curiam,Per Curiam,4,0,0,2,4-0,True,False,False,"['civil_procedure', 'property']",['RSA 677:15'],RSA 677:15,False,[],,619,case_order,1.0.0,2026-07-16T02:13:15.358479,0.8
2019-0127,2019-0127,['2019-0127'],,,,Mike Puiia v. Sarah Miner & a.,https://www.courts.nh.gov/sites/g/files/ehbemt471/files/documents/2021-09/20190127.pdf,,2019-09-26,,2019,Superior Court,superior_court,Howard,civil,standard,affirmed,per_curiam,Per Curiam,3,0,0,3,3-0,True,False,False,"['statutory_interpretation', 'tort']",['RSA 169-C:31'],RSA 169-C:31,True,[],,267,case_order,1.0.0,2026-07-16T02:13:16.004346,0.8
2018-0580,2018-0580,['2018-0580'],,,,In the Matter of Mary Schwarzer-Hampton and R. Scott Hampton,https://www.courts.nh.gov/sites/g/files/ehbemt471/files/documents/2021-09/20180580.pdf,,2019-09-16,,2019,"Circuit Court (Hall, J.)",circuit_court,Hall,family/domestic,standard,affirmed,per_curiam,Per Curiam,4,0,0,2,4-0,True,False,False,['family_law'],[],,False,[],,728,case_order,1.0.0,2026-07-16T02:13:16.132789,0.8
2019-0026,2019-0026,['2019-0026'],,,,Ajit Kumar v. Peter Vallieres & a.,https://www.courts.nh.gov/sites/g/files/ehbemt471/files/documents/2021-09/20190026.pdf,,2019-09-16,,2019,circuit court,circuit_court,Leonard,civil,standard,affirmed,per_curiam,Per Curiam,0,0,0,5,N/A,False,False,False,"['statutory_interpretation', 'contract']",['RSA 540-A:4'],RSA 540-A:4,True,[],,336,case_order,1.0.0,2026-07-16T02:13:18.958320,0.8
2018-0419,2018-0419,['2018-0419'],,,,State of New Hampshire v. Herman Minas,https://www.courts.nh.gov/sites/g/files/ehbemt471/files/documents/2021-09/20180419.pdf,,2019-09-16,,2019,Superior Court,superior_court,Schulman,criminal,standard,affirmed,per_curiam,Per Curiam,4,0,0,2,4-0,True,False,False,"['criminal', 'statutory_interpretation']","['RSA 632-A:3, III', 'RSA 632-A:1, IV']","RSA 632-A:3, III",True,['de_novo'],,858,case_order,1.0.0,2026-07-16T02:13:19.393040,0.8
2019-0146,2019-0146,['2019-0146'],,,,Chester Rogers v. James Confalone,https://www.courts.nh.gov/sites/g/files/ehbemt471/files/documents/2021-09/20190146.pdf,,2019-09-16,,2019,"Circuit Court (Leonard, J.)",circuit_court,Leonard,civil,standard,affirmed,per_curiam,Per Curiam,4,0,0,2,4-0,True,False,False,"['property', 'contract']",[],,False,[],,723,case_order,1.0.0,2026-07-16T02:13:19.907246,0.8
2018-0694,2018-0694,['2018-0694'],,,,State of New Hampshire v. James Rogers,https://www.courts.nh.gov/sites/g/files/ehbemt471/files/documents/2021-09/20180694.pdf,,2019-09-16,,2019,,,,criminal,standard,,per_curiam,Per Curiam,0,0,0,5,N/A,False,False,False,"['criminal', 'statutory_interpretation', 'tort']","['RSA 265:79', 'RSA 627:3', 'RSA 626:2, II', 'RSA 627:1', 'RSA 627']",RSA 265:79,True,[],,1362,case_order,1.0.0,2026-07-16T02:13:20.508560,0.8
2019-0069,2019-0069,['2019-0069'],,,,Sally Hirsh-Dickinson & a. v. City of Concord,https://www.courts.nh.gov/sites/g/files/ehbemt471/files/documents/2021-09/20190069.pdf,,2019-09-16,,2019,"Superior Court (McNamara, J.)",superior_court,McNamara,civil,standard,affirmed,per_curiam,Per Curiam,4,0,0,2,4-0,True,False,False,"['insurance', 'administrative_law', 'property']","['RSA 674:33, I', 'RSA 677:6']","RSA 674:33, I",False,[],,680,case_order,1.0.0,2026-07-16T02:13:20.610750,0.8
2018-0469,2018-0469,['2018-0469'],,,,"Gerry Beique v. Brandon Holm, Trustee of the Holm Family Revocable Trust of 2006 & a.",https://www.courts.nh.gov/sites/g/files/ehbemt471/files/documents/2021-09/20180469.pdf,,2019-09-16,,2019,"Superior Court (Anderson, J.)",superior_court,Anderson,civil,standard,dismissed,per_curiam,Per Curiam,4,0,0,2,4-0,True,False,False,"['civil_procedure', 'property', 'contract']",[],,False,[],,808,case_order,1.0.0,2026-07-16T02:13:21.689470,0.8
2018-0705,2018-0705,['2018-0705'],,,,Joan Andrews-Bentivegna v. Merri D. Vacca & a.,https://www.courts.nh.gov/sites/g/files/ehbemt471/files/documents/2021-09/20180705.pdf,,2019-09-16,,2019,Circuit Court,circuit_court,Rappa,civil,standard,affirmed,per_curiam,Per Curiam,4,0,0,2,4-0,True,False,False,['property'],[],,False,[],,264,case_order,1.0.0,2026-07-16T02:13:21.787695,0.8
2018-0712,2018-0712,['2018-0712'],,,,Earl Toothaker v. Country Brook Kennels & a.,https://www.courts.nh.gov/sites/g/files/ehbemt471/files/documents/2021-09/20180712.pdf,,2019-09-13,,2019,Circuit Court,circuit_court,Gardner,civil,standard,affirmed,per_curiam,Per Curiam,4,0,0,2,4-0,True,False,False,['statutory_interpretation'],[],,True,[],,340,case_order,1.0.0,2026-07-16T02:13:24.391683,0.8
2019-0155,2019-0155,['2019-0155'],,,,Weston J. Stow v. New Hampshire Department of Corrections & a.,https://www.courts.nh.gov/sites/g/files/ehbemt471/files/documents/2021-09/20190155.pdf,,2019-09-13,,2019,Superior Court,superior_court,Tucker,criminal,standard,,per_curiam,Per Curiam,0,0,0,5,N/A,False,False,False,"['criminal', 'statutory_interpretation']","['RSA 91-A:4, IV']","RSA 91-A:4, IV",True,[],,1336,case_order,1.0.0,2026-07-16T02:13:24.655476,0.8
2019-0073,2019-0073,['2019-0073'],,,,"Jamco Excavators, LLC v. George R. Roberts, Co.",https://www.courts.nh.gov/sites/g/files/ehbemt471/files/documents/2021-09/20190073.pdf,,2019-09-13,,2019,,,,civil,standard,affirmed,per_curiam,Per Curiam,4,0,0,2,4-0,True,False,False,"['medicaid', 'civil_procedure', 'contract']","['RSA 508:4, I']","RSA 508:4, I",False,[],,271,case_order,1.0.0,2026-07-16T02:13:25.064188,0.8
2019-0183,2019-0183,['2019-0183'],,,,"ARNE, LLC v. Matthew Benoit",https://www.courts.nh.gov/sites/g/files/ehbemt471/files/documents/2021-09/20190183.pdf,,2019-09-13,,2019,Superior Court,superior_court,Nicolosi,civil,standard,affirmed,per_curiam,Per Curiam,4,0,0,2,4-0,True,False,False,"['civil_procedure', 'constitutional']",[],,False,[],,291,case_order,1.0.0,2026-07-16T02:13:25.677888,0.8
2018-0573,2018-0573,['2018-0573'],,,,Petition of Holly Cadwallader,https://www.courts.nh.gov/sites/g/files/ehbemt471/files/documents/2021-09/20180573.pdf,,2019-09-13,,2019,,,,civil,standard,affirmed,per_curiam,Per Curiam,4,0,0,2,4-0,True,False,False,"['medicaid', 'administrative_law', 'statutory_interpretation']",[],,True,[],,383,case_order,1.0.0,2026-07-16T02:13:25.765543,0.8
2019-0089,2019-0089,['2019-0089'],,,,Town of Northumberland v. Arthur Gadwah & a.,https://www.courts.nh.gov/sites/g/files/ehbemt471/files/documents/2021-09/20190089.pdf,,2019-09-13,,2019,"Superior Court (Bornstein, J.)",superior_court,Bornstein,civil,standard,affirmed,per_curiam,Per Curiam,4,0,0,2,4-0,True,False,False,"['statutory_interpretation', 'tax']",[],,True,[],,210,case_order,1.0.0,2026-07-16T02:13:28.136643,0.8
2019-0201,2019-0201,['2019-0201'],,,,Michael J. Walsh v. Sydney H. Walsh & a.,https://www.courts.nh.gov/sites/g/files/ehbemt471/files/documents/2021-09/20190201.pdf,,2019-09-13,,2019,Superior Court,superior_court,Ruoff,civil,standard,affirmed,per_curiam,Per Curiam,4,0,0,2,4-0,True,False,False,"['property', 'contract']","['RSA 547-C', 'RSA 547-C:1']",RSA 547-C,False,[],,428,case_order,1.0.0,2026-07-16T02:13:28.358964,0.8
2019-0102,2019-0102,['2019-0102'],,,,Fred Haas v. Niessa Estes & a.,https://www.courts.nh.gov/sites/g/files/ehbemt471/files/documents/2021-09/20190102.pdf,,2019-09-12,,2019,"Circuit Court (Gleason, J.)",circuit_court,Gleason,civil,standard,affirmed,per_curiam,Per Curiam,4,0,0,2,4-0,True,False,False,[],"['RSA 540:2', 'RSA 540:13, III', 'RSA 540:9-a', 'RSA 540:9-a, I', 'RSA 540:9-a, II', 'RSA 540:9', 'RSA 540:3, II']",RSA 540:2,False,[],,750,case_order,1.0.0,2026-07-16T02:13:28.980136,0.8
2018-0596,2018-0596,['2018-0596'],,,,Scott Eaton v. Carin Hallum White & a.,https://www.courts.nh.gov/sites/g/files/ehbemt471/files/documents/2021-09/20180596.pdf,,2019-09-12,,2019,,,,civil,standard,affirmed,per_curiam,Per Curiam,4,0,0,2,4-0,True,False,False,[],[],,False,[],,207,case_order,1.0.0,2026-07-16T02:13:29.045409,0.8
2018-0682,2018-0682,['2018-0682'],,,,State of New Hampshire v. Bryan Clickner,https://www.courts.nh.gov/sites/g/files/ehbemt471/files/documents/2021-09/20180682.pdf,,2019-09-12,,2019,"Circuit Court (Rappa, J.)",circuit_court,Rappa,criminal,standard,dismissed,per_curiam,Per Curiam,0,0,0,5,N/A,False,False,False,"['criminal', 'medicaid', 'civil_procedure', 'property']","['RSA 627:8', 'RSA 627:1', 'RSA 627', 'RSA 626:7, I', 'RSA 627:7']",RSA 627:8,False,['de_novo'],,1455,case_order,1.0.0,2026-07-16T02:13:31.461859,0.8
2018-0347,2018-0347,['2018-0347'],,,,State of New Hampshire v. Michael S. Twamley,https://www.courts.nh.gov/sites/g/files/ehbemt471/files/documents/2021-09/20180347.pdf,,2019-08-22,,2019,"Superior Court (MacLeod, J.)",superior_court,MacLeod,criminal,standard,,per_curiam,Per Curiam,0,0,0,4,N/A,False,False,False,"['criminal', 'civil_procedure']","['RSA 262:23, I']","RSA 262:23, I",False,[],,1466,case_order,1.0.0,2026-07-16T02:13:31.776607,0.8
2018-0310,2018-0310,['2018-0310'],,,,Appeal of Estate of William Quinn,https://www.courts.nh.gov/sites/g/files/ehbemt471/files/documents/2021-09/20180310.pdf,,2019-08-20,,2019,,administrative,,civil,standard,,per_curiam,Per Curiam,0,0,0,4,N/A,False,False,False,"['insurance', 'administrative_law', 'employment', 'tort']","['RSA 281-A:26', 'RSA 281-A:14', 'RSA 541', 'RSA 281', 'RSA 541:13', 'RSA 281-A:2, XI']",RSA 281-A:26,False,['de_novo'],,1398,case_order,1.0.0,2026-07-16T02:13:32.114539,0.8
2018-0154,2018-0154,['2018-0154'],,,,Boat Works Condominium Association v. Evelyn Sanborn & a.,https://www.courts.nh.gov/sites/g/files/ehbemt471/files/documents/2021-09/20180154.pdf,,2019-08-20,,2019,"Superior Court (Howard, J.)",superior_court,Howard,civil,standard,,per_curiam,Per Curiam,0,0,0,4,N/A,False,False,False,"['civil_procedure', 'property']","['RSA 356-B:19', 'RSA 356-B:16', 'RSA 356-B']",RSA 356-B:19,False,['de_novo'],,1399,case_order,1.0.0,2026-07-16T02:13:32.531712,0.8
2018-0612,2018-0612,['2018-0612'],,,,In re Beatrice C. Skillen 1995 Trust Agreement,https://www.courts.nh.gov/sites/g/files/ehbemt471/files/documents/2021-09/20180612.pdf,,2019-08-15,,2019,Circuit Court,circuit_court,King,civil,standard,affirmed,per_curiam,Per Curiam,0,0,0,4,N/A,False,False,False,['statutory_interpretation'],"['RSA 564-B:4-406', 'RSA 564-B:8-813', 'RSA 567', 'RSA 490:3']",RSA 564-B:4-406,True,['de_novo'],,547,case_order,1.0.0,2026-07-16T02:13:33.133387,0.8
2019-0029,2019-0029,['2019-0029'],,,,Wayne Perreault v. Town of Goffstown,https://www.courts.nh.gov/sites/g/files/ehbemt471/files/documents/2021-09/20190029.pdf,,2019-08-12,,2019,Superior Court,superior_court,Messer,civil,standard,affirmed,per_curiam,Per Curiam,4,0,0,2,4-0,True,False,False,['property'],['RSA 677:6'],RSA 677:6,False,['de_novo'],,434,case_order,1.0.0,2026-07-16T02:13:33.220770,0.8
2018-0690,2018-0690,['2018-0690'],,,,Town of Woodstock v. Charles Wishart,https://www.courts.nh.gov/sites/g/files/ehbemt471/files/documents/2021-09/20180690.pdf,,2019-08-12,,2019,Superior Court,superior_court,MacLeod,civil,standard,,per_curiam,Per Curiam,0,0,0,4,N/A,False,False,False,"['constitutional', 'property', 'evidence']",[],,False,[],,1466,case_order,1.0.0,2026-07-16T02:13:35.720968,0.8
2018-0155,2018-0155,['2018-0155'],,,,Frank Farris v. Monty Woods,https://www.courts.nh.gov/sites/g/files/ehbemt471/files/documents/2021-09/20180155.pdf,,2019-08-07,,2019,Circuit Court,circuit_court,Rappa,civil,standard,affirmed,per_curiam,Per Curiam,5,0,0,2,5-0,True,False,False,['property'],"['RSA 540-A:3, VII']","RSA 540-A:3, VII",False,[],,1073,case_order,1.0.0,2026-07-16T02:13:36.370980,0.8
2018-0080,2018-0080,['2018-0080'],,,,In the Matter of Erica Cowen and Charles Cowen,https://www.courts.nh.gov/sites/g/files/ehbemt471/files/documents/2021-09/20180080.pdf,,2019-08-07,,2019,,,,family/domestic,standard,affirmed,per_curiam,Per Curiam,5,0,0,2,5-0,True,False,False,"['family_law', 'statutory_interpretation', 'property']","['RSA 458:7, V']","RSA 458:7, V",True,[],,650,case_order,1.0.0,2026-07-16T02:13:36.475636,0.8
2018-0561,2018-0561,['2018-0561'],,,,Petition of State of New Hampshire (State v. Schefer),https://www.courts.nh.gov/sites/g/files/ehbemt471/files/documents/2021-09/20180561.pdf,,2019-07-26,,2019,"Superior Court (Anderson, J.)",superior_court,Anderson,criminal,standard,reversed,per_curiam,Per Curiam,5,0,0,2,5-0,True,False,False,"['criminal', 'administrative_law', 'tort', 'evidence']",[],,False,[],,909,case_order,1.0.0,2026-07-16T02:13:39.202309,0.8
2018-0595,2018-0595,['2018-0595'],,,,Appeal of Christine Crane,https://www.courts.nh.gov/sites/g/files/ehbemt471/files/documents/2021-09/20180595.pdf,,2019-07-12,,2019,,,,civil,standard,affirmed,per_curiam,Per Curiam,5,0,0,2,5-0,True,False,False,"['administrative_law', 'constitutional']","['RSA 541', 'RSA 541:13', 'RSA 541:4']",RSA 541,False,['de_novo'],,695,case_order,1.0.0,2026-07-16T02:13:39.644249,0.8
2018-0534,2018-0534,['2018-0534'],,,,In the Matter of Sean Kendrigan and Melinda Kendrigan,https://www.courts.nh.gov/sites/g/files/ehbemt471/files/documents/2021-09/20180534.pdf,,2019-07-12,,2019,"Circuit Court (Sadler, J.)",circuit_court,Sadler,family/domestic,standard,affirmed,per_curiam,Per Curiam,5,0,0,2,5-0,True,False,False,['family_law'],"['RSA 458', 'RSA 458-C:5, I', 'RSA 458-C:2, IV', 'RSA 458-C:5']",RSA 458,False,[],,460,case_order,1.0.0,2026-07-16T02:13:40.267630,0.8
2018-0660,2018-0660,['2018-0660'],,,,Granite Ridge Condominium Association v. Shirley Wood,https://www.courts.nh.gov/sites/g/files/ehbemt471/files/documents/2021-09/20180660.pdf,,2019-07-12,,2019,Circuit Court,circuit_court,"Carroll, R., approved by Garner",civil,standard,affirmed,per_curiam,Per Curiam,5,0,0,2,5-0,True,False,False,"['property', 'tax']","['RSA 527:7', 'RSA 502-A:14, I', 'RSA 490-F:3', 'RSA 527:6', 'RSA 524:6-a', 'RSA 511', 'RSA 502', 'RSA 502-A:14']",RSA 527:7,False,[],,951,case_order,1.0.0,2026-07-16T02:13:40.730574,0.8
2017-0219,2017-0219,['2017-0219'],,,,State of New Hampshire v. Paulson Papillon,https://www.courts.nh.gov/sites/g/files/ehbemt471/files/documents/2021-09/20170219.pdf,,2019-07-12,,2019,"Superior Court (Nicolosi, J.)",superior_court,Nicolosi,civil,standard,affirmed,per_curiam,Per Curiam,5,0,0,2,5-0,True,False,False,['evidence'],"['RSA 622:24', 'RSA 629:3']",RSA 622:24,False,[],,1077,case_order,1.0.0,2026-07-16T02:13:43.671637,0.8
2018-0642,2018-0642,['2018-0642'],,,,State of New Hampshire v. Jessica Sanville,https://www.courts.nh.gov/sites/g/files/ehbemt471/files/documents/2021-09/20180642.pdf,,2019-07-11,,2019,Circuit Court,circuit_court,Vetanze,civil,standard,affirmed,per_curiam,Per Curiam,5,0,0,2,5-0,True,False,False,['statutory_interpretation'],['RSA 265:79-c'],RSA 265:79-c,True,[],,331,case_order,1.0.0,2026-07-16T02:13:43.864718,0.8
2017-0721,2017-0721,['2017-0721'],,,,Sandra Janvrin v. Federal National Mortgage Association & a.,https://www.courts.nh.gov/sites/g/files/ehbemt471/files/documents/2021-09/20170721.pdf,,2019-07-11,,2019,Superior Court,superior_court,Wageling,civil,standard,,per_curiam,Per Curiam,0,0,0,4,N/A,False,False,False,['employment'],[],,False,[],,1390,case_order,1.0.0,2026-07-16T02:13:44.199335,0.8
2019-0253,2019-0253,['2019-0253'],,,,State of New Hampshire v. Thabiti Hill,https://www.courts.nh.gov/sites/g/files/ehbemt471/files/documents/2021-09/20190253.pdf,,2019-07-11,,2019,"Superior Court (Houran, J.)",superior_court,Houran,criminal,standard,affirmed,per_curiam,Per Curiam,4,0,0,2,4-0,True,False,False,['criminal'],['RSA 597:2'],RSA 597:2,False,['de_novo'],,747,case_order,1.0.0,2026-07-16T02:13:44.618152,0.8
2018-0359,2018-0359,['2018-0359'],,,,"Aaron E. Olson v. Robert S. Carey, Esq. & a.",https://www.courts.nh.gov/sites/g/files/ehbemt471/files/documents/2021-09/20180359.pdf,,2019-06-26,,2019,Superior Court,superior_court,Tucker,criminal,standard,,per_curiam,Per Curiam,0,0,0,4,N/A,False,False,False,"['criminal', 'civil_procedure', 'contract', 'tort', 'evidence', 'tax']","['RSA 516:29-b, I']","RSA 516:29-b, I",False,[],,1433,case_order,1.0.0,2026-07-16T02:13:45.136696,0.8
2019-0030,2019-0030,['2019-0030'],,,,In the Matter of James J. Miller and Janet S. Todd,https://www.courts.nh.gov/sites/g/files/ehbemt471/files/documents/2021-09/20190030.pdf,,2019-06-24,,2019,,,,family/domestic,standard,,per_curiam,Per Curiam,0,0,0,4,N/A,False,False,False,['family_law'],"['RSA 461-A:11, I']","RSA 461-A:11, I",False,[],,1440,case_order,1.0.0,2026-07-16T02:13:45.770623,0.8
2018-0437,2018-0437,['2018-0437'],,,,Manuel Barba v. Town of Rye,https://www.courts.nh.gov/sites/g/files/ehbemt471/files/documents/2021-09/20180437.pdf,,2019-06-24,,2019,"Superior Court (Schulman, J.)",superior_court,Schulman,civil,standard,vacated,per_curiam,Per Curiam,0,0,0,4,N/A,False,False,False,['property'],[],,False,[],,1401,case_order,1.0.0,2026-07-16T02:13:49.078768,0.8
2018-0515,2018-0515,['2018-0515'],,,,John H. Kloppenburg & a. v. Jason N. Smith & a.,https://www.courts.nh.gov/sites/g/files/ehbemt471/files/documents/2021-09/20180515.pdf,,2019-06-21,,2019,Superior Court,superior_court,O’Neill,civil,standard,affirmed,per_curiam,Per Curiam,5,0,0,2,5-0,True,False,False,[],[],,False,[],,672,case_order,1.0.0,2026-07-16T02:13:49.278739,0.8
2018-0442,2018-0442,['2018-0442'],,,,"Jonathan A. Perfetto v. Cecilia Englander, M.D.",https://www.courts.nh.gov/sites/g/files/ehbemt471/files/documents/2021-09/20180442.pdf,,2019-06-20,,2019,,,McNamara,civil,standard,dismissed,per_curiam,Per Curiam,5,0,0,2,5-0,True,False,False,"['civil_procedure', 'statutory_interpretation', 'constitutional']","['RSA 508:4', 'RSA 508:10']",RSA 508:4,True,['de_novo'],,1159,case_order,1.0.0,2026-07-16T02:13:49.614486,0.8
2018-0569,20180569,['2018-0569'],,,,"Case No. 2018-0569, Eben Joels v. Nashua-Oxford Bay Associates Limited Partners d/b/a Bay Ridge at Nashua",https://www.courts.nh.gov/sites/g/files/ehbemt471/files/documents/2021-09/20180569.pdf,,2019-06-14,,2019,"Circuit Court (Gorman, J.)",circuit_court,Gorman,civil,standard,,per_curiam,Per Curiam,0,0,0,4,N/A,False,False,False,"['statutory_interpretation', 'property', 'contract']","['RSA 540', 'RSA 540-A:4, VII', 'RSA 540-A:7, II']",RSA 540,True,[],,1442,case_order,1.0.0,2026-07-16T02:13:50.032608,0.8
2018-0274,2018-0274,['2018-0274'],,,,"City of Berlin v. Paul Croteau, Sr. & a.",https://www.courts.nh.gov/sites/g/files/ehbemt471/files/documents/2021-09/20180274.pdf,,2019-06-14,,2019,"Superior Court (Bornstein, J.)",superior_court,Bornstein,civil,standard,affirmed,per_curiam,Per Curiam,5,0,0,2,5-0,True,False,False,"['statutory_interpretation', 'property', 'tax']",[],,True,[],,945,case_order,1.0.0,2026-07-16T02:13:50.565602,0.8
2018-0630,2018-0630,['2018-0630'],,,,Brian Pellerin v. Bank of New York Mellon Trust Company,https://www.courts.nh.gov/sites/g/files/ehbemt471/files/documents/2021-09/20180630.pdf,,2019-06-14,,2019,Superior Court,superior_court,Schulman,civil,standard,affirmed,per_curiam,Per Curiam,5,0,0,2,5-0,True,False,False,['constitutional'],[],,False,['clear_error'],,1064,case_order,1.0.0,2026-07-16T02:13:51.206655,0.8
2018-0543,2018-0543,['2018-0543'],,,,"John R. Griffin, Jr. v. New Hampshire Department of Corrections",https://www.courts.nh.gov/sites/g/files/ehbemt471/files/documents/2021-09/20180543.pdf,,2019-06-13,,2019,Superior Court,superior_court,Kissinger,family/domestic,standard,dismissed,per_curiam,Per Curiam,5,0,0,2,5-0,True,False,False,"['criminal', 'administrative_law', 'family_law', 'civil_procedure', 'statutory_interpretation', 'constitutional', 'evidence']","['RSA 642:6', 'RSA 541-A:24', 'RSA 541']",RSA 642:6,True,[],,1218,case_order,1.0.0,2026-07-16T02:13:52.435707,0.8
2018-0244,2018-0244,['2018-0244'],,,,In the Matter of Thomas Gelinas and Karin Gelinas,https://www.courts.nh.gov/sites/g/files/ehbemt471/files/documents/2021-09/20180244.pdf,,2019-06-05,,2019,"Circuit Court (Stephen, J.)",circuit_court,Stephen,family/domestic,standard,,per_curiam,Per Curiam,0,0,0,4,N/A,False,False,False,"['insurance', 'family_law', 'property', 'employment', 'contract', 'evidence']","['RSA 458:16-a', 'RSA 458:19, I', 'RSA 458:19-a, I', 'RSA 458:19, IV', 'RSA 458:19-a, IV', 'RSA 458:14']",RSA 458:16-a,False,[],,1313,case_order,1.0.0,2026-07-16T02:13:52.783136,0.8
2018-0605,2018-0605,['2018-0605'],,,,Koleen Crawford & a. v. Town of Gilford,https://www.courts.nh.gov/sites/g/files/ehbemt471/files/documents/2021-09/20180605.pdf,,2019-05-31,,2019,"Superior Court (O’Neill, J.)",superior_court,O’Neill,civil,standard,,per_curiam,Per Curiam,0,0,0,4,N/A,False,False,False,"['administrative_law', 'civil_procedure', 'property']","['RSA 676:5, III', 'RSA 677:4', 'RSA 677:15, I']","RSA 676:5, III",False,[],,1392,case_order,1.0.0,2026-07-16T02:13:53.311839,0.8
2018-0255,2018-0255,['2018-0255'],,,,"John R. Griffin, Jr. v. Executive Assistant, Adult Parole Board",https://www.courts.nh.gov/sites/g/files/ehbemt471/files/documents/2021-09/20180255.pdf,,2019-05-31,,2019,Superior Court,superior_court,Brown,criminal,standard,dismissed,per_curiam,Per Curiam,5,0,0,2,5-0,True,False,False,"['criminal', 'civil_procedure', 'statutory_interpretation', 'constitutional', 'contract', 'tort']","['RSA 651-A:19, VI', 'RSA 651']","RSA 651-A:19, VI",True,[],,1084,case_order,1.0.0,2026-07-16T02:13:53.938999,0.8
2018-0487,2018-0487,['2018-0487'],,,,State of New Hampshire v. Vincent Gillespie,https://www.courts.nh.gov/sites/g/files/ehbemt471/files/documents/2021-09/20180487.pdf,,2019-05-31,,2019,Circuit Court,circuit_court,Leonard,civil,standard,affirmed,per_curiam,Per Curiam,5,0,0,2,5-0,True,False,False,['constitutional'],"['RSA 262:32', 'RSA 262:32, III', 'RSA 262:33, I', 'RSA 262:33']",RSA 262:32,False,['de_novo'],,480,case_order,1.0.0,2026-07-16T02:13:54.039545,0.8
2018-0445,2018-0445,['2018-0445'],,,,Li Wei Lin v. Stacey Sverker,https://www.courts.nh.gov/sites/g/files/ehbemt471/files/documents/2021-09/20180445.pdf,,2019-05-30,,2019,Circuit Court,circuit_court,"Kent,
Referee, approved by Coughlin",civil,standard,,per_curiam,Per Curiam,0,0,0,4,N/A,False,False,False,"['statutory_interpretation', 'property', 'contract']","['RSA 540-A:4, IX', 'RSA 540-A:2', 'RSA 540-A', 'RSA 540-A:4', 'RSA 540', 'RSA 358-A:10', 'RSA 358-A:10, I']","RSA 540-A:4, IX",True,['de_novo'],,1423,case_order,1.0.0,2026-07-16T02:13:54.245112,0.8
2018-0663,2018-0663,['2018-0663'],,,,State of New Hampshire v. Donald McCullough,https://www.courts.nh.gov/sites/g/files/ehbemt471/files/documents/2021-09/20180663.pdf,,2019-05-30,,2019,,,,civil,standard,affirmed,per_curiam,Per Curiam,5,0,0,2,5-0,True,False,False,['property'],['RSA 165:1-a'],RSA 165:1-a,False,[],,660,case_order,1.0.0,2026-07-16T02:13:57.325658,0.8
2018-0378,2018-0378,['2018-0378'],,,,Baxter Lake Recreation Area Association v. Thomas Connelly,https://www.courts.nh.gov/sites/g/files/ehbemt471/files/documents/2021-09/20180378.pdf,,2019-05-17,,2019,,,Gardner,civil,standard,,per_curiam,Per Curiam,0,0,0,4,N/A,False,False,False,"['statutory_interpretation', 'property', 'tort', 'tax']",[],,True,[],,1428,case_order,1.0.0,2026-07-16T02:13:57.527580,0.8
2018-0458,2018-0458,['2018-0458'],,,,State of New Hampshire v. Philip Brown,https://www.courts.nh.gov/sites/g/files/ehbemt471/files/documents/2021-09/20180458.pdf,,2019-05-16,,2019,"Circuit Court (Vetanze, J.)",circuit_court,Vetanze,civil,standard,,per_curiam,Per Curiam,0,0,0,4,N/A,False,False,False,"['statutory_interpretation', 'evidence', 'DWI']","['RSA 265-A:2', 'RSA 265-A:2, I']",RSA 265-A:2,True,[],,1478,case_order,1.0.0,2026-07-16T02:13:57.868188,0.8
2018-0641,2018-0641,['2018-0641'],,,,Prudence Daniels-Aldrich v. Frank Sacco,https://www.courts.nh.gov/sites/g/files/ehbemt471/files/documents/2021-09/20180641.pdf,,2019-05-16,,2019,"Circuit Court (Rappa, J.)",circuit_court,Rappa,civil,standard,vacated,per_curiam,Per Curiam,5,0,0,2,5-0,True,False,False,['contract'],"['RSA 540-A', 'RSA 540-A:3, V', 'RSA 540-A:4, IX', 'RSA 540-A:2', 'RSA 540-A:3']",RSA 540-A,False,[],,746,case_order,1.0.0,2026-07-16T02:13:58.295642,0.8
2018-0377,2018-0377,['2018-0377'],,,,In the Matter of Alexis Neff and Jonathan Shields,https://www.courts.nh.gov/sites/g/files/ehbemt471/files/documents/2021-09/20180377.pdf,,2019-05-16,,2019,"Circuit Court (Carbon, J.)",circuit_court,Carbon,family/domestic,standard,,per_curiam,Per Curiam,0,0,0,4,N/A,False,False,False,"['family_law', 'employment', 'tax']","['RSA 458-C:2, IV', 'RSA 458-C:3', 'RSA 461-A:2, I', 'RSA 461-A', 'RSA 461-A:6, I']","RSA 458-C:2, IV",False,[],,1412,case_order,1.0.0,2026-07-16T02:13:58.933888,0.8
2018-0328,2018-0328,['2018-0328'],,,,Petition of State of New Hampshire,https://www.courts.nh.gov/sites/g/files/ehbemt471/files/documents/2021-09/20180328.pdf,,2019-05-09,,2019,"Circuit Court (Kelly, J.)",circuit_court,Kelly,criminal,standard,,per_curiam,Per Curiam,0,0,0,4,N/A,False,False,False,"['criminal', 'administrative_law', 'constitutional', 'property']",['RSA 517:13'],RSA 517:13,False,[],,1393,case_order,1.0.0,2026-07-16T02:14:01.797643,0.8
2018-0239,2018-0239,['2018-0239'],,,,Neal Kurk v. Thomas Clow & a.,https://www.courts.nh.gov/sites/g/files/ehbemt471/files/documents/2021-09/20180239.pdf,,2019-05-09,,2019,"Superior Court (Nicolosi, J.)",superior_court,Nicolosi,civil,standard,,per_curiam,Per Curiam,0,0,0,4,N/A,False,False,False,"['civil_procedure', 'statutory_interpretation', 'constitutional', 'contract', 'tort', 'tax']","['RSA 40:13', 'RSA 40:13, XVI', 'RSA 40:13, X', 'RSA 40:14-b', 'RSA 40:13, IX', 'RSA 491:22']",RSA 40:13,True,['de_novo'],,1372,case_order,1.0.0,2026-07-16T02:14:02.431185,0.8
2018-0456,2018-0456,['2018-0456'],,,,"Regal Compassion Center, LLC & a. v. New Hampshire Department of Health and Human Services",https://www.courts.nh.gov/sites/g/files/ehbemt471/files/documents/2021-09/20180456.pdf,,2019-05-06,,2019,"Superior Court (Kissinger, J.)",superior_court,Kissinger,civil,standard,affirmed,per_curiam,Per Curiam,5,0,0,2,5-0,True,False,False,['contract'],[],,False,[],,263,case_order,1.0.0,2026-07-16T02:14:02.967280,0.8
2018-0494,2018-0494,['2018-0494'],,,,Darren Brady v. David Holmander,https://www.courts.nh.gov/sites/g/files/ehbemt471/files/documents/2021-09/20180494.pdf,,2019-05-06,,2019,Circuit Court,circuit_court,Garner,civil,standard,affirmed,per_curiam,Per Curiam,5,0,0,2,5-0,True,False,False,"['statutory_interpretation', 'contract']",['RSA 540-A:3'],RSA 540-A:3,True,[],,287,case_order,1.0.0,2026-07-16T02:14:03.047080,0.8
2018-0559,2018-0559,['2018-0559'],,,,Thomas Lavoie v. Maggie Scanlon,https://www.courts.nh.gov/sites/g/files/ehbemt471/files/documents/2021-09/20180559.pdf,,2019-05-03,,2019,Circuit Court,circuit_court,Leonard,civil,standard,affirmed,per_curiam,Per Curiam,4,0,0,2,4-0,True,False,False,['contract'],[],,False,[],,541,case_order,1.0.0,2026-07-16T02:14:06.171344,0.8
2018-0351,2018-0351,['2018-0351'],,,,Darren Brady & a. v. David Holmander,https://www.courts.nh.gov/sites/g/files/ehbemt471/files/documents/2021-09/20180351.pdf,,2019-05-03,,2019,Superior Court,superior_court,MacLeod,civil,standard,affirmed,per_curiam,Per Curiam,5,0,0,2,5-0,True,False,False,['property'],"['RSA 48-A', 'RSA 540-A']",RSA 48-A,False,[],,256,case_order,1.0.0,2026-07-16T02:14:06.380020,0.8
2018-0576,2018-0576,['2018-0576'],,,,Jeremiah J. O’Sullivan & a. v. Town of North Hampton,https://www.courts.nh.gov/sites/g/files/ehbemt471/files/documents/2021-09/20180576.pdf,,2019-05-03,,2019,Superior Court,superior_court,Wageling,civil,standard,,per_curiam,Per Curiam,0,0,0,4,N/A,False,False,False,"['property', 'tort', 'tax']",['RSA 677:6'],RSA 677:6,False,[],,1389,case_order,1.0.0,2026-07-16T02:14:06.723112,0.8
2018-0370,2018-0370,['2018-0370'],,,,"Town of Bartlett v. Edward C. Furlong, III d/b/a Lil’ Man Snowmobile Rentals",https://www.courts.nh.gov/sites/g/files/ehbemt471/files/documents/2021-09/20180370.pdf,,2019-05-03,,2019,,,,civil,standard,vacated,per_curiam,Per Curiam,5,0,0,2,5-0,True,False,False,"['civil_procedure', 'employment']",[],,False,['plain_error'],,1129,case_order,1.0.0,2026-07-16T02:14:07.150204,0.8
2018-0656,2018-0656,['2018-0656'],,,,"Jessica Jacqueson v. TangID Automotive, LLP a/k/a AAMCO Transmissions & Total Care",https://www.courts.nh.gov/sites/g/files/ehbemt471/files/documents/2021-09/20180656.pdf,,2019-05-03,,2019,,,,civil,standard,affirmed,per_curiam,Per Curiam,5,0,0,2,5-0,True,False,False,['medicaid'],[],,False,[],,410,case_order,1.0.0,2026-07-16T02:14:07.686175,0.8
2018-0401,2018-0401,['2018-0401'],,,,In the Matter of Kristie Tetreault and Paul Tetreault,https://www.courts.nh.gov/sites/g/files/ehbemt471/files/documents/2021-09/20180401.pdf,,2019-05-02,,2019,"Circuit Court (Alfano, J.)",circuit_court,Alfano,family/domestic,standard,affirmed,per_curiam,Per Curiam,5,0,0,2,5-0,True,False,False,['family_law'],[],,False,[],,730,case_order,1.0.0,2026-07-16T02:14:08.348121,0.8
2018-0668,2018-0668,['2018-0668'],,,,State of New Hampshire v. Ling-Yi Ju,https://www.courts.nh.gov/sites/g/files/ehbemt471/files/documents/2021-09/20180668.pdf,,2019-05-02,,2019,,,,civil,standard,affirmed,per_curiam,Per Curiam,5,0,0,2,5-0,True,False,False,['tax'],['RSA 265:60'],RSA 265:60,False,[],,740,case_order,1.0.0,2026-07-16T02:14:08.463633,0.8
2018-0173,2018-0173,['2018-0173'],,,,In the Matter of Gina Bundza and Brian Bundza,https://www.courts.nh.gov/sites/g/files/ehbemt471/files/documents/2021-09/20180173.pdf,,2019-04-24,,2019,"Circuit Court (Alfano, J.)",circuit_court,Alfano,civil,standard,vacated,per_curiam,Per Curiam,0,0,0,4,N/A,False,False,False,['constitutional'],[],,False,[],,147,case_order,1.0.0,2026-07-16T02:14:11.296657,0.8
2018-0482,2018-0482,['2018-0482'],,,,"Lowell Catholic High School v. Criteria II, Ltd.",https://www.courts.nh.gov/sites/g/files/ehbemt471/files/documents/2021-09/20180482.pdf,,2019-04-17,,2019,Circuit Court,circuit_court,DeVries,civil,standard,affirmed,per_curiam,Per Curiam,5,0,0,2,5-0,True,False,False,['statutory_interpretation'],[],,True,[],,434,case_order,1.0.0,2026-07-16T02:14:11.506524,0.8
2018-0460,2018-0460,['2018-0460'],,,,"Stanley B. Robbins, Trustee of the 500 Manchester Street Realty Trust & a. v. Stephen Zappala & a.",https://www.courts.nh.gov/sites/g/files/ehbemt471/files/documents/2021-09/20180460.pdf,,2019-04-16,,2019,,administrative,,civil,standard,vacated,per_curiam,Per Curiam,5,0,0,2,5-0,True,False,False,[],[],,False,[],,451,case_order,1.0.0,2026-07-16T02:14:11.840377,0.8
2018-0368,2018-0368,['2018-0368'],,,,State of New Hampshire v. Wilmy Taveras,https://www.courts.nh.gov/sites/g/files/ehbemt471/files/documents/2021-09/20180368.pdf,,2019-04-16,,2019,"Superior Court (Temple, J.)",superior_court,Temple,family/domestic,standard,,per_curiam,Per Curiam,0,0,0,4,N/A,False,False,False,"['criminal', 'family_law', 'constitutional']","['RSA 318-B:2, I', 'RSA 626:8', 'RSA 629:3, I', 'RSA 626:8, III']","RSA 318-B:2, I",False,[],,1420,case_order,1.0.0,2026-07-16T02:14:12.271119,0.8
2018-0552,2018-0552,['2018-0552'],,,,Brian Desfosses v. Thomas Ippolito & a.,https://www.courts.nh.gov/sites/g/files/ehbemt471/files/documents/2021-09/20180552.pdf,,2019-04-15,,2019,"Circuit Court (DeVries, J.)",circuit_court,DeVries,civil,standard,,per_curiam,Per Curiam,0,0,0,4,N/A,False,False,False,"['property', 'evidence']","['RSA 540:2, II', 'RSA 540:16-a']","RSA 540:2, II",False,[],,1327,case_order,1.0.0,2026-07-16T02:14:12.911568,0.8
2018-0145,2018-0145,['2018-0145'],,,,In the Matter of Jessika Greene and Curtis Billups,https://www.courts.nh.gov/sites/g/files/ehbemt471/files/documents/2021-09/20180145.pdf,,2019-04-03,,2019,Circuit Court,circuit_court,Boyle,family/domestic,standard,,per_curiam,Per Curiam,0,0,0,4,N/A,False,False,False,"['criminal', 'family_law', 'constitutional', 'property']","['RSA 170-C', 'RSA 461-A:11, II', 'RSA 461-A:11', 'RSA 461-A']",RSA 170-C,False,['de_novo'],,1442,case_order,1.0.0,2026-07-16T02:14:15.241952,0.8
2018-0484,2018-0484,['2018-0484'],,,,Petition of Curtis L. Leach,https://www.courts.nh.gov/sites/g/files/ehbemt471/files/documents/2021-09/20180484.pdf,,2019-04-01,,2019,Circuit Court,circuit_court,Crocker,civil,standard,affirmed,per_curiam,Per Curiam,5,0,0,2,5-0,True,False,False,"['property', 'contract']","['RSA 490:4', 'RSA 524:6-a', 'RSA 524:6-a, I', 'RSA 516:3']",RSA 490:4,False,[],,1093,case_order,1.0.0,2026-07-16T02:14:15.441554,0.8
2018-0134,2018-0134,['2018-0134'],,,,Federal National Mortgage Association v. Fairon Brown & a.,https://www.courts.nh.gov/sites/g/files/ehbemt471/files/documents/2021-09/20180134.pdf,,2019-04-01,,2019,"Circuit Court (Ryan, J.)",circuit_court,Ryan,civil,standard,affirmed,per_curiam,Per Curiam,5,0,0,2,5-0,True,False,False,['statutory_interpretation'],['RSA 527:1'],RSA 527:1,True,['de_novo'],,347,case_order,1.0.0,2026-07-16T02:14:15.771242,0.8
2018-0276,2018-0276,['2018-0276'],,,,In re Estate of John Edwin Harrica,https://www.courts.nh.gov/sites/g/files/ehbemt471/files/documents/2021-09/20180276.pdf,,2019-04-01,,2019,Circuit Court,circuit_court,Weaver,civil,standard,affirmed,per_curiam,Per Curiam,5,0,0,2,5-0,True,False,False,['DWI'],['RSA 457:39'],RSA 457:39,False,[],,374,case_order,1.0.0,2026-07-16T02:14:16.197996,0.8
2018-0443,2018-0443,['2018-0443'],,,,"Darren Brady v. Family Dollar, Inc. & a.",https://www.courts.nh.gov/sites/g/files/ehbemt471/files/documents/2021-09/20180443.pdf,,2019-03-29,,2019,Superior Court,superior_court,MacLeod,civil,standard,affirmed,per_curiam,Per Curiam,5,0,0,2,5-0,True,False,False,"['civil_procedure', 'statutory_interpretation']",[],,True,[],,317,case_order,1.0.0,2026-07-16T02:14:16.742057,0.8
2018-0353,2018-0353,['2018-0353'],,,,State of New Hampshire v. Melissa Ramos,https://www.courts.nh.gov/sites/g/files/ehbemt471/files/documents/2021-09/20180353.pdf,,2019-03-15,,2019,Superior Court,superior_court,Ignatius,criminal,standard,affirmed,per_curiam,Per Curiam,5,0,0,2,5-0,True,False,False,"['criminal', 'property']",['RSA 651:63'],RSA 651:63,False,[],,171,case_order,1.0.0,2026-07-16T02:14:17.391475,0.8
2018-0384,2018-0384,['2018-0384'],,,,Curtis Leach v. Connecticut Department of Labor,https://www.courts.nh.gov/sites/g/files/ehbemt471/files/documents/2021-09/20180384.pdf,,2019-03-14,,2019,"Circuit Court (Ryan, J.)",circuit_court,Ryan,civil,standard,dismissed,per_curiam,Per Curiam,5,0,0,2,5-0,True,False,False,"['civil_procedure', 'property', 'employment', 'contract']","['RSA 358-C:4, VI', 'RSA 358-C', 'RSA 358-A', 'RSA 358-C:1, I']","RSA 358-C:4, VI",False,[],,459,case_order,1.0.0,2026-07-16T02:14:17.492694,0.8
2018-0299,2018-0299,['2018-0299'],,,,"Seacoast Helicopters, LLC v. Kevin Beaulieu",https://www.courts.nh.gov/sites/g/files/ehbemt471/files/documents/2021-09/20180299.pdf,,2019-03-14,,2019,"Circuit Court (Vetanze, J.)",circuit_court,Vetanze,civil,standard,vacated,per_curiam,Per Curiam,0,0,0,4,N/A,False,False,False,"['employment', 'contract', 'tax']",[],,False,[],,1350,case_order,1.0.0,2026-07-16T02:14:20.720027,0.8
2018-0389,2018-0389,['2018-0389'],,,,"Patrick Stack & a. v. Merriewoode Village, Inc.",https://www.courts.nh.gov/sites/g/files/ehbemt471/files/documents/2021-09/20180389.pdf,,2019-03-14,,2019,,,,civil,standard,,per_curiam,Per Curiam,0,0,0,4,N/A,False,False,False,"['civil_procedure', 'property', 'contract', 'tax']",[],,False,[],,1474,case_order,1.0.0,2026-07-16T02:14:21.029868,0.8
2018-0379,2018-0379,['2018-0379'],,,,In the Matter of Dana Albrecht and Katherine Albrecht,https://www.courts.nh.gov/sites/g/files/ehbemt471/files/documents/2021-09/20180379.pdf,,2019-03-14,,2019,,,,family/domestic,standard,affirmed,per_curiam,Per Curiam,5,0,0,2,5-0,True,False,False,"['family_law', 'property', 'tort', 'tax']","['RSA 458:16-a, I']","RSA 458:16-a, I",False,['de_novo'],,1331,case_order,1.0.0,2026-07-16T02:14:21.458002,0.8
2018-0560,2018-0560,['2018-0560'],,,,In the Matter of Tanya Braga-Pillsbury and Mickey Pillsbury,https://www.courts.nh.gov/sites/g/files/ehbemt471/files/documents/2021-09/20180560.pdf,,2019-03-14,,2019,"Circuit Court (Yazinski, J.)",circuit_court,Yazinski,family/domestic,standard,affirmed,per_curiam,Per Curiam,5,0,0,2,5-0,True,False,False,"['family_law', 'property']",['RSA 490:14-a'],RSA 490:14-a,False,[],,952,case_order,1.0.0,2026-07-16T02:14:21.986161,0.8
2018-0317,2018-0317,['2018-0317'],,,,In the Matter of Jason Nutter and Katherine Nutter,https://www.courts.nh.gov/sites/g/files/ehbemt471/files/documents/2021-09/20180317.pdf,,2019-03-13,,2019,"Circuit Court (Alfano, J.)",circuit_court,Alfano,family/domestic,standard,affirmed,per_curiam,Per Curiam,5,0,0,2,5-0,True,False,False,"['insurance', 'family_law', 'property', 'tax']","['RSA 458-C:2, IV', 'RSA 458-C:4, II', 'RSA 458-C:5, I']","RSA 458-C:2, IV",False,[],,1234,case_order,1.0.0,2026-07-16T02:14:22.617367,0.8
2018-0138,2018-0138,['2018-0138'],,,,"Appeal of Kasey L. Dillon, P.A. & a.",https://www.courts.nh.gov/sites/g/files/ehbemt471/files/documents/2021-09/20180138.pdf,,2019-03-08,,2019,,administrative,,civil,standard,,per_curiam,Per Curiam,0,0,0,4,N/A,False,False,False,"['administrative_law', 'constitutional', 'evidence']","['RSA 328-D:6, IV', 'RSA 329:17, VI', 'RSA 329:17, II', 'RSA 328-D:7', 'RSA 329:17, VII', 'RSA 541', 'RSA 328', 'RSA 329:17, VIII', 'RSA 541:13', 'RSA 541:4', 'RSA 329:17, V', 'RSA 329:18, I', 'RSA 329:1-aa']","RSA 328-D:6, IV",False,['de_novo'],,1394,case_order,1.0.0,2026-07-16T02:14:25.275588,0.8
2018-0311,2018-0311,['2018-0311'],,,,"James H. Daneau v. Harmon Law Offices, P.C.",https://www.courts.nh.gov/sites/g/files/ehbemt471/files/documents/2021-09/20180311.pdf,,2019-03-06,,2019,Superior Court,superior_court,Anderson,civil,standard,affirmed,per_curiam,Per Curiam,5,0,0,2,5-0,True,False,False,"['civil_procedure', 'property']","['RSA 540:12', 'RSA 358-A:2']",RSA 540:12,False,[],,1060,case_order,1.0.0,2026-07-16T02:14:25.481923,0.8
2018-0338,2018-0338,['2018-0338'],,,,Sanjeev Lath v. Gerard Dufresne,https://www.courts.nh.gov/sites/g/files/ehbemt471/files/documents/2021-09/20180388.pdf,,2019-03-01,,2019,Circuit Court,circuit_court,Chabot,civil,standard,vacated,per_curiam,Per Curiam,5,0,0,2,5-0,True,False,False,"['administrative_law', 'contract']","['RSA 503:3', 'RSA 502-A:14, I', 'RSA 490-F:3', 'RSA 526:1']",RSA 503:3,False,[],,1106,case_order,1.0.0,2026-07-16T02:14:25.810286,0.8
2018-0400,2018-0400,['2018-0400'],,,,"Jason A. Czekalski v. Bruce R. Jasper, Esq. & a.",https://www.courts.nh.gov/sites/g/files/ehbemt471/files/documents/2021-09/20180400.pdf,,2019-03-01,,2019,Superior Court,superior_court,McNamara,civil,standard,dismissed,per_curiam,Per Curiam,5,0,0,2,5-0,True,False,False,"['civil_procedure', 'statutory_interpretation', 'contract']",[],,True,['de_novo'],,1177,case_order,1.0.0,2026-07-16T02:14:26.252588,0.8
2018-0098,2018-0098,['2018-0098'],,,,In the Matter of Rodney Boughton and Erica Trueman,https://www.courts.nh.gov/sites/g/files/ehbemt471/files/documents/2021-09/20180098.pdf,,2019-03-01,,2019,,,Lemire,family/domestic,standard,affirmed,per_curiam,Per Curiam,0,0,0,4,N/A,False,False,False,"['family_law', 'statutory_interpretation']","['RSA 490:14-a', 'RSA 461-A:11']",RSA 490:14-a,True,[],,1378,case_order,1.0.0,2026-07-16T02:14:26.781990,0.8
2018-0475,2018-0475,['2018-0475'],,,,Sean Hart v. Michael Pepin d/b/a N.H. Tile Installation,https://www.courts.nh.gov/sites/g/files/ehbemt471/files/documents/2021-09/20180475.pdf,,2019-03-01,,2019,"Circuit Court (Greenhalgh, J.)",circuit_court,Greenhalgh,civil,standard,affirmed,per_curiam,Per Curiam,5,0,0,2,5-0,True,False,False,['contract'],[],,False,[],,247,case_order,1.0.0,2026-07-16T02:14:27.415313,0.8
2018-0288,2018-0288,['2018-0288'],,,,Town of Moultonborough v. Frederick Smith,https://www.courts.nh.gov/sites/g/files/ehbemt471/files/documents/2021-09/20180288.pdf,,2019-02-28,,2019,"Circuit Court (Vetanze, J.)",circuit_court,Vetanze,criminal,standard,,per_curiam,Per Curiam,0,0,0,4,N/A,False,False,False,"['criminal', 'property']","['RSA 676:17-a', 'RSA 676:17-a, I', 'RSA 676:17-a, II', 'RSA 676:17-a, VII', 'RSA 490-F:3', 'RSA 676:17-', 'RSA 676:17-a, X', 'RSA 490:4']",RSA 676:17-a,False,['clear_error'],,1478,case_order,1.0.0,2026-07-16T02:14:30.696266,0.8
2018-0381,2018-0381,['2018-0381'],,,,Ruth Tranquillo v. Edmond Demers,https://www.courts.nh.gov/sites/g/files/ehbemt471/files/documents/2021-09/20180381.pdf,,2019-02-28,,2019,"Circuit Court (Stephen, J.)",circuit_court,Stephen,civil,standard,affirmed,per_curiam,Per Curiam,5,0,0,2,5-0,True,False,False,[],[],,False,[],,293,case_order,1.0.0,2026-07-16T02:14:30.894546,0.8
20180301_20180395,20180301_20180395,"['2018-0301', '2018-0395']",,,,"John F. Best, Jr. v. MTGLQ Investors, L.P.",https://www.courts.nh.gov/sites/g/files/ehbemt471/files/documents/2021-09/20180301_20180395.pdf,,2019-02-28,,2019,Superior Court,superior_court,Wageling,civil,standard,affirmed,per_curiam,Per Curiam,5,0,0,2,5-0,True,False,False,"['statutory_interpretation', 'property']",[],,True,[],,403,case_order,1.0.0,2026-07-16T02:14:31.240038,0.8
2018-0411,2018-0411,['2018-0411'],,,,Jason T. Berry v. New Hampshire Department of Corrections & a.,https://www.courts.nh.gov/sites/g/files/ehbemt471/files/documents/2021-09/20180411.pdf,,2019-02-28,,2019,"Superior Court (Tucker, J.)",superior_court,Tucker,civil,standard,affirmed,per_curiam,Per Curiam,5,0,0,2,5-0,True,False,False,"['administrative_law', 'constitutional', 'property']","['RSA 275-E:2', 'RSA 91-A:4, IV']",RSA 275-E:2,False,[],,916,case_order,1.0.0,2026-07-16T02:14:31.666427,0.8
2018-0342,2018-0342,['2018-0342'],,,,"In the Matter of Rebecca Binder and Paul Binder, Jr.",https://www.courts.nh.gov/sites/g/files/ehbemt471/files/documents/2021-09/20180342.pdf,,2019-02-28,,2019,"Circuit Court (Leonard, J.)",circuit_court,Leonard,civil,standard,,per_curiam,Per Curiam,0,0,0,4,N/A,False,False,False,"['contract', 'tax']",[],,False,['abuse_of_discretion'],,1369,case_order,1.0.0,2026-07-16T02:14:32.173008,0.8
2018-0075,2018-0075,['2018-0075'],,,,Darren Brady v. Sandra St. Pierre & a.,https://www.courts.nh.gov/sites/g/files/ehbemt471/files/documents/2021-09/20180075.pdf,,2019-02-22,,2019,Superior Court,superior_court,Bornstein,civil,standard,affirmed,per_curiam,Per Curiam,5,0,0,2,5-0,True,False,False,[],"['RSA 507-B:2', 'RSA 507-B:4, IV', 'RSA 169-C:31']",RSA 507-B:2,False,[],,227,case_order,1.0.0,2026-07-16T02:14:32.801460,0.8
2018-0065,2018-0065,['2018-0065'],,,,K. W. Clauson v. Richard Vidal & a.,https://www.courts.nh.gov/sites/g/files/ehbemt471/files/documents/2021-09/20180065.pdf,,2019-02-22,,2019,,,,civil,standard,affirmed,per_curiam,Per Curiam,4,0,0,3,4-0,True,False,False,[],[],,False,[],,362,case_order,1.0.0,2026-07-16T02:14:32.880541,0.8
2018-0075,2018-0075,['2018-0075'],,,,Darren Brady v. Sandra St. Pierre & a.,https://www.courts.nh.gov/sites/g/files/ehbemt471/files/documents/2021-09/20180075_0.pdf,,2019-02-22,,2019,Superior Court,superior_court,Bornstein,civil,standard,affirmed,per_curiam,Per Curiam,5,0,0,2,5-0,True,False,False,[],"['RSA 507-B:2', 'RSA 507-B:4, IV', 'RSA 169-C:31']",RSA 507-B:2,False,[],,227,case_order,1.0.0,2026-07-16T02:14:35.499057,0.8
2018-0065,2018-0065,['2018-0065'],,,,K. W. Clauson v. Richard Vidal & a.,https://www.courts.nh.gov/sites/g/files/ehbemt471/files/documents/2021-09/20180065_0.pdf,,2019-02-22,,2019,,,,civil,standard,affirmed,per_curiam,Per Curiam,4,0,0,3,4-0,True,False,False,[],[],,False,[],,362,case_order,1.0.0,2026-07-16T02:14:35.761007,0.8
2018-0119,2018-0119,['2018-0119'],,,,State of New Hampshire v. Scott Knowles,https://www.courts.nh.gov/sites/g/files/ehbemt471/files/documents/2021-09/20180119.pdf,,2019-02-21,,2019,,,,criminal,standard,,per_curiam,Per Curiam,0,0,0,4,N/A,False,False,False,"['criminal', 'property']","['RSA 633:2, I', 'RSA 159:3', 'RSA 625:11']","RSA 633:2, I",False,['de_novo'],,1446,case_order,1.0.0,2026-07-16T02:14:36.112069,0.8
2018-0091,2018-0091,['2018-0091'],,,,Petition of Arnold Grodman,https://www.courts.nh.gov/sites/g/files/ehbemt471/files/documents/2021-09/20180091.pdf,,2019-02-21,,2019,,,,civil,standard,dismissed,per_curiam,Per Curiam,5,0,0,2,5-0,True,False,False,['administrative_law'],"['RSA 171-A:6, I']","RSA 171-A:6, I",False,[],,549,case_order,1.0.0,2026-07-16T02:14:36.639747,0.8
2018-0344,2018-0344,['2018-0344'],,,,"Arnold Alpert & a. v. New Hampshire Motor Speedway, Inc. & a.",https://www.courts.nh.gov/sites/g/files/ehbemt471/files/documents/2021-09/20180344.pdf,,2019-02-21,,2019,"Superior Court (McNamara, J.)",superior_court,McNamara,criminal,standard,,per_curiam,Per Curiam,0,0,0,4,N/A,False,False,False,"['criminal', 'civil_procedure', 'statutory_interpretation', 'property', 'contract']",[],,True,['de_novo'],,1365,case_order,1.0.0,2026-07-16T02:14:37.312886,0.8
2017-0402,2017-0402,['2017-0402'],,,,State of New Hampshire v. Eugene Keator,https://www.courts.nh.gov/sites/g/files/ehbemt471/files/documents/2021-09/20170402_0.pdf,,2019-02-21,,2019,"Superior Court (Houran, J.)",superior_court,Houran,criminal,standard,affirmed,per_curiam,Per Curiam,5,0,0,2,5-0,True,False,False,['criminal'],"['RSA 631:2', 'RSA 627:4']",RSA 631:2,False,[],,737,case_order,1.0.0,2026-07-16T02:14:37.448837,0.8
2018-0231,2018-0231,['2018-0231'],,,,State of New Hampshire v. Donald E. Mercer,https://www.courts.nh.gov/sites/g/files/ehbemt471/files/documents/2021-09/20180231.pdf,,2019-02-21,,2019,"Circuit Court (Leary, J.)",circuit_court,Leary,criminal,standard,affirmed,per_curiam,Per Curiam,5,0,0,2,5-0,True,False,False,[],"['RSA 265:60, I', 'RSA 265:60, II']","RSA 265:60, I",False,['de_novo'],,700,case_order,1.0.0,2026-07-16T02:14:41.061270,0.8
2018-0091,2018-0091,['2018-0091'],,,,Petition of Arnold Grodman,https://www.courts.nh.gov/sites/g/files/ehbemt471/files/documents/2021-09/20180091_0.pdf,,2019-02-21,,2019,,,,civil,standard,dismissed,per_curiam,Per Curiam,5,0,0,2,5-0,True,False,False,['administrative_law'],"['RSA 171-A:6, I']","RSA 171-A:6, I",False,[],,549,case_order,1.0.0,2026-07-16T02:14:41.571582,0.8
2017-0402,2017-0402,['2017-0402'],,,,State of New Hampshire v. Eugene Keator,https://www.courts.nh.gov/sites/g/files/ehbemt471/files/documents/2021-09/20170402.pdf,,2019-02-21,,2019,"Superior Court (Houran, J.)",superior_court,Houran,criminal,standard,affirmed,per_curiam,Per Curiam,5,0,0,2,5-0,True,False,False,['criminal'],"['RSA 631:2', 'RSA 627:4']",RSA 631:2,False,[],,737,case_order,1.0.0,2026-07-16T02:14:42.107586,0.8
2018-0232,2018-0232,['2018-0232'],,,,"Jeffrey Bradley & a. v. Wells Fargo Bank, N.A. & a.",https://www.courts.nh.gov/sites/g/files/ehbemt471/files/documents/2021-09/20180232.pdf,,2019-02-21,,2019,Superior Court,superior_court,Wageling,civil,standard,affirmed,per_curiam,Per Curiam,5,0,0,2,5-0,True,False,False,"['civil_procedure', 'contract', 'tort']","['RSA 526:1', 'RSA 526:4']",RSA 526:1,False,[],,753,case_order,1.0.0,2026-07-16T02:14:42.221217,0.8
2018-0233,2018-0233,['2018-0233'],,,,"Alexander J. Walker, Jr. v. Michael Gill & a.",https://www.courts.nh.gov/sites/g/files/ehbemt471/files/documents/2021-09/20180233.pdf,,2019-02-07,,2019,"Superior Court (Delker, J.)",superior_court,Delker,civil,standard,affirmed,per_curiam,Per Curiam,2,0,0,4,2-0,True,False,False,"['statutory_interpretation', 'contract']",['RSA 490:3'],RSA 490:3,True,[],,532,case_order,1.0.0,2026-07-16T02:14:42.329939,0.8
2018-0090,2018-0090,['2018-0090'],,,,In the Matter of William Collins and Lisa Collins,https://www.courts.nh.gov/sites/g/files/ehbemt471/files/documents/2021-09/20180090.pdf,,2019-01-31,,2019,"Circuit Court (Cross, R., approved by Alfano, J.) in his divorce from the",circuit_court,"Cross, R., approved by Alfano",family/domestic,standard,affirmed,per_curiam,Per Curiam,5,0,0,2,5-0,True,False,False,"['insurance', 'family_law']","['RSA 458:19', 'RSA 458:19, I']",RSA 458:19,False,[],,360,case_order,1.0.0,2026-07-16T02:14:42.417950,0.8
2018-0289,2018-0289,['2018-0289'],,,,Joseph S. Haas v. Town of Boscawen,https://www.courts.nh.gov/sites/g/files/ehbemt471/files/documents/2021-09/20180289.pdf,,2019-01-31,,2019,Superior Court,superior_court,Tucker,civil,standard,affirmed,per_curiam,Per Curiam,5,0,0,2,5-0,True,False,False,"['civil_procedure', 'constitutional', 'property', 'tax']",[],,False,[],,179,case_order,1.0.0,2026-07-16T02:14:42.491311,0.8
2018-0043,2018-0043,['2018-0043'],,,,"U.S. Bank Trust, N.A., Trustee v. Kevin Clifford & a.",https://www.courts.nh.gov/sites/g/files/ehbemt471/files/documents/2021-09/20180043.pdf,,2019-01-31,,2019,"Superior Court (Ignatius, J.)",superior_court,Ignatius,civil,standard,dismissed,per_curiam,Per Curiam,0,0,0,4,N/A,False,False,False,"['civil_procedure', 'property']","['RSA 526:1', 'RSA 479:25']",RSA 526:1,False,[],,1424,case_order,1.0.0,2026-07-16T02:14:42.654690,0.8
2018-0166,2018-0166,['2018-0166'],,,,In re Estate of Anthony Mesiti,https://www.courts.nh.gov/sites/g/files/ehbemt471/files/documents/2021-09/20180166.pdf,,2019-01-31,,2019,"Circuit Court (Weaver, J.)",circuit_court,Weaver,civil,standard,,per_curiam,Per Curiam,0,0,0,4,N/A,False,False,False,"['statutory_interpretation', 'property']","['RSA 552:7', 'RSA 551:2-a', 'RSA 567-A:4', 'RSA 567-A:1']",RSA 552:7,True,['de_novo'],,1421,case_order,1.0.0,2026-07-16T02:14:42.809618,0.8
2018-0209,2018-0209,['2018-0209'],,,,David Goolgasian v. Shannon Tripp & a.,https://www.courts.nh.gov/sites/g/files/ehbemt471/files/documents/2021-09/20180209.pdf,,2019-01-22,,2019,"Circuit Court (Carroll, Referee, approved by Garner, J.) dismissing",circuit_court,"Carroll, Referee, approved by Garner",civil,standard,affirmed,per_curiam,Per Curiam,5,0,0,2,5-0,True,False,False,"['insurance', 'statutory_interpretation', 'property', 'contract']",['RSA 540:2'],RSA 540:2,True,['plain_error'],,548,case_order,1.0.0,2026-07-16T02:14:42.934434,0.8
2018-0236,2018-0236,['2018-0236'],,,,In the Matter of John Raymond and Jill Raymond,https://www.courts.nh.gov/sites/g/files/ehbemt471/files/documents/2021-09/20180236.pdf,,2019-01-18,,2019,"Circuit Court (DalPra, M., approved by Introcaso, J.) in his divorce from the",circuit_court,"DalPra, M., approved by Introcaso",family/domestic,standard,,per_curiam,Per Curiam,0,0,0,4,N/A,False,False,False,"['insurance', 'family_law', 'property', 'employment', 'contract', 'tax']","['RSA 458:19', 'RSA 458:16-a', 'RSA 458:19, I', 'RSA 458:16-a, v', 'RSA 458:16-a, II', 'RSA 458:19, IV', 'RSA 458:19, VI']",RSA 458:19,False,[],,1387,case_order,1.0.0,2026-07-16T02:14:43.138908,0.8
2018-0195,2018-0195,['2018-0195'],,,,In the Matter of Tracy LaCombe and Jason LaCombe,https://www.courts.nh.gov/sites/g/files/ehbemt471/files/documents/2021-09/20180195.pdf,,2019-01-18,,2019,,,,family/domestic,standard,vacated,per_curiam,Per Curiam,5,0,0,2,5-0,True,False,False,"['insurance', 'family_law', 'statutory_interpretation', 'constitutional', 'property']","['RSA 461-A:14, V']","RSA 461-A:14, V",True,[],,738,case_order,1.0.0,2026-07-16T02:14:43.355839,0.8
2017-0710,2017-0710,['2017-0710'],,,,"In re Estate of Edward D. Maynard, Jr.",https://www.courts.nh.gov/sites/g/files/ehbemt471/files/documents/2021-09/20170710.pdf,,2019-01-18,,2019,"Circuit Court (Weaver, J.)",circuit_court,Weaver,criminal,standard,,per_curiam,Per Curiam,0,0,0,4,N/A,False,False,False,"['criminal', 'statutory_interpretation', 'property']","['RSA 547:11-c', 'RSA 490-F:3']",RSA 547:11-c,True,[],,739,case_order,1.0.0,2026-07-16T02:14:43.705516,0.8
2016-0429,2016-0429,['2016-0429'],,,,State of New Hampshire v. Charles Normil,https://www.courts.nh.gov/sites/g/files/ehbemt471/files/documents/2021-09/20160429.pdf,,2019-01-17,,2019,"Superior Court (Abramson, J.)",superior_court,Abramson,criminal,standard,,per_curiam,Per Curiam,0,0,0,4,N/A,False,False,False,"['criminal', 'evidence']","['RSA 632-A:2', 'RSA 629:1', 'RSA 631:1', 'RSA 631:2', 'RSA 635:1', 'RSA 635:1, I', 'RSA 629:3', 'RSA 641:6']",RSA 632-A:2,False,[],,1381,case_order,1.0.0,2026-07-16T02:14:44.024910,0.8
2018-0254,2018-0254,['2018-0254'],,,,State of New Hampshire v. Brian O’Neil,https://www.courts.nh.gov/sites/g/files/ehbemt471/files/documents/2021-09/20180254.pdf,,2019-01-17,,2019,,,,criminal,standard,affirmed,per_curiam,Per Curiam,5,0,0,2,5-0,True,False,False,[],"['RSA 265:60', 'RSA 265:61', 'RSA 265:62']",RSA 265:60,False,[],,721,case_order,1.0.0,2026-07-16T02:14:44.495112,0.8
2018-0193,2018-0193,['2018-0193'],,,,Paul Ranberg v. The Bank of New York Mellon,https://www.courts.nh.gov/sites/g/files/ehbemt471/files/documents/2021-09/20180193.pdf,,2019-01-17,,2019,Superior Court,superior_court,Wageling,civil,standard,affirmed,per_curiam,Per Curiam,5,0,0,2,5-0,True,False,False,"['civil_procedure', 'constitutional', 'property']",[],,False,[],,671,case_order,1.0.0,2026-07-16T02:14:44.904806,0.8
2017-0459,2017-0459,['2017-0459'],,,,State of New Hampshire v. Robert Chambers,https://www.courts.nh.gov/sites/g/files/ehbemt471/files/documents/2021-09/20170459.pdf,,2019-01-08,,2019,,,,family/domestic,standard,,per_curiam,Per Curiam,0,0,0,4,N/A,False,False,False,"['criminal', 'evidence', 'domestic_violence']",['RSA 632-A:2'],RSA 632-A:2,False,[],,1385,case_order,1.0.0,2026-07-16T02:14:45.512766,0.8
2018-0253,2018-0253,['2018-0253'],,,,Mary E. Feeney v. Karyn M. Kelley,https://www.courts.nh.gov/sites/g/files/ehbemt471/files/documents/2021-09/201800253.pdf,,2019-01-31,,2019,Superior Court,superior_court,Abramson,civil,standard,affirmed,per_curiam,Per Curiam,5,0,0,2,5-0,True,False,False,[],[],,False,[],,349,case_order,1.0.0,2026-07-16T02:14:46.065202,0.8
2020-0193,2020-0193,['2020-0193'],,,,In the Matter of Wendy Mispel-John and Robert John,https://www.courts.nh.gov/sites/g/files/ehbemt471/files/documents/2021-08/20200193.pdf,,2020-12-31,,2020,"Circuit Court (Tenney, J.)",circuit_court,Tenney,family/domestic,standard,affirmed,per_curiam,Per Curiam,4,0,0,2,4-0,True,False,False,"['family_law', 'property']","['RSA 458:16-b', 'RSA 458:19, I', 'RSA 458:16-a, II']",RSA 458:16-b,False,[],,1296,case_order,1.0.0,2026-07-16T02:14:47.328265,0.8
2019-0623,2019-0623,['2019-0623'],,,,State of New Hampshire v. Bruce Shanks,https://www.courts.nh.gov/sites/g/files/ehbemt471/files/documents/2021-08/20190623.pdf,,2020-12-30,,2020,"Superior Court (McNamara, J.)",superior_court,McNamara,family/domestic,standard,affirmed,per_curiam,Per Curiam,4,0,0,2,4-0,True,False,False,"['criminal', 'domestic_violence']","['RSA 631:2', 'RSA 633:2', 'RSA 631:2-b']",RSA 631:2,False,['plain_error'],,938,case_order,1.0.0,2026-07-16T02:14:47.709503,0.8
2019-0522,2019-0522,['2019-0522'],,,,State of New Hampshire v. Miguel R. Rasor,https://www.courts.nh.gov/sites/g/files/ehbemt471/files/documents/2021-08/20190522.pdf,,2020-12-30,,2020,"Superior Court (Houran, J.)",superior_court,Houran,criminal,standard,,per_curiam,Per Curiam,0,0,0,6,N/A,False,False,False,"['criminal', 'evidence']","['RSA 632-A:2, II', 'RSA 632-A:3, III', 'RSA 629:1']","RSA 632-A:2, II",False,[],,1324,case_order,1.0.0,2026-07-16T02:14:48.112464,0.8
2020-0260,2020-0260,['2020-0260'],,,,Brent Tweed & a. v. Town of Nottingham & a.,https://www.courts.nh.gov/sites/g/files/ehbemt471/files/documents/2021-08/20200260.pdf,,2020-12-23,,2020,"Superior Court (Delker and Honigberg, JJ.)",superior_court,,civil,standard,affirmed,per_curiam,Per Curiam,4,0,0,2,4-0,True,False,False,[],[],,False,[],,263,case_order,1.0.0,2026-07-16T02:14:48.696580,0.8
2019-0739,2019-0739,['2019-0739'],,,,"Appeal of H.G. Wood Industries, LLC",https://www.courts.nh.gov/sites/g/files/ehbemt471/files/documents/2021-08/20190739.pdf,,2020-12-22,,2020,,administrative,,civil,standard,,per_curiam,Per Curiam,0,0,0,6,N/A,False,False,False,"['insurance', 'administrative_law', 'employment']","['RSA 281-A:54', 'RSA 541:13', 'RSA 281-A:2, XIV', 'RSA 281-A:32, XI']",RSA 281-A:54,False,['de_novo'],,1307,case_order,1.0.0,2026-07-16T02:14:49.321981,0.8
2020-0033,2020-0033,['2020-0033'],,,,State of New Hampshire v. Kathryn D. Pate,https://www.courts.nh.gov/sites/g/files/ehbemt471/files/documents/2021-08/20200033.pdf,,2020-12-16,,2020,"Circuit Court (LaFrancois, J.)",circuit_court,LaFrancois,criminal,standard,,per_curiam,Per Curiam,0,0,0,6,N/A,False,False,False,"['criminal', 'constitutional', 'DWI']","['RSA 265-A:3, III']","RSA 265-A:3, III",False,"['de_novo', 'clear_error']",,1364,case_order,1.0.0,2026-07-16T02:14:49.746916,0.8
2020-0021,2020-0021,['2020-0021'],,,,State of New Hampshire v. Michael Kukuruza,https://www.courts.nh.gov/sites/g/files/ehbemt471/files/documents/2021-08/20200021.pdf,,2020-12-16,,2020,Superior Court,superior_court,Ignatius,civil,standard,dismissed,per_curiam,Per Curiam,4,0,0,2,4-0,True,False,False,['civil_procedure'],['RSA 637:3'],RSA 637:3,False,[],,766,case_order,1.0.0,2026-07-16T02:14:49.895357,0.8
2020-0066,2020-0066,['2020-0066'],,,,James V. Prieto & a. v. Town of Hollis & a.,https://www.courts.nh.gov/sites/g/files/ehbemt471/files/documents/2021-08/20200066.pdf,,2020-12-15,,2020,Superior Court,superior_court,Colburn,civil,standard,affirmed,per_curiam,Per Curiam,4,0,0,2,4-0,True,False,False,['property'],"['RSA 674:33, I', 'RSA 677:6']","RSA 674:33, I",False,[],,1273,case_order,1.0.0,2026-07-16T02:14:50.991338,0.8
2020-0146,2020-0146,['2020-0146'],,,,In re Estate of Elaine Dominic; In re Estate of Reginald J. Dominic,https://www.courts.nh.gov/sites/g/files/ehbemt471/files/documents/2021-08/20200146.pdf,,2020-12-15,,2020,"Circuit Court (Leonard, J.)",circuit_court,Leonard,civil,standard,affirmed,per_curiam,Per Curiam,4,0,0,2,4-0,True,False,False,[],['RSA 567-A:4'],RSA 567-A:4,False,[],,924,case_order,1.0.0,2026-07-16T02:14:51.153086,0.8
2020-0365,2020-0365,['2020-0365'],,,,State of New Hampshire v. Nicholas Murphy,https://www.courts.nh.gov/sites/g/files/ehbemt471/files/documents/2021-08/20200365.pdf,,2020-12-08,,2020,Superior Court,superior_court,O’Neill,criminal,standard,affirmed,per_curiam,Per Curiam,4,0,0,2,4-0,True,False,False,"['criminal', 'property', 'tax']","['RSA 630:1-b, II', 'RSA 597:1-c']","RSA 630:1-b, II",False,['clear_error'],,1002,case_order,1.0.0,2026-07-16T02:14:52.981735,0.8
2020-0190,2020-0190,['2020-0190'],,,,"Matthew Benoit v. ARNE, LLC",https://www.courts.nh.gov/sites/g/files/ehbemt471/files/documents/2021-08/20200190.pdf,,2020-12-07,,2020,Superior Court,superior_court,"Kent,
R., approved by Lyons",criminal,standard,,per_curiam,Per Curiam,0,0,0,6,N/A,False,False,False,"['criminal', 'civil_procedure', 'contract', 'tax']","['RSA 503:6', 'RSA 503:6, I', 'RSA 503:6, III', 'RSA 503:6, II', 'RSA 524:6-a']",RSA 503:6,False,[],,1461,case_order,1.0.0,2026-07-16T02:14:53.410406,0.8
2019-0689,2019-0689,['2019-0689'],,,,Karyn Kelley v. Leslie Wood,https://www.courts.nh.gov/sites/g/files/ehbemt471/files/documents/2021-08/20190689.pdf,,2020-12-03,,2020,Circuit Court,circuit_court,Ryan,criminal,standard,affirmed,per_curiam,Per Curiam,4,0,0,2,4-0,True,False,False,"['criminal', 'statutory_interpretation', 'contract', 'evidence']",['RSA 503:7'],RSA 503:7,True,[],,662,case_order,1.0.0,2026-07-16T02:14:53.948524,0.8
2019-0654,2019-0654,['2019-0654'],,,,Petition of Alexander Scott,https://www.courts.nh.gov/sites/g/files/ehbemt471/files/documents/2021-08/20190654.pdf,,2020-12-01,,2020,,administrative,,civil,standard,,per_curiam,Per Curiam,0,0,0,6,N/A,False,False,False,"['administrative_law', 'statutory_interpretation', 'employment', 'tax']","['RSA 100-A:1', 'RSA 21-I:49, V', 'RSA 94:1-a, I', 'RSA 100-A:3', 'RSA 100-A:3, I', 'RSA 100-A:7', 'RSA 100-A:7, I', 'RSA 100-A:12, II', 'RSA 100-A:12', 'RSA 100-A']",RSA 100-A:1,True,['de_novo'],,1341,case_order,1.0.0,2026-07-16T02:14:54.567034,0.8
2019-0634,2019-0634,['2019-0634'],,,,State of New Hampshire v. Nieko Clow,https://www.courts.nh.gov/sites/g/files/ehbemt471/files/documents/2021-08/20190634.pdf,,2020-11-30,,2020,,,,family/domestic,standard,dismissed,per_curiam,Per Curiam,0,0,0,6,N/A,False,False,False,"['criminal', 'civil_procedure', 'property', 'domestic_violence']","['RSA 634:2', 'RSA 631:3, I', 'RSA 626:2, II', 'RSA 631:2-a', 'RSA 631:2']",RSA 634:2,False,[],,1384,case_order,1.0.0,2026-07-16T02:14:56.810579,0.8
2019-0396,2019-0396,['2019-0396'],,,,State of New Hampshire v. Michael Bates,https://www.courts.nh.gov/sites/g/files/ehbemt471/files/documents/2021-08/20190396.pdf,,2020-11-18,,2020,,administrative,,civil,standard,,per_curiam,Per Curiam,0,0,0,6,N/A,False,False,False,"['property', 'contract', 'tax']","['RSA 421-B:5-501', 'RSA 421-B:3, I', 'RSA 421-B:3', 'RSA 637:4']",RSA 421-B:5-501,False,[],,1374,case_order,1.0.0,2026-07-16T02:14:57.559681,0.8
2019-0751,2019-0751,['2019-0751'],,,,State of New Hampshire v. John Knott,https://www.courts.nh.gov/sites/g/files/ehbemt471/files/documents/2021-08/20190751.pdf,,2020-11-18,,2020,"Superior Court (Ignatius, J.)",superior_court,Ignatius,civil,standard,remanded,per_curiam,Per Curiam,0,0,0,6,N/A,False,False,False,"['competency', 'evidence']",[],,False,[],,1252,case_order,1.0.0,2026-07-16T02:14:58.094687,0.8
2019-0642,2019-0642,['2019-0642'],,,,In the Matter of James Lagace and Katharine Lagace,https://www.courts.nh.gov/sites/g/files/ehbemt471/files/documents/2021-08/20190642.pdf,,2020-11-17,,2020,"Circuit Court (McIntyre, J.)",circuit_court,McIntyre,family/domestic,standard,affirmed,per_curiam,Per Curiam,4,0,0,2,4-0,True,False,False,"['insurance', 'family_law', 'statutory_interpretation', 'property', 'employment']","['RSA 458:19', 'RSA 458:19-c', 'RSA 458:19-a, III', 'RSA 458:19-aa', 'RSA 458:19-aa, I', 'RSA 458:19-aa, IV', 'RSA 458:16-a']",RSA 458:19,True,[],,1328,case_order,1.0.0,2026-07-16T02:14:58.270698,0.8
2019-0747,2019-0747,['2019-0747'],,,,Appeal of William R. Davis,https://www.courts.nh.gov/sites/g/files/ehbemt471/files/documents/2021-08/20190747.pdf,,2020-11-16,,2020,,administrative,,civil,standard,affirmed,per_curiam,Per Curiam,4,0,0,2,4-0,True,False,False,"['administrative_law', 'property']","['RSA 541', 'RSA 21', 'RSA 541:13', 'RSA 482-A:10', 'RSA 21-O:14, I', 'RSA 482-A:11, II']",RSA 541,False,['de_novo'],,1073,case_order,1.0.0,2026-07-16T02:14:58.535492,0.8
2019-0461,2019-0461,['2019-0461'],,,,State of New Hampshire v. Christopher T. Dastrup,https://www.courts.nh.gov/sites/g/files/ehbemt471/files/documents/2021-08/20190461.pdf,,2020-11-16,,2020,"Superior Court (Howard, J.)",superior_court,Howard,civil,standard,,per_curiam,Per Curiam,0,0,0,6,N/A,False,False,False,"['statutory_interpretation', 'tort']",['RSA 645:1'],RSA 645:1,True,[],,1449,case_order,1.0.0,2026-07-16T02:14:58.776675,0.8
2020-0042,2020-0042,['2020-0042'],,,,"Christopher Willott v. State of New Hampshire, Department of Health and Human Services, Division for Children, Youth and Families",https://www.courts.nh.gov/sites/g/files/ehbemt471/files/documents/2021-08/20200042.pdf,,2020-11-12,,2020,"Superior Court (Anderson, J.)",superior_court,Anderson,civil,standard,vacated,per_curiam,Per Curiam,4,0,0,2,4-0,True,False,False,"['administrative_law', 'civil_procedure']","['RSA 541-B:14, IV', 'RSA 508:8', 'RSA 556:11', 'RSA 508:4, I', 'RSA 541-B:14', 'RSA 508:1', 'RSA 508', 'RSA 541']","RSA 541-B:14, IV",False,[],,411,case_order,1.0.0,2026-07-16T02:14:59.225785,0.8
2020-0072,2020-0072,['2020-0072'],,,,Douglas Coulter v. Bank of America,https://www.courts.nh.gov/sites/g/files/ehbemt471/files/documents/2021-08/20200072.pdf,,2020-11-03,,2020,Circuit Court,circuit_court,Vetanze,civil,standard,affirmed,per_curiam,Per Curiam,4,0,0,2,4-0,True,False,False,['civil_procedure'],[],,False,[],,446,case_order,1.0.0,2026-07-16T02:14:59.424033,0.8
2020-0169,2020-0169,['2020-0169'],,,,David Neal v. Anthony Bertino,https://www.courts.nh.gov/sites/g/files/ehbemt471/files/documents/2021-08/20200169.pdf,,2020-11-02,,2020,"Circuit Court (LeFrancois, J.)",circuit_court,LeFrancois,civil,standard,affirmed,per_curiam,Per Curiam,4,0,0,2,4-0,True,False,False,['property'],"['RSA 540-A:4', 'RSA 540-A:4, II', 'RSA 540-A:4, XII', 'RSA 540', 'RSA 540-A']",RSA 540-A:4,False,['de_novo'],,1313,case_order,1.0.0,2026-07-16T02:15:00.091837,0.8
2019-0735,2019-0735,['2019-0735'],,,,In the Matter of Arnold Goddard and Racheal Goddard,https://www.courts.nh.gov/sites/g/files/ehbemt471/files/documents/2021-08/20190735.pdf,,2020-11-02,,2020,,,,family/domestic,standard,vacated,per_curiam,Per Curiam,4,0,0,2,4-0,True,False,False,['family_law'],[],,False,[],,1231,case_order,1.0.0,2026-07-16T02:15:00.677688,0.8
2020-0011,2020-0011,['2020-0011'],,,,In the Matter of Karl Von Dubuche and Magdalena Von Dubuche,https://www.courts.nh.gov/sites/g/files/ehbemt471/files/documents/2021-08/20200011.pdf,,2020-11-02,,2020,"Circuit Court (Chabot, J.)",circuit_court,Chabot,family/domestic,standard,affirmed,per_curiam,Per Curiam,4,0,0,2,4-0,True,False,False,"['family_law', 'property', 'evidence']",[],,False,[],,1033,case_order,1.0.0,2026-07-16T02:15:03.641007,0.8
2020-0032,2020-0032,['2020-0032'],,,,Exeter Area Conservancy v. Town of Exeter,https://www.courts.nh.gov/sites/g/files/ehbemt471/files/documents/2021-08/20200032.pdf,,2020-10-26,,2020,,,,civil,standard,affirmed,per_curiam,Per Curiam,4,0,0,2,4-0,True,False,False,['property'],"['RSA 674:44, III', 'RSA 677:15, V']","RSA 674:44, III",False,[],,880,case_order,1.0.0,2026-07-16T02:15:03.914266,0.8
2019-0712,2019-0712,['2019-0712'],,,,State of New Hampshire v. Donna L. Wesson,https://www.courts.nh.gov/sites/g/files/ehbemt471/files/documents/2021-08/20190712.pdf,,2020-10-26,,2020,,,,criminal,standard,affirmed,per_curiam,Per Curiam,4,0,0,2,4-0,True,False,False,[],['RSA 597:37'],RSA 597:37,False,[],,1063,case_order,1.0.0,2026-07-16T02:15:04.240828,0.8
2019-0722,2019-0722,['2019-0722'],,,,State of New Hampshire v. William Nye,https://www.courts.nh.gov/sites/g/files/ehbemt471/files/documents/2021-08/20190722.pdf,,2020-10-26,,2020,"Circuit Court (Luneau, J.)",circuit_court,Luneau,civil,standard,,per_curiam,Per Curiam,0,0,0,6,N/A,False,False,False,['DWI'],"['RSA 265-A:2, I', 'RSA 259:24', 'RSA 265-A']","RSA 265-A:2, I",False,['de_novo'],,1359,case_order,1.0.0,2026-07-16T02:15:04.658476,0.8
2019-0732,2019-0732,['2019-0732'],,,,Peter Potenza & a. v. Joshua Lanctot & a.; Joshua Lanctot & a. v. Peter Potenza & a.,https://www.courts.nh.gov/sites/g/files/ehbemt471/files/documents/2021-08/20190732.pdf,,2020-10-23,,2020,"Circuit Court (Gardner, J.)",circuit_court,Gardner,civil,standard,,per_curiam,Per Curiam,0,0,0,6,N/A,False,False,False,"['property', 'contract']","['RSA 540-A:2', 'RSA 540-A:4, IX', 'RSA 540-A', 'RSA 540']",RSA 540-A:2,False,['de_novo'],,1474,case_order,1.0.0,2026-07-16T02:15:05.084830,0.8
2020-0133,2020-0133,['2020-0133'],,,,Peter Jones v. Nick Tulloh,https://www.courts.nh.gov/sites/g/files/ehbemt471/files/documents/2021-08/20200133.pdf,,2020-10-22,,2020,"Circuit Court (Gardner, J.)",circuit_court,Gardner,civil,standard,affirmed,per_curiam,Per Curiam,4,0,0,2,4-0,True,False,False,['contract'],[],,False,[],,282,case_order,1.0.0,2026-07-16T02:15:05.694123,0.8
2020-0155,2020-0155,['2020-0155'],,,,In the Matter of Diogenes Blanco and Elinol Bunols,https://www.courts.nh.gov/sites/g/files/ehbemt471/files/documents/2021-08/20200155.pdf,,2020-10-21,,2020,,,,family/domestic,standard,affirmed,per_curiam,Per Curiam,4,0,0,2,4-0,True,False,False,['family_law'],"['RSA 461-A:12', 'RSA 461-A:12, II']",RSA 461-A:12,False,[],,356,case_order,1.0.0,2026-07-16T02:15:05.768831,0.8
2019-0641,2019-0641,['2019-0641'],,,,State of New Hampshire v. Dana Avery,https://www.courts.nh.gov/sites/g/files/ehbemt471/files/documents/2021-08/20190641.pdf,,2020-10-21,,2020,"Superior Court (Colburn, J.)",superior_court,Colburn,criminal,standard,,per_curiam,Per Curiam,0,0,0,6,N/A,False,False,False,"['criminal', 'civil_procedure', 'constitutional']","['RSA 649-B:4, I', 'RSA 632-A']","RSA 649-B:4, I",False,"['de_novo', 'clear_error']",,1406,case_order,1.0.0,2026-07-16T02:15:09.160456,0.8
2020-0195,2020-0195,['2020-0195'],,,,Richard Benson v. Michael Drewry,https://www.courts.nh.gov/sites/g/files/ehbemt471/files/documents/2021-08/20200195.pdf,,2020-10-21,,2020,,,,civil,standard,affirmed,per_curiam,Per Curiam,4,0,0,2,4-0,True,False,False,[],[],,False,[],,294,case_order,1.0.0,2026-07-16T02:15:09.779847,0.8
2020-0014,2020-0014,['2020-0014'],,,,Gianna Valentino v. Town of Hooksett,https://www.courts.nh.gov/sites/g/files/ehbemt471/files/documents/2021-08/20200014.pdf,,2020-10-21,,2020,Superior Court,superior_court,Tucker,civil,standard,dismissed,per_curiam,Per Curiam,4,0,0,2,4-0,True,False,False,"['civil_procedure', 'statutory_interpretation', 'property']",[],,True,[],,900,case_order,1.0.0,2026-07-16T02:15:09.914513,0.8
2020-0039,2020-0039,['2020-0039'],,,,In the Matter of Nicholas Flickner and Elizabeth Connors,https://www.courts.nh.gov/sites/g/files/ehbemt471/files/documents/2021-08/20200039.pdf,,2020-10-20,,2020,"Circuit Court (Derby, J.)",circuit_court,Derby,family/domestic,standard,affirmed,per_curiam,Per Curiam,4,0,0,2,4-0,True,False,False,['family_law'],"['RSA 458:19, V', 'RSA 458:19, III', 'RSA 458:19-a, III', 'RSA 458:19-a, IV', 'RSA 458:19-a, I']","RSA 458:19, V",False,[],,1158,case_order,1.0.0,2026-07-16T02:15:10.259225,0.8
2019-0200,2019-0200,['2019-0200'],,,,State of New Hampshire v. Joshua S. Martin,https://www.courts.nh.gov/sites/g/files/ehbemt471/files/documents/2021-08/20190200.pdf,,2020-10-09,,2020,"Superior Court (Ruoff, J.)",superior_court,Ruoff,civil,standard,,per_curiam,Per Curiam,0,0,0,6,N/A,False,False,False,['civil_procedure'],['RSA 632-A:2'],RSA 632-A:2,False,[],,1464,case_order,1.0.0,2026-07-16T02:15:10.454253,0.8
2019-0717,2019-0717,['2019-0717'],,,,Winnie Zeng v. Ryan Amaro,https://www.courts.nh.gov/sites/g/files/ehbemt471/files/documents/2021-08/20190717.pdf,,2020-10-02,,2020,,,,civil,standard,dismissed,per_curiam,Per Curiam,0,0,0,6,N/A,False,False,False,"['civil_procedure', 'contract']","['RSA 540-A:6', 'RSA 540-A:6, I', 'RSA 540', 'RSA 540-A:6, II', 'RSA 540-A:8, I', 'RSA 358-A:2', 'RSA 358-A:10, I', 'RSA 540:13, III']",RSA 540-A:6,False,[],,1062,case_order,1.0.0,2026-07-16T02:15:10.623023,0.8
2019-0750,2019-0750,['2019-0750'],,,,In the Matter of Maureen Murgo and Marc Murgo,https://www.courts.nh.gov/sites/g/files/ehbemt471/files/documents/2021-08/20190750.pdf,,2020-10-02,,2020,,,,family/domestic,standard,vacated,per_curiam,Per Curiam,0,0,0,6,N/A,False,False,False,"['insurance', 'family_law', 'tax']","['RSA 458-C:5, I', 'RSA 458-C:4, II', 'RSA 458']","RSA 458-C:5, I",False,[],,1289,case_order,1.0.0,2026-07-16T02:15:10.801906,0.8
2019-0718,2019-0718,['2019-0718'],,,,Jeffrey Thomas Clay v. Newmarket School District,https://www.courts.nh.gov/sites/g/files/ehbemt471/files/documents/2021-08/20190718.pdf,,2020-10-01,,2020,Superior Court,superior_court,,civil,standard,,per_curiam,Per Curiam,0,0,0,6,N/A,False,False,False,['evidence'],"['RSA 91-A:5, IV', 'RSA 91-A:3, II']","RSA 91-A:5, IV",False,[],,1288,case_order,1.0.0,2026-07-16T02:15:11.417910,0.8
2019-0346,2019-0346,['2019-0346'],,,,State of New Hampshire v. Cleve Brown,https://www.courts.nh.gov/sites/g/files/ehbemt471/files/documents/2021-08/20190346.pdf,,2020-09-30,,2020,Superior Court,superior_court,Delker,criminal,standard,,per_curiam,Per Curiam,0,0,0,6,N/A,False,False,False,"['criminal', 'evidence']","['RSA 632-A:2, III']","RSA 632-A:2, III",False,[],,1307,case_order,1.0.0,2026-07-16T02:15:12.548615,0.8
2019-0493,2019-0493,['2019-0493'],,,,In the Matter of Katherine Harper and Matthew Broas,https://www.courts.nh.gov/sites/g/files/ehbemt471/files/documents/2021-08/20190493.pdf,,2020-09-22,,2020,Circuit Court,circuit_court,Alfano,family/domestic,standard,,per_curiam,Per Curiam,0,0,0,6,N/A,False,False,False,"['family_law', 'constitutional']","['RSA 461-A:12', 'RSA 461-A:12, II', 'RSA 461-A:12, V']",RSA 461-A:12,False,['de_novo'],,1300,case_order,1.0.0,2026-07-16T02:15:15.477254,0.8
2019-0335,2019-0335,['2019-0335'],,,,State of New Hampshire v. Stephan Condodemetraky,https://www.courts.nh.gov/sites/g/files/ehbemt471/files/documents/2021-08/20190335.pdf,,2020-09-21,,2020,"Superior Court (Schulman, J.)",superior_court,Schulman,civil,standard,affirmed,per_curiam,Per Curiam,4,0,0,2,4-0,True,False,False,"['civil_procedure', 'property', 'evidence']","['RSA 637:3', 'RSA 637:2, IV']",RSA 637:3,False,[],,901,case_order,1.0.0,2026-07-16T02:15:15.669470,0.8
2019-0749,2019-0749,"['2019-0749', '2018-2019', '2019-2020']",,,,In the Matter of Elizabeth Bannon and Richard Bannon,https://www.courts.nh.gov/sites/g/files/ehbemt471/files/documents/2021-08/20190749.pdf,,2020-09-18,,2020,"Circuit Court (DalPra, M., approved by Gleason, J.), denying her petition to",circuit_court,"DalPra, M., approved by Gleason",family/domestic,standard,affirmed,per_curiam,Per Curiam,4,0,0,2,4-0,True,False,False,['family_law'],[],,False,[],,1061,case_order,1.0.0,2026-07-16T02:15:15.999236,0.8
2019-0665,2019-0665,['2019-0665'],,,,"Little Tree Education, LLC & a. v. City of Dover",https://www.courts.nh.gov/sites/g/files/ehbemt471/files/documents/2021-08/20190665.pdf,,2020-09-18,,2020,"Superior Court (Howard, J.)",superior_court,Howard,civil,standard,affirmed,per_curiam,Per Curiam,4,0,0,2,4-0,True,False,False,['property'],"['RSA 674:33, I', 'RSA 677:6']","RSA 674:33, I",False,[],,794,case_order,1.0.0,2026-07-16T02:15:16.414259,0.8
2019-0399,2019-0399,['2019-0399'],,,,State of New Hampshire v. Brian K. Perry,https://www.courts.nh.gov/sites/g/files/ehbemt471/files/documents/2021-08/20190399.pdf,,2020-09-16,,2020,"Superior Court (Bornstein, J.)",superior_court,Bornstein,criminal,standard,,per_curiam,Per Curiam,0,0,0,6,N/A,False,False,False,['criminal'],['RSA 262:23'],RSA 262:23,False,[],,1317,case_order,1.0.0,2026-07-16T02:15:16.933579,0.8
2019-0636,2019-0636,['2019-0636'],,,,In the Matter of Cassandra Napolitano and Aaron Napolitano,https://www.courts.nh.gov/sites/g/files/ehbemt471/files/documents/2021-08/20190636.pdf,,2020-09-04,,2020,,,,family/domestic,standard,,per_curiam,Per Curiam,0,0,0,6,N/A,False,False,False,['family_law'],"['RSA 461-A:12', 'RSA 461-A:12, I', 'RSA 461-A:12, III', 'RSA 461-A:12, V', 'RSA 461-A:12, VI']",RSA 461-A:12,False,[],,584,case_order,1.0.0,2026-07-16T02:15:17.565393,0.8
2020-0006,2020-0006,['2020-0006'],,,,State of New Hampshire v. John Decker Spitz,https://www.courts.nh.gov/sites/g/files/ehbemt471/files/documents/2021-08/20200006.pdf,,2020-09-04,,2020,"Circuit Court (Steckowych, J.)",circuit_court,Steckowych,civil,standard,affirmed,per_curiam,Per Curiam,4,0,0,2,4-0,True,False,False,['statutory_interpretation'],"['RSA 266:5', 'RSA 266:1', 'RSA 266:1, I', 'RSA 266:1, II']",RSA 266:5,True,[],,529,case_order,1.0.0,2026-07-16T02:15:17.671005,0.8
2019-0596,2019-0596,['2019-0596'],,,,Taras W. Kucman & a. v. Katherine Matos & a.,https://www.courts.nh.gov/sites/g/files/ehbemt471/files/documents/2021-08/20190596.pdf,,2020-09-04,,2020,"Circuit Court (Alfano, J.)",circuit_court,Alfano,civil,standard,dismissed,per_curiam,Per Curiam,0,0,0,6,N/A,False,False,False,"['civil_procedure', 'property', 'contract']","['RSA 540:2-', 'RSA 540:9', 'RSA 540', 'RSA 540:2, II', 'RSA 540:8', 'RSA 540:13, III']",RSA 540:2-,False,['plain_error'],,1549,case_order,1.0.0,2026-07-16T02:15:20.884667,0.8
2019-0310,2019-0310,['2019-0310'],,,,State of New Hampshire v. Destin Stewart,https://www.courts.nh.gov/sites/g/files/ehbemt471/files/documents/2021-08/20190310.pdf,,2020-09-03,,2020,Superior Court,superior_court,Delker,criminal,standard,affirmed,per_curiam,Per Curiam,4,0,0,2,4-0,True,False,False,"['criminal', 'constitutional']",['RSA 651'],RSA 651,False,['de_novo'],,716,case_order,1.0.0,2026-07-16T02:15:21.075417,0.8
2019-0558,2019-0558,['2019-0558'],,,,In the Matter of James Connor and Victoria Connor,https://www.courts.nh.gov/sites/g/files/ehbemt471/files/documents/2021-08/20190558.pdf,,2020-09-03,,2020,,,,family/domestic,standard,affirmed,per_curiam,Per Curiam,4,0,0,2,4-0,True,False,False,"['family_law', 'statutory_interpretation', 'employment']","['RSA 458:19', 'RSA 458:19, I', 'RSA 458:19, IV']",RSA 458:19,True,['de_novo'],,912,case_order,1.0.0,2026-07-16T02:15:21.569638,0.8
2019-0481,2019-0481,['2019-0481'],,,,In the Matter of Andrew Cullen and Jacqueline Cullen,https://www.courts.nh.gov/sites/g/files/ehbemt471/files/documents/2021-08/20190481.pdf,,2020-09-03,,2020,"Circuit Court (Forrest, J.)",circuit_court,Forrest,family/domestic,standard,reversed,per_curiam,Per Curiam,4,0,0,2,4-0,True,False,False,"['family_law', 'tax']",[],,False,[],,984,case_order,1.0.0,2026-07-16T02:15:22.177150,0.8
2020-0102,2020-0102,['2020-0102'],,,,In re James D. Cook Revocable Trust,https://www.courts.nh.gov/sites/g/files/ehbemt471/files/documents/2021-09/20200102.pdf,,2020-09-03,,2020,,administrative,,civil,standard,,per_curiam,Per Curiam,3,0,0,3,3-0,True,False,False,"['property', 'tax']",['RSA 564-B:4-416'],RSA 564-B:4-416,False,[],,810,case_order,1.0.0,2026-07-16T02:15:22.309712,0.8
2019-0526,2019-0526,['2019-0526'],,,,"Appeal of Ronald Taylor, Jr.",https://www.courts.nh.gov/sites/g/files/ehbemt471/files/documents/2021-08/20190526.pdf,,2020-09-03,,2020,,,,civil,standard,affirmed,per_curiam,Per Curiam,4,0,0,2,4-0,True,False,False,"['administrative_law', 'employment', 'tort']","['RSA 281-A:2, XI', 'RSA 541:13', 'RSA 281-A:43, I', 'RSA 541']","RSA 281-A:2, XI",False,[],,767,case_order,1.0.0,2026-07-16T02:15:25.116956,0.8
2019-0655,2019-0655,['2019-0655'],,,,Edward C. Furlong v. Town of Bartlett,https://www.courts.nh.gov/sites/g/files/ehbemt471/files/documents/2021-09/20190655.pdf,,2020-08-19,,2020,Superior Court,superior_court,Ignatius,civil,standard,affirmed,per_curiam,Per Curiam,4,0,0,2,4-0,True,False,False,['civil_procedure'],[],,False,[],,258,case_order,1.0.0,2026-07-16T02:15:25.304696,0.8
2019-0721,2019-0721,['2019-0721'],,,,Craig F. Difeo v. Brian W. Colsia & a.,https://www.courts.nh.gov/sites/g/files/ehbemt471/files/documents/2021-09/20190721.pdf,,2020-08-19,,2020,"Superior Court (Schulman, J.)",superior_court,Schulman,civil,standard,affirmed,per_curiam,Per Curiam,4,0,0,2,4-0,True,False,False,"['property', 'contract', 'DWI']",[],,False,[],,1011,case_order,1.0.0,2026-07-16T02:15:25.918968,0.8
2019-0433,2019-0433,['2019-0433'],,,,State of New Hampshire v. Jessica Finch,https://www.courts.nh.gov/sites/g/files/ehbemt471/files/documents/2021-09/20190433.pdf,,2020-08-19,,2020,"Superior Court (Delker, J.)",superior_court,Delker,criminal,standard,,per_curiam,Per Curiam,0,0,0,6,N/A,False,False,False,"['criminal', 'evidence']","['RSA 632:2-a', 'RSA 651:6, I', 'RSA 642:2', 'RSA 644:2']",RSA 632:2-a,False,[],,1248,case_order,1.0.0,2026-07-16T02:15:26.065522,0.8
2019-0629,2019-0629,['2019-0629'],,,,Appeal of Terry Clark,https://www.courts.nh.gov/sites/g/files/ehbemt471/files/documents/2021-09/20190629.pdf,,2020-08-17,,2020,,administrative,,civil,standard,affirmed,per_curiam,Per Curiam,4,0,0,2,4-0,True,False,False,['administrative_law'],"['RSA 374:22', 'RSA 378:37', 'RSA 541', 'RSA 365:21', 'RSA 541:13']",RSA 374:22,False,[],,466,case_order,1.0.0,2026-07-16T02:15:27.894741,0.8
2020-0018,2020-0018,['2020-0018'],,,,"Philip Feeney v. Colburn Resorts, Inc.",https://www.courts.nh.gov/sites/g/files/ehbemt471/files/documents/2021-09/20200018.pdf,,2020-08-17,,2020,"Circuit Court (Gorman, J.)",circuit_court,Gorman,civil,standard,dismissed,per_curiam,Per Curiam,4,0,0,2,4-0,True,False,False,"['civil_procedure', 'property']","['RSA 508:4', 'RSA 508:2', 'RSA 508:4, I']",RSA 508:4,False,[],,720,case_order,1.0.0,2026-07-16T02:15:28.087199,0.8
2020-0078,2020-0078,['2020-0078'],,,,In re Estate of Frederick J. Caldwell,https://www.courts.nh.gov/sites/g/files/ehbemt471/files/documents/2021-09/20200078.pdf,,2020-08-14,,2020,circuit court probate division decision is,circuit_court,,civil,standard,affirmed,per_curiam,Per Curiam,4,0,0,2,4-0,True,False,False,[],"['RSA 561:1, II', 'RSA 567-A:4']","RSA 561:1, II",False,[],,352,case_order,1.0.0,2026-07-16T02:15:28.424667,0.8
2019-0697,2019-0697,['2019-0697'],,,,"Seacoast Helicopters, LLC v. Kevin Beaulieu",https://www.courts.nh.gov/sites/g/files/ehbemt471/files/documents/2021-09/20190697.pdf,,2020-08-14,,2020,"Circuit Court (Vetanze, J.)",circuit_court,Vetanze,civil,standard,,per_curiam,Per Curiam,0,0,0,6,N/A,False,False,False,['contract'],[],,False,[],,1395,case_order,1.0.0,2026-07-16T02:15:28.931651,0.8
2019-0705,2019-0705,['2019-0705'],,,,Petition of John Doe,https://www.courts.nh.gov/sites/g/files/ehbemt471/files/documents/2021-09/20190705.pdf,,2020-08-06,,2020,Circuit Court,circuit_court,Steckowych,criminal,standard,reversed,per_curiam,Per Curiam,0,0,0,6,N/A,False,False,False,"['criminal', 'administrative_law', 'contract']","['RSA 105:13-b', 'RSA 502-A', 'RSA 490-F:3', 'RSA 502-A:14', 'RSA 498:1']",RSA 105:13-b,False,[],,1346,case_order,1.0.0,2026-07-16T02:15:29.537192,0.8
2019-0645,2019-0645,"['2019-0645', '2017-0487']",,,,In re Simone Garczynski Irrevocable Trust,https://www.courts.nh.gov/sites/g/files/ehbemt471/files/documents/2021-09/20190645.pdf,,2020-07-29,,2020,"Circuit Court (Quigley, J.)",circuit_court,Quigley,civil,standard,vacated,per_curiam,Per Curiam,0,0,0,6,N/A,False,False,False,['property'],[],,False,['de_novo'],,521,case_order,1.0.0,2026-07-16T02:15:29.718705,0.8
2019-0564,2019-0564,['2019-0564'],,,,In the Matter of Anthony Grillo and Malinda Nicolosi,https://www.courts.nh.gov/sites/g/files/ehbemt471/files/documents/2021-09/20190564.pdf,,2020-07-08,,2020,,,"Cross, R., approved by Steckowych",family/domestic,standard,affirmed,per_curiam,Per Curiam,4,0,0,2,4-0,True,False,False,"['family_law', 'civil_procedure']",[],,False,[],,580,case_order,1.0.0,2026-07-16T02:15:32.461684,0.8
2019-0584,2019-0584,['2019-0584'],,,,"Colchester Properties, LLC v. Town of Alton",https://www.courts.nh.gov/sites/g/files/ehbemt471/files/documents/2021-09/20190584.pdf,,2020-07-08,,2020,,,,civil,standard,affirmed,per_curiam,Per Curiam,4,0,0,2,4-0,True,False,False,"['property', 'tax']","['RSA 674:39-aa', 'RSA 674:39-aa, I', 'RSA 677:6', 'RSA 674:39-aa, II']",RSA 674:39-aa,False,[],,967,case_order,1.0.0,2026-07-16T02:15:32.842620,0.8
2019-0474,2019-0474,['2019-0474'],,,,In the Matter of Sarah Pope and George Pope,https://www.courts.nh.gov/sites/g/files/ehbemt471/files/documents/2021-09/20190474.pdf,,2020-07-07,,2020,,,,family/domestic,standard,affirmed,per_curiam,Per Curiam,4,0,0,2,4-0,True,False,False,['family_law'],"['RSA 461-A:12', 'RSA 461']",RSA 461-A:12,False,[],,754,case_order,1.0.0,2026-07-16T02:15:33.270931,0.8
2019-0508,2019-0508,['2019-0508'],,,,Dawn Cate & a. v. Linda Hemingway & a.,https://www.courts.nh.gov/sites/g/files/ehbemt471/files/documents/2021-09/20190508.pdf,,2020-07-02,,2020,"Superior Court (McNamara, J.)",superior_court,McNamara,civil,standard,affirmed,per_curiam,Per Curiam,4,0,0,2,4-0,True,False,False,"['insurance', 'property', 'contract']",[],,False,[],,692,case_order,1.0.0,2026-07-16T02:15:33.796412,0.8
2019-0679,2019-0679,['2019-0679'],,,,"Leo Hebert & a. v. Oliver Environmental, LLC & a.",https://www.courts.nh.gov/sites/g/files/ehbemt471/files/documents/2021-09/20190679.pdf,,2020-07-02,,2020,"Circuit Court (Mace, J.)",circuit_court,Mace,civil,standard,,per_curiam,Per Curiam,0,0,0,6,N/A,False,False,False,"['constitutional', 'contract']","['RSA 358-A:10', 'RSA 503:1, I', 'RSA 526:1']",RSA 358-A:10,False,[],,1464,case_order,1.0.0,2026-07-16T02:15:34.396638,0.8
2019-0376,2019-0376,['2019-0376'],,,,Marcella Paul-Roc & a. v. Matthew Demio,https://www.courts.nh.gov/sites/g/files/ehbemt471/files/documents/2021-09/20190376.pdf,,2020-06-29,,2020,"Superior Court (Nadeau, J.)",superior_court,Nadeau,civil,standard,,per_curiam,Per Curiam,0,0,0,5,N/A,False,False,False,"['tort', 'evidence']",[],,False,[],,1397,case_order,1.0.0,2026-07-16T02:15:34.564293,0.8
2019-0466,2019-0466,['2019-0466'],,,,State of New Hampshire v. Michael A. Brochu,https://www.courts.nh.gov/sites/g/files/ehbemt471/files/documents/2021-09/20190466.pdf,,2020-06-23,,2020,,,,civil,standard,affirmed,per_curiam,Per Curiam,4,0,0,2,4-0,True,False,False,['statutory_interpretation'],"['RSA 265:79-c', 'RSA 265:79-c, II']",RSA 265:79-c,True,['de_novo'],,991,case_order,1.0.0,2026-07-16T02:15:34.842416,0.8
2019-0694,2019-0694,['2019-0694'],,,,In the Matter of Sonja Witkowski and Erik Harrsen,https://www.courts.nh.gov/sites/g/files/ehbemt471/files/documents/2021-09/20190694.pdf,,2020-06-22,,2020,"Circuit Court (Chabot, J.)",circuit_court,Chabot,family/domestic,standard,dismissed,per_curiam,Per Curiam,4,0,0,2,4-0,True,False,False,['family_law'],[],,False,[],,414,case_order,1.0.0,2026-07-16T02:15:35.810870,0.8
2019-0172,2019-0172,['2019-0172'],,,,State of New Hampshire v. Daniel Garneau,https://www.courts.nh.gov/sites/g/files/ehbemt471/files/documents/2021-09/20190172.pdf,,2020-06-19,,2020,"Superior Court (Bornstein, J.)",superior_court,Bornstein,criminal,standard,affirmed,per_curiam,Per Curiam,4,0,0,2,4-0,True,False,False,['criminal'],"['RSA 318-B:2, I', 'RSA 629:3']","RSA 318-B:2, I",False,[],,662,case_order,1.0.0,2026-07-16T02:15:36.390518,0.8
2019-0211,2019-0211,['2019-0211'],,,,"State of New Hampshire v. Dennis Allen, Jr.",https://www.courts.nh.gov/sites/g/files/ehbemt471/files/documents/2021-09/20190211.pdf,,2020-06-19,,2020,Superior Court,superior_court,Schulman,civil,standard,affirmed,per_curiam,Per Curiam,4,0,0,2,4-0,True,False,False,['evidence'],['RSA 262:23'],RSA 262:23,False,[],,1106,case_order,1.0.0,2026-07-16T02:15:39.187613,0.8
2019-0372,2019-0372,['2019-0372'],,,,State of New Hampshire v. Taylor M. Kenny,https://www.courts.nh.gov/sites/g/files/ehbemt471/files/documents/2021-09/20190372.pdf,,2020-06-18,,2020,"Circuit Court (Gardner, J.)",circuit_court,Gardner,civil,standard,reversed,per_curiam,Per Curiam,0,0,0,5,N/A,False,False,False,"['administrative_law', 'employment', 'DWI']","['RSA 265', 'RSA 265-A:2, I', 'RSA 265-A:10']",RSA 265,False,[],,1356,case_order,1.0.0,2026-07-16T02:15:39.383012,0.8
2019-0667,2019-0667,['2019-0667'],,,,State of New Hampshire v. Michael Cenat,https://www.courts.nh.gov/sites/g/files/ehbemt471/files/documents/2021-09/20190667.pdf,,2020-06-18,,2020,Superior Court,superior_court,Anderson,criminal,standard,,per_curiam,Per Curiam,0,0,0,5,N/A,False,False,False,"['criminal', 'statutory_interpretation', 'constitutional']","['RSA 651:20', 'RSA 651:20, I', 'RSA 651-A:22-a']",RSA 651:20,True,['plain_error'],,1329,case_order,1.0.0,2026-07-16T02:15:39.734447,0.8
2019-0473,2019-0473,['2019-0473'],,,,State of New Hampshire v. Crystal L. Eastman,https://www.courts.nh.gov/sites/g/files/ehbemt471/files/documents/2021-09/20190473.pdf,,2020-06-18,,2020,"Circuit Court (Mace, J.)",circuit_court,Mace,family/domestic,standard,,per_curiam,Per Curiam,0,0,0,5,N/A,False,False,False,"['criminal', 'tort', 'domestic_violence']","['RSA 265:4, I', 'RSA 633:3-a, I']","RSA 265:4, I",False,"['de_novo', 'clear_error']",,1496,case_order,1.0.0,2026-07-16T02:15:40.177214,0.8
2019-0579,2019-0579,['2019-0579'],,,,In the Matter of Maarten Postema and Linda Nimat,https://www.courts.nh.gov/sites/g/files/ehbemt471/files/documents/2021-09/20190579.pdf,,2020-06-18,,2020,"Circuit Court (Luneau, J.)",circuit_court,Luneau,family/domestic,standard,affirmed,per_curiam,Per Curiam,4,0,0,2,4-0,True,False,False,"['family_law', 'property', 'tax']","['RSA 458:19-aa', 'RSA 458:19-aa, I']",RSA 458:19-aa,False,['plain_error'],,1171,case_order,1.0.0,2026-07-16T02:15:40.795537,0.8
2019-0358,2019-0358,['2019-0358'],,,,In the Matter of Stephanie Ncala and Ntate Ncala,https://www.courts.nh.gov/sites/g/files/ehbemt471/files/documents/2021-09/20190358.pdf,,2020-06-17,,2020,,,,family/domestic,standard,,per_curiam,Per Curiam,0,0,0,5,N/A,False,False,False,"['insurance', 'family_law']","['RSA 461-A:11, I', 'RSA 461', 'RSA 458-C:7, III']","RSA 461-A:11, I",False,[],,1622,case_order,1.0.0,2026-07-16T02:15:41.075546,0.8
2019-0278,2019-0278,['2019-0278'],,,,"Three Ponds Resort, LLC v. Town of Milton",https://www.courts.nh.gov/sites/g/files/ehbemt471/files/documents/2021-09/20190278.pdf,,2020-06-03,,2020,"Superior Court (Houran, J.)",superior_court,Houran,civil,standard,,per_curiam,Per Curiam,0,0,0,5,N/A,False,False,False,"['property', 'tax']","['RSA 36:54-', 'RSA 36:54', 'RSA 677:4', 'RSA 677:6']",RSA 36:54-,False,[],,1343,case_order,1.0.0,2026-07-16T02:15:43.331625,0.8
2019-0217,2019-0217,['2019-0217'],,,,Marianne Salcetti & a. v. City of Keene,https://www.courts.nh.gov/sites/g/files/ehbemt471/files/documents/2021-09/20190217.pdf,,2020-06-03,,2020,"Superior Court (Ruoff, J.)",superior_court,Ruoff,civil,standard,,per_curiam,Per Curiam,0,0,0,5,N/A,False,False,False,"['administrative_law', 'statutory_interpretation', 'constitutional']","['RSA 91-A', 'RSA 91-A:1', 'RSA 91-A:4, VII']",RSA 91-A,True,['de_novo'],,1387,case_order,1.0.0,2026-07-16T02:15:43.784619,0.8
2019-0277,2019-0277,['2019-0277'],,,,Appeal of Donna M. Heald & a.,https://www.courts.nh.gov/sites/g/files/ehbemt471/files/documents/2021-09/20190277.pdf,,2020-05-22,,2020,,administrative,,civil,standard,,per_curiam,Per Curiam,0,0,0,5,N/A,False,False,False,"['property', 'contract', 'tort']","['RSA 162-H:9', 'RSA 162-H:4-a', 'RSA 162-H', 'RSA 162-H:16, IV']",RSA 162-H:9,False,[],,1212,case_order,1.0.0,2026-07-16T02:15:44.381835,0.8
2019-0391,2019-0391,['2019-0391'],,,,Petition of State of New Hampshire,https://www.courts.nh.gov/sites/g/files/ehbemt471/files/documents/2021-09/20190391.pdf,,2020-05-21,,2020,"Superior Court (Howard, J.)",superior_court,Howard,criminal,standard,,per_curiam,Per Curiam,0,0,0,5,N/A,False,False,False,"['criminal', 'administrative_law', 'statutory_interpretation']",[],,True,[],,1451,case_order,1.0.0,2026-07-16T02:15:44.557761,0.8
20180632-20190555,20180632-20190555,"['2018-0632', '2019-0555']",,,,State of New Hampshire v. Christopher M. Hanscom,https://www.courts.nh.gov/sites/g/files/ehbemt471/files/documents/2021-09/20180632-20190555.pdf,,2020-05-21,,2020,"Superior Court (Temple, J.)",superior_court,Temple,criminal,standard,affirmed,per_curiam,Per Curiam,4,0,0,2,4-0,True,False,False,['criminal'],"['RSA 632-A:2', 'RSA 632-A:2, I', 'RSA 526:1']",RSA 632-A:2,False,[],,1296,case_order,1.0.0,2026-07-16T02:15:44.725159,0.8
2019-0309,2019-0309,['2019-0309'],,,,State of New Hampshire v. Brenda A. Emery,https://www.courts.nh.gov/sites/g/files/ehbemt471/files/documents/2021-09/20190309.pdf,,2020-05-14,,2020,"Superior Court (Bornstein, J.)",superior_court,Bornstein,criminal,standard,,per_curiam,Per Curiam,0,0,0,5,N/A,False,False,False,"['criminal', 'civil_procedure']","['RSA 644:2', 'RSA 644:2, II', 'RSA 644:2, VI']",RSA 644:2,False,"['de_novo', 'plain_error']",,1528,case_order,1.0.0,2026-07-16T02:15:44.879680,0.8
2019-0227,2019-0227,['2019-0227'],,,,State of New Hampshire v. Katherine M.J. McGregor,https://www.courts.nh.gov/sites/g/files/ehbemt471/files/documents/2021-09/20190227.pdf,,2020-05-14,,2020,"Superior Court (Wageling, J.)",superior_court,Wageling,criminal,standard,affirmed,per_curiam,Per Curiam,4,0,0,2,4-0,True,False,False,['criminal'],['RSA 631:3'],RSA 631:3,False,[],,226,case_order,1.0.0,2026-07-16T02:15:44.981438,0.8
2019-0570,2019-0570,['2019-0570'],,,,In the Matter of Erica de Vries and Edward de Vries,https://www.courts.nh.gov/sites/g/files/ehbemt471/files/documents/2021-09/20190570.pdf,,2020-05-08,,2020,Circuit Court,circuit_court,Hall,family/domestic,standard,affirmed,per_curiam,Per Curiam,4,0,0,2,4-0,True,False,False,['family_law'],[],,False,[],,709,case_order,1.0.0,2026-07-16T02:15:45.101805,0.8
2018-0197,2018-0197,['2018-0197'],,,,State of New Hampshire v. Alphonse Toto,https://www.courts.nh.gov/sites/g/files/ehbemt471/files/documents/2021-09/20180197.pdf,,2020-05-08,,2020,"Superior Court (Schulman, J.)",superior_court,Schulman,criminal,standard,dismissed,per_curiam,Per Curiam,4,0,0,2,4-0,True,False,False,['criminal'],"['RSA 632-A:2', 'RSA 500-A:12, II']",RSA 632-A:2,False,[],,1091,case_order,1.0.0,2026-07-16T02:15:45.234270,0.8
2019-0220,2019-0220,['2019-0220'],,,,State of New Hampshire v. Jose Lantigua Burdier,https://www.courts.nh.gov/sites/g/files/ehbemt471/files/documents/2021-09/20190220.pdf,,2020-05-08,,2020,"Superior Court (Brown, J.)",superior_court,Brown,family/domestic,standard,affirmed,per_curiam,Per Curiam,4,0,0,2,4-0,True,False,False,"['criminal', 'evidence', 'domestic_violence']","['RSA 632-A:2', 'RSA 633:3-a, I']",RSA 632-A:2,False,[],,864,case_order,1.0.0,2026-07-16T02:15:45.360289,0.8
2018-0709,2018-0709,['2018-0709'],,,,State of New Hampshire v. Jeffrey Brock,https://www.courts.nh.gov/sites/g/files/ehbemt471/files/documents/2021-09/20180709.pdf,,2020-05-06,,2020,Circuit Court – Plymouth District Division (Plymouth District Division),circuit_court,,criminal,standard,affirmed,per_curiam,Per Curiam,4,0,0,2,4-0,True,False,False,['criminal'],"['RSA 631:4', 'RSA 642:2', 'RSA 502-A:11', 'RSA 502', 'RSA 490-F', 'RSA 502-A', 'RSA 490-F:3', 'RSA 502-A:1', 'RSA 490-F:2']",RSA 631:4,False,[],,1142,case_order,1.0.0,2026-07-16T02:15:45.801144,0.8
2018-0481,2018-0481,['2018-0481'],,,,State of New Hampshire v. Jason Alleyne,https://www.courts.nh.gov/sites/g/files/ehbemt471/files/documents/2026-05/20180481.pdf,,2020-05-06,,2020,,administrative,,criminal,standard,,per_curiam,Per Curiam,0,0,0,5,N/A,False,False,False,"['criminal', 'evidence']",['RSA 626:4'],RSA 626:4,False,[],,1397,case_order,1.0.0,2026-07-16T02:15:46.332705,0.8
2019-0395,2019-0395,['2019-0395'],,,,State of New Hampshire v. Jason W. Nason,https://www.courts.nh.gov/sites/g/files/ehbemt471/files/documents/2021-09/20190395.pdf,,2020-04-28,,2020,Superior Court,superior_court,Ignatius,criminal,standard,reversed,per_curiam,Per Curiam,0,0,0,5,N/A,False,False,False,"['criminal', 'civil_procedure', 'DWI']","['RSA 265-A:2, I', 'RSA 630:2, I', 'RSA 631:2, I']","RSA 265-A:2, I",False,[],,1410,case_order,1.0.0,2026-07-16T02:15:47.016510,0.8
2019-0523,2019-0523,['2019-0523'],,,,"William E. Salie, III v. Jeffrey W. Barnes & a.",https://www.courts.nh.gov/sites/g/files/ehbemt471/files/documents/2021-09/20190523.pdf,,2020-04-27,,2020,"Superior Court (Schulman, J.)",superior_court,Schulman,civil,standard,affirmed,per_curiam,Per Curiam,4,0,0,2,4-0,True,False,False,"['civil_procedure', 'statutory_interpretation', 'property', 'tort']",[],,True,['de_novo'],,1229,case_order,1.0.0,2026-07-16T02:15:47.200920,0.8
2019-0479,2019-0479,['2019-0479'],,,,"Mohamed F. Hafez v. 100 Northeastern Boulevard, LLC & a.",https://www.courts.nh.gov/sites/g/files/ehbemt471/files/documents/2021-09/20190479.pdf,,2020-04-27,,2020,,,,civil,standard,,per_curiam,Per Curiam,0,0,0,5,N/A,False,False,False,"['property', 'contract']",['RSA 526:1'],RSA 526:1,False,[],,1547,case_order,1.0.0,2026-07-16T02:15:50.511283,0.8
2019-0506,2019-0506,['2019-0506'],,,,"S & W Roofing, LLC v. Scott Shepperson",https://www.courts.nh.gov/sites/g/files/ehbemt471/files/documents/2021-09/20190506.pdf,,2020-04-24,,2020,Superior Court,superior_court,McNamara,civil,standard,,per_curiam,Per Curiam,0,0,0,5,N/A,False,False,False,['contract'],['RSA 359-G'],RSA 359-G,False,['clear_error'],,1464,case_order,1.0.0,2026-07-16T02:15:53.606024,0.8
2019-0450,2019-0450,['2019-0450'],,,,In the Matter of Matthew Higgins and Nicole Richards,https://www.courts.nh.gov/sites/g/files/ehbemt471/files/documents/2021-09/20190450.pdf,,2020-04-23,,2020,Circuit Court,circuit_court,,family/domestic,standard,vacated,per_curiam,Per Curiam,0,0,0,5,N/A,False,False,False,"['family_law', 'statutory_interpretation', 'employment']","['RSA 461-A:12', 'RSA 461-A:12, V', 'RSA 461-A:12, VI']",RSA 461-A:12,True,['de_novo'],,1339,case_order,1.0.0,2026-07-16T02:15:53.834138,0.8
2019-0398,2019-0398,['2019-0398'],,,,"Town of Pelham v. Brookwood Realty Group, LLC",https://www.courts.nh.gov/sites/g/files/ehbemt471/files/documents/2021-09/20190398.pdf,,2020-04-13,,2020,"Superior Court (Temple, J.)",superior_court,Temple,civil,standard,,per_curiam,Per Curiam,0,0,0,5,N/A,False,False,False,"['statutory_interpretation', 'property', 'tort']",['RSA 676:15'],RSA 676:15,True,['de_novo'],,1318,case_order,1.0.0,2026-07-16T02:15:54.455689,0.8
2019-0388,2019-0388,['2019-0388'],,,,Sara Lynn & a. v. The Wentworth By the Sea Master Association,https://www.courts.nh.gov/sites/g/files/ehbemt471/files/documents/2021-09/20190388.pdf,,2020-04-10,,2020,"Superior Court (Schulman, J.)",superior_court,Schulman,civil,standard,affirmed,per_curiam,Per Curiam,3,0,0,2,3-0,True,False,False,"['civil_procedure', 'property', 'contract', 'tax']",[],,False,[],,1208,case_order,1.0.0,2026-07-16T02:15:56.777906,0.8
2019-0303,2019-0303,['2019-0303'],,,,State of New Hampshire v. Walton Valentin,https://www.courts.nh.gov/sites/g/files/ehbemt471/files/documents/2021-09/20190303.pdf,,2020-04-09,,2020,Superior Court,superior_court,Delker,family/domestic,standard,,per_curiam,Per Curiam,0,0,0,5,N/A,False,False,False,"['criminal', 'constitutional', 'tort', 'evidence', 'domestic_violence']",[],,False,['de_novo'],,1409,case_order,1.0.0,2026-07-16T02:15:57.250721,0.8
2019-0355,2019-0355,['2019-0355'],,,,Kevin B. Peets & a. v. Danny O’Malley & a.,https://www.courts.nh.gov/sites/g/files/ehbemt471/files/documents/2021-09/20190355.pdf,,2020-04-09,,2020,"Superior Court (Ruoff, J.)",superior_court,Ruoff,civil,standard,,per_curiam,Per Curiam,0,0,0,5,N/A,False,False,False,['statutory_interpretation'],[],,True,"['de_novo', 'plain_error']",,1427,case_order,1.0.0,2026-07-16T02:15:57.687798,0.8
2019-0601,2019-0601,['2019-0601'],,,,Chris Chase v. Nancy Blais & a.,https://www.courts.nh.gov/sites/g/files/ehbemt471/files/documents/2021-09/20190601.pdf,,2020-04-03,,2020,Superior Court,superior_court,Houran,civil,standard,affirmed,per_curiam,Per Curiam,4,0,0,2,4-0,True,False,False,[],[],,False,[],,221,case_order,1.0.0,2026-07-16T02:15:58.220482,0.8
2019-0378,2019-0378,['2019-0378'],,,,In the Matter of Kimberly Bleakley and Scott Bleakley,https://www.courts.nh.gov/sites/g/files/ehbemt471/files/documents/2021-09/20190378.pdf,,2020-04-03,,2020,"Circuit Court (Burns, J.)",circuit_court,Burns,family/domestic,standard,,per_curiam,Per Curiam,0,0,0,5,N/A,False,False,False,"['family_law', 'property']","['RSA 458-C:4, II', 'RSA 458:19, I', 'RSA 459:19, I']","RSA 458-C:4, II",False,[],,1460,case_order,1.0.0,2026-07-16T02:15:58.840606,0.8
2019-0646,2019-0646,['2019-0646'],,,,Tiffani Lacasse & a. v. Elaine Majewski & a.,https://www.courts.nh.gov/sites/g/files/ehbemt471/files/documents/2021-09/20190646.pdf,,2020-04-02,,2020,"Superior Court (MacLeod, J.)",superior_court,MacLeod,civil,standard,dismissed,per_curiam,Per Curiam,4,0,0,2,4-0,True,False,False,"['civil_procedure', 'statutory_interpretation', 'property']","['RSA 331-A:26, V', 'RSA 331-A']","RSA 331-A:26, V",True,[],,868,case_order,1.0.0,2026-07-16T02:16:00.673746,0.8
2019-0475,2019-0475,['2019-0475'],,,,"Bellevue Properties, Inc. v. Town of Conway",https://www.courts.nh.gov/sites/g/files/ehbemt471/files/documents/2021-09/20190475.pdf,,2020-04-02,,2020,,,,civil,standard,remanded,per_curiam,Per Curiam,0,0,0,5,N/A,False,False,False,['property'],"['RSA 677:15', 'RSA 677:11']",RSA 677:15,False,['de_novo'],,1307,case_order,1.0.0,2026-07-16T02:16:00.994587,0.8
2019-0326,2019-0326,['2019-0326'],,,,In the Matter of Kelly Kingsbury Roskilly and Ryan Roskilly,https://www.courts.nh.gov/sites/g/files/ehbemt471/files/documents/2021-09/20190326.pdf,,2020-04-02,,2020,"Circuit Court (Greenhalgh, J.)",circuit_court,Greenhalgh,family/domestic,standard,affirmed,per_curiam,Per Curiam,4,0,0,2,4-0,True,False,False,"['family_law', 'property', 'contract']","['RSA 458:16-a, II']","RSA 458:16-a, II",False,[],,834,case_order,1.0.0,2026-07-16T02:16:01.544664,0.8
2019-0635,2019-0635,['2019-0635'],,,,In the Matter of Deanne Lyons and Wayne Boucher,https://www.courts.nh.gov/sites/g/files/ehbemt471/files/documents/2021-09/20190635.pdf,,2020-04-02,,2020,"Circuit Court (McIntyre, J.)",circuit_court,McIntyre,family/domestic,standard,affirmed,per_curiam,Per Curiam,4,0,0,2,4-0,True,False,False,"['family_law', 'statutory_interpretation']",[],,True,[],,651,case_order,1.0.0,2026-07-16T02:16:02.163920,0.8
2019-0465,2019-0465,['2019-0465'],,,,State of New Hampshire v. Nathan Souther,https://www.courts.nh.gov/sites/g/files/ehbemt471/files/documents/2021-09/20190465.pdf,,2020-04-02,,2020,Circuit Court,circuit_court,LeFrancois,criminal,standard,dismissed,per_curiam,Per Curiam,3,0,0,3,3-0,True,False,False,"['criminal', 'civil_procedure', 'tort', 'DWI']","['RSA 265-A:2', 'RSA 265:79']",RSA 265-A:2,False,"['de_novo', 'clear_error']",,998,case_order,1.0.0,2026-07-16T02:16:05.536209,0.8
2019-0470,2019-0470,['2019-0470'],,,,Peter Schmidt v. Steven Wolhandler,https://www.courts.nh.gov/sites/g/files/ehbemt471/files/documents/2021-09/20190470.pdf,,2020-04-01,,2020,"Circuit Court (Gleason, J.)",circuit_court,Gleason,civil,standard,vacated,per_curiam,Per Curiam,4,0,0,2,4-0,True,False,False,"['contract', 'DWI']",[],,False,['de_novo'],,877,case_order,1.0.0,2026-07-16T02:16:05.725265,0.8
2019-0343,2019-0343,['2019-0343'],,,,In the Matter of David Connelly and Kimberly Kivela,https://www.courts.nh.gov/sites/g/files/ehbemt471/files/documents/2021-09/20190343.pdf,,2020-04-01,,2020,,,"DalPra, M., approved by
Stephen",family/domestic,standard,,per_curiam,Per Curiam,0,0,0,5,N/A,False,False,False,['family_law'],"['RSA 461-A:6, I', 'RSA 461-A:2', 'RSA 461-A:2, I', 'RSA 461-A:6, VII']","RSA 461-A:6, I",False,[],,1263,case_order,1.0.0,2026-07-16T02:16:06.087769,0.8
2019-0451,2019-0451,['2019-0451'],,,,"Ramking, Inc. v. Heath Enterprises, Inc.",https://www.courts.nh.gov/sites/g/files/ehbemt471/files/documents/2021-09/20190451.pdf,,2020-04-01,,2020,Superior Court,superior_court,Tucker,civil,standard,affirmed,per_curiam,Per Curiam,3,0,0,3,3-0,True,False,False,[],[],,False,[],,254,case_order,1.0.0,2026-07-16T02:16:06.172921,0.8
2019-0410,2019-0410,['2019-0410'],,,,Jerry Perry v. Patricia Brown,https://www.courts.nh.gov/sites/g/files/ehbemt471/files/documents/2021-09/20190410.pdf,,2020-03-13,,2020,Circuit Court,circuit_court,Weaver,civil,standard,reversed,per_curiam,Per Curiam,4,0,0,2,4-0,True,False,False,"['statutory_interpretation', 'constitutional', 'property', 'tax']","['RSA 547-C', 'RSA 547', 'RSA 547-C:25', 'RSA 547-C:29']",RSA 547-C,True,[],,880,case_order,1.0.0,2026-07-16T02:16:06.507353,0.8
2019-0404,2019-0404,['2019-0404'],,,,Debbie Orloff v. Jennifer Saunders,https://www.courts.nh.gov/sites/g/files/ehbemt471/files/documents/2021-09/20190404.pdf,,2020-03-11,,2020,Superior Court,superior_court,Wageling,civil,standard,affirmed,per_curiam,Per Curiam,4,0,0,2,4-0,True,False,False,"['administrative_law', 'constitutional']","['RSA 275:51, V', 'RSA 510:2']","RSA 275:51, V",False,['de_novo'],,1141,case_order,1.0.0,2026-07-16T02:16:07.028701,0.8
2019-0189,2019-0189,['2019-0189'],,,,In the Matter of Jesse Emery and Shona Emery,https://www.courts.nh.gov/sites/g/files/ehbemt471/files/documents/2021-09/20190189.pdf,,2020-03-11,,2020,,,Hall,family/domestic,standard,,per_curiam,Per Curiam,0,0,0,5,N/A,False,False,False,"['family_law', 'employment']",[],,False,[],,1457,case_order,1.0.0,2026-07-16T02:16:07.663757,0.8
2019-0455,2019-0455,['2019-0455'],,,,Vincent Gillespie v. Craig Edsall & a.,https://www.courts.nh.gov/sites/g/files/ehbemt471/files/documents/2021-09/20190455.pdf,,2020-03-11,,2020,Circuit Court,circuit_court,Gleason,civil,standard,affirmed,per_curiam,Per Curiam,4,0,0,2,4-0,True,False,False,"['administrative_law', 'constitutional']","['RSA 262:32', 'RSA 262:32, III', 'RSA 262:33, I', 'RSA 262:32, II']",RSA 262:32,False,['de_novo'],,1071,case_order,1.0.0,2026-07-16T02:16:07.779939,0.8
2019-0269,2019-0269,['2019-0269'],,,,In the Matter of Denise Survilas and Steven Survilas,https://www.courts.nh.gov/sites/g/files/ehbemt471/files/documents/2021-09/20190269.pdf,,2020-03-11,,2020,Circuit Court,circuit_court,"DalPra, M., approved by Stephen",family/domestic,standard,vacated,per_curiam,Per Curiam,4,0,0,2,4-0,True,False,False,"['family_law', 'civil_procedure']","['RSA 461-A:14, VI', 'RSA 508:5', 'RSA 45:19-a, VI']","RSA 461-A:14, VI",False,['de_novo'],,835,case_order,1.0.0,2026-07-16T02:16:11.017833,0.8
2019-0434,2019-0434,['2019-0434'],,,,John Grimaldi & a. v. Danielle R. Willette & a.,https://www.courts.nh.gov/sites/g/files/ehbemt471/files/documents/2021-09/20190434.pdf,,2020-03-10,,2020,,,Nicolosi,civil,standard,dismissed,per_curiam,Per Curiam,4,0,0,2,4-0,True,False,False,"['civil_procedure', 'employment']",[],,False,[],,955,case_order,1.0.0,2026-07-16T02:16:11.253075,0.8
2019-0452,2019-0452,['2019-0452'],,,,Steven P. Bureau v. Adam Bernstein,https://www.courts.nh.gov/sites/g/files/ehbemt471/files/documents/2021-09/20190452.pdf,,2020-03-10,,2020,Superior Court,superior_court,Colburn,criminal,standard,dismissed,per_curiam,Per Curiam,4,0,0,2,4-0,True,False,False,"['criminal', 'civil_procedure', 'statutory_interpretation']",[],,True,[],,532,case_order,1.0.0,2026-07-16T02:16:11.587415,0.8
2019-0273,2019-0273,['2019-0273'],,,,"Robert Gormley & a. v. Rough Diamond Development, LLC & a.",https://www.courts.nh.gov/sites/g/files/ehbemt471/files/documents/2021-09/20190273.pdf,,2020-03-10,,2020,Superior Court,superior_court,Temple,civil,standard,,per_curiam,Per Curiam,0,0,0,5,N/A,False,False,False,"['insurance', 'civil_procedure', 'statutory_interpretation', 'constitutional', 'property', 'contract', 'tort']","['RSA 508:4-', 'RSA 508:4-b, I', 'RSA 508:4-b']",RSA 508:4-,True,[],,1335,case_order,1.0.0,2026-07-16T02:16:12.000367,0.8
2019-0562,2019-0562,['2019-0562'],,,,Society Hill at Merrimack Condominium Association v. Michael Boulton & a.,https://www.courts.nh.gov/sites/g/files/ehbemt471/files/documents/2021-09/20190562.pdf,,2020-03-10,,2020,"Circuit Court (Ryan, J.)",circuit_court,Ryan,civil,standard,affirmed,per_curiam,Per Curiam,4,0,0,2,4-0,True,False,False,['property'],[],,False,['de_novo'],,773,case_order,1.0.0,2026-07-16T02:16:12.499502,0.8
2019-0305,2019-0305,['2019-0305'],,,,"In the Matter of Jennifer Marino and John Marino, III",https://www.courts.nh.gov/sites/g/files/ehbemt471/files/documents/2021-09/20190305.pdf,,2020-03-09,,2020,"Circuit Court (Leonard, J.)",circuit_court,Leonard,family/domestic,standard,affirmed,per_curiam,Per Curiam,4,0,0,2,4-0,True,False,False,"['family_law', 'tax']","['RSA 461-A:5', 'RSA 461-A:6']",RSA 461-A:5,False,[],,1023,case_order,1.0.0,2026-07-16T02:16:13.116281,0.8
2019-0205,2019-0205,['2019-0205'],,,,In the Matter of Andrew Turgeon and Jamie Turgeon,https://www.courts.nh.gov/sites/g/files/ehbemt471/files/documents/2021-09/20190205.pdf,,2020-03-09,,2020,"Circuit Court (Cooper, M., approved by McIntyre, J.) allocating",circuit_court,"Cooper, M., approved by McIntyre",family/domestic,standard,affirmed,per_curiam,Per Curiam,3,0,0,3,3-0,True,False,False,"['insurance', 'family_law', 'property', 'tax']",[],,False,[],,849,case_order,1.0.0,2026-07-16T02:16:13.242867,0.8
2019-0344,2019-0344,['2019-0344'],,,,Mark Brighton & a. v. City of Portsmouth,https://www.courts.nh.gov/sites/g/files/ehbemt471/files/documents/2021-09/20190344.pdf,,2020-03-09,,2020,"Superior Court (Schulman, J.)",superior_court,Schulman,civil,standard,affirmed,per_curiam,Per Curiam,4,0,0,2,4-0,True,False,False,"['constitutional', 'property']","['RSA 672:5', 'RSA 673:1, I']",RSA 672:5,False,[],,715,case_order,1.0.0,2026-07-16T02:16:13.348367,0.8
2019-0241,2019-0241,['2019-0241'],,,,In the Matter of Ginger Allen and William Allen,https://www.courts.nh.gov/sites/g/files/ehbemt471/files/documents/2021-09/20190241.pdf,,2020-03-09,,2020,,,,family/domestic,standard,affirmed,per_curiam,Per Curiam,4,0,0,2,4-0,True,False,False,"['family_law', 'civil_procedure', 'statutory_interpretation', 'constitutional']",[],,True,['de_novo'],,1202,case_order,1.0.0,2026-07-16T02:16:13.514757,0.8
2019-0445,2019-0445,['2019-0445'],,,,Sanjeev Lath v. Jared Dufresne,https://www.courts.nh.gov/sites/g/files/ehbemt471/files/documents/2021-09/20190445.pdf,,2020-03-09,,2020,Circuit Court,circuit_court,Coughlin,civil,standard,affirmed,per_curiam,Per Curiam,4,0,0,2,4-0,True,False,False,[],[],,False,[],,184,case_order,1.0.0,2026-07-16T02:16:13.614175,0.8
2019-0229,2019-0229,['2019-0229'],,,,Appeal of Town of Loudon,https://www.courts.nh.gov/sites/g/files/ehbemt471/files/documents/2021-09/20190229.pdf,,2020-03-17,,2020,,administrative,,civil,standard,,per_curiam,Per Curiam,0,0,0,5,N/A,False,False,False,['administrative_law'],"['RSA 273-A:8, I', 'RSA 273-A:8, II', 'RSA 273-A:1, IX', 'RSA 541', 'RSA 273-A:14', 'RSA 541:13']","RSA 273-A:8, I",False,[],,1361,case_order,1.0.0,2026-07-16T02:16:13.783044,0.8
2018-0369,2018-0369,['2018-0369'],,,,State of New Hampshire v. David A. Shaw,https://www.courts.nh.gov/sites/g/files/ehbemt471/files/documents/2021-09/20180369.pdf,,2020-03-06,,2020,"Superior Court (Houran, J.)",superior_court,Houran,criminal,standard,,per_curiam,Per Curiam,0,0,0,5,N/A,False,False,False,"['criminal', 'evidence']",['RSA 632-A:2'],RSA 632-A:2,False,[],,1320,case_order,1.0.0,2026-07-16T02:16:13.963476,0.8
2019-0351,2019-0351,['2019-0351'],,,,"Anthony Dostanko & a. v. Bruce Knox, Jr.",https://www.courts.nh.gov/sites/g/files/ehbemt471/files/documents/2021-09/20190351.pdf,,2020-03-06,,2020,"Superior Court (Ignatius, J.)",superior_court,Ignatius,civil,standard,vacated,per_curiam,Per Curiam,0,0,0,5,N/A,False,False,False,"['property', 'contract', 'tax']",[],,False,[],,1427,case_order,1.0.0,2026-07-16T02:16:14.151056,0.8
2019-0096,2019-0096,['2019-0096'],,,,"Aleksandr Rudyak & a. v. Bearfoot Creek, LLC & a.",https://www.courts.nh.gov/sites/g/files/ehbemt471/files/documents/2021-09/20190096.pdf,,2020-03-03,,2020,"Superior Court (Ignatius, J.)",superior_court,Ignatius,civil,standard,remanded,per_curiam,Per Curiam,4,0,0,2,4-0,True,False,False,['contract'],[],,False,[],,1021,case_order,1.0.0,2026-07-16T02:16:14.371952,0.8
2019-0188,2019-0188,['2019-0188'],,,,In the Matter of Judith Zecchino and Richard Zecchino,https://www.courts.nh.gov/sites/g/files/ehbemt471/files/documents/2021-09/20190188.pdf,,2020-02-19,,2020,,,,family/domestic,standard,dismissed,per_curiam,Per Curiam,4,0,0,2,4-0,True,False,False,"['family_law', 'employment']",[],,False,[],,650,case_order,1.0.0,2026-07-16T02:16:14.826687,0.8
2018-0548,2018-0548,['2018-0548'],,,,State of New Hampshire v. Joshua A. McNeil,https://www.courts.nh.gov/sites/g/files/ehbemt471/files/documents/2021-09/20180548.pdf,,2020-02-19,,2020,"Superior Court (O’Neill, J.)",superior_court,O’Neill,criminal,standard,affirmed,per_curiam,Per Curiam,4,0,0,2,4-0,True,False,False,"['criminal', 'civil_procedure']","['RSA 318-B:2, I']","RSA 318-B:2, I",False,[],,1303,case_order,1.0.0,2026-07-16T02:16:15.466305,0.8
2019-0088,2019-0088,['2019-0088'],,,,In the Matter of Cindy DePalo and Joseph DePalo,https://www.courts.nh.gov/sites/g/files/ehbemt471/files/documents/2021-09/20190088.pdf,,2020-02-19,,2020,"Circuit Court (Yazinski, J.)",circuit_court,Yazinski,family/domestic,standard,affirmed,per_curiam,Per Curiam,4,0,0,2,4-0,True,False,False,"['family_law', 'civil_procedure', 'statutory_interpretation', 'constitutional', 'property', 'tort']",[],,True,[],,1079,case_order,1.0.0,2026-07-16T02:16:17.997170,0.8
2019-0341,2019-0341,['2019-0341'],,,,Andrea Henel v. Dillon Guyer d/b/a Guyer Travel International,https://www.courts.nh.gov/sites/g/files/ehbemt471/files/documents/2021-09/20190341.pdf,,2020-02-14,,2020,"Circuit Court (Gardner, J.)",circuit_court,Gardner,civil,standard,affirmed,per_curiam,Per Curiam,4,0,0,2,4-0,True,False,False,[],[],,False,[],,539,case_order,1.0.0,2026-07-16T02:16:18.104073,0.8
2019-0374,2019-0374,['2019-0374'],,,,In the Matter of Kimberly Robinson and Angel Duffina,https://www.courts.nh.gov/sites/g/files/ehbemt471/files/documents/2021-09/20190374.pdf,,2020-02-14,,2020,"Circuit Court (Derby, J.)",circuit_court,Derby,family/domestic,standard,affirmed_and_remanded,per_curiam,Per Curiam,4,0,0,2,4-0,True,False,False,"['family_law', 'property']",[],,False,[],,879,case_order,1.0.0,2026-07-16T02:16:18.318907,0.8
2019-0261,2019-0261,['2019-0261'],,,,State of New Hampshire v. Kayla Phillips,https://www.courts.nh.gov/sites/g/files/ehbemt471/files/documents/2021-09/20190261.pdf,,2020-02-13,,2020,"Superior Court (Anderson, J.)",superior_court,Anderson,criminal,standard,affirmed,per_curiam,Per Curiam,4,0,0,2,4-0,True,False,False,[],"['RSA 641:6, I', 'RSA 641:6', 'RSA 318-B:28-b, II']","RSA 641:6, I",False,[],,700,case_order,1.0.0,2026-07-16T02:16:18.747159,0.8
2019-0140,2019-0140,['2019-0140'],,,,In the Matter of Christina Pangelinan and Jeffrey Nelson,https://www.courts.nh.gov/sites/g/files/ehbemt471/files/documents/2021-09/20190140.pdf,,2020-02-04,,2020,,,,family/domestic,standard,affirmed,per_curiam,Per Curiam,4,0,0,2,4-0,True,False,False,"['family_law', 'statutory_interpretation']","['RSA 461-A:11, I', 'RSA 461-A:5', 'RSA 458-C:3, II']","RSA 461-A:11, I",True,[],,1304,case_order,1.0.0,2026-07-16T02:16:19.369560,0.8
2018-0620,2018-0620,['2018-0620'],,,,State of New Hampshire v. Dwayne Aundre Reddick,https://www.courts.nh.gov/sites/g/files/ehbemt471/files/documents/2021-09/20180620.pdf,,2020-02-03,,2020,"Superior Court (Brown, J.)",superior_court,Brown,criminal,standard,,per_curiam,Per Curiam,0,0,0,5,N/A,False,False,False,"['criminal', 'constitutional', 'tort', 'DWI']",['RSA 318-B:2'],RSA 318-B:2,False,['de_novo'],,1479,case_order,1.0.0,2026-07-16T02:16:21.866638,0.8
2019-0238,2019-0238,['2019-0238'],,,,In the Matter of Raymond Hayes and Nisha Hayes,https://www.courts.nh.gov/sites/g/files/ehbemt471/files/documents/2021-09/20190238.pdf,,2020-02-03,,2020,"Circuit Court (Ryan, J.)",circuit_court,Ryan,family/domestic,standard,,per_curiam,Per Curiam,0,0,0,5,N/A,False,False,False,"['family_law', 'property', 'employment']","['RSA 458:16-a', 'RSA 458:16-a, II']",RSA 458:16-a,False,[],,1308,case_order,1.0.0,2026-07-16T02:16:22.095814,0.8
2019-0194,2019-0194,['2019-0194'],,,,Dean E. Wilber v. City of Concord,https://www.courts.nh.gov/sites/g/files/ehbemt471/files/documents/2021-09/20190194.pdf,,2020-01-31,,2020,Superior Court,superior_court,Kissinger,civil,standard,affirmed,per_curiam,Per Curiam,4,0,0,2,4-0,True,False,False,['property'],"['RSA 674:33, I', 'RSA 677:6']","RSA 674:33, I",False,[],,404,case_order,1.0.0,2026-07-16T02:16:22.509864,0.8
2019-0112,2019-0112,['2019-0112'],,,,Cheryl-Ann Lombard v. Bob Scribner,https://www.courts.nh.gov/sites/g/files/ehbemt471/files/documents/2021-09/20190112.pdf,,2020-01-31,,2020,Circuit Court,circuit_court,LeFrancois,civil,standard,affirmed,per_curiam,Per Curiam,4,0,0,2,4-0,True,False,False,[],"['RSA 540-A', 'RSA 540-A:2', 'RSA 540-A:3, I', 'RSA 540-A:3, V', 'RSA 48-A:14', 'RSA 48-A']",RSA 540-A,False,[],,914,case_order,1.0.0,2026-07-16T02:16:23.043147,0.8
2019-0313,2019-0313,['2019-0313'],,,,William D. Nicosia v. Town of Candia,https://www.courts.nh.gov/sites/g/files/ehbemt471/files/documents/2021-09/20190313.pdf,,2020-01-31,,2020,Superior Court,superior_court,Wageling,civil,standard,remanded,per_curiam,Per Curiam,4,0,0,2,4-0,True,False,False,"['administrative_law', 'property', 'contract']",[],,False,[],,1041,case_order,1.0.0,2026-07-16T02:16:23.685275,0.8
2019-0373,2019-0373,"['2019-0373', '2016-0054']",,,,"Kulick’s, Inc. v. Town of Winchester",https://www.courts.nh.gov/sites/g/files/ehbemt471/files/documents/2021-09/20190373.pdf,,2020-01-31,,2020,Superior Court,superior_court,Ruoff,civil,standard,reversed,per_curiam,Per Curiam,4,0,0,2,4-0,True,False,False,['property'],"['RSA 677:15, V']","RSA 677:15, V",False,[],,652,case_order,1.0.0,2026-07-16T02:16:23.781085,0.8
2019-0245,2019-0245,['2019-0245'],,,,"TRW Bookkeeping & Tax Services, LLC v. Charbel Hayek",https://www.courts.nh.gov/sites/g/files/ehbemt471/files/documents/2021-09/20190245.pdf,,2020-01-31,,2020,"Circuit Court (DeVries, J.)",circuit_court,DeVries,civil,standard,affirmed,per_curiam,Per Curiam,4,0,0,2,4-0,True,False,False,"['civil_procedure', 'contract', 'tort', 'tax']","['RSA 508:4, I']","RSA 508:4, I",False,[],,1119,case_order,1.0.0,2026-07-16T02:16:23.950141,0.8
2019-0359,2019-0359,['2019-0359'],,,,"Curtis Leach v. Credit One Bank, N.A.",https://www.courts.nh.gov/sites/g/files/ehbemt471/files/documents/2021-09/20190359.pdf,,2020-01-31,,2020,Circuit Court,circuit_court,Ryan,civil,standard,affirmed,per_curiam,Per Curiam,4,0,0,2,4-0,True,False,False,"['civil_procedure', 'statutory_interpretation', 'contract']","['RSA 358-A', 'RSA 358-C', 'RSA 503:1, I', 'RSA 503:3', 'RSA 508:4, I', 'RSA 358-C:2', 'RSA 358-C:3, XII']",RSA 358-A,True,[],,904,case_order,1.0.0,2026-07-16T02:16:24.110081,0.8
2019-0348,2019-0348,['2019-0348'],,,,State of New Hampshire v. Jessica A. Branco,https://www.courts.nh.gov/sites/g/files/ehbemt471/files/documents/2021-09/20190348.pdf,,2020-01-31,,2020,Circuit Court,circuit_court,Steckowych,criminal,standard,,per_curiam,Per Curiam,0,0,0,5,N/A,False,False,False,"['criminal', 'statutory_interpretation', 'property']","['RSA 466:31, II', 'RSA 466:31-a, I', 'RSA 466:31', 'RSA 625:9, II', 'RSA 651:63', 'RSA 651:62, IV', 'RSA 466:31-a, II', 'RSA 466:31-a']","RSA 466:31, II",True,['de_novo'],,1411,case_order,1.0.0,2026-07-16T02:16:24.668856,0.8
2019-0087,2019-0087,['2019-0087'],,,,In the Matter of David Martin and Stephanie Pelley,https://www.courts.nh.gov/sites/g/files/ehbemt471/files/documents/2021-09/20190087.pdf,,2020-01-31,,2020,"Circuit Court (Kinghorn, R., approved by Introcaso, J.), following a hearing",circuit_court,"Kinghorn, R., approved by Introcaso",civil,standard,dismissed,per_curiam,Per Curiam,4,0,0,2,4-0,True,False,False,['civil_procedure'],[],,False,[],,764,case_order,1.0.0,2026-07-16T02:16:24.916036,0.8
2019-0480,2019-0480,['2019-0480'],,,,"In the Matter of Alfred Charest, III and Barbara Charest",https://www.courts.nh.gov/sites/g/files/ehbemt471/files/documents/2021-09/20190480.pdf,,2020-01-31,,2020,"Circuit Court (Boyle, J.)",circuit_court,Boyle,family/domestic,standard,affirmed,per_curiam,Per Curiam,4,0,0,2,4-0,True,False,False,"['family_law', 'property']",[],,False,[],,567,case_order,1.0.0,2026-07-16T02:16:25.358202,0.8
2019-0281,2019-0281,['2019-0281'],,,,In the Matter of Jennifer Faherty and Kevin Faherty,https://www.courts.nh.gov/sites/g/files/ehbemt471/files/documents/2021-09/20190281.pdf,,2020-01-31,,2020,"Circuit Court (Introcaso, J.)",circuit_court,Introcaso,family/domestic,standard,,per_curiam,Per Curiam,0,0,0,5,N/A,False,False,False,"['family_law', 'property']","['RSA 458:16-a', 'RSA 458:16-a, II']",RSA 458:16-a,False,['de_novo'],,1454,case_order,1.0.0,2026-07-16T02:16:25.906007,0.8
2019-0364,2019-0364,['2019-0364'],,,,Tammy Soule & a. v. Keith Bergeron,https://www.courts.nh.gov/sites/g/files/ehbemt471/files/documents/2021-09/20190364.pdf,,2020-01-31,,2020,"Superior Court (St. Hilaire, J.)",superior_court,St. Hilaire,civil,standard,,per_curiam,Per Curiam,0,0,0,5,N/A,False,False,False,"['civil_procedure', 'tort']",['RSA 508:19'],RSA 508:19,False,['de_novo'],,1420,case_order,1.0.0,2026-07-16T02:16:26.558049,0.8
2019-0022,2019-0022,['2019-0022'],,,,Petition of State of New Hampshire (State v. Karnes),https://www.courts.nh.gov/sites/g/files/ehbemt471/files/documents/2021-09/20190022.pdf,,2020-01-23,,2020,"Circuit Court (Sadler, J.)",circuit_court,Sadler,criminal,standard,,per_curiam,Per Curiam,0,0,0,5,N/A,False,False,False,"['criminal', 'administrative_law', 'statutory_interpretation', 'property', 'tax']","['RSA 265:79-b', 'RSA 626:2, II', 'RSA 262:42']",RSA 265:79-b,True,['de_novo'],,1439,case_order,1.0.0,2026-07-16T02:16:26.738373,0.8
2019-0284,2019-0284,['2019-0284'],,,,State of New Hampshire v. Jeremy Corning,https://www.courts.nh.gov/sites/g/files/ehbemt471/files/documents/2021-09/20190284.pdf,,2020-01-14,,2020,"Circuit Court (Spath, J.)",circuit_court,Spath,criminal,standard,affirmed,per_curiam,Per Curiam,4,0,0,2,4-0,True,False,False,"['criminal', 'civil_procedure', 'constitutional', 'evidence', 'DWI']","['RSA 265-A:2, I', 'RSA 599:1-c, I', 'RSA 599:1-c']","RSA 265-A:2, I",False,[],,788,case_order,1.0.0,2026-07-16T02:16:29.735116,0.8
2019-0180,2019-0180,['2019-0180'],,,,Appeal of Kelly Lowell,https://www.courts.nh.gov/sites/g/files/ehbemt471/files/documents/2021-09/20190180.pdf,,2020-01-13,,2020,,,,civil,standard,affirmed,per_curiam,Per Curiam,4,0,0,2,4-0,True,False,False,['employment'],"['RSA 281-A:2, XI']","RSA 281-A:2, XI",False,[],,932,case_order,1.0.0,2026-07-16T02:16:30.082052,0.8
2021-0218,2021-0218,['2021-0218'],,,,Thedsanamoorthy Kalikuddy v. Sarah Ann Alicea & a.,https://www.courts.nh.gov/sites/g/files/ehbemt471/files/documents/2022-01/20210218.pdf,,2021-12-20,,2021,"Circuit Court (Alfano, J.)",circuit_court,Alfano,civil,standard,vacated,per_curiam,Per Curiam,5,0,0,1,5-0,True,False,False,"['medicaid', 'statutory_interpretation', 'property']","['RSA 540:13-d', 'RSA 540:13-d, I', 'RSA 540', 'RSA 540:2', 'RSA 540:1-a, I', 'RSA 540:1-a, II', 'RSA 540:2, II', 'RSA 540:2, I', 'RSA 540:1-a']",RSA 540:13-d,True,['de_novo'],,869,case_order,1.0.0,2026-07-16T02:16:31.225318,0.8
2021-0304,2021-0304,['2021-0304'],,,,Sandra Patti v. 40 Lowell Road Condominium Association,https://www.courts.nh.gov/sites/g/files/ehbemt471/files/documents/2022-01/20210304.pdf,,2021-12-20,,2021,"Circuit Court (Alfano, J.)",circuit_court,Alfano,civil,standard,affirmed,per_curiam,Per Curiam,5,0,0,1,5-0,True,False,False,['tax'],[],,False,[],,581,case_order,1.0.0,2026-07-16T02:16:31.330921,0.8
2021-0037,2021-0037,['2021-0037'],,,,Khaled Abdel-Fattah v. Fatima Belal; Fatima Belal v. Khaled Abdel-Fattah,https://www.courts.nh.gov/sites/g/files/ehbemt471/files/documents/2022-01/20210037.pdf,,2021-12-17,,2021,,,Temple,civil,standard,affirmed,per_curiam,Per Curiam,5,0,0,1,5-0,True,False,False,[],[],,False,[],,295,case_order,1.0.0,2026-07-16T02:16:32.701661,0.8
2021-0063,2021-0063,['2021-0063'],,,,James Rogers v. Dartmouth Hitchcock Medical Center,https://www.courts.nh.gov/sites/g/files/ehbemt471/files/documents/2022-01/20210063.pdf,,2021-12-09,,2021,"Superior Court (Ruoff, J.)",superior_court,Ruoff,civil,standard,affirmed,per_curiam,Per Curiam,4,0,0,2,4-0,True,False,False,"['civil_procedure', 'contract', 'tort', 'evidence']","['RSA 507-E:2, I', 'RSA 516:29-b']","RSA 507-E:2, I",False,[],,793,case_order,1.0.0,2026-07-16T02:16:33.246234,0.8
2021-0002,2021-0002,['2021-0002'],,,,State of New Hampshire v. Bernard Halligan,https://www.courts.nh.gov/sites/g/files/ehbemt471/files/documents/2022-01/20210002.pdf,,2021-12-09,,2021,,,,criminal,standard,,per_curiam,Per Curiam,0,0,0,6,N/A,False,False,False,"['criminal', 'DWI']","['RSA 265', 'RSA 265-A:4', 'RSA 265-A:10', 'RSA 265-A:2, I']",RSA 265,False,['de_novo'],,1355,case_order,1.0.0,2026-07-16T02:16:33.896417,0.8
2020-0036,2020-0036,['2020-0036'],,,,American Civil Liberties Union of New Hampshire & a. v. City of Concord,https://www.courts.nh.gov/sites/g/files/ehbemt471/files/documents/2022-01/20200036.pdf,,2021-12-07,,2021,,,,civil,standard,remanded,per_curiam,Per Curiam,4,0,0,2,4-0,True,False,False,['administrative_law'],[],,False,[],,297,case_order,1.0.0,2026-07-16T02:16:33.973918,0.8
2021-0226,2021-0226,['2021-0226'],,,,Kerriann Catlaw v. Gill Rodrigue,https://www.courts.nh.gov/sites/g/files/ehbemt471/files/documents/2022-01/20210226.pdf,,2021-12-03,,2021,Circuit Court,circuit_court,Leonard,civil,standard,affirmed,per_curiam,Per Curiam,5,0,0,1,5-0,True,False,False,['contract'],[],,False,['de_novo'],,1057,case_order,1.0.0,2026-07-16T02:16:36.789562,0.8
2020-0603,2020-0603,['2020-0603'],,,,In the Matter of Katherine Makris and Brian Makris,https://www.courts.nh.gov/sites/g/files/ehbemt471/files/documents/2021-12/20200603.pdf,,2021-11-24,,2021,"Circuit Court (Derby, J.)",circuit_court,Derby,family/domestic,standard,affirmed,per_curiam,Per Curiam,5,0,0,1,5-0,True,False,False,"['family_law', 'employment', 'tort']","['RSA 458-C:2, IV']","RSA 458-C:2, IV",False,[],,931,case_order,1.0.0,2026-07-16T02:16:37.114935,0.8
2020-0457,2020-0457,['2020-0457'],,,,"Mary Rivard v. Governor, State of New Hampshire",https://www.courts.nh.gov/sites/g/files/ehbemt471/files/documents/2021-11/20200457.pdf,,2021-11-23,,2021,"Superior Court (Kissinger, J.)",superior_court,Kissinger,civil,standard,dismissed,per_curiam,Per Curiam,0,0,0,6,N/A,False,False,False,"['constitutional', 'property', 'contract']","['RSA 4:45', 'RSA 4:47']",RSA 4:45,False,[],,1161,case_order,1.0.0,2026-07-16T02:16:37.523777,0.8
2021-0045,2021-0045,['2021-0045'],,,,"Femi Isijola v. Director, New Hampshire Division of Motor Vehicles",https://www.courts.nh.gov/sites/g/files/ehbemt471/files/documents/2021-12/20210045.pdf,,2021-11-18,,2021,,administrative,,civil,standard,affirmed,per_curiam,Per Curiam,4,0,0,2,4-0,True,False,False,[],[],,False,[],,125,case_order,1.0.0,2026-07-16T02:16:38.043372,0.8
2021-0158,2021-0158,['2021-0158'],,,,Gary Ferreira v. William McFadden,https://www.courts.nh.gov/sites/g/files/ehbemt471/files/documents/2021-12/20210158.pdf,,2021-11-17,,2021,"Superior Court (Colburn, J.)",superior_court,Colburn,civil,standard,reversed_and_remanded,per_curiam,Per Curiam,5,0,0,1,5-0,True,False,False,[],[],,False,[],,687,case_order,1.0.0,2026-07-16T02:16:38.662796,0.8
2019-0737,2019-0737,['2019-0737'],,,,State of New Hampshire v. Mark Heath,https://www.courts.nh.gov/sites/g/files/ehbemt471/files/documents/2021-11/20190737.pdf,,2021-11-16,,2021,"Superior Court (Nicolosi, J.)",superior_court,Nicolosi,criminal,standard,,per_curiam,Per Curiam,0,0,0,6,N/A,False,False,False,['criminal'],"['RSA 630:1-b, I']","RSA 630:1-b, I",False,[],,1304,case_order,1.0.0,2026-07-16T02:16:38.847395,0.8
2020-0063,2020-0063,['2020-0063'],,,,State of New Hampshire v. Scott Hilliard,https://www.courts.nh.gov/sites/g/files/ehbemt471/files/documents/2021-10/20200063.pdf,,2021-10-29,,2021,"Circuit Court (Leary, J.)",circuit_court,Leary,civil,standard,,per_curiam,Per Curiam,0,0,0,6,N/A,False,False,False,"['administrative_law', 'DWI']","['RSA 265-A:3', 'RSA 265-A:44']",RSA 265-A:3,False,['plain_error'],,1400,case_order,1.0.0,2026-07-16T02:16:39.265674,0.8
2021-0089,2021-0089,['2021-0089'],,,,"Estate of Thomas E. Neily, Sr. v. Town of Canaan",https://www.courts.nh.gov/sites/g/files/ehbemt471/files/documents/2021-11/20210089.pdf,,2021-10-26,,2021,"Superior Court (Bornstein, J.)",superior_court,Bornstein,civil,standard,,per_curiam,Per Curiam,0,0,0,6,N/A,False,False,False,"['civil_procedure', 'property', 'contract', 'tax']","['RSA 554:18-a', 'RSA 80']",RSA 554:18-a,False,['de_novo'],,1394,case_order,1.0.0,2026-07-16T02:16:39.454812,0.8
2021-0117,2021-0117,['2021-0117'],,,,"Laurent Boisvert, II & a. v. Town of Lyndeborough",https://www.courts.nh.gov/sites/g/files/ehbemt471/files/documents/2021-11/20210117.pdf,,2021-10-25,,2021,"Superior Court (Messer, J.)",superior_court,Messer,civil,standard,affirmed,per_curiam,Per Curiam,5,0,0,1,5-0,True,False,False,['property'],['RSA 677:6'],RSA 677:6,False,[],,1155,case_order,1.0.0,2026-07-16T02:16:40.461483,0.8
2020-0490,2020-0490,['2020-0490'],,,,Mary Feeney v. Karyn Kelley,https://www.courts.nh.gov/sites/g/files/ehbemt471/files/documents/2021-11/20200490.pdf,,2021-10-20,,2021,,administrative,,civil,standard,affirmed,per_curiam,Per Curiam,4,0,0,2,4-0,True,False,False,[],[],,False,[],,111,case_order,1.0.0,2026-07-16T02:16:40.743658,0.8
2019-0668,2019-0668,['2019-0668'],,,,State of New Hampshire v. Kyle C. Buffum,https://www.courts.nh.gov/sites/g/files/ehbemt471/files/documents/2021-10/20190668.pdf,,2021-10-19,,2021,,,,criminal,standard,,per_curiam,Per Curiam,0,0,0,6,N/A,False,False,False,"['criminal', 'competency', 'constitutional', 'tax']","['RSA 626:8', 'RSA 629:1', 'RSA 630:1-a', 'RSA 629:3', 'RSA 629:2', 'RSA 629:1, IV']",RSA 626:8,False,['de_novo'],,1421,case_order,1.0.0,2026-07-16T02:16:41.347635,0.8
2021-0008,2021-0008,['2021-0008'],,,,In the Matter of Jennifer Juri and Michael Juri,https://www.courts.nh.gov/sites/g/files/ehbemt471/files/documents/2021-11/20210008.pdf,,2021-10-12,,2021,Circuit Court,circuit_court,Boyle,family/domestic,standard,,per_curiam,Per Curiam,0,0,0,6,N/A,False,False,False,"['criminal', 'family_law', 'tax']","['RSA 461', 'RSA 461-A:2', 'RSA 461-A', 'RSA 461-A:2, I']",RSA 461,False,['de_novo'],,1355,case_order,1.0.0,2026-07-16T02:16:41.713731,0.8
2021-0111,2021-0111,['2021-0111'],,,,State of New Hampshire v. Bryan Erickson,https://www.courts.nh.gov/sites/g/files/ehbemt471/files/documents/2021-09/20210111.pdf,,2021-09-29,,2021,,administrative,,family/domestic,standard,affirmed,per_curiam,Per Curiam,4,0,0,2,4-0,True,False,False,"['criminal', 'domestic_violence']","['RSA 597:2, III']","RSA 597:2, III",False,[],,798,case_order,1.0.0,2026-07-16T02:16:44.114076,0.8
2020-0251,2020-0251,['2020-0251'],,,,"Seabrook Onestop, Inc. & a. v. Town of Seabrook & a.",https://www.courts.nh.gov/sites/g/files/ehbemt471/files/documents/2021-09/20200251.pdf,,2021-09-16,,2021,"Superior Court (Schulman, J.)",superior_court,Schulman,civil,standard,,per_curiam,Per Curiam,0,0,0,6,N/A,False,False,False,['property'],"['RSA 677:6', 'RSA 676:3', 'RSA 674:41']",RSA 677:6,False,['de_novo'],,1148,case_order,1.0.0,2026-07-16T02:16:44.726266,0.8
2020-0473,2020-0473,['2020-0473'],,,,Appeal of City of Keene,https://www.courts.nh.gov/sites/g/files/ehbemt471/files/documents/2021-09/20200473.pdf,,2021-09-16,,2021,,administrative,,civil,standard,,per_curiam,Per Curiam,0,0,0,6,N/A,False,False,False,"['administrative_law', 'property', 'tax']","['RSA 76:16', 'RSA 76:16-a, I', 'RSA 541:3', 'RSA 541:4', 'RSA 541:6', 'RSA 541:13', 'RSA 71-B:5, I', 'RSA 71-B:5', 'RSA 76:16-a']",RSA 76:16,False,[],,1396,case_order,1.0.0,2026-07-16T02:16:45.273007,0.8
20160037and20190589,20160037and20190589,"['2016-0037', '2019-0589']",,,,State of New Hampshire v. Tristan Wolusky,https://www.courts.nh.gov/sites/g/files/ehbemt471/files/documents/2021-09/20160037and20190589.pdf,,2021-09-15,,2021,"Superior Court (Houran, J.)",superior_court,Houran,criminal,standard,,per_curiam,Per Curiam,0,0,0,6,N/A,False,False,False,"['criminal', 'constitutional', 'evidence']","['RSA 630:1-a, I', 'RSA 626:8, II', 'RSA 517:13, II']","RSA 630:1-a, I",False,[],,1272,case_order,1.0.0,2026-07-16T02:16:48.606710,0.8
2020-0449,2020-0449,['2020-0449'],,,,"ClearChoiceMD, PLLC v. Horace Henriques, MD",https://www.courts.nh.gov/sites/g/files/ehbemt471/files/documents/2021-09/20200449.pdf,,2021-09-14,,2021,Superior Court,superior_court,McNamara,civil,standard,,per_curiam,Per Curiam,0,0,0,6,N/A,False,False,False,"['statutory_interpretation', 'employment', 'contract']","['RSA 275:51, V']","RSA 275:51, V",True,['de_novo'],,1344,case_order,1.0.0,2026-07-16T02:16:49.764409,0.8
2018-0315,2018-0315,['2018-0315'],,,,State of New Hampshire v. Richard Moore,https://www.courts.nh.gov/sites/g/files/ehbemt471/files/documents/2021-09/20180315.pdf,,2021-09-14,,2021,"Superior Court (Delker, J.)",superior_court,Delker,family/domestic,standard,affirmed,per_curiam,Per Curiam,3,0,0,3,3-0,True,False,False,"['criminal', 'family_law', 'evidence']","['RSA 630:1-a, I', 'RSA 630:1-b, I', 'RSA 634:1, II']","RSA 630:1-a, I",False,['de_novo'],,1280,case_order,1.0.0,2026-07-16T02:16:50.055053,0.8
2021-0088,2021-0088,['2021-0088'],,,,State of New Hampshire v. Kevin Porter,https://www.courts.nh.gov/sites/g/files/ehbemt471/files/documents/2021-09/20210088.pdf,,2021-09-02,,2021,"Superior Court (Temple, J.)",superior_court,Temple,criminal,standard,,per_curiam,Per Curiam,0,0,0,6,N/A,False,False,False,"['criminal', 'statutory_interpretation', 'constitutional']","['RSA 597:2, III']","RSA 597:2, III",True,[],,1367,case_order,1.0.0,2026-07-16T02:16:50.359954,0.8
2020-0488,2020-0488,['2020-0488'],,,,Appeal of Anthony Paquet,https://www.courts.nh.gov/sites/g/files/ehbemt471/files/documents/2021-09/20200488.pdf,,2021-08-10,,2021,,,,civil,standard,,per_curiam,Per Curiam,0,0,0,6,N/A,False,False,False,"['medicaid', 'administrative_law', 'employment']","['RSA 541', 'RSA 281-A:43, I', 'RSA 541:13', 'RSA 281-A:2, XI']",RSA 541,False,['de_novo'],,1446,case_order,1.0.0,2026-07-16T02:16:50.854404,0.8
2020-0160,2020-0160,['2020-0160'],,,,In the Matter of Kseniya Ausiaikova and Brian Meckel,https://www.courts.nh.gov/sites/g/files/ehbemt471/files/documents/2021-09/20200160.pdf,,2021-08-06,,2021,"Circuit Court (DalPra, M., approved by Chabot, J.). The mother argues that the",circuit_court,"DalPra, M., approved by Chabot",family/domestic,standard,remanded,per_curiam,Per Curiam,0,0,0,6,N/A,False,False,False,['family_law'],"['RSA 458', 'RSA 461-A:12', 'RSA 461-A:12, V', 'RSA 458-C:4, II', 'RSA 458-C:5, I']",RSA 458,False,[],,1450,case_order,1.0.0,2026-07-16T02:16:51.460142,0.8
2019-0512,2019-0512,['2019-0512'],,,,Appeal of Town of Hampton,https://www.courts.nh.gov/sites/g/files/ehbemt471/files/documents/2021-08/20190512_0.pdf,,2021-07-23,,2021,,,,civil,standard,affirmed,per_curiam,Per Curiam,4,0,0,2,4-0,True,False,False,"['administrative_law', 'contract']","['RSA 365:4', 'RSA 541', 'RSA 541:13', 'RSA 365:1', 'RSA 365:29', 'RSA 378:7']",RSA 365:4,False,['de_novo'],,1134,case_order,1.0.0,2026-07-16T02:16:53.783936,0.8
2019-0537,2019-0537,['2019-0537'],,,,In the Matter of David Bournival and Eileen Bournival,https://www.courts.nh.gov/sites/g/files/ehbemt471/files/documents/2021-08/20190537.pdf,,2021-07-16,,2021,"Circuit Court (Foley, J.)",circuit_court,Foley,family/domestic,standard,,per_curiam,Per Curiam,0,0,0,6,N/A,False,False,False,"['insurance', 'family_law', 'property', 'tax']","['RSA 458:16-a, II']","RSA 458:16-a, II",False,['de_novo'],,1290,case_order,1.0.0,2026-07-16T02:16:54.224372,0.8
2020-0201,2020-0201,['2020-0201'],,,,In the Matter of Lisa Rasmussen and Robert Rasmussen,https://www.courts.nh.gov/sites/g/files/ehbemt471/files/documents/2021-08/20200201.pdf,,2021-07-14,,2021,Circuit Court,circuit_court,Pendleton,family/domestic,standard,affirmed,per_curiam,Per Curiam,4,0,0,2,4-0,True,False,False,"['insurance', 'family_law', 'statutory_interpretation', 'property', 'evidence', 'tax']",[],,True,[],,1404,case_order,1.0.0,2026-07-16T02:16:54.850394,0.8
2020-0556,2020-0556,['2020-0556'],,,,"Wallace Farm, LLC v. Mark Sacco",https://www.courts.nh.gov/sites/g/files/ehbemt471/files/documents/2021-08/20200556.pdf,,2021-07-13,,2021,Circuit Court,circuit_court,Steckowych,civil,standard,,per_curiam,Per Curiam,0,0,0,6,N/A,False,False,False,"['property', 'contract']","['RSA 540:2, II']","RSA 540:2, II",False,[],,648,case_order,1.0.0,2026-07-16T02:16:57.009313,0.8
2020-0543,2020-0543,['2020-0543'],,,,State of New Hampshire v. Justin K. Wright,https://www.courts.nh.gov/sites/g/files/ehbemt471/files/documents/2021-08/20200543.pdf,,2021-07-12,,2021,,,,criminal,standard,affirmed,per_curiam,Per Curiam,3,0,0,3,3-0,True,False,False,"['criminal', 'administrative_law', 'civil_procedure', 'statutory_interpretation', 'constitutional', 'tort', 'DWI']","['RSA 265-A:2, I', 'RSA 265', 'RSA 601:4']","RSA 265-A:2, I",True,['de_novo'],,1284,case_order,1.0.0,2026-07-16T02:16:57.307473,0.8
2020-0309,2020-0309,"['2020-0309', '2020-0310']",,,,"State of New Hampshire v. Karen Folley, and 2020-0310, State of New Hampshire v James Folley",https://www.courts.nh.gov/sites/g/files/ehbemt471/files/documents/2021-08/20200309-and-20200310.pdf,,2021-06-24,,2021,"Superior Court (Nicolosi, J.)",superior_court,Nicolosi,criminal,standard,affirmed,per_curiam,Per Curiam,4,0,0,2,4-0,True,False,False,"['criminal', 'constitutional']","['RSA 651:63, I', 'RSA 651:62, VI']","RSA 651:63, I",False,[],,636,case_order,1.0.0,2026-07-16T02:16:57.732877,0.8
20200249-and-20200250,20200249-and-20200250,"['2020-0249', '2020-0250']",,,,"PPI Enterprises, LLC v. Town of Windham",https://www.courts.nh.gov/sites/g/files/ehbemt471/files/documents/2021-08/20200249-and-20200250.pdf,,2021-06-23,,2021,"Superior Court (St. Hilaire, J.)",superior_court,St. Hilaire,civil,standard,remanded,per_curiam,Per Curiam,0,0,0,6,N/A,False,False,False,['property'],[],,False,[],,1407,case_order,1.0.0,2026-07-16T02:16:58.251253,0.8
2020-0525,2020-0525,['2020-0525'],,,,"Francis X. O'Brien & a. v. Dynacon Builders, Inc.",https://www.courts.nh.gov/sites/g/files/ehbemt471/files/documents/2021-08/20200525.pdf,,2021-06-21,,2021,,,,family/domestic,standard,affirmed,per_curiam,Per Curiam,5,0,0,1,5-0,True,False,False,"['family_law', 'statutory_interpretation']","['RSA 542:8', 'RSA 511-A:8', 'RSA 512:21, XI']",RSA 542:8,True,['de_novo'],,484,case_order,1.0.0,2026-07-16T02:16:58.782779,0.8
2020-0334,2020-0334,['2020-0334'],,,,Brittany O'Neil v. Andrew C. Wiesner,https://www.courts.nh.gov/sites/g/files/ehbemt471/files/documents/2021-08/20200334.pdf,,2021-06-18,,2021,,administrative,,family/domestic,standard,,per_curiam,Per Curiam,0,0,0,6,N/A,False,False,False,"['criminal', 'constitutional', 'property', 'evidence', 'domestic_violence']","['RSA 498:1', 'RSA 633:3-a, III']",RSA 498:1,False,['de_novo'],,1394,case_order,1.0.0,2026-07-16T02:17:01.646751,0.8
2020-0589,2020-0589,['2020-0589'],,,,State of New Hampshire v. Chris Bonollo,https://www.courts.nh.gov/sites/g/files/ehbemt471/files/documents/2021-08/20200589.pdf,,2021-06-18,,2021,"Circuit Court (Vetanze, J.)",circuit_court,Vetanze,criminal,standard,,per_curiam,Per Curiam,0,0,0,6,N/A,False,False,False,"['criminal', 'civil_procedure', 'statutory_interpretation', 'constitutional', 'property', 'evidence', 'tax']","['RSA 635:2', 'RSA 625:9, II', 'RSA 625:8, I', 'RSA 625:8, V', 'RSA 625:8, VI']",RSA 635:2,True,"['de_novo', 'clear_error']",,1528,case_order,1.0.0,2026-07-16T02:17:02.210697,0.8
2020-0335,2020-0335,['2020-0335'],,,,"Mark R. Longshore & a. v. US Bank National Association, as Trustee",https://www.courts.nh.gov/sites/g/files/ehbemt471/files/documents/2021-08/20200335.pdf,,2021-06-08,,2021,"Superior Court (O’Neill, J.)",superior_court,O’Neill,civil,standard,affirmed,per_curiam,Per Curiam,5,0,0,1,5-0,True,False,False,"['civil_procedure', 'contract', 'tax']",[],,False,[],,327,case_order,1.0.0,2026-07-16T02:17:02.301436,0.8
2020-0426,2020-0426,['2020-0426'],,,,Donald Toy & a. v. City of Rochester & a.,https://www.courts.nh.gov/sites/g/files/ehbemt471/files/documents/2021-08/20200426.pdf,,2021-06-08,,2021,,,,civil,standard,affirmed,per_curiam,Per Curiam,5,0,0,1,5-0,True,False,False,"['insurance', 'administrative_law', 'property', 'tax']","['RSA 491:22', 'RSA 491:22-b', 'RSA 491:22, I']",RSA 491:22,False,[],,1034,case_order,1.0.0,2026-07-16T02:17:04.892708,0.8
2020-0081,2020-0081,['2020-0081'],,,,In the Matter of Lenny Pham and Bichngo Pham,https://www.courts.nh.gov/sites/g/files/ehbemt471/files/documents/2021-08/20200081.pdf,,2021-06-07,,2021,Circuit Court,circuit_court,"DalPra, M., approved by Stephen",family/domestic,standard,dismissed,per_curiam,Per Curiam,0,0,0,6,N/A,False,False,False,"['family_law', 'DWI']","['RSA 458:1', 'RSA 458:2']",RSA 458:1,False,[],,1523,case_order,1.0.0,2026-07-16T02:17:05.120643,0.8
2020-0356,2020-0356,['2020-0356'],,,,Henry Balch & a. v. Tanya Muniz & a.,https://www.courts.nh.gov/sites/g/files/ehbemt471/files/documents/2021-08/20200356.pdf,,2021-06-04,,2021,Circuit Court,circuit_court,,civil,standard,affirmed,per_curiam,Per Curiam,0,0,0,6,N/A,False,False,False,['property'],['RSA 540:2'],RSA 540:2,False,"['de_novo', 'plain_error']",,335,case_order,1.0.0,2026-07-16T02:17:05.376360,0.8
2020-0172,2020-0172,['2020-0172'],,,,Saint Anselm College Corporation & a. v. Board of Trustees of Saint Anselm College,https://www.courts.nh.gov/sites/g/files/ehbemt471/files/documents/2021-08/20200172.pdf,,2021-05-26,,2021,"Superior Court (Delker, J.)",superior_court,Delker,civil,standard,dismissed,per_curiam,Per Curiam,4,0,0,2,4-0,True,False,False,"['insurance', 'statutory_interpretation']",[],,True,['de_novo'],,951,case_order,1.0.0,2026-07-16T02:17:05.927828,0.8
2020-0044,2020-0044,['2020-0044'],,,,State of New Hampshire v. Leslie M. Howe,https://www.courts.nh.gov/sites/g/files/ehbemt471/files/documents/2021-08/20200044.pdf,,2021-05-14,,2021,,,,criminal,standard,,per_curiam,Per Curiam,0,0,0,6,N/A,False,False,False,[],[],,False,[],,1282,case_order,1.0.0,2026-07-16T02:17:06.535217,0.8
2020-0362,2020-0362,['2020-0362'],,,,Natasha Athens v. Christopher Sununu,https://www.courts.nh.gov/sites/g/files/ehbemt471/files/documents/2021-08/20200362.pdf,,2021-05-14,,2021,,administrative,,civil,standard,affirmed,per_curiam,Per Curiam,4,0,0,2,4-0,True,False,False,[],[],,False,[],,93,case_order,1.0.0,2026-07-16T02:17:06.597732,0.8
2020-0162,2020-0162,['2020-0162'],,,,State of New Hampshire v. Benjamin Boutin,https://www.courts.nh.gov/sites/g/files/ehbemt471/files/documents/2021-08/20200162.pdf,,2021-05-14,,2021,"Superior Court (Bornstein, J.)",superior_court,Bornstein,criminal,standard,,per_curiam,Per Curiam,0,0,0,6,N/A,False,False,False,"['criminal', 'constitutional', 'tort']",[],,False,[],,1258,case_order,1.0.0,2026-07-16T02:17:06.750124,0.8
2020-0184,2020-0184,['2020-0184'],,,,State of New Hampshire v. Robert E. Pratt,https://www.courts.nh.gov/sites/g/files/ehbemt471/files/documents/2021-08/20200184.pdf,,2021-05-14,,2021,Superior Court,superior_court,Bornstein,civil,standard,affirmed,per_curiam,Per Curiam,0,0,0,6,N/A,False,False,False,['evidence'],[],,False,[],,325,case_order,1.0.0,2026-07-16T02:17:08.605726,0.8
2020-0184,2020-0184,['2020-0184'],,,,"State of New Hampshire v. Robert E. Pratt (Modified, see 6/21/2021 order)",https://www.courts.nh.gov/sites/g/files/ehbemt471/files/documents/2021-08/20200184-modified.pdf,,2021-06-21,,2021,,,,civil,standard,,per_curiam,Per Curiam,0,0,0,6,N/A,False,False,False,['evidence'],[],,False,[],,167,case_order,1.0.0,2026-07-16T02:17:08.698316,0.8
2020-0295,2020-0295,['2020-0295'],,,,"Stanley Emanuel v. Town of Bow, New Hampshire & a.",https://www.courts.nh.gov/sites/g/files/ehbemt471/files/documents/2021-08/20200295.pdf,,2021-05-13,,2021,Superior Court,superior_court,Kissinger,civil,standard,affirmed,per_curiam,Per Curiam,0,0,0,6,N/A,False,False,False,"['civil_procedure', 'property', 'tax']","['RSA 41:14-a, I']","RSA 41:14-a, I",False,['de_novo'],,1230,case_order,1.0.0,2026-07-16T02:17:09.868864,0.8
2020-0325,2020-0325,['2020-0325'],,,,"Joseph S. Haas, Jr. v. Town of Gilmanton",https://www.courts.nh.gov/sites/g/files/ehbemt471/files/documents/2021-08/20200325.pdf,,2021-05-13,,2021,,administrative,,civil,standard,affirmed,per_curiam,Per Curiam,4,0,0,2,4-0,True,False,False,[],[],,False,[],,116,case_order,1.0.0,2026-07-16T02:17:10.123247,0.8
2020-0271,2020-0271,['2020-0271'],,,,"359 Elm Street, LLC v. City of Manchester",https://www.courts.nh.gov/sites/g/files/ehbemt471/files/documents/2021-08/20200271.pdf,,2021-05-13,,2021,Superior Court,superior_court,Messer,civil,standard,,per_curiam,Per Curiam,0,0,0,6,N/A,False,False,False,['property'],"['RSA 677:15', 'RSA 677:15, V', 'RSA 674:43']",RSA 677:15,False,[],,1486,case_order,1.0.0,2026-07-16T02:17:10.535447,0.8
2020-0483,2020-0483,['2020-0483'],,,,Torromeo Industries v. State of New Hampshire,https://www.courts.nh.gov/sites/g/files/ehbemt471/files/documents/2021-08/20200483.pdf,,2021-05-13,,2021,"Superior Court (Schulman, J.)",superior_court,Schulman,civil,standard,remanded,per_curiam,Per Curiam,0,0,0,6,N/A,False,False,False,"['property', 'contract', 'evidence', 'tax']",[],,False,['de_novo'],,1374,case_order,1.0.0,2026-07-16T02:17:11.047712,0.8
2019-0720,2019-0720,['2019-0720'],,,,Joseph Kelly & a. v. Pine Trail Cottages Condominium Association & a.,https://www.courts.nh.gov/sites/g/files/ehbemt471/files/documents/2021-08/20190720.pdf,,2021-05-06,,2021,Superior Court,superior_court,O’Neill,civil,standard,,per_curiam,Per Curiam,0,0,0,6,N/A,False,False,False,"['civil_procedure', 'property', 'contract']",[],,False,['de_novo'],,1317,case_order,1.0.0,2026-07-16T02:17:11.649745,0.8
2020-0124,2020-0124,['2020-0124'],,,,State of New Hampshire v. Roney R. White,https://www.courts.nh.gov/sites/g/files/ehbemt471/files/documents/2021-08/20200124.pdf,,2021-05-03,,2021,"Superior Court (Messer, J.)",superior_court,Messer,family/domestic,standard,,per_curiam,Per Curiam,0,0,0,6,N/A,False,False,False,"['criminal', 'tort', 'domestic_violence']","['RSA 631:2, I', 'RSA 633:2', 'RSA 641:5', 'RSA 631:2-b', 'RSA 642:2']","RSA 631:2, I",False,['de_novo'],,1475,case_order,1.0.0,2026-07-16T02:17:12.779196,0.8
2020-0481,2020-0481,['2020-0481'],,,,In the Matter of Eric Robinson and Rhonda Robinson,https://www.courts.nh.gov/sites/g/files/ehbemt471/files/documents/2021-08/20200481.pdf,,2021-04-29,,2021,"Circuit Court (Yazinski, J.)",circuit_court,Yazinski,family/domestic,standard,affirmed,per_curiam,Per Curiam,5,0,0,1,5-0,True,False,False,"['family_law', 'property']",[],,False,[],,354,case_order,1.0.0,2026-07-16T02:17:12.908098,0.8
2020-0257,2020-0257,['2020-0257'],,,,A. George Mertz & a. v. Town of Piermont & a.,https://www.courts.nh.gov/sites/g/files/ehbemt471/files/documents/2021-08/20200257.pdf,,2021-04-29,,2021,,,Tucker,civil,standard,affirmed,per_curiam,Per Curiam,5,0,0,1,5-0,True,False,False,"['administrative_law', 'civil_procedure', 'tort', 'evidence']",[],,False,[],,796,case_order,1.0.0,2026-07-16T02:17:14.296988,0.8
2020-0239,2020-0239,['2020-0239'],,,,Petition of Michael Connarn,https://www.courts.nh.gov/sites/g/files/ehbemt471/files/documents/2021-08/20200239.pdf,,2021-04-28,,2021,,,,civil,standard,dismissed,per_curiam,Per Curiam,4,0,0,2,4-0,True,False,False,[],[],,False,[],,59,case_order,1.0.0,2026-07-16T02:17:14.396009,0.8
2018-0662,2018-0662,['2018-0662'],,,,State of New Hampshire v. Robert Dingman,https://www.courts.nh.gov/sites/g/files/ehbemt471/files/documents/2021-08/20180662.pdf,,2021-04-20,,2021,Superior Court,superior_court,Nadeau,criminal,standard,affirmed,per_curiam,Per Curiam,3,0,0,3,3-0,True,False,False,['criminal'],"['RSA 630:1, III']","RSA 630:1, III",False,[],,1240,case_order,1.0.0,2026-07-16T02:17:17.295114,0.8
2019-0442,2019-0442,['2019-0442'],,,,State of New Hampshire v. Blake Colella,https://www.courts.nh.gov/sites/g/files/ehbemt471/files/documents/2021-08/20190442.pdf,,2021-04-16,,2021,"Superior Court (Colburn, J.)",superior_court,Colburn,criminal,standard,,per_curiam,Per Curiam,0,0,0,6,N/A,False,False,False,"['criminal', 'evidence']","['RSA 641:5, I', 'RSA 631:1', 'RSA 631:2', 'RSA 631:4', 'RSA 644:8']","RSA 641:5, I",False,[],,1303,case_order,1.0.0,2026-07-16T02:17:17.565782,0.8
2020-0001,2020-0001,['2020-0001'],,,,Robert McDonald v. Town of Raymond Planning Board; Robert K. McDonald & a. v. Town of Raymond Zoning Board of Adjustment,https://www.courts.nh.gov/sites/g/files/ehbemt471/files/documents/2021-08/20200001.pdf,,2021-04-16,,2021,,administrative,,civil,standard,,per_curiam,Per Curiam,0,0,0,6,N/A,False,False,False,"['administrative_law', 'property']","['RSA 674:33, I', 'RSA 674:44, III']","RSA 674:33, I",False,[],,1306,case_order,1.0.0,2026-07-16T02:17:18.151010,0.8
2021-0083,2021-0083,['2021-0083'],,,,Petition of Michael Grove,https://www.courts.nh.gov/sites/g/files/ehbemt471/files/documents/2021-08/20210023.pdf,,2021-04-15,,2021,,,,civil,standard,,per_curiam,Per Curiam,0,0,0,6,N/A,False,False,False,[],[],,False,[],,65,case_order,1.0.0,2026-07-16T02:17:18.215313,0.8
2020-0367,2020-0367,"['2020-0367', '2019-0410']",,,,Jerry Perry v. Patricia Brown,https://www.courts.nh.gov/sites/g/files/ehbemt471/files/documents/2021-08/20200367.pdf,,2021-04-15,,2021,"Circuit Court (Weaver, J.)",circuit_court,Weaver,civil,standard,affirmed,per_curiam,Per Curiam,5,0,0,1,5-0,True,False,False,"['statutory_interpretation', 'constitutional', 'property']","['RSA 547-C', 'RSA 547-C:25']",RSA 547-C,True,[],,692,case_order,1.0.0,2026-07-16T02:17:20.657130,0.8
2019-0158,2019-0158,['2019-0158'],,,,State of New Hampshire v. Timothy Castine,https://www.courts.nh.gov/sites/g/files/ehbemt471/files/documents/2021-08/20190158.pdf,,2021-04-15,,2021,"Superior Court (Delker, J.)",superior_court,Delker,criminal,standard,affirmed,per_curiam,Per Curiam,4,0,0,2,4-0,True,False,False,"['criminal', 'evidence']","['RSA 641:5, I']","RSA 641:5, I",False,['plain_error'],,710,case_order,1.0.0,2026-07-16T02:17:20.787602,0.8
2020-0308,2020-0308,['2020-0308'],,,,Patricia A. Pelletier & a. v. Daniel F. Wyatt,https://www.courts.nh.gov/sites/g/files/ehbemt471/files/documents/2021-08/20200308.pdf,,2021-04-15,,2021,"Superior Court (Delker, J.)",superior_court,Delker,civil,standard,affirmed,per_curiam,Per Curiam,4,0,0,2,4-0,True,False,False,[],[],,False,[],,240,case_order,1.0.0,2026-07-16T02:17:21.367870,0.8
2020-0237,2020-0237,['2020-0237'],,,,Mary Jane Re v. Glenn Moir,https://www.courts.nh.gov/sites/g/files/ehbemt471/files/documents/2021-08/20200237.pdf,,2021-04-08,,2021,Circuit Court-Hooksett District,circuit_court,,family/domestic,standard,,per_curiam,Per Curiam,0,0,0,6,N/A,False,False,False,"['family_law', 'statutory_interpretation', 'property', 'contract', 'tort', 'tax']","['RSA 490-D:2', 'RSA 490-D:2, I', 'RSA 490-F', 'RSA 490-F:1', 'RSA 490-F:3', 'RSA 547', 'RSA 502-A', 'RSA 490-D', 'RSA 490', 'RSA 490-F:18', 'RSA 490-F:2', 'RSA 169-B:3', 'RSA 169-B:2, III']",RSA 490-D:2,True,['de_novo'],,1300,case_order,1.0.0,2026-07-16T02:17:22.835808,0.8
2019-0240,2019-0240,['2019-0240'],,,,"Sullyville, LLC v. Town of Carroll",https://www.courts.nh.gov/sites/g/files/ehbemt471/files/documents/2021-08/20190240.pdf,,2021-04-08,,2021,"Superior Court (Bornstein, J.)",superior_court,Bornstein,civil,standard,affirmed,per_curiam,Per Curiam,0,0,0,6,N/A,False,False,False,"['civil_procedure', 'constitutional', 'property', 'contract']","['RSA 667:4', 'RSA 676:15', 'RSA 674:19']",RSA 667:4,False,[],,1356,case_order,1.0.0,2026-07-16T02:17:24.433111,0.8
2020-0348,2020-0348,['2020-0348'],,,,"Richard E. Clark, Esq. v. Ryan Carrier & a.",https://www.courts.nh.gov/sites/g/files/ehbemt471/files/documents/2021-08/20200348.pdf,,2021-04-06,,2021,"Superior Court (Honigberg, J.)",superior_court,Honigberg,family/domestic,standard,,per_curiam,Per Curiam,0,0,0,6,N/A,False,False,False,"['family_law', 'property', 'contract', 'tort']","['RSA 458:16-a, II']","RSA 458:16-a, II",False,[],,1371,case_order,1.0.0,2026-07-16T02:17:24.733993,0.8
2020-0409,2020-0409,['2020-0409'],,,,In the Matter of Richard McMenamon and Eileen Rispoli,https://www.courts.nh.gov/sites/g/files/ehbemt471/files/documents/2021-08/20200409.pdf,,2021-04-06,,2021,Circuit Court,circuit_court,Garner,family/domestic,standard,,per_curiam,Per Curiam,0,0,0,6,N/A,False,False,False,"['criminal', 'family_law', 'statutory_interpretation', 'property', 'contract']","['RSA 490:26-f', 'RSA 461-A:16, IV', 'RSA 461-A:16', 'RSA 461-A:17', 'RSA 461-A:18, I', 'RSA 461', 'RSA 490:26-f, I', 'RSA 169-C:10, I', 'RSA 170-C:8', 'RSA 170', 'RSA 604-A:1-a', 'RSA 632-A:6, V']",RSA 490:26-f,True,[],,1425,case_order,1.0.0,2026-07-16T02:17:25.327952,0.8
2020-0336,2020-0336,['2020-0336'],,,,In the Matter of Jessica Buckley and Regan Buckley,https://www.courts.nh.gov/sites/g/files/ehbemt471/files/documents/2021-08/20200336.pdf,,2021-04-05,,2021,"Circuit Court (Alfano, J.)",circuit_court,Alfano,family/domestic,standard,,per_curiam,Per Curiam,0,0,0,6,N/A,False,False,False,"['family_law', 'statutory_interpretation', 'contract', 'tort', 'tax']",[],,True,['de_novo'],,1341,case_order,1.0.0,2026-07-16T02:17:26.928550,0.8
2020-0396,2020-0396,['2020-0396'],,,,"TD Bank, N.A. v. Robert Moseley dba Moseley Landscaping",https://www.courts.nh.gov/sites/g/files/ehbemt471/files/documents/2021-08/20200396.pdf,,2021-04-05,,2021,"Superior Court (Honigberg, J.)",superior_court,Honigberg,civil,standard,,per_curiam,Per Curiam,0,0,0,6,N/A,False,False,False,['contract'],[],,False,"['clear_error', 'plain_error']",,1509,case_order,1.0.0,2026-07-16T02:17:27.198389,0.8
2020-0405,2020-0405,['2020-0405'],,,,Victor Ganobi v. Heather Caswell,https://www.courts.nh.gov/sites/g/files/ehbemt471/files/documents/2021-08/20200405.pdf,,2021-04-02,,2021,Circuit Court,circuit_court,"Kent, R.,
approved by Lyons",civil,standard,remanded,per_curiam,Per Curiam,0,0,0,6,N/A,False,False,False,['property'],['RSA 540:8'],RSA 540:8,False,['clear_error'],,1506,case_order,1.0.0,2026-07-16T02:17:27.614483,0.8
2020-0258,2020-0258,['2020-0258'],,,,"HBD Drugg Real Estate, LLC v. Celia Harkins",https://www.courts.nh.gov/sites/g/files/ehbemt471/files/documents/2021-08/20200258.pdf,,2021-04-02,,2021,Circuit Court,circuit_court,Gleason,civil,standard,,per_curiam,Per Curiam,0,0,0,6,N/A,False,False,False,['contract'],"['RSA 205-A:9', 'RSA 540', 'RSA 540:13', 'RSA 540:13, III', 'RSA 540:13-c, II']",RSA 205-A:9,False,"['de_novo', 'plain_error']",,1172,case_order,1.0.0,2026-07-16T02:17:28.131895,0.8
2020-0019,2020-0019,['2020-0019'],,,,In the Matter of Charles Porrier and BingBing Li,https://www.courts.nh.gov/sites/g/files/ehbemt471/files/documents/2021-08/20200019.pdf,,2021-04-01,,2021,,administrative,,family/domestic,standard,affirmed,per_curiam,Per Curiam,5,0,0,1,5-0,True,False,False,[],[],,False,[],,120,case_order,1.0.0,2026-07-16T02:17:28.751939,0.8
2020-0244,2020-0244,['2020-0244'],,,,John G. Hallworth & a. v. Karen E. Weston & a.,https://www.courts.nh.gov/sites/g/files/ehbemt471/files/documents/2021-08/20200244.pdf,,2021-04-01,,2021,"Superior Court (Howard, J.)",superior_court,Howard,civil,standard,affirmed,per_curiam,Per Curiam,5,0,0,1,5-0,True,False,False,['property'],[],,False,[],,196,case_order,1.0.0,2026-07-16T02:17:29.021700,0.8
2020-0329,2020-0329,['2020-0329'],,,,"Citibank, N.A. v. Anthony Merrill",https://www.courts.nh.gov/sites/g/files/ehbemt471/files/documents/2021-08/20200329.pdf,,2021-04-01,,2021,,administrative,,civil,standard,affirmed,per_curiam,Per Curiam,5,0,0,1,5-0,True,False,False,[],[],,False,[],,93,case_order,1.0.0,2026-07-16T02:17:32.064836,0.8
2020-0090,2020-0090,['2020-0090'],,,,In the Matter of Christina Dunn and Timothy Dunn,https://www.courts.nh.gov/sites/g/files/ehbemt471/files/documents/2021-08/20200090.pdf,,2021-04-01,,2021,"Circuit Court (Luneau, J.)",circuit_court,Luneau,family/domestic,standard,affirmed,per_curiam,Per Curiam,3,0,0,3,3-0,True,False,False,"['insurance', 'family_law', 'property', 'tort']","['RSA 458:16-a, IV', 'RSA 458:16']","RSA 458:16-a, IV",False,[],,973,case_order,1.0.0,2026-07-16T02:17:32.253448,0.8
2020-0290,2020-0290,['2020-0290'],,,,"Baboucar Taal & a. v. Otto Nor, Alison Holding Co. & a.",https://www.courts.nh.gov/sites/g/files/ehbemt471/files/documents/2021-08/20200290.pdf,,2021-04-01,,2021,"Superior Court (Delker, J.)",superior_court,Delker,civil,standard,affirmed,per_curiam,Per Curiam,5,0,0,1,5-0,True,False,False,['tort'],['RSA 510:4'],RSA 510:4,False,[],,400,case_order,1.0.0,2026-07-16T02:17:32.585544,0.8
2019-0713,2019-0713,['2019-0713'],,,,Allison Hovey v. Portsmouth Housing Authority,https://www.courts.nh.gov/sites/g/files/ehbemt471/files/documents/2021-08/20190713.pdf,,2021-04-01,,2021,"Circuit Court (Pendleton, J.)",circuit_court,Pendleton,civil,standard,,per_curiam,Per Curiam,0,0,0,6,N/A,False,False,False,['contract'],"['RSA 540-A:4', 'RSA 540-A:3, V', 'RSA 540-A:2', 'RSA 540', 'RSA 540-A']",RSA 540-A:4,False,['de_novo'],,1411,case_order,1.0.0,2026-07-16T02:17:33.016713,0.8
2020-0222,2020-0222,['2020-0222'],,,,Bruce Pollard v. Laurie Ann MacKinnon,https://www.courts.nh.gov/sites/g/files/ehbemt471/files/documents/2021-08/20200222.pdf,,2021-04-01,,2021,Superior Court,superior_court,Schulman,civil,standard,affirmed,per_curiam,Per Curiam,5,0,0,1,5-0,True,False,False,[],[],,False,[],,186,case_order,1.0.0,2026-07-16T02:17:33.499425,0.8
2020-0297,2020-0297,['2020-0297'],,,,"Baboucar Taal v. St. Mary's Bank; Baboucar Taal v. Niederman, Stanzel and Lindsey & a.",https://www.courts.nh.gov/sites/g/files/ehbemt471/files/documents/2021-08/20200297.pdf,,2021-04-01,,2021,Superior Court,superior_court,,civil,standard,dismissed,per_curiam,Per Curiam,4,0,0,2,4-0,True,False,False,[],[],,False,[],,267,case_order,1.0.0,2026-07-16T02:17:33.984395,0.8
2020-0347,2020-0347,['2020-0347'],,,,In the Matter of Jacqueline Brown and Matthew Brown,https://www.courts.nh.gov/sites/g/files/ehbemt471/files/documents/2021-08/20200347.pdf,,2021-03-30,,2021,Circuit Court,circuit_court,Sadler,family/domestic,standard,affirmed_and_remanded,per_curiam,Per Curiam,0,0,0,6,N/A,False,False,False,['family_law'],[],,False,[],,186,case_order,1.0.0,2026-07-16T02:17:34.536964,0.8
2020-0228,2020-0228,['2020-0228'],,,,Appeal of Barbara French,https://www.courts.nh.gov/sites/g/files/ehbemt471/files/documents/2021-08/20200228.pdf,,2021-03-30,,2021,,,,civil,standard,reversed_and_remanded,per_curiam,Per Curiam,4,0,0,2,4-0,True,False,False,"['insurance', 'administrative_law', 'employment']","['RSA 281', 'RSA 541:13']",RSA 281,False,[],,1284,case_order,1.0.0,2026-07-16T02:17:37.248514,0.8
2019-0736,2019-0736,['2019-0736'],,,,State of New Hampshire v. Joshua Heredia,https://www.courts.nh.gov/sites/g/files/ehbemt471/files/documents/2021-08/20190736.pdf,,2021-03-24,,2021,"Superior Court (Anderson, J.)",superior_court,Anderson,criminal,standard,,per_curiam,Per Curiam,0,0,0,6,N/A,False,False,False,"['criminal', 'constitutional']","['RSA 631:2-a', 'RSA 651:6, I', 'RSA 644:1, I', 'RSA 644:1, IV', 'RSA 500-A:12, I', 'RSA 500']",RSA 631:2-a,False,[],,1320,case_order,1.0.0,2026-07-16T02:17:37.540242,0.8
2020-0197,2020-0197,['2020-0197'],,,,In the Matter of Rhonda Keogh and John Keogh,https://www.courts.nh.gov/sites/g/files/ehbemt471/files/documents/2021-08/20200197.pdf,,2021-03-23,,2021,"Circuit Court (Hall, J.)",circuit_court,Hall,family/domestic,standard,vacated,per_curiam,Per Curiam,0,0,0,6,N/A,False,False,False,"['family_law', 'property', 'employment']","['RSA 458-C:7, I', 'RSA 458-C', 'RSA 458-C:4, II', 'RSA 458-C:5, I', 'RSA 458-C:2, IV']","RSA 458-C:7, I",False,[],,1516,case_order,1.0.0,2026-07-16T02:17:38.133159,0.8
2020-0175,2020-0175,['2020-0175'],,,,In the Matter of Jessica Paquette and Gary Paquette,https://www.courts.nh.gov/sites/g/files/ehbemt471/files/documents/2021-08/20200175.pdf,,2021-03-22,,2021,,,,family/domestic,standard,vacated,per_curiam,Per Curiam,4,0,0,2,4-0,True,False,False,"['family_law', 'employment', 'tort', 'tax']","['RSA 458-C:7, I', 'RSA 458-C:7, II']","RSA 458-C:7, I",False,[],,1314,case_order,1.0.0,2026-07-16T02:17:38.308762,0.8
2020-0286,2020-0286,['2020-0286'],,,,State of New Hampshire v. Malachi Yahtues,https://www.courts.nh.gov/sites/g/files/ehbemt471/files/documents/2021-08/20200286.pdf,,2021-03-22,,2021,Superior Court,superior_court,Messer,criminal,standard,affirmed,per_curiam,Per Curiam,4,0,0,2,4-0,True,False,False,"['criminal', 'constitutional']","['RSA 159:3-a, I']","RSA 159:3-a, I",False,[],,949,case_order,1.0.0,2026-07-16T02:17:38.676276,0.8
2020-0266,2020-0266,['2020-0266'],,,,"Kim Thomas v. St. Joseph Hospital of Nashua, NH",https://www.courts.nh.gov/sites/g/files/ehbemt471/files/documents/2021-08/20200266.pdf,,2021-03-18,,2021,"Superior Court (Delker, J.)",superior_court,Delker,civil,standard,affirmed,per_curiam,Per Curiam,4,0,0,2,4-0,True,False,False,[],['RSA 519-C'],RSA 519-C,False,[],,181,case_order,1.0.0,2026-07-16T02:17:38.758345,0.8
2020-0132,2020-0132,['2020-0132'],,,,State of New Hampshire v. Marcie Janvrin,https://www.courts.nh.gov/sites/g/files/ehbemt471/files/documents/2021-08/20200132.pdf,,2021-03-18,,2021,,,,criminal,standard,,per_curiam,Per Curiam,0,0,0,6,N/A,False,False,False,"['criminal', 'constitutional']",[],,False,"['de_novo', 'clear_error']",,1262,case_order,1.0.0,2026-07-16T02:17:39.168200,0.8
2020-0294,2020-0294,['2020-0294'],,,,Alicia Wade v. Frisbie Memorial Hospital & a.,https://www.courts.nh.gov/sites/g/files/ehbemt471/files/documents/2021-08/20200294.pdf,,2021-03-18,,2021,"Superior Court (Howard, J.)",superior_court,Howard,civil,standard,affirmed,per_curiam,Per Curiam,4,0,0,2,4-0,True,False,False,"['civil_procedure', 'tort']","['RSA 508:4, I']","RSA 508:4, I",False,['de_novo'],,585,case_order,1.0.0,2026-07-16T02:17:39.444996,0.8
2020-0161,2020-0161,['2020-0161'],,,,In the Matter of William York and Margaret Couture,https://www.courts.nh.gov/sites/g/files/ehbemt471/files/documents/2021-08/20200161.pdf,,2021-03-18,,2021,,,,family/domestic,standard,affirmed,per_curiam,Per Curiam,4,0,0,2,4-0,True,False,False,"['family_law', 'property']","['RSA 458:16-a, II']","RSA 458:16-a, II",False,[],,572,case_order,1.0.0,2026-07-16T02:17:39.698696,0.8
2020-0317,2020-0317,['2020-0317'],,,,"Cynthia Mackillop v. Centennial View Child Care and Enrichment, LLC & a.",https://www.courts.nh.gov/sites/g/files/ehbemt471/files/documents/2021-08/20200317.pdf,,2021-03-18,,2021,Superior Court,superior_court,Bornstein,civil,standard,affirmed,per_curiam,Per Curiam,4,0,0,2,4-0,True,False,False,"['civil_procedure', 'tort']",['RSA 508:4'],RSA 508:4,False,[],,723,case_order,1.0.0,2026-07-16T02:17:40.011316,0.8
2020-0127,2020-0127,['2020-0127'],,,,State of New Hampshire v. Loretta A. Obi,https://www.courts.nh.gov/sites/g/files/ehbemt471/files/documents/2021-08/20200127.pdf,,2021-03-18,,2021,,administrative,,criminal,standard,affirmed,per_curiam,Per Curiam,4,0,0,2,4-0,True,False,False,[],[],,False,[],,95,case_order,1.0.0,2026-07-16T02:17:40.435404,0.8
2019-0156,2019-0156,['2019-0156'],,,,Katherine Frederick v. New Hampshire Department of Health and Human Services,https://www.courts.nh.gov/sites/g/files/ehbemt471/files/documents/2021-08/20190156.pdf,,2021-03-12,,2021,,administrative,,civil,standard,dismissed,per_curiam,Per Curiam,0,0,0,6,N/A,False,False,False,"['medicaid', 'administrative_law', 'employment']","['RSA 541-B', 'RSA 541-B:1, II']",RSA 541-B,False,[],,430,case_order,1.0.0,2026-07-16T02:17:40.949996,0.8
2019-0322,2019-0322,['2019-0322'],,,,State of New Hampshire v. Joshua Pouliot,https://www.courts.nh.gov/sites/g/files/ehbemt471/files/documents/2021-08/20190322.pdf,", among other things, that",2021-03-11,,2021,,,,criminal,standard,affirmed,per_curiam,Per Curiam,4,0,0,5,4-0,True,False,False,['criminal'],"['RSA 632-A:2', 'RSA 632-A:3']",RSA 632-A:2,False,[],,611,case_order,1.0.0,2026-07-16T02:17:41.542495,0.8
2019-0716,2019-0716,"['2019-0716', '2019-0299']",,,,Petition of New Hampshire Association of Nurse Anesthetists,https://www.courts.nh.gov/sites/g/files/ehbemt471/files/documents/2021-08/20190716.pdf,,2021-03-09,,2021,,administrative,,civil,standard,,per_curiam,Per Curiam,0,0,0,6,N/A,False,False,False,"['competency', 'administrative_law', 'civil_procedure', 'constitutional']","['RSA 329:24, I', 'RSA 541', 'RSA 541:3', 'RSA 541:2', 'RSA 329:1', 'RSA 326-B:11', 'RSA 329:1-aa', 'RSA 541-A:16, I', 'RSA 329', 'RSA 329:24, III']","RSA 329:24, I",False,[],,1346,case_order,1.0.0,2026-07-16T02:17:43.241025,0.8
2020-0330,2020-0330,['2020-0330'],,,,Khaled Abdel-Fattah v. Mark T. Eno,https://www.courts.nh.gov/sites/g/files/ehbemt471/files/documents/2021-08/20200330.pdf,,2021-03-02,,2021,,,,civil,standard,affirmed,per_curiam,Per Curiam,4,0,0,2,4-0,True,False,False,[],[],,False,[],,177,case_order,1.0.0,2026-07-16T02:17:44.472082,0.8
2020-0057,2020-0057,['2020-0057'],,,,"Arthur Cutter, Sr. & a. v. John Guiheen & a.",https://www.courts.nh.gov/sites/g/files/ehbemt471/files/documents/2021-08/20200057.pdf,,2021-03-02,,2021,"Superior Court (McNamara, J.)",superior_court,McNamara,civil,standard,affirmed,per_curiam,Per Curiam,4,0,0,2,4-0,True,False,False,"['property', 'contract']",[],,False,[],,1310,case_order,1.0.0,2026-07-16T02:17:44.906684,0.8
2020-0218,2020-0218,['2020-0218'],,,,Grace Woodham v. New Hampshire Fire Marshall & a.,https://www.courts.nh.gov/sites/g/files/ehbemt471/files/documents/2021-08/20200218.pdf,,2021-03-02,,2021,"Circuit Court (Boyle, J.)",circuit_court,Boyle,civil,standard,affirmed,per_curiam,Per Curiam,4,0,0,2,4-0,True,False,False,"['statutory_interpretation', 'constitutional']",[],,True,[],,322,case_order,1.0.0,2026-07-16T02:17:45.520797,0.8
2020-0221,2020-0221,['2020-0221'],,,,"Robert V. Towle v. Commissioner, New Hampshire Department of Corrections",https://www.courts.nh.gov/sites/g/files/ehbemt471/files/documents/2021-08/20200221.pdf,,2021-02-26,,2021,"Superior Court (Kissinger, J.)",superior_court,Kissinger,family/domestic,standard,affirmed,per_curiam,Per Curiam,4,0,0,2,4-0,True,False,False,"['family_law', 'statutory_interpretation']","['RSA 91-A', 'RSA 91-A:5, IV', 'RSA 91-A:4, I', 'RSA 91-A:5']",RSA 91-A,True,['de_novo'],,1051,case_order,1.0.0,2026-07-16T02:17:48.661907,0.8
2019-0516,2019-0516,['2019-0516'],,,,In the Matter of Michael Babineau and Jill Babineau,https://www.courts.nh.gov/sites/g/files/ehbemt471/files/documents/2021-08/20190516.pdf,,2021-02-26,,2021,,,,family/domestic,standard,affirmed,per_curiam,Per Curiam,4,0,0,2,4-0,True,False,False,"['family_law', 'property', 'employment', 'contract']",[],,False,['plain_error'],,605,case_order,1.0.0,2026-07-16T02:17:49.112546,0.8
2020-0215,2020-0215,['2020-0215'],,,,In the Matter of Brian Whyte and Rebecca Whyte,https://www.courts.nh.gov/sites/g/files/ehbemt471/files/documents/2021-08/20200215.pdf,,2021-02-26,,2021,"Circuit Court (Alfano, J.)",circuit_court,Alfano,family/domestic,standard,,per_curiam,Per Curiam,0,0,0,6,N/A,False,False,False,"['family_law', 'statutory_interpretation', 'property']",[],,True,[],,1420,case_order,1.0.0,2026-07-16T02:17:49.602561,0.8
2020-0242,2020-0242,['2020-0242'],,,,Alyssa Pittera v. Taylor Mauck,https://www.courts.nh.gov/sites/g/files/ehbemt471/files/documents/2021-08/20200242.pdf,,2021-02-25,,2021,"Circuit Court (LeFrancois, J.)",circuit_court,LeFrancois,civil,standard,dismissed,per_curiam,Per Curiam,4,0,0,2,4-0,True,False,False,"['civil_procedure', 'property', 'contract']","['RSA 540-A:4', 'RSA 540-A:3, II', 'RSA 540-A:4, IX', 'RSA 540-A:4, V', 'RSA 540-B:1']",RSA 540-A:4,False,['de_novo'],,598,case_order,1.0.0,2026-07-16T02:17:50.227781,0.8
2020-0059,2020-0059,['2020-0059'],,,,In the Matter of Melissa McCauley and Richard McCauley,https://www.courts.nh.gov/sites/g/files/ehbemt471/files/documents/2021-08/20200059.pdf,,2021-02-25,,2021,,,,family/domestic,standard,affirmed,per_curiam,Per Curiam,4,0,0,2,4-0,True,False,False,"['administrative_law', 'family_law', 'property', 'employment']",[],,False,['plain_error'],,1183,case_order,1.0.0,2026-07-16T02:17:50.406917,0.8
2020-0243,2020-0243,['2020-0243'],,,,John Doe v. Department of Safety,https://www.courts.nh.gov/sites/g/files/ehbemt471/files/documents/2021-08/20200243.pdf,,2021-02-25,,2021,,,,criminal,standard,affirmed,per_curiam,Per Curiam,4,0,0,2,4-0,True,False,False,"['criminal', 'administrative_law']","['RSA 541', 'RSA 21-P:13, II', 'RSA 541:13', 'RSA 541:3']",RSA 541,False,[],,1205,case_order,1.0.0,2026-07-16T02:17:50.562279,0.8
2020-0191,2020-0191,['2020-0191'],,,,In the Matter of Paul Hunt and Rachael Hunt,https://www.courts.nh.gov/sites/g/files/ehbemt471/files/documents/2021-08/20200191.pdf,,2021-02-25,,2021,,administrative,,family/domestic,standard,affirmed,per_curiam,Per Curiam,4,0,0,2,4-0,True,False,False,[],[],,False,[],,95,case_order,1.0.0,2026-07-16T02:17:50.619981,0.8
2019-0622,2019-0622,['2019-0622'],,,,Appeal of JoAnn Hoff,https://www.courts.nh.gov/sites/g/files/ehbemt471/files/documents/2021-08/20190622.pdf,,2021-02-24,,2021,,administrative,,civil,standard,vacated,per_curiam,Per Curiam,0,0,0,6,N/A,False,False,False,"['insurance', 'administrative_law', 'employment', 'tax']","['RSA 281-A:48', 'RSA 281-A:28', 'RSA 281-A:38', 'RSA 281', 'RSA 541:13', 'RSA 281-A:48, I']",RSA 281-A:48,False,['de_novo'],,1369,case_order,1.0.0,2026-07-16T02:17:50.805155,0.8
2019-0287,2019-0287,['2019-0287'],,,,R. Kenneth Connolly & a. v. Town of Madison,https://www.courts.nh.gov/sites/g/files/ehbemt471/files/documents/2021-08/20190287.pdf,,2021-02-23,,2021,"Superior Court (Ignatius, J.)",superior_court,Ignatius,civil,standard,,per_curiam,Per Curiam,0,0,0,6,N/A,False,False,False,"['statutory_interpretation', 'property']","['RSA 674:33, I']","RSA 674:33, I",True,['de_novo'],,1309,case_order,1.0.0,2026-07-16T02:17:50.981157,0.8
2020-0177,2020-0177,['2020-0177'],,,,"Julia McLaughlin v. Leonard Jones, III",https://www.courts.nh.gov/sites/g/files/ehbemt471/files/documents/2021-08/20200177.pdf,,2021-02-17,,2021,"Circuit Court (Kelly, J.)",circuit_court,Kelly,civil,standard,reversed,per_curiam,Per Curiam,4,0,0,2,4-0,True,False,False,"['civil_procedure', 'contract']","['RSA 508:4, I', 'RSA 506:2', 'RSA 503', 'RSA 503:2']","RSA 508:4, I",False,[],,1106,case_order,1.0.0,2026-07-16T02:17:51.138968,0.8
2019-0756,2019-0756,['2019-0756'],,,,State of New Hampshire v. James Michael Dow,https://www.courts.nh.gov/sites/g/files/ehbemt471/files/documents/2021-08/20190756.pdf,,2021-02-17,,2021,"Superior Court (Delker, J.)",superior_court,Delker,criminal,standard,affirmed,per_curiam,Per Curiam,4,0,0,2,4-0,True,False,False,"['criminal', 'property']","['RSA 631:2-a', 'RSA 631:4', 'RSA 627:8', 'RSA 450:2']",RSA 631:2-a,False,['de_novo'],,791,case_order,1.0.0,2026-07-16T02:17:51.563282,0.8
2020-0152,2020-0152,"['2020-0152', '2019-0390']",,,,In the Matter of Vivian Silva and Robert Silva,https://www.courts.nh.gov/sites/g/files/ehbemt471/files/documents/2021-08/20200152.pdf,,2021-02-16,,2021,Circuit Court,circuit_court,Introcaso,family/domestic,standard,vacated,per_curiam,Per Curiam,3,0,0,3,3-0,True,False,False,"['family_law', 'employment', 'tax']","['RSA 458-C:5, I', 'RSA 458-C:4, II', 'RSA 458-C:5']","RSA 458-C:5, I",False,[],,629,case_order,1.0.0,2026-07-16T02:17:51.994305,0.8
2020-0189,2020-0189,['2020-0189'],,,,State of New Hampshire v. Stephen Bassett,https://www.courts.nh.gov/sites/g/files/ehbemt471/files/documents/2021-08/20200189.pdf,,2021-02-16,,2021,,,,criminal,standard,,per_curiam,Per Curiam,0,0,0,6,N/A,False,False,False,"['criminal', 'property', 'evidence']","['RSA 635:2', 'RSA 635:2, III']",RSA 635:2,False,['de_novo'],,1454,case_order,1.0.0,2026-07-16T02:17:52.577619,0.8
2019-0701,2019-0701,['2019-0701'],,,,State of New Hampshire v. Jesse Warren,https://www.courts.nh.gov/sites/g/files/ehbemt471/files/documents/2021-08/20190701.pdf,,2021-01-29,,2021,"Superior Court (St. Hilaire, J.)",superior_court,St. Hilaire,criminal,standard,vacated,per_curiam,Per Curiam,4,0,0,2,4-0,True,False,False,['criminal'],"['RSA 599:1', 'RSA 263:1', 'RSA 263:64']",RSA 599:1,False,['de_novo'],,224,case_order,1.0.0,2026-07-16T02:17:53.191515,0.8
2020-0070,2020-0070,['2020-0070'],,,,In the Matter of Daniel Lovejoy and Brittany Lovejoy,https://www.courts.nh.gov/sites/g/files/ehbemt471/files/documents/2021-08/20200070.pdf,,2021-01-29,,2021,"Circuit Court (DalPra, M., approved by Derby, J.) in her divorce",circuit_court,"DalPra, M., approved by Derby",family/domestic,standard,,per_curiam,Per Curiam,0,0,0,6,N/A,False,False,False,"['insurance', 'family_law', 'statutory_interpretation', 'tax']","['RSA 461', 'RSA 461-A:6, I', 'RSA 461-A:11, I', 'RSA 458-C:4, II']",RSA 461,True,[],,1457,case_order,1.0.0,2026-07-16T02:17:56.083357,0.8
2019-0528,2019-0528,['2019-0528'],,,,State of New Hampshire v. Scott Traudt,https://www.courts.nh.gov/sites/g/files/ehbemt471/files/documents/2021-08/20190528.pdf,,2021-01-26,,2021,"Superior Court (Bornstein, J.)",superior_court,Bornstein,criminal,standard,,per_curiam,Per Curiam,0,0,0,6,N/A,False,False,False,"['criminal', 'civil_procedure', 'statutory_interpretation', 'constitutional']","['RSA 631:2-a, I', 'RSA 651:6, I', 'RSA 644:2, II', 'RSA 526:4', 'RSA 526:1', 'RSA 526']","RSA 631:2-a, I",True,[],,1458,case_order,1.0.0,2026-07-16T02:17:56.304519,0.8
2019-0706,2019-0706,['2019-0706'],,,,State of New Hampshire v. Frank Kervin,https://www.courts.nh.gov/sites/g/files/ehbemt471/files/documents/2021-08/20190706.pdf,,2021-01-21,,2021,"Superior Court (St. Hilaire, J.)",superior_court,St. Hilaire,criminal,standard,affirmed,per_curiam,Per Curiam,4,0,0,2,4-0,True,False,False,['criminal'],"['RSA 631:3', 'RSA 631:4, I', 'RSA 264:25']",RSA 631:3,False,['plain_error'],,792,case_order,1.0.0,2026-07-16T02:17:56.650697,0.8
2019-0545,2019-0545,['2019-0545'],,,,"City of Berlin v. Loveland Lineage, LLC & a.",https://www.courts.nh.gov/sites/g/files/ehbemt471/files/documents/2021-08/20190545.pdf,,2021-01-19,,2021,Superior Court,superior_court,Bornstein,civil,standard,dismissed,per_curiam,Per Curiam,4,0,0,2,4-0,True,False,False,"['administrative_law', 'property']","['RSA 147:4', 'RSA 155-B:2', 'RSA 676:17', 'RSA 155-B:5', 'RSA 676:17-a, VI', 'RSA 155-B:9', 'RSA 676:17-a, VIII', 'RSA 155-B:15', 'RSA 676:17-a, X']",RSA 147:4,False,[],,751,case_order,1.0.0,2026-07-16T02:17:57.071129,0.8
2020-0013,2020-0013,['2020-0013'],,,,John Lukens v. Kevin Quigley & a.,https://www.courts.nh.gov/sites/g/files/ehbemt471/files/documents/2021-08/20200013.pdf,,2021-01-15,,2021,Circuit Court,circuit_court,,civil,standard,,per_curiam,Per Curiam,0,0,0,6,N/A,False,False,False,"['statutory_interpretation', 'property', 'contract']","['RSA 540:13', 'RSA 540:13-a', 'RSA 540:13-d', 'RSA 540-A:2', 'RSA 540-A:4, IX', 'RSA 358-A:10, I']",RSA 540:13,True,"['de_novo', 'plain_error']",,1605,case_order,1.0.0,2026-07-16T02:17:57.604805,0.8
2020-0100,2020-0100,['2020-0100'],,,,Dale Mansfield & a. v. Ronald Arsenault & a.,https://www.courts.nh.gov/sites/g/files/ehbemt471/files/documents/2021-08/20200100.pdf,,2021-01-08,,2021,"Superior Court (Howard, J.)",superior_court,Howard,civil,standard,,per_curiam,Per Curiam,0,0,0,6,N/A,False,False,False,"['civil_procedure', 'statutory_interpretation', 'constitutional', 'tort']",[],,True,[],,1365,case_order,1.0.0,2026-07-16T02:17:58.227624,0.8
2022-0245,2022-0245,['2022-0245'],,,,State of New Hampshire v. Devon R. Dukelow,https://www.courts.nh.gov/sites/g/files/ehbemt471/files/documents/2023-02/20220245.pdf,,2022-12-29,,2022,"Circuit Court (Quigley, J.)",circuit_court,Quigley,criminal,standard,affirmed,per_curiam,Per Curiam,5,0,0,1,5-0,True,False,False,"['criminal', 'tort']",[],,False,['de_novo'],,671,case_order,1.0.0,2026-07-16T02:17:58.501492,0.8
2022-0028,2022-0028,['2022-0028'],,,,In the Matter of Stacey Spewock and Scott Spewock,https://www.courts.nh.gov/sites/g/files/ehbemt471/files/documents/2023-02/20220028.pdf,,2022-12-29,,2022,Circuit Court,circuit_court,Weaver,family/domestic,standard,affirmed,per_curiam,Per Curiam,5,0,0,1,5-0,True,False,False,['family_law'],"['RSA 458:19-a', 'RSA 458:19-aa, X']",RSA 458:19-a,False,[],,912,case_order,1.0.0,2026-07-16T02:17:58.655647,0.8
2022-0105,2022-0105,['2022-0105'],,,,Mark R. Acciard & a. v. The Trainito Family Real Estate Trust of 2021 & a.,https://www.courts.nh.gov/sites/g/files/ehbemt471/files/documents/2023-02/20220105.pdf,,2022-12-28,,2022,,,,civil,standard,dismissed,per_curiam,Per Curiam,5,0,0,1,5-0,True,False,False,"['civil_procedure', 'statutory_interpretation']",[],,True,['de_novo'],,473,case_order,1.0.0,2026-07-16T02:17:58.832847,0.8
2022-0056,2022-0056,['2022-0056'],,,,In the Matter of Theresa Rubin and James Rubin,https://www.courts.nh.gov/sites/g/files/ehbemt471/files/documents/2023-02/20220056.pdf,,2022-12-28,,2022,"Circuit Court (Weaver, J.)",circuit_court,Weaver,family/domestic,standard,affirmed,per_curiam,Per Curiam,5,0,0,1,5-0,True,False,False,['family_law'],[],,False,[],,414,case_order,1.0.0,2026-07-16T02:17:58.934009,0.8
2022-0072,2022-0072,['2022-0072'],,,,Heather Caswell v. Victor Ganobi,https://www.courts.nh.gov/sites/g/files/ehbemt471/files/documents/2023-02/20220072.pdf,,2022-12-27,,2022,Circuit Court,circuit_court,Lyons,civil,standard,affirmed,per_curiam,Per Curiam,5,0,0,1,5-0,True,False,False,['statutory_interpretation'],['RSA 540-A'],RSA 540-A,True,['de_novo'],,236,case_order,1.0.0,2026-07-16T02:17:59.017946,0.8
2022-0190,2022-0190,['2022-0190'],,,,In re Name Change of Claire Bergeron,https://www.courts.nh.gov/sites/g/files/ehbemt471/files/documents/2023-02/20220190.pdf,,2022-12-09,,2022,"Circuit Court (O’Neill, J.)",circuit_court,O’Neill,civil,standard,affirmed,per_curiam,Per Curiam,5,0,0,1,5-0,True,False,False,[],[],,False,['de_novo'],,697,case_order,1.0.0,2026-07-16T02:17:59.173546,0.8
2022-0195,2022-0195,['2022-0195'],,,,Eliance Felix & a. v. Interinsurance Exchange of The Automobile Club,https://www.courts.nh.gov/sites/g/files/ehbemt471/files/documents/2023-02/20220195.pdf,,2022-12-09,,2022,"Superior Court (Nicolosi, J.)",superior_court,Nicolosi,civil,standard,affirmed,per_curiam,Per Curiam,5,0,0,1,5-0,True,False,False,"['insurance', 'civil_procedure']",[],,False,[],,163,case_order,1.0.0,2026-07-16T02:17:59.264514,0.8
2021-0432,2021-0432,['2021-0432'],,,,State of New Hampshire v. Therese M. Davis,https://www.courts.nh.gov/sites/g/files/ehbemt471/files/documents/2023-02/20210432.pdf,,2022-12-08,,2022,Circuit Court,circuit_court,Steckowych,criminal,standard,affirmed,per_curiam,Per Curiam,5,0,0,1,5-0,True,False,False,"['criminal', 'statutory_interpretation', 'evidence', 'DWI']","['RSA 631:2-a, I']","RSA 631:2-a, I",True,['plain_error'],,827,case_order,1.0.0,2026-07-16T02:17:59.452208,0.8
2021-0506,2021-0506,['2021-0506'],,,,Gaetane Benner v. Claudette Grenier,https://www.courts.nh.gov/sites/g/files/ehbemt471/files/documents/2022-12/20210506.pdf,,2022-12-01,,2022,Superior Court,superior_court,Nicolosi,civil,standard,dismissed,per_curiam,Per Curiam,0,0,0,5,N/A,False,False,False,"['property', 'contract', 'tax']","['RSA 547:3, I', 'RSA 547:3-l', 'RSA 491:7']","RSA 547:3, I",False,['de_novo'],,1241,case_order,1.0.0,2026-07-16T02:17:59.809508,0.8
2022-0090,2022-0090,['2022-0090'],,,,Appeal of Edward William DuClos,https://www.courts.nh.gov/sites/g/files/ehbemt471/files/documents/2023-01/20220090.pdf,,2022-11-30,,2022,,,,civil,standard,affirmed,per_curiam,Per Curiam,4,0,0,2,4-0,True,False,False,['DWI'],['RSA 265-A:36-a'],RSA 265-A:36-a,False,[],,153,case_order,1.0.0,2026-07-16T02:18:00.236083,0.8
2022-0031,2022-0031,['2022-0031'],,,,State of New Hampshire v. Joshua Andrew Howard,https://www.courts.nh.gov/sites/g/files/ehbemt471/files/documents/2023-01/20220031.pdf,,2022-11-30,,2022,"Circuit Court (Murray, J.)",circuit_court,Murray,criminal,standard,affirmed,per_curiam,Per Curiam,5,0,0,1,5-0,True,False,False,['criminal'],"['RSA 263:1', 'RSA 263:25']",RSA 263:1,False,[],,631,case_order,1.0.0,2026-07-16T02:18:00.772975,0.8
2022-0123,2022-0123,['2022-0123'],,,,Truist Bank & a. v. Samson Duclair & a.,https://www.courts.nh.gov/sites/g/files/ehbemt471/files/documents/2023-01/20220123.pdf,,2022-11-30,,2022,"Superior Court (Wageling and Ruoff, JJ.)",superior_court,,civil,standard,affirmed,per_curiam,Per Curiam,5,0,0,1,5-0,True,False,False,[],"['RSA 524:6-a', 'RSA 293', 'RSA 490:14-a']",RSA 524:6-a,False,['de_novo'],,574,case_order,1.0.0,2026-07-16T02:18:01.406454,0.8
2022-0213,2022-0213,['2022-0213'],,,,Allan Lewis v. Christine Hogan & a.,https://www.courts.nh.gov/sites/g/files/ehbemt471/files/documents/2023-01/20220213.pdf,,2022-11-29,,2022,"Superior Court (Howard, J.)",superior_court,Howard,civil,standard,dismissed,per_curiam,Per Curiam,4,0,0,2,4-0,True,False,False,['civil_procedure'],[],,False,[],,209,case_order,1.0.0,2026-07-16T02:18:01.482723,0.8
2022-0024,2022-0024,['2022-0024'],,,,In the Matter of George McAlpin and Susan McAlpin,https://www.courts.nh.gov/sites/g/files/ehbemt471/files/documents/2023-01/20220024.pdf,,2022-11-29,,2022,"Circuit Court (Hall, J.)",circuit_court,Hall,family/domestic,standard,affirmed,per_curiam,Per Curiam,5,0,0,1,5-0,True,False,False,['family_law'],"['RSA 461-A:2, I', 'RSA 461-A:11, I']","RSA 461-A:2, I",False,[],,573,case_order,1.0.0,2026-07-16T02:18:04.911297,0.8
2022-0185,2022-0185,['2022-0185'],,,,Nancy Pratt v. Linda Sanborn & a.,https://www.courts.nh.gov/sites/g/files/ehbemt471/files/documents/2023-01/20220185.pdf,,2022-11-29,,2022,,,,civil,standard,affirmed,per_curiam,Per Curiam,5,0,0,1,5-0,True,False,False,"['insurance', 'civil_procedure', 'contract']",[],,False,[],,186,case_order,1.0.0,2026-07-16T02:18:05.245994,0.8
2022-0288,2022-0288,['2022-0288'],,,,Matthew Pepler v. Said Yahyapour & a.,https://www.courts.nh.gov/sites/g/files/ehbemt471/files/documents/2023-01/20220288.pdf,,2022-11-29,,2022,,,,civil,standard,affirmed,per_curiam,Per Curiam,5,0,0,1,5-0,True,False,False,[],[],,False,[],,239,case_order,1.0.0,2026-07-16T02:18:06.191313,0.8
2022-0109,2022-0109,['2022-0109'],,,,B&B Auto and RV v. Paul Poulos,https://www.courts.nh.gov/sites/g/files/ehbemt471/files/documents/2023-01/20220109.pdf,,2022-11-29,,2022,,,,civil,standard,affirmed,per_curiam,Per Curiam,5,0,0,1,5-0,True,False,False,[],[],,False,[],,131,case_order,1.0.0,2026-07-16T02:18:06.237209,0.8
2022-0205,2022-0205,['2022-0205'],,,,K.C. v. M.C.,https://www.courts.nh.gov/sites/g/files/ehbemt471/files/documents/2023-01/20220205.pdf,,2022-11-29,,2022,"Circuit Court (Cross, J.)",circuit_court,Cross,family/domestic,standard,affirmed,per_curiam,Per Curiam,5,0,0,1,5-0,True,False,False,"['criminal', 'family_law', 'domestic_violence']","['RSA 173-B:5', 'RSA 173-B:5, I', 'RSA 173-B:1, I', 'RSA 631:4', 'RSA 173-B:3, VI', 'RSA 173-B1, I']",RSA 173-B:5,False,[],,808,case_order,1.0.0,2026-07-16T02:18:08.841188,0.8
2022-0039,2022-0039,['2022-0039'],,,,"Crossings at Sleepy Hollow Cooperative, Inc. v. Town of Newmarket",https://www.courts.nh.gov/sites/g/files/ehbemt471/files/documents/2023-01/20220039.pdf,,2022-11-29,,2022,"Superior Court (Ignatius, J.)",superior_court,Ignatius,civil,standard,affirmed,per_curiam,Per Curiam,5,0,0,1,5-0,True,False,False,"['statutory_interpretation', 'property', 'tax']","['RSA 76:17', 'RSA 75:1', 'RSA 76:16', 'RSA 76:16, I', 'RSA 75:1-a']",RSA 76:17,True,[],,1213,case_order,1.0.0,2026-07-16T02:18:09.165663,0.8
2022-0037,2022-0037,['2022-0037'],,,,"In re Estate of Chester L. Gray, Jr.",https://www.courts.nh.gov/sites/g/files/ehbemt471/files/documents/2023-01/20220037.pdf,,2022-11-28,,2022,,administrative,,civil,standard,affirmed,per_curiam,Per Curiam,5,0,0,1,5-0,True,False,False,[],[],,False,[],,103,case_order,1.0.0,2026-07-16T02:18:09.487579,0.8
2022-0345,2022-0345,['2022-0345'],,,,K.H. v. D.P.,https://www.courts.nh.gov/sites/g/files/ehbemt471/files/documents/2023-01/20220345.pdf,,2022-11-16,,2022,"Circuit Court (Pendleton, J.)",circuit_court,Pendleton,family/domestic,standard,affirmed,per_curiam,Per Curiam,4,0,0,2,4-0,True,False,False,"['criminal', 'employment', 'domestic_violence']","['RSA 173-B:5', 'RSA 173-B:5, I', 'RSA 173-B:1, I', 'RSA 173-B:3, VI', 'RSA 633:3-a', 'RSA 633:1', 'RSA 633:3-a, I', 'RSA 633:3-a, II', 'RSA 644:4, II', 'RSA 633:3-']",RSA 173-B:5,False,[],,1361,case_order,1.0.0,2026-07-16T02:18:09.923442,0.8
2021-0294,2021-0294,['2021-0294'],,,,In the Matter of Gina DeSantis and Troy Cowell,https://www.courts.nh.gov/sites/g/files/ehbemt471/files/documents/2022-11/20210294.pdf,,2022-11-16,,2022,"Circuit Court (Forrest, J.)",circuit_court,Forrest,family/domestic,standard,,per_curiam,Per Curiam,0,0,0,5,N/A,False,False,False,"['family_law', 'constitutional']","['RSA 461-A:6', 'RSA 461-A:13, II', 'RSA 458:17, VI', 'RSA 461-A:6, V', 'RSA 461-A:20', 'RSA 461']",RSA 461-A:6,False,['de_novo'],,1295,case_order,1.0.0,2026-07-16T02:18:10.430332,0.8
2022-0429,2022-0429,['2022-0429'],,,,N.D. v. C.N.,https://www.courts.nh.gov/sites/g/files/ehbemt471/files/documents/2023-01/20220429.pdf,,2022-11-15,,2022,,administrative,,family/domestic,standard,affirmed,per_curiam,Per Curiam,5,0,0,1,5-0,True,False,False,"['evidence', 'domestic_violence']","['RSA 173-B:3, VIII', 'RSA 173-B', 'RSA 633:3-a, III']","RSA 173-B:3, VIII",False,[],,268,case_order,1.0.0,2026-07-16T02:18:11.046155,0.8
2022-0166,2022-0166,['2022-0166'],,,,Appeal of Todd McIntire & a.,https://www.courts.nh.gov/sites/g/files/ehbemt471/files/documents/2022-11/20220166.pdf,,2022-11-15,,2022,,administrative,,civil,standard,affirmed,per_curiam,Per Curiam,5,0,0,1,5-0,True,False,False,"['administrative_law', 'property']","['RSA 541:13', 'RSA 21-O:14, III', 'RSA 21-O:14, I', 'RSA 541:14']",RSA 541:13,False,['de_novo'],,902,case_order,1.0.0,2026-07-16T02:18:11.186408,0.8
2021-0583,2021-0583,['2021-0583'],,,,"Charles Perry, Jr. v. PJ Simmons & a.",https://www.courts.nh.gov/sites/g/files/ehbemt471/files/documents/2023-01/20210583.pdf,,2022-11-14,,2022,,administrative,,civil,standard,affirmed,per_curiam,Per Curiam,5,0,0,1,5-0,True,False,False,[],[],,False,[],,98,case_order,1.0.0,2026-07-16T02:18:11.252919,0.8
2022-0036,2022-0036,['2022-0036'],,,,"Mason Road, LLC v. Heather Kelly Melvin",https://www.courts.nh.gov/sites/g/files/ehbemt471/files/documents/2023-01/20220036.pdf,,2022-11-10,,2022,,administrative,,civil,standard,affirmed,per_curiam,Per Curiam,5,0,0,1,5-0,True,False,False,[],[],,False,[],,208,case_order,1.0.0,2026-07-16T02:18:11.330230,0.8
2021-0233,2021-0233,['2021-0233'],,,,In the Matter of Ashleigh Lombardo and Gregory Lombardo,https://www.courts.nh.gov/sites/g/files/ehbemt471/files/documents/2023-01/20210233.pdf,,2022-10-28,,2022,,administrative,,family/domestic,standard,affirmed,per_curiam,Per Curiam,5,0,0,1,5-0,True,False,False,[],[],,False,[],,99,case_order,1.0.0,2026-07-16T02:18:11.386364,0.8
2021-0384,2021-0384,['2021-0384'],,,,In the Matter of Matthew Pelissier and Jennifer Reeves,https://www.courts.nh.gov/sites/g/files/ehbemt471/files/documents/2023-01/20210384.pdf,,2022-10-27,,2022,"Circuit Court (Colligan, R., approved by Quigley, J.), following multiple hearings.",circuit_court,"Colligan, R., approved by Quigley",civil,standard,affirmed,per_curiam,Per Curiam,5,0,0,1,5-0,True,False,False,['employment'],[],,False,[],,189,case_order,1.0.0,2026-07-16T02:18:11.459385,0.8
2021-0530,2021-0530,['2021-0530'],,,,In the Matter of Michelle McKinnon and James McKinnon,https://www.courts.nh.gov/sites/g/files/ehbemt471/files/documents/2023-01/20210530.pdf,,2022-10-27,,2022,"Circuit Court (Alfano, J.)",circuit_court,Alfano,family/domestic,standard,,per_curiam,Per Curiam,0,0,0,5,N/A,False,False,False,"['family_law', 'property']","['RSA 458:19-a, II', 'RSA 458:19-a, I', 'RSA 458:16-', 'RSA 458:16-a, II']","RSA 458:19-a, II",False,[],,1445,case_order,1.0.0,2026-07-16T02:18:11.633514,0.8
2021-0549,2021-0549,['2021-0549'],,,,In the Matter of Michael Dalton and Mindy Hardy,https://www.courts.nh.gov/sites/g/files/ehbemt471/files/documents/2023-01/20210549.pdf,,2022-10-27,,2022,"Circuit Court (Lown, J.)",circuit_court,Lown,family/domestic,standard,affirmed,per_curiam,Per Curiam,5,0,0,1,5-0,True,False,False,['family_law'],[],,False,[],,169,case_order,1.0.0,2026-07-16T02:18:11.698934,0.8
2021-0446,2021-0446,['2021-0446'],,,,In re Estate of Patricia J. Santos,https://www.courts.nh.gov/sites/g/files/ehbemt471/files/documents/2023-01/20210446.pdf,,2022-10-19,,2022,,,Leonard,civil,standard,affirmed,per_curiam,Per Curiam,5,0,0,1,5-0,True,False,False,"['civil_procedure', 'tort']",['RSA 567-A:4'],RSA 567-A:4,False,[],,590,case_order,1.0.0,2026-07-16T02:18:11.821547,0.8
2021-0433,2021-0433,['2021-0433'],,,,In the Matter of Gina Knott and Brian Glaski,https://www.courts.nh.gov/sites/g/files/ehbemt471/files/documents/2023-01/20210433.pdf,,2022-10-18,,2022,"Circuit Court (Garner, J.)",circuit_court,Garner,family/domestic,standard,affirmed,per_curiam,Per Curiam,5,0,0,1,5-0,True,False,False,['family_law'],[],,False,[],,531,case_order,1.0.0,2026-07-16T02:18:11.942264,0.8
2022-0189,2022-0189,['2022-0189'],,,,"Doreen M. Erickson & a. v. Kysa Crusco, Esq.",https://www.courts.nh.gov/sites/g/files/ehbemt471/files/documents/2023-01/20220189.pdf,,2022-10-18,,2022,"Superior Court (Tucker, J.)",superior_court,Tucker,family/domestic,standard,affirmed,per_curiam,Per Curiam,5,0,0,1,5-0,True,False,False,"['administrative_law', 'family_law', 'civil_procedure']",['RSA 490:26-g'],RSA 490:26-g,False,[],,683,case_order,1.0.0,2026-07-16T02:18:12.083344,0.8
2022-0023,2022-0023,['2022-0023'],,,,In the Matter of Robert Ansin and Christine Ansin,https://www.courts.nh.gov/sites/g/files/ehbemt471/files/documents/2023-01/20220023.pdf,,2022-10-18,,2022,"Circuit Court (Alfano, J.)",circuit_court,Alfano,family/domestic,standard,dismissed,per_curiam,Per Curiam,4,0,0,2,4-0,True,False,False,"['family_law', 'contract']",['RSA 460:2-a'],RSA 460:2-a,False,[],,572,case_order,1.0.0,2026-07-16T02:18:12.314333,0.8
2021-0399,2021-0399,['2021-0399'],,,,Brandywyne Common Condominium v. Weixing V. Wang,https://www.courts.nh.gov/sites/g/files/ehbemt471/files/documents/2023-01/20210399.pdf,,2022-10-18,,2022,Superior Court,superior_court,Honigberg,civil,standard,affirmed,per_curiam,Per Curiam,5,0,0,1,5-0,True,False,False,"['civil_procedure', 'contract', 'tax']",[],,False,['de_novo'],,554,case_order,1.0.0,2026-07-16T02:18:12.666523,0.8
2022-0100,2022-0100,['2022-0100'],,,,"Donato J. Dandreo, III & a. v. Town of Salem & a.",https://www.courts.nh.gov/sites/g/files/ehbemt471/files/documents/2023-01/20220100.pdf,,2022-10-18,,2022,,administrative,,civil,standard,affirmed,per_curiam,Per Curiam,3,0,0,3,3-0,True,False,False,[],[],,False,[],,96,case_order,1.0.0,2026-07-16T02:18:13.206865,0.8
2021-0449,2021-0449,['2021-0449'],,,,Lola Pelletier v. Karen Simpson,https://www.courts.nh.gov/sites/g/files/ehbemt471/files/documents/2023-01/20210449.pdf,,2022-10-18,,2022,,administrative,,civil,standard,dismissed,per_curiam,Per Curiam,5,0,0,1,5-0,True,False,False,['civil_procedure'],[],,False,[],,116,case_order,1.0.0,2026-07-16T02:18:13.847645,0.8
2021-0271,2021-0271,['2021-0271'],,,,Lise Mahoney & a. v. Samantha L. Anderson & a.,https://www.courts.nh.gov/sites/g/files/ehbemt471/files/documents/2022-10/20210271.pdf,,2022-10-18,,2022,"Superior Court (St. Hilaire, J.)",superior_court,St. Hilaire,family/domestic,standard,vacated,per_curiam,Per Curiam,0,0,0,5,N/A,False,False,False,"['civil_procedure', 'property', 'domestic_violence']",[],,False,[],,1258,case_order,1.0.0,2026-07-16T02:18:17.016981,0.8
2021-0557,2021-0557,['2021-0557'],,,,Katherine Spaulding v. Harold Ekstrom,https://www.courts.nh.gov/sites/g/files/ehbemt471/files/documents/2023-01/20210557.pdf,,2022-10-17,,2022,,administrative,,civil,standard,affirmed,per_curiam,Per Curiam,5,0,0,1,5-0,True,False,False,[],[],,False,[],,110,case_order,1.0.0,2026-07-16T02:18:17.212123,0.8
2021-0467,2021-0467,['2021-0467'],,,,"Deborah Southwell v. Demoulas Super Markets, Inc.",https://www.courts.nh.gov/sites/g/files/ehbemt471/files/documents/2023-01/20210467.pdf,,2022-10-17,,2022,"Superior Court (Leonard, J.)",superior_court,Leonard,civil,standard,affirmed,per_curiam,Per Curiam,5,0,0,1,5-0,True,False,False,[],[],,False,[],,206,case_order,1.0.0,2026-07-16T02:18:17.542645,0.8
2022-0290,2022-0290,['2022-0290'],,,,M.N. v. J.N.,https://www.courts.nh.gov/sites/g/files/ehbemt471/files/documents/2023-01/20220290.pdf,,2022-10-17,,2022,"Circuit Court (Pendleton, J.)",circuit_court,Pendleton,family/domestic,standard,reversed,per_curiam,Per Curiam,5,0,0,1,5-0,True,False,False,['domestic_violence'],"['RSA 173-B:5, VI']","RSA 173-B:5, VI",False,[],,602,case_order,1.0.0,2026-07-16T02:18:17.965247,0.8
2021-0491,2021-0491,['2021-0491'],,,,In the Matter of Julie Adamson and Alexander Adamson,https://www.courts.nh.gov/sites/g/files/ehbemt471/files/documents/2023-01/20210491.pdf,,2022-10-14,,2022,"Circuit Court (Forrest, J.)",circuit_court,Forrest,family/domestic,standard,affirmed,per_curiam,Per Curiam,5,0,0,1,5-0,True,False,False,"['insurance', 'family_law', 'property', 'employment']","['RSA 458:16-a, II', 'RSA 458:16-a']","RSA 458:16-a, II",False,[],,1308,case_order,1.0.0,2026-07-16T02:18:18.500326,0.8
2021-0576,2021-0576,['2021-0576'],,,,"The Bibbo Poulin Revocable Trust v. Nestle Waters North America, Inc.",https://www.courts.nh.gov/sites/g/files/ehbemt471/files/documents/2022-10/20210576.pdf,,2022-10-13,,2022,"Superior Court (Schulman, J.)",superior_court,Schulman,civil,standard,dismissed,per_curiam,Per Curiam,5,0,0,1,5-0,True,False,False,"['civil_procedure', 'contract']",[],,False,[],,676,case_order,1.0.0,2026-07-16T02:18:19.146994,0.8
2021-0030,20210030,['2021-0030'],,,,"No. 2021-0030, In the Matter of Richard McMenamon and Eileen Rispoli",https://www.courts.nh.gov/sites/g/files/ehbemt471/files/documents/2023-01/20210030.pdf,,2022-10-05,,2022,,administrative,,civil,standard,dismissed,per_curiam,Per Curiam,4,0,0,2,4-0,True,False,False,[],[],,False,[],,124,case_order,1.0.0,2026-07-16T02:18:19.213418,0.8
2021-0490,2021-0490,['2021-0490'],,,,State of New Hampshire v. Allen E. Martin,https://www.courts.nh.gov/sites/g/files/ehbemt471/files/documents/2023-01/20210490.pdf,,2022-10-05,,2022,,administrative,,criminal,standard,affirmed,per_curiam,Per Curiam,5,0,0,1,5-0,True,False,False,[],[],,False,[],,112,case_order,1.0.0,2026-07-16T02:18:22.441510,0.8
2021-0473,2021-0473,['2021-0473'],,,,Appeal of Town of Windham,https://www.courts.nh.gov/sites/g/files/ehbemt471/files/documents/2022-10/20210473.pdf,,2022-10-04,,2022,,,,civil,standard,,per_curiam,Per Curiam,0,0,0,5,N/A,False,False,False,"['administrative_law', 'property']","['RSA 674:58, IV', 'RSA 674:58, III', 'RSA 674:58', 'RSA 677:6', 'RSA 679:9, II', 'RSA 679:9, I', 'RSA 677:4', 'RSA 677:16', 'RSA 541', 'RSA 679:15', 'RSA 541:13']","RSA 674:58, IV",False,[],,1351,case_order,1.0.0,2026-07-16T02:18:22.869951,0.8
2021-0334,2021-0334,['2021-0334'],,,,Rainmaker Irrigation v. Moira Ryan,https://www.courts.nh.gov/sites/g/files/ehbemt471/files/documents/2022-10/20210334.pdf,,2022-09-30,,2022,,administrative,,civil,standard,affirmed,per_curiam,Per Curiam,5,0,0,1,5-0,True,False,False,[],[],,False,[],,100,case_order,1.0.0,2026-07-16T02:18:22.964074,0.8
2021-0313,2021-0313,['2021-0313'],,,,Appeal of Clinton Johnson & a.,https://www.courts.nh.gov/sites/g/files/ehbemt471/files/documents/2022-10/20210313.pdf,,2022-09-29,,2022,,administrative,,civil,standard,reversed_and_remanded,per_curiam,Per Curiam,3,0,0,3,3-0,True,False,False,"['administrative_law', 'statutory_interpretation', 'contract']","['RSA 482-A:3', 'RSA 21-O:14', 'RSA 541', 'RSA 21', 'RSA 541:13', 'RSA 482-A:10', 'RSA 482-A:10, III', 'RSA 541-A', 'RSA 482-A', 'RSA 482-A:10, I', 'RSA 541:4']",RSA 482-A:3,True,[],,1107,case_order,1.0.0,2026-07-16T02:18:23.496164,0.8
2021-0538,2021-0538,['2021-0538'],,,,Mark Dow v. Madison Dow & a.,https://www.courts.nh.gov/sites/g/files/ehbemt471/files/documents/2022-10/20210538.pdf,,2022-09-29,,2022,"Circuit Court (Mace, J.)",circuit_court,Mace,civil,standard,vacated,per_curiam,Per Curiam,5,0,0,1,5-0,True,False,False,"['property', 'contract']",[],,False,['de_novo'],,483,case_order,1.0.0,2026-07-16T02:18:23.595608,0.8
2021-0578,2021-0578,['2021-0578'],,,,Michael Stringer & a. v. Jason Muir & a.,https://www.courts.nh.gov/sites/g/files/ehbemt471/files/documents/2022-10/20210578.pdf,,2022-09-29,,2022,,administrative,,civil,standard,affirmed,per_curiam,Per Curiam,4,0,0,2,4-0,True,False,False,[],[],,False,[],,101,case_order,1.0.0,2026-07-16T02:18:25.524819,0.8
2022-0161,2022-0161,['2022-0161'],,,,"Michael Stringer & a. v. MJ 20 Beacon St., LLC & a.",https://www.courts.nh.gov/sites/g/files/ehbemt471/files/documents/2022-10/20220161.pdf,,2022-09-29,,2022,,administrative,,civil,standard,affirmed,per_curiam,Per Curiam,4,0,0,2,4-0,True,False,False,[],[],,False,[],,138,case_order,1.0.0,2026-07-16T02:18:26.666783,0.8
2021-0161,2021-0161,['2021-0161'],,,,State of New Hampshire v. Jesse Warren,https://www.courts.nh.gov/sites/g/files/ehbemt471/files/documents/2022-09/20210161.pdf,,2022-09-29,,2022,,administrative,,criminal,standard,vacated,per_curiam,Per Curiam,0,0,0,5,N/A,False,False,False,"['criminal', 'constitutional']","['RSA 263:64, I', 'RSA 644:2', 'RSA 262:42', 'RSA 259:39', 'RSA 262:19', 'RSA 599:1']","RSA 263:64, I",False,['de_novo'],,1438,case_order,1.0.0,2026-07-16T02:18:27.254207,0.8
2021-0322,2021-0322,['2021-0322'],,,,State of New Hampshire v. Andrew M. Fletcher,https://www.courts.nh.gov/sites/g/files/ehbemt471/files/documents/2022-09/20210322.pdf,,2022-09-28,,2022,"Superior Court (Ruoff, J.)",superior_court,Ruoff,criminal,standard,affirmed,per_curiam,Per Curiam,5,0,0,1,5-0,True,False,False,"['criminal', 'DWI']",[],,False,[],,1021,case_order,1.0.0,2026-07-16T02:18:27.765220,0.8
2021-0448,2021-0448,['2021-0448'],,,,Christine Christian v. Suzan A. Messina,https://www.courts.nh.gov/sites/g/files/ehbemt471/files/documents/2022-09/20210448.pdf,,2022-09-28,,2022,"Superior Court (Temple, J.)",superior_court,Temple,family/domestic,standard,,per_curiam,Per Curiam,0,0,0,5,N/A,False,False,False,"['insurance', 'family_law', 'civil_procedure', 'statutory_interpretation', 'property', 'contract', 'tort', 'tax']",[],,True,['de_novo'],,1338,case_order,1.0.0,2026-07-16T02:18:28.408541,0.8
2021-0515,2021-0515,['2021-0515'],,,,State of New Hampshire v. Scott Chandler,https://www.courts.nh.gov/sites/g/files/ehbemt471/files/documents/2022-10/20210515.pdf,,2022-09-27,,2022,"Circuit Court (Quigley, J.)",circuit_court,Quigley,criminal,standard,vacated,per_curiam,Per Curiam,4,0,0,2,4-0,True,False,False,['criminal'],['RSA 642:2'],RSA 642:2,False,['plain_error'],,1090,case_order,1.0.0,2026-07-16T02:18:29.133519,0.8
2021-0395,2021-0395,['2021-0395'],,,,State of New Hampshire v. Diane V. Clement,https://www.courts.nh.gov/sites/g/files/ehbemt471/files/documents/2022-10/20210395.pdf,,2022-09-19,,2022,Circuit Court,circuit_court,Stephen,civil,standard,affirmed,per_curiam,Per Curiam,5,0,0,1,5-0,True,False,False,"['administrative_law', 'statutory_interpretation', 'constitutional', 'DWI']","['RSA 265-A:2, I', 'RSA 265-A:44', 'RSA 265-A:10']","RSA 265-A:2, I",True,[],,1194,case_order,1.0.0,2026-07-16T02:18:31.755721,0.8
2022-0078,2022-0078,['2022-0078'],,,,Allan Lewis v. The Haynes Group & a.,https://www.courts.nh.gov/sites/g/files/ehbemt471/files/documents/2022-10/20220078.pdf,,2022-09-19,,2022,"Superior Court (Howard, J.)",superior_court,Howard,civil,standard,dismissed,per_curiam,Per Curiam,4,0,0,2,4-0,True,False,False,"['civil_procedure', 'statutory_interpretation', 'property', 'contract']",[],,True,[],,526,case_order,1.0.0,2026-07-16T02:18:31.945371,0.8
2021-0556,2021-0556,['2021-0556'],,,,"Abbey Run Construction, LLC v. Diane Cerundolo",https://www.courts.nh.gov/sites/g/files/ehbemt471/files/documents/2022-10/20210556.pdf,,2022-09-16,,2022,"Circuit Court (Spath, J.)",circuit_court,Spath,civil,standard,affirmed,per_curiam,Per Curiam,5,0,0,1,5-0,True,False,False,['contract'],[],,False,[],,256,case_order,1.0.0,2026-07-16T02:18:32.271009,0.8
2021-0311,2021-0311,['2021-0311'],,,,"Arnold Communications, LLC v. Shahryar Pezeshki & a.",https://www.courts.nh.gov/sites/g/files/ehbemt471/files/documents/2022-10/20210311.pdf,,2022-09-16,,2022,"Circuit Court (Pendleton, J.)",circuit_court,Pendleton,civil,standard,affirmed,per_curiam,Per Curiam,5,0,0,1,5-0,True,False,False,[],[],,False,[],,238,case_order,1.0.0,2026-07-16T02:18:32.361690,0.8
2021-0536,2021-0536,['2021-0536'],,,,"Paul Ranberg v. HFloesser Realty NH, LLC",https://www.courts.nh.gov/sites/g/files/ehbemt471/files/documents/2022-10/20210536.pdf,,2022-09-16,,2022,,administrative,,civil,standard,affirmed,per_curiam,Per Curiam,5,0,0,1,5-0,True,False,False,[],[],,False,[],,117,case_order,1.0.0,2026-07-16T02:18:32.698063,0.8
2021-0353,2021-0353,['2021-0353'],,,,In the Matter of Barbara Bowman and Dennis Rooney,https://www.courts.nh.gov/sites/g/files/ehbemt471/files/documents/2022-10/20210353.pdf,,2022-09-16,,2022,"Circuit Court (Alfano, J.)",circuit_court,Alfano,family/domestic,standard,,per_curiam,Per Curiam,0,0,0,5,N/A,False,False,False,"['family_law', 'property']","['RSA 458:16-a', 'RSA 458:16-a, II']",RSA 458:16-a,False,[],,1435,case_order,1.0.0,2026-07-16T02:18:33.211659,0.8
2021-0573,2021-0573,['2021-0573'],,,,Benjamin Chang v. Christine Nyonga,https://www.courts.nh.gov/sites/g/files/ehbemt471/files/documents/2022-10/20210573.pdf,,2022-09-16,,2022,,,,civil,standard,affirmed,per_curiam,Per Curiam,5,0,0,1,5-0,True,False,False,['contract'],[],,False,[],,268,case_order,1.0.0,2026-07-16T02:18:33.321840,0.8
2021-0514,2021-0514,['2021-0514'],,,,Allan Lewis v. Brier Ridge Estates,https://www.courts.nh.gov/sites/g/files/ehbemt471/files/documents/2022-10/20210514.pdf,,2022-09-16,,2022,"Superior Court (Howard, J.)",superior_court,Howard,civil,standard,affirmed,per_curiam,Per Curiam,4,0,0,2,4-0,True,False,False,[],[],,False,[],,320,case_order,1.0.0,2026-07-16T02:18:33.842285,0.8
2022-0350,2022-0350,['2022-0350'],,,,State of New Hampshire v. Ron Goodwin,https://www.courts.nh.gov/sites/g/files/ehbemt471/files/documents/2022-10/20220350.pdf,,2022-09-15,,2022,,,Nicolosi,criminal,standard,dismissed,per_curiam,Per Curiam,4,0,0,2,4-0,True,False,False,"['criminal', 'competency', 'civil_procedure', 'DWI']","['RSA 597:6-e, III', 'RSA 135:17-a', 'RSA 137:17-a, III', 'RSA 597:2, I', 'RSA 135:17-a, I', 'RSA 597:2, III', 'RSA 135:17-a, III']","RSA 597:6-e, III",False,[],,1249,case_order,1.0.0,2026-07-16T02:18:36.963752,0.8
2021-0390,2021-0390,['2021-0390'],,,,In the Matter of Edward Hewey and Heather Hewey,https://www.courts.nh.gov/sites/g/files/ehbemt471/files/documents/2022-10/20210390.pdf,,2022-09-15,,2022,"Circuit Court (DalPra, M., approved by Curran, J.) in his divorce from the",circuit_court,"DalPra, M., approved by Curran",family/domestic,standard,affirmed,per_curiam,Per Curiam,5,0,0,1,5-0,True,False,False,"['insurance', 'family_law', 'property']",[],,False,[],,683,case_order,1.0.0,2026-07-16T02:18:37.223094,0.8
2021-0286,2021-0286,['2021-0286'],,,,Petition of Cellco Partnership d/b/a Verizon Wireless,https://www.courts.nh.gov/sites/g/files/ehbemt471/files/documents/2022-09/20210286.pdf,,2020-09-09,,2020,,,,civil,standard,,per_curiam,Per Curiam,0,0,0,6,N/A,False,False,False,"['administrative_law', 'constitutional', 'property', 'contract', 'evidence']","['RSA 227-H:9', 'RSA 541', 'RSA 541:6', 'RSA 490:4']",RSA 227-H:9,False,[],,1222,case_order,1.0.0,2026-07-16T02:18:37.832466,0.8
2021-0329,2021-0329,"['2021-0329', '2019-0622']",,,,Appeal of JoAnn Hoff,https://www.courts.nh.gov/sites/g/files/ehbemt471/files/documents/2022-09/20210329.pdf,,2022-09-08,,2022,,administrative,,civil,standard,,per_curiam,Per Curiam,0,0,0,5,N/A,False,False,False,"['administrative_law', 'employment']","['RSA 281-A:48', 'RSA 541:13', 'RSA 281-A:48, I', 'RSA 281', 'RSA 281-A:2, X']",RSA 281-A:48,False,['de_novo'],,1351,case_order,1.0.0,2026-07-16T02:18:38.016688,0.8
2021-0293,2021-0293,['2021-0293'],,,,Soheil Moayedi Azarpour & a. v. Ridges Peak Remodeling,https://www.courts.nh.gov/sites/g/files/ehbemt471/files/documents/2022-10/20210293.pdf,,2022-09-06,,2022,,administrative,,civil,standard,affirmed,per_curiam,Per Curiam,5,0,0,1,5-0,True,False,False,[],[],,False,[],,93,case_order,1.0.0,2026-07-16T02:18:38.227757,0.8
2022-0071,2022-0071,['2022-0071'],,,,E.D. v. J.N.,https://www.courts.nh.gov/sites/g/files/ehbemt471/files/documents/2022-10/20220071.pdf,,2022-09-06,,2022,"Circuit Court (Mace, J.)",circuit_court,Mace,family/domestic,standard,,per_curiam,Per Curiam,0,0,0,5,N/A,False,False,False,"['criminal', 'family_law', 'property', 'domestic_violence']","['RSA 173-B:5', 'RSA 173-B:5, I', 'RSA 173-B:1, I', 'RSA 634:2', 'RSA 644:4']",RSA 173-B:5,False,[],,495,case_order,1.0.0,2026-07-16T02:18:38.436897,0.8
2021-0362,2021-0362,['2021-0362'],,,,State of New Hampshire v. Tony Hebert,https://www.courts.nh.gov/sites/g/files/ehbemt471/files/documents/2022-09/20210362.pdf,,2022-09-02,,2022,"Superior Court (Nicolosi, J.)",superior_court,Nicolosi,criminal,standard,vacated,per_curiam,Per Curiam,4,0,0,2,4-0,True,False,False,['criminal'],['RSA 651-A:22-a'],RSA 651-A:22-a,False,[],,544,case_order,1.0.0,2026-07-16T02:18:38.526037,0.8
2022-0252,2022-0252,['2022-0252'],,,,K.M. v. R.M.,https://www.courts.nh.gov/sites/g/files/ehbemt471/files/documents/2022-10/20220252.pdf,,2022-09-01,,2022,"Circuit Court (Pendleton, J.)",circuit_court,Pendleton,family/domestic,standard,,per_curiam,Per Curiam,0,0,0,5,N/A,False,False,False,"['criminal', 'administrative_law', 'constitutional', 'domestic_violence']","['RSA 173-B', 'RSA 173-B:1, I', 'RSA 633:3-a', 'RSA 644:4', 'RSA 173-B:3, VI', 'RSA 644:4, I']",RSA 173-B,False,['de_novo'],,1368,case_order,1.0.0,2026-07-16T02:18:38.693194,0.8
20190130and20220331,20190130and20220331,"['2019-0130', '2020-0331']",,,,State of New Hampshire v. Pamela Mansulla,https://www.courts.nh.gov/sites/g/files/ehbemt471/files/documents/2022-08/20190130and20220331.pdf,,2022-08-25,,2022,"Circuit Court (Desjardins, J.)",circuit_court,Desjardins,family/domestic,standard,,per_curiam,Per Curiam,0,0,0,5,N/A,False,False,False,"['criminal', 'family_law']","['RSA 644:8, III']","RSA 644:8, III",False,['de_novo'],,1397,case_order,1.0.0,2026-07-16T02:18:39.139655,0.8
2021-0015,2021-0015,"['2021-0015', '2019-0156']",,,,"Avanru Development Group, Ltd. v. Town of Swanzey",https://www.courts.nh.gov/sites/g/files/ehbemt471/files/documents/2022-08/20210015.pdf,,2022-08-16,,2022,"Superior Court (Ruoff, J.)",superior_court,Ruoff,civil,standard,,per_curiam,Per Curiam,0,0,0,5,N/A,False,False,False,"['civil_procedure', 'statutory_interpretation', 'property', 'DWI']",[],,True,['de_novo'],,1363,case_order,1.0.0,2026-07-16T02:18:39.591149,0.8
2021-0488,2021-0488,['2021-0488'],,,,Lance A. Costello & a. v. Theresa L. Glover & a.,https://www.courts.nh.gov/sites/g/files/ehbemt471/files/documents/2022-09/20210488.pdf,,2022-08-11,,2022,"Superior Court (Bornstein, J.)",superior_court,Bornstein,civil,standard,affirmed,per_curiam,Per Curiam,5,0,0,1,5-0,True,False,False,['statutory_interpretation'],"['RSA 524:6-a', 'RSA 524:6-a, I']",RSA 524:6-a,True,[],,349,case_order,1.0.0,2026-07-16T02:18:40.210466,0.8
2021-0282,2021-0282,['2021-0282'],,,,In the Matter of Mary Braun and Terry Braun,https://www.courts.nh.gov/sites/g/files/ehbemt471/files/documents/2022-09/20210282.pdf,,2022-08-11,,2022,"Circuit Court (LeFrancois, J.)",circuit_court,LeFrancois,family/domestic,standard,,per_curiam,Per Curiam,0,0,0,5,N/A,False,False,False,"['family_law', 'statutory_interpretation', 'property', 'tort']","['RSA 458:15-b, I', 'RSA 458:15-b']","RSA 458:15-b, I",True,[],,1386,case_order,1.0.0,2026-07-16T02:18:42.917444,0.8
2021-0575,2021-0575,['2021-0575'],,,,State of New Hampshire v. Jon Cline,https://www.courts.nh.gov/sites/g/files/ehbemt471/files/documents/2022-09/20210575.pdf,,2022-08-11,,2022,"Circuit Court (Boyle, J.)",circuit_court,Boyle,criminal,standard,reversed,per_curiam,Per Curiam,5,0,0,1,5-0,True,False,False,[],['RSA 644:4'],RSA 644:4,False,[],,127,case_order,1.0.0,2026-07-16T02:18:43.012079,0.8
2021-0320,2021-0320,['2021-0320'],,,,In the Matter of Michael Babineau and Jill Babineau,https://www.courts.nh.gov/sites/g/files/ehbemt471/files/documents/2022-09/20210320.pdf,,2022-08-11,,2022,"Circuit Court (Leonard, J.)",circuit_court,Leonard,family/domestic,standard,affirmed,per_curiam,Per Curiam,5,0,0,1,5-0,True,False,False,"['family_law', 'civil_procedure', 'constitutional']",[],,False,['de_novo'],,919,case_order,1.0.0,2026-07-16T02:18:43.192900,0.8
2021-0222,2021-0222,['2021-0222'],,,,Appeal of Robert Newcomb & a.,https://www.courts.nh.gov/sites/g/files/ehbemt471/files/documents/2022-08/20210222.pdf,,2022-08-05,,2022,,administrative,,civil,standard,dismissed,per_curiam,Per Curiam,0,0,0,5,N/A,False,False,False,"['administrative_law', 'civil_procedure', 'statutory_interpretation', 'property']","['RSA 482-A:10, I', 'RSA 21-O:14, III', 'RSA 21-O:5-a, V', 'RSA 482-A:26, III', 'RSA 21-O:14, I', 'RSA 482-A:10, IV', 'RSA 21-M:3, IX', 'RSA 541:13', 'RSA 482']","RSA 482-A:10, I",True,[],,1348,case_order,1.0.0,2026-07-16T02:18:43.533256,0.8
2020-0448,2020-0448,['2020-0448'],,,,John Doe v. Attorney General,https://www.courts.nh.gov/sites/g/files/ehbemt471/files/documents/2022-07/20200448.pdf,,2022-07-21,,2022,,administrative,,criminal,standard,vacated,per_curiam,Per Curiam,4,0,0,2,4-0,True,False,False,"['criminal', 'constitutional']","['RSA 105:13-b, II', 'RSA 105', 'RSA 105:13-d']","RSA 105:13-b, II",False,[],,502,case_order,1.0.0,2026-07-16T02:18:43.932153,0.8
2020-0501,2020-0501,['2020-0501'],,,,John Doe v. Attorney General,https://www.courts.nh.gov/sites/g/files/ehbemt471/files/documents/2022-07/20200501.pdf,,2022-07-21,,2022,,administrative,,criminal,standard,vacated,per_curiam,Per Curiam,4,0,0,2,4-0,True,False,False,"['criminal', 'constitutional']","['RSA 105:13-b, II', 'RSA 105', 'RSA 105:13-d']","RSA 105:13-b, II",False,[],,503,case_order,1.0.0,2026-07-16T02:18:44.565136,0.8
2021-0343,20210343,['2021-0343'],,,,"No. 2021-0343, State of New Hampshire v. Jonathan Betancourt",https://www.courts.nh.gov/sites/g/files/ehbemt471/files/documents/2022-08/20210343.pdf,,2022-07-01,,2022,,,,criminal,standard,affirmed,per_curiam,Per Curiam,4,0,0,2,4-0,True,False,False,"['criminal', 'constitutional']","['RSA 318-B:2, I', 'RSA 629:3']","RSA 318-B:2, I",False,[],,838,case_order,1.0.0,2026-07-16T02:18:44.714045,0.8
2021-0368,2021-0368,['2021-0368'],,,,In the Matter of Kayley Hays and Leigh Hays,https://www.courts.nh.gov/sites/g/files/ehbemt471/files/documents/2022-08/20210368.pdf,,2022-07-01,,2022,Circuit Court,circuit_court,Yazinski,family/domestic,standard,,per_curiam,Per Curiam,0,0,0,5,N/A,False,False,False,"['family_law', 'constitutional']","['RSA 461-A:11', 'RSA 461-A:12', 'RSA 461-A:11, III', 'RSA 461-A:12, V', 'RSA 461-A:11, II', 'RSA 461-A:12, I', 'RSA 461-A:12, VI', 'RSA 461-A:12, IX']",RSA 461-A:11,False,[],,1456,case_order,1.0.0,2026-07-16T02:18:47.902737,0.8
2021-0494,2021-0494,['2021-0494'],,,,Joseph DePalo v. Cindy Collins & a.,https://www.courts.nh.gov/sites/g/files/ehbemt471/files/documents/2022-08/20210494.pdf,,2022-07-01,,2022,Circuit Court,circuit_court,Tucker,civil,standard,dismissed,per_curiam,Per Curiam,5,0,0,1,5-0,True,False,False,"['civil_procedure', 'statutory_interpretation', 'property', 'contract']","['RSA 358-A:3, I']","RSA 358-A:3, I",True,[],,582,case_order,1.0.0,2026-07-16T02:18:48.088975,0.8
2021-0365,2021-0365,['2021-0365'],,,,Brian L. Villa v. Federal Home Loan Mortgage,https://www.courts.nh.gov/sites/g/files/ehbemt471/files/documents/2022-07/20210365.pdf,,2022-06-30,,2022,,,Ruoff,civil,standard,vacated,per_curiam,Per Curiam,5,0,0,1,5-0,True,False,False,[],[],,False,[],,788,case_order,1.0.0,2026-07-16T02:18:48.414043,0.8
2022-0151,2022-0151,['2022-0151'],,,,A.L. v. A.L.,https://www.courts.nh.gov/sites/g/files/ehbemt471/files/documents/2022-07/20220151.pdf,,2022-06-30,,2022,"Circuit Court (Rauseo, J.)",circuit_court,Rauseo,family/domestic,standard,affirmed,per_curiam,Per Curiam,5,0,0,1,5-0,True,False,False,"['criminal', 'domestic_violence']","['RSA 173-B', 'RSA 173-B:1, I', 'RSA 631:1', 'RSA 631:3', 'RSA 173-B:3, VI']",RSA 173-B,False,['de_novo'],,684,case_order,1.0.0,2026-07-16T02:18:48.835443,0.8
2022-0035,2022-0035,['2022-0035'],,,,State of New Hampshire v. Kevin Porter,https://www.courts.nh.gov/sites/g/files/ehbemt471/files/documents/2022-07/20220035.pdf,,2022-06-22,,2022,Superior Court,superior_court,Temple,criminal,standard,,per_curiam,Per Curiam,0,0,0,5,N/A,False,False,False,['criminal'],"['RSA 597:2, I', 'RSA 597:6-e, III', 'RSA 597:2, III', 'RSA 597:2, IV']","RSA 597:2, I",False,[],,1453,case_order,1.0.0,2026-07-16T02:18:49.340202,0.8
2021-0584,2021-0584,['2021-0584'],,,,Linda L. Knowles v. Kelli Cassidy,https://www.courts.nh.gov/sites/g/files/ehbemt471/files/documents/2022-07/20210584.pdf,,2022-06-20,,2022,,administrative,,civil,standard,affirmed,per_curiam,Per Curiam,5,0,0,1,5-0,True,False,False,[],['RSA 526:1'],RSA 526:1,False,[],,580,case_order,1.0.0,2026-07-16T02:18:49.948127,0.8
2021-0489,2021-0489,['2021-0489'],,,,Linda L. Knowles v. Kelli Cassidy,https://www.courts.nh.gov/sites/g/files/ehbemt471/files/documents/2022-07/20210489.pdf,,2022-06-20,,2022,,,,civil,standard,affirmed,per_curiam,Per Curiam,5,0,0,1,5-0,True,False,False,"['administrative_law', 'statutory_interpretation', 'property']","['RSA 437', 'RSA 437:18, II']",RSA 437,True,['de_novo'],,1216,case_order,1.0.0,2026-07-16T02:18:50.115040,0.8
2021-0597,2021-0597,['2021-0597'],,,,H.T. v. D.M.,https://www.courts.nh.gov/sites/g/files/ehbemt471/files/documents/2022-07/20210597.pdf,,2022-06-20,,2022,"Circuit Court (Tenney, J.)",circuit_court,Tenney,family/domestic,standard,affirmed,per_curiam,Per Curiam,4,0,0,2,4-0,True,False,False,"['criminal', 'statutory_interpretation', 'property', 'domestic_violence']","['RSA 173-B:5', 'RSA 627', 'RSA 173-B', 'RSA 173-B:5, I', 'RSA 173-B:1', 'RSA 631:1', 'RSA 631:3', 'RSA 627:4', 'RSA 627:8']",RSA 173-B:5,True,[],,582,case_order,1.0.0,2026-07-16T02:18:50.237517,0.8
2021-0500,2021-0500,['2021-0500'],,,,"Foy Insurance Group, Inc. v. 101 Ocean Blvd., LLC",https://www.courts.nh.gov/sites/g/files/ehbemt471/files/documents/2022-07/20210500.pdf,,2022-06-17,,2022,"Superior Court (Messer, J.)",superior_court,Messer,civil,standard,dismissed,per_curiam,Per Curiam,0,0,0,5,N/A,False,False,False,"['insurance', 'administrative_law', 'civil_procedure', 'statutory_interpretation', 'contract', 'evidence']",['RSA 526:1'],RSA 526:1,True,[],,1392,case_order,1.0.0,2026-07-16T02:18:53.182362,0.8
2021-0375,2021-0375,['2021-0375'],,,,American Express National Bank v. Thiruvalluvan Rajan,https://www.courts.nh.gov/sites/g/files/ehbemt471/files/documents/2022-07/20210375.pdf,,2022-06-17,,2022,,administrative,,civil,standard,affirmed,per_curiam,Per Curiam,5,0,0,1,5-0,True,False,False,[],[],,False,[],,94,case_order,1.0.0,2026-07-16T02:18:53.541752,0.8
2020-0082,20200082,['2020-0082'],,,,"Case No. 2020-0082, State of New Hampshire v. Mesfen Rowell",https://www.courts.nh.gov/sites/g/files/ehbemt471/files/documents/2022-07/20200082.pdf,,2022-06-17,,2022,,administrative,,criminal,standard,,per_curiam,Per Curiam,0,0,0,5,N/A,False,False,False,['criminal'],['RSA 159-3'],RSA 159-3,False,"['de_novo', 'clear_error']",,1333,case_order,1.0.0,2026-07-16T02:18:54.064742,0.8
2022-0040,2022-0040,['2022-0040'],,,,M.N. v. B.N.,https://www.courts.nh.gov/sites/g/files/ehbemt471/files/documents/2022-07/20220040.pdf,,2022-06-17,,2022,Circuit Court,circuit_court,"Boyle, R.,
approved by Luneau",family/domestic,standard,affirmed,per_curiam,Per Curiam,5,0,0,1,5-0,True,False,False,"['criminal', 'family_law', 'constitutional', 'property', 'domestic_violence']","['RSA 173-B:5', 'RSA 173-B:5, I', 'RSA 173-B:1, I', 'RSA 546-A:2', 'RSA 173-B:5, IV']",RSA 173-B:5,False,['plain_error'],,1331,case_order,1.0.0,2026-07-16T02:18:56.779463,0.8
2021-0148,2021-0148,['2021-0148'],,,,State of New Hampshire v. Robert Leroux,https://www.courts.nh.gov/sites/g/files/ehbemt471/files/documents/2022-05/20210148.pdf,,2022-05-24,,2022,"Circuit Court (Luneau, J.)",circuit_court,Luneau,criminal,standard,affirmed,per_curiam,Per Curiam,5,0,0,1,5-0,True,False,False,"['criminal', 'civil_procedure', 'evidence', 'DWI']","['RSA 263:64', 'RSA 263:64, IV']",RSA 263:64,False,[],,447,case_order,1.0.0,2026-07-16T02:19:00.618806,0.8
2021-0274,2021-0274,['2021-0274'],,,,Andrea Amodeo-Vickery v. Town of Salem,https://www.courts.nh.gov/sites/g/files/ehbemt471/files/documents/2022-05/20210274.pdf,,2022-05-20,,2022,Superior Court,superior_court,Messer,criminal,standard,,per_curiam,Per Curiam,0,0,0,5,N/A,False,False,False,"['criminal', 'statutory_interpretation', 'tax']","['RSA 91-A', 'RSA 91-A:8', 'RSA 91-A:4, IV', 'RSA 91-A:4', 'RSA 91-A:7']",RSA 91-A,True,[],,1212,case_order,1.0.0,2026-07-16T02:19:00.956601,0.8
2021-0052,2021-0052,['2021-0052'],,,,State of New Hampshire v. Dennis J. Allen,https://www.courts.nh.gov/sites/g/files/ehbemt471/files/documents/2022-06/20210052.pdf,,2022-05-06,,2022,"Circuit Court (Hall, J.)",circuit_court,Hall,civil,standard,affirmed,per_curiam,Per Curiam,4,0,0,2,4-0,True,False,False,"['constitutional', 'employment', 'tort']",['RSA 642:2'],RSA 642:2,False,[],,919,case_order,1.0.0,2026-07-16T02:19:01.452405,0.8
2021-0407,2021-0407,['2021-0407'],,,,"Gary Boyle v. Myra Fowler, DBA L&W Auto Repair",https://www.courts.nh.gov/sites/g/files/ehbemt471/files/documents/2022-05/20210407.pdf,,2022-04-28,,2022,Circuit Court,circuit_court,"Ryan, R.,
approved by DeVries",civil,standard,vacated,per_curiam,Per Curiam,5,0,0,1,5-0,True,False,False,['statutory_interpretation'],[],,True,[],,478,case_order,1.0.0,2026-07-16T02:19:02.058137,0.8
2021-0276,2021-0276,['2021-0276'],,,,In the Matter of Matthew Kamil and Robin Kamil,https://www.courts.nh.gov/sites/g/files/ehbemt471/files/documents/2022-05/20210276.pdf,,2022-04-25,,2022,Circuit Court,circuit_court,Lemire,family/domestic,standard,affirmed,per_curiam,Per Curiam,5,0,0,1,5-0,True,False,False,"['family_law', 'property', 'tax']",[],,False,[],,890,case_order,1.0.0,2026-07-16T02:19:03.022266,0.8
2021-0196,2021-0196,['2021-0196'],,,,"Chase Cutts Brigham Neighborhood Association, Inc. & a. v. City of Portsmouth",https://www.courts.nh.gov/sites/g/files/ehbemt471/files/documents/2022-05/20210196.pdf,,2022-04-25,,2022,"Superior Court (Ignatius, J.)",superior_court,Ignatius,civil,standard,affirmed,per_curiam,Per Curiam,5,0,0,1,5-0,True,False,False,['property'],"['RSA 677:15, I', 'RSA 674:44, III']","RSA 677:15, I",False,[],,514,case_order,1.0.0,2026-07-16T02:19:05.421574,0.8
2021-0085,2021-0085,"['2021-0085', '2018-0617']",,,,Appeal of Suzanne Fournier & a.,https://www.courts.nh.gov/sites/g/files/ehbemt471/files/documents/2022-04/20210085.pdf,,2022-04-22,,2022,,administrative,,civil,standard,,per_curiam,Per Curiam,1,0,0,4,1-0,True,False,False,"['administrative_law', 'property']","['RSA 541', 'RSA 21-O:14, III', 'RSA 541:13']",RSA 541,False,['de_novo'],,1358,case_order,1.0.0,2026-07-16T02:19:05.692858,0.8
2022-0006,2022-0006,['2022-0006'],,,,T.W. v. J.W.,https://www.courts.nh.gov/sites/g/files/ehbemt471/files/documents/2022-05/20220006.pdf,,2022-04-22,,2022,,,,family/domestic,standard,affirmed,per_curiam,Per Curiam,5,0,0,1,5-0,True,False,False,"['criminal', 'statutory_interpretation', 'domestic_violence']","['RSA 173-B:5', 'RSA 173-B', 'RSA 173-B:1']",RSA 173-B:5,True,[],,621,case_order,1.0.0,2026-07-16T02:19:06.193035,0.8
2021-0031,2021-0031,['2021-0031'],,,,Alfred E. Gagnon v. Town of Pelham,https://www.courts.nh.gov/sites/g/files/ehbemt471/files/documents/2022-04/20210031.pdf,,2022-04-21,,2022,"Superior Court (Temple, J.)",superior_court,Temple,civil,standard,affirmed,per_curiam,Per Curiam,5,0,0,1,5-0,True,False,False,"['statutory_interpretation', 'property']","['RSA 674:41', 'RSA 674:41, I', 'RSA 677:15, V', 'RSA 674:35', 'RSA 676:4, I']",RSA 674:41,True,['de_novo'],,1228,case_order,1.0.0,2026-07-16T02:19:06.823109,0.8
2021-0243,2021-0243,['2021-0423'],,,,State of New Hampshire v. Ernest Justin Blanchette,https://www.courts.nh.gov/sites/g/files/ehbemt471/files/documents/2022-04/20210423.pdf,,2022-04-19,,2022,,administrative,,criminal,standard,,per_curiam,Per Curiam,0,0,0,5,N/A,False,False,False,"['criminal', 'civil_procedure', 'statutory_interpretation']","['RSA 632-A:2, I', 'RSA 625:3']","RSA 632-A:2, I",True,['de_novo'],,1319,case_order,1.0.0,2026-07-16T02:19:09.770019,0.8
2021-0305,2021-0305,['2021-0305'],,,,"In the Matter of Kerryn Hullstrung and Chris Moulton, Jr.",https://www.courts.nh.gov/sites/g/files/ehbemt471/files/documents/2022-05/20210305.pdf,,2022-04-11,,2022,,,,civil,standard,vacated,per_curiam,Per Curiam,5,0,0,1,5-0,True,False,False,"['statutory_interpretation', 'tax']",[],,True,[],,1277,case_order,1.0.0,2026-07-16T02:19:09.977792,0.8
2021-0204,2021-0204,['2021-0204'],,,,Appeal of James Lowry,https://www.courts.nh.gov/sites/g/files/ehbemt471/files/documents/2022-05/20210204.pdf,,2022-04-11,,2022,,,,civil,standard,affirmed,per_curiam,Per Curiam,5,0,0,1,5-0,True,False,False,"['insurance', 'administrative_law', 'statutory_interpretation', 'employment']","['RSA 281-A:28', 'RSA 541:13']",RSA 281-A:28,True,['de_novo'],,1219,case_order,1.0.0,2026-07-16T02:19:10.160229,0.8
2021-0143,2021-0143,['2021-0143'],,,,"Gary Volpe, o/b/o the deceased Clara Volpe v. Dennis Volpe & a.",https://www.courts.nh.gov/sites/g/files/ehbemt471/files/documents/2022-05/20210143.pdf,,2022-04-08,,2022,"Circuit Court (Cassavechia, R., approved by Moran, J.)",circuit_court,"Cassavechia, R., approved by Moran",civil,standard,dismissed,per_curiam,Per Curiam,5,0,0,1,5-0,True,False,False,['civil_procedure'],[],,False,[],,720,case_order,1.0.0,2026-07-16T02:19:10.478328,0.8
2021-0326,2021-0326,['2021-0326'],,,,James Chaney & a. v. Route 111 Auto Sales,https://www.courts.nh.gov/sites/g/files/ehbemt471/files/documents/2022-05/20210326.pdf,,2022-04-06,,2022,"Circuit Court (Alfano, J.)",circuit_court,Alfano,civil,standard,affirmed,per_curiam,Per Curiam,5,0,0,1,5-0,True,False,False,['contract'],['RSA 382-A:2-313'],RSA 382-A:2-313,False,[],,665,case_order,1.0.0,2026-07-16T02:19:10.973458,0.8
2021-0208,2021-0208,['2021-0208'],,,,"Wells Fargo Bank, N.A., as Trustee for Option One Mortgage Loan Trust 2005-5 v. Nature School Foundation, Inc. & a.",https://www.courts.nh.gov/sites/g/files/ehbemt471/files/documents/2022-04/20210208.pdf,,2022-03-23,,2022,"Superior Court (Colburn, J.)",superior_court,Colburn,civil,standard,affirmed,per_curiam,Per Curiam,5,0,0,1,5-0,True,False,False,['civil_procedure'],[],,False,[],,210,case_order,1.0.0,2026-07-16T02:19:11.564467,0.8
2021-0418,2021-0418,['2021-0418'],,,,K.T. v. M.K.,https://www.courts.nh.gov/sites/g/files/ehbemt471/files/documents/2022-04/20210418.pdf,,2022-03-22,,2022,"Circuit Court (Gleason, J.)",circuit_court,Gleason,family/domestic,standard,,per_curiam,Per Curiam,0,0,0,5,N/A,False,False,False,"['criminal', 'constitutional', 'property', 'domestic_violence', 'tax']","['RSA 633:3-a, III', 'RSA 633:3-a, II']","RSA 633:3-a, III",False,[],,1380,case_order,1.0.0,2026-07-16T02:19:14.864267,0.8
2021-0284,2021-0284,['2021-0284'],,,,Grace Woodham v. Caledonian Record & a.,https://www.courts.nh.gov/sites/g/files/ehbemt471/files/documents/2022-04/20210284.pdf,,2022-03-18,,2022,Circuit Court,circuit_court,"Greenhalgh
and Maloney, JJ., and Ryan, R., approved by Maloney",civil,standard,dismissed,per_curiam,Per Curiam,4,0,0,2,4-0,True,False,False,['civil_procedure'],[],,False,[],,611,case_order,1.0.0,2026-07-16T02:19:15.029715,0.8
2021-0404,2021-0404,['2021-0404'],,,,K.M. v. V.F.,https://www.courts.nh.gov/sites/g/files/ehbemt471/files/documents/2022-04/20210404.pdf,,2022-03-18,,2022,"circuit court’s final stalking protective order, see",circuit_court,,family/domestic,standard,affirmed,per_curiam,Per Curiam,5,0,0,1,5-0,True,False,False,"['criminal', 'property', 'domestic_violence']","['RSA 633:3-a', 'RSA 633:3-a, I', 'RSA 633:3-a, II', 'RSA 173-B:3, I']",RSA 633:3-a,False,[],,1045,case_order,1.0.0,2026-07-16T02:19:15.355722,0.8
2021-0142,2021-0142,['2021-0142'],,,,Thomas S. Wood & a. v. Town of Raymond,https://www.courts.nh.gov/sites/g/files/ehbemt471/files/documents/2022-03/20210142.pdf,,2022-03-16,,2022,"Superior Court (Honigberg, J.)",superior_court,Honigberg,civil,standard,remanded,per_curiam,Per Curiam,5,0,0,1,5-0,True,False,False,"['civil_procedure', 'statutory_interpretation', 'property', 'contract', 'tort']","['RSA 674:41', 'RSA 674:41, I']",RSA 674:41,True,['de_novo'],,921,case_order,1.0.0,2026-07-16T02:19:15.762184,0.8
2021-0527,2021-0527,['2021-0527'],,,,H.F. v. M.Z.,https://www.courts.nh.gov/sites/g/files/ehbemt471/files/documents/2022-04/20210527.pdf,,2022-03-15,,2022,"circuit court for the protection of the plaintiff, H.F. We construe the",circuit_court,,family/domestic,standard,,per_curiam,Per Curiam,0,0,0,5,N/A,False,False,False,"['criminal', 'statutory_interpretation', 'constitutional', 'property', 'employment', 'domestic_violence']","['RSA 633:3-a', 'RSA 633:3-a, I', 'RSA 633:3-a, II', 'RSA 633:3-a, III']",RSA 633:3-a,True,[],,1373,case_order,1.0.0,2026-07-16T02:19:16.275165,0.8
2021-0114,2021-0114,['2021-0114'],,,,Ajit Kumar v. SNHS Management Corporation,https://www.courts.nh.gov/sites/g/files/ehbemt471/files/documents/2022-03/20210114.pdf,,2022-03-09,,2022,"Superior Court (Temple, J.)",superior_court,Temple,civil,standard,,per_curiam,Per Curiam,0,0,0,5,N/A,False,False,False,"['civil_procedure', 'property']","['RSA 508:2, I']","RSA 508:2, I",False,['de_novo'],,1448,case_order,1.0.0,2026-07-16T02:19:16.866936,0.8
LD20210012,LD20210012,['2021-0012'],,,,"LD-2021-0012, In the Matter of Robert M. Fojo, Esquire",https://www.courts.nh.gov/sites/g/files/ehbemt471/files/documents/2022-02/LD20210012.pdf,,2022-02-25,,2022,,,,criminal,standard,,per_curiam,Per Curiam,0,0,0,4,N/A,False,False,False,"['criminal', 'statutory_interpretation', 'constitutional']","['RSA 311:8', 'RSA 490:4']",RSA 311:8,True,['de_novo'],,1254,case_order,1.0.0,2026-07-16T02:19:17.118842,0.8
2021-0468,2021-0468,['2021-0468'],,,,American Express National Bank v. Linda Petralia,https://www.courts.nh.gov/sites/g/files/ehbemt471/files/documents/2022-03/20210468.pdf,,2022-02-22,,2022,Superior Court,superior_court,Temple,civil,standard,dismissed,per_curiam,Per Curiam,0,0,0,4,N/A,False,False,False,"['civil_procedure', 'statutory_interpretation', 'contract']",[],,True,['plain_error'],,1595,case_order,1.0.0,2026-07-16T02:19:17.375656,0.8
20190755_20210021,20190755_20210021,"['2019-0755', '2021-0021']",,,,State of New Hampshire v. James Michael Dow,https://www.courts.nh.gov/sites/g/files/ehbemt471/files/documents/2022-03/20190755_20210021.pdf,,2022-02-18,,2022,"Superior Court (Delker, J.)",superior_court,Delker,civil,standard,affirmed,per_curiam,Per Curiam,4,0,0,1,4-0,True,False,False,['constitutional'],"['RSA 638:5', 'RSA 637:3']",RSA 638:5,False,[],,796,case_order,1.0.0,2026-07-16T02:19:17.510094,0.8
2021-0232,2021-0232,['2021-0232'],,,,Clayton Alexander & a. v. City of Nashua,https://www.courts.nh.gov/sites/g/files/ehbemt471/files/documents/2022-03/20210232.pdf,,2022-02-18,,2022,"Superior Court (Temple, J.)",superior_court,Temple,civil,standard,affirmed,per_curiam,Per Curiam,5,0,0,0,5-0,True,False,False,['property'],[],,False,[],,450,case_order,1.0.0,2026-07-16T02:19:17.748300,0.8
2021-0075,2021-0075,['2021-0075'],,,,In the Matter of Matthew Kostiew and Alejandra Flores,https://www.courts.nh.gov/sites/g/files/ehbemt471/files/documents/2022-02/20210075.pdf,,2022-02-10,,2022,Circuit Court,circuit_court,LeFrancois,family/domestic,standard,affirmed,per_curiam,Per Curiam,5,0,0,0,5-0,True,False,False,['family_law'],"['RSA 461-A:11', 'RSA 458-C:5, I']",RSA 461-A:11,False,[],,676,case_order,1.0.0,2026-07-16T02:19:17.901238,0.8
2021-0250,20210250,['2021-0250'],,,,"AZNH Revocable Trust & a.v. Spinnaker Cove Yacht Club Association, Inc.",https://www.courts.nh.gov/sites/g/files/ehbemt471/files/documents/2022-02/20210250.pdf,,2022-02-02,,2022,,administrative,,civil,standard,affirmed,per_curiam,Per Curiam,5,0,0,0,5-0,True,False,False,"['civil_procedure', 'statutory_interpretation', 'property']",['RSA 498:5-a'],RSA 498:5-a,True,[],,777,case_order,1.0.0,2026-07-16T02:19:18.090242,0.8
2019-0682,2019-0682,['2019-0682'],,,,State of New Hampshire v. Steven Clark,https://www.courts.nh.gov/sites/g/files/ehbemt471/files/documents/2022-02/20190682.pdf,", among other things, that the Superior Court (Wageling, J.) may have",2022-02-01,,2022,"Superior Court (Delker, J.)",superior_court,Delker,criminal,standard,affirmed,per_curiam,Per Curiam,4,0,0,5,4-0,True,False,False,['criminal'],"['RSA 632-A:2', 'RSA 632-A:2, II', 'RSA 629:1', 'RSA 632-A:3, III']",RSA 632-A:2,False,[],,613,case_order,1.0.0,2026-07-16T02:19:18.437636,0.8
2021-0144,2021-0144,['2021-0144'],,,,In the Matter of Genisa Todisco and Joe Clancey,https://www.courts.nh.gov/sites/g/files/ehbemt471/files/documents/2022-02/20210144.pdf,,2022-01-28,,2022,Circuit Court,circuit_court,Alfano,family/domestic,standard,reversed,per_curiam,Per Curiam,5,0,0,0,5-0,True,False,False,"['family_law', 'employment', 'tax']","['RSA 458-C:7, I']","RSA 458-C:7, I",False,[],,1131,case_order,1.0.0,2026-07-16T02:19:18.944292,0.8
2021-0315,2021-0315,['2021-0315'],,,,American Express National Bank v. Linda A. Petralia,https://www.courts.nh.gov/sites/g/files/ehbemt471/files/documents/2022-02/20210315.pdf,,2022-01-14,,2022,Superior Court,superior_court,Temple,civil,standard,vacated,per_curiam,Per Curiam,5,0,0,0,5-0,True,False,False,"['civil_procedure', 'property']",[],,False,[],,345,case_order,1.0.0,2026-07-16T02:19:19.561910,0.8
2021-0272,2021-0272,['2021-0272'],,,,State of New Hampshire v. Brent R. Donley,https://www.courts.nh.gov/sites/g/files/ehbemt471/files/documents/2022-02/20210272.pdf,,2022-01-07,,2022,,,,criminal,standard,affirmed,per_curiam,Per Curiam,5,0,0,0,5-0,True,False,False,['criminal'],"['RSA 264:25, I']","RSA 264:25, I",False,[],,328,case_order,1.0.0,2026-07-16T02:19:19.650098,0.8
2023-0283,2023-0283,['2023-0283'],,,,Albert McCarthy v. Macdonald Motors,https://www.courts.nh.gov/sites/g/files/ehbemt471/files/documents/2024-01/20230283.pdf,,2023-12-29,,2023,"Circuit Court (Greenhalgh, J.)",circuit_court,Greenhalgh,civil,standard,affirmed,per_curiam,Per Curiam,4,0,0,1,4-0,True,False,False,['contract'],[],,False,['clear_error'],,388,case_order,1.0.0,2026-08-03T12:14:01.872219,0.8
2023-0193,2023-0193,['2023-0193'],,,,E.K. v. M.M.,https://www.courts.nh.gov/sites/g/files/ehbemt471/files/documents/2023-12/20230193_0.pdf,,2023-12-28,,2023,Circuit Court,circuit_court,Derby,family/domestic,standard,,per_curiam,Per Curiam,0,0,0,5,Unavailable,False,False,False,"['criminal', 'family_law', 'civil_procedure', 'domestic_violence']","['RSA 173-B:5', 'RSA 173-B:5, I', 'RSA 173-B:1', 'RSA 173-B:1, I', 'RSA 633:3-a, I', 'RSA 173-B:3, VI']",RSA 173-B:5,False,['de_novo'],,1403,case_order,1.0.0,2026-08-03T12:14:02.774615,0.8
2022-0503,2022-0503,['2022-0503'],,,,State of New Hampshire v. Nicholas Nieuwkoop,https://www.courts.nh.gov/sites/g/files/ehbemt471/files/documents/2023-12/20220503.pdf,,2023-12-28,,2023,,,Howard,criminal,standard,,per_curiam,Per Curiam,0,0,0,5,Unavailable,False,False,False,['criminal'],"['RSA 632-A:2, I']","RSA 632-A:2, I",False,[],,1471,case_order,1.0.0,2026-08-03T12:14:03.147507,0.8
2022-0584,2022-0584,['2022-0584'],,,,Mary D. Pearce v. Robert Coviello & a.,https://www.courts.nh.gov/sites/g/files/ehbemt471/files/documents/2024-01/20220584.pdf,,2023-12-28,,2023,"Superior Court (Ignatius, J.)",superior_court,Ignatius,family/domestic,standard,reversed,per_curiam,Per Curiam,4,0,0,1,4-0,True,False,False,"['family_law', 'civil_procedure', 'property', 'contract']",['RSA 479'],RSA 479,False,[],,741,case_order,1.0.0,2026-08-03T12:14:03.333290,0.8
2022-0660,2022-0660,['2022-0660'],,,,In the Matter of Michael Speight and Amanda Kaelblein,https://www.courts.nh.gov/sites/g/files/ehbemt471/files/documents/2024-01/20220660.pdf,,2023-12-26,,2023,,,,family/domestic,standard,dismissed,per_curiam,Per Curiam,4,0,0,1,4-0,True,False,False,"['family_law', 'civil_procedure', 'statutory_interpretation']","['RSA 491:8-a', 'RSA 502-A:27-c', 'RSA 490-F:3', 'RSA 458-A', 'RSA 458-A:12, I', 'RSA 458-A:12', 'RSA 458-A:14, I', 'RSA 458-A:14, II', 'RSA 458-A:1, VII']",RSA 491:8-a,True,['substantial_evidence'],,1144,case_order,1.0.0,2026-08-03T12:14:03.574998,0.8
2023-0109,2023-0109,['2023-0109'],,,,"Kathleen Sylvester v. Woodward’s White Mountain Resort, LLC",https://www.courts.nh.gov/sites/g/files/ehbemt471/files/documents/2023-12/20230109.pdf,,2023-12-20,,2023,Superior Court,superior_court,"St.
Hilaire",civil,standard,,per_curiam,Per Curiam,0,0,0,5,Unavailable,False,False,False,"['insurance', 'civil_procedure', 'employment', 'contract', 'tort']","['RSA 281-A:8', 'RSA 281-A:8, I', 'RSA 281-A']",RSA 281-A:8,False,['de_novo'],,1333,case_order,1.0.0,2026-08-03T12:14:03.938041,0.8
2022-0067,2022-0067,['2022-0067'],,,,State of New Hampshire v. Odessa Lemieux,https://www.courts.nh.gov/sites/g/files/ehbemt471/files/documents/2023-12/20220067.pdf,,2023-12-14,,2023,"Superior Court (Kissinger, J.)",superior_court,Kissinger,criminal,standard,affirmed,per_curiam,Per Curiam,4,0,0,2,4-0,True,False,False,[],"['RSA 639:3, I']","RSA 639:3, I",False,['de_novo'],,1315,case_order,1.0.0,2026-08-03T12:14:04.758473,0.8
2022-0042,2022-0042,['2022-0042'],,,,"James G. Boyle, Trustee of the 150 Greenleaf Avenue Realty Trust v. City of Portsmouth",https://www.courts.nh.gov/sites/g/files/ehbemt471/files/documents/2023-12/20220042.pdf,,2023-12-14,,2023,"Superior Court (Honigberg, J.)",superior_court,Honigberg,civil,standard,remanded,per_curiam,Per Curiam,0,0,0,5,Unavailable,False,False,False,"['statutory_interpretation', 'property']",['RSA 677:6'],RSA 677:6,True,['de_novo'],,1356,case_order,1.0.0,2026-08-03T12:14:05.107446,0.8
2023-0419,2023-0419,['2023-0419'],,,,Michael Degrasse v. Christine Hart,https://www.courts.nh.gov/sites/g/files/ehbemt471/files/documents/2024-01/20230419.pdf,,2023-12-14,,2023,"Circuit Court (McIntyre, J.)",circuit_court,McIntyre,civil,standard,affirmed,per_curiam,Per Curiam,4,0,0,1,4-0,True,False,False,"['property', 'contract']",[],,False,[],,441,case_order,1.0.0,2026-08-03T12:14:05.210039,0.8
20220104and20220107,20220104and20220107,"['2022-0104', '2022-0107']",,,,"Roger Pratt & a. v. Agel Corman Realty, Inc. & a.",https://www.courts.nh.gov/sites/g/files/ehbemt471/files/documents/2023-12/20220104and20220107.pdf,,2023-12-13,,2023,"Superior Court (Leonard, J.)",superior_court,Leonard,civil,standard,affirmed,per_curiam,Per Curiam,0,0,0,5,Unavailable,False,False,False,"['statutory_interpretation', 'property', 'contract']",[],,True,[],,1403,case_order,1.0.0,2026-08-03T12:14:05.993426,0.8
2022-0587,2022-0587,['2022-0587'],,,,Appeal of New Hampshire Department of Corrections & a.,https://www.courts.nh.gov/sites/g/files/ehbemt471/files/documents/2023-12/20220587.pdf,,2023-12-13,,2023,,,,civil,standard,,per_curiam,Per Curiam,0,0,0,5,Unavailable,False,False,False,"['insurance', 'administrative_law', 'employment', 'tort']","['RSA 281-A:54, I', 'RSA 541:13', 'RSA 281-A:2, XIV']","RSA 281-A:54, I",False,[],,1389,case_order,1.0.0,2026-08-03T12:14:06.404088,0.8
2021-0447,2021-0447,['2021-0447'],,,,Appeal of Matthew Graves & a.,https://www.courts.nh.gov/sites/g/files/ehbemt471/files/documents/2023-12/20210447.pdf,,2023-12-13,,2023,,administrative,,civil,standard,,per_curiam,Per Curiam,0,0,0,5,Unavailable,False,False,False,"['administrative_law', 'property']","['RSA 541', 'RSA 21-O:14, III', 'RSA 541:13']",RSA 541,False,['de_novo'],,1400,case_order,1.0.0,2026-08-03T12:14:06.769543,0.8
2022-0417,2022-0417,['2022-0417'],,,,In the Matter of Genevieve Snell and Gary Snell,https://www.courts.nh.gov/sites/g/files/ehbemt471/files/documents/2024-01/20220417.pdf,,2023-12-12,,2023,,,,family/domestic,standard,affirmed,per_curiam,Per Curiam,3,0,0,2,3-0,True,False,False,"['family_law', 'employment']",[],,False,[],,200,case_order,1.0.0,2026-08-03T12:14:06.832805,0.8
2022-0409,2022-0409,['2022-0409'],,,,State of New Hampshire v. Amy Lee Dansereau,https://www.courts.nh.gov/sites/g/files/ehbemt471/files/documents/2024-01/20220409.pdf,,2023-12-11,,2023,,,,criminal,standard,affirmed,per_curiam,Per Curiam,4,0,0,1,4-0,True,False,False,[],[],,False,[],,216,case_order,1.0.0,2026-08-03T12:14:06.899536,0.8
2022-0474,2022-0474,['2022-0474'],,,,State of New Hampshire v. Edward Bou-Nassif,https://www.courts.nh.gov/sites/g/files/ehbemt471/files/documents/2023-12/20220474.pdf,,2023-11-30,,2023,"Circuit Court (Tenney, J.)",circuit_court,Tenney,criminal,standard,affirmed,per_curiam,Per Curiam,3,0,0,2,3-0,True,False,False,"['criminal', 'civil_procedure', 'statutory_interpretation', 'tax']",['RSA 638:3'],RSA 638:3,True,['plain_error'],,653,case_order,1.0.0,2026-08-03T12:14:07.082625,0.8
2022-0579,2022-0579,['2022-0579'],,,,Bjorn Bruckshaw & a. v. Donald Polasko,https://www.courts.nh.gov/sites/g/files/ehbemt471/files/documents/2023-12/20220579.pdf,,2023-11-30,,2023,"Superior Court (Leonard, J.)",superior_court,Leonard,civil,standard,dismissed,per_curiam,Per Curiam,4,0,0,1,4-0,True,False,False,"['property', 'contract', 'tort']","['RSA 540-A', 'RSA 540-A:4', 'RSA 540-A:2']",RSA 540-A,False,[],,1100,case_order,1.0.0,2026-08-03T12:14:07.354366,0.8
2022-0223,2022-0223,['2022-0223'],,,,"Appeal of OL International Holdings, LLC",https://www.courts.nh.gov/sites/g/files/ehbemt471/files/documents/2023-11/20220223olinternational.pdf,,2023-11-29,,2023,,,,civil,standard,,per_curiam,Per Curiam,0,0,0,5,Unavailable,False,False,False,"['insurance', 'administrative_law', 'employment']","['RSA 281-A:26', 'RSA 281-A:2, XI', 'RSA 541:13']",RSA 281-A:26,False,[],,1267,case_order,1.0.0,2026-08-03T12:14:07.715635,0.8
2022-0571,2022-0571,['2022-0571'],,,,In the Matter of Keith Colado and Meagan Colado,https://www.courts.nh.gov/sites/g/files/ehbemt471/files/documents/2023-12/20220571.pdf,,2023-11-29,,2023,"Circuit Court (Foley, R., approved by Hall, J.), dividing",circuit_court,"Foley, R., approved by Hall",family/domestic,standard,,per_curiam,Per Curiam,0,0,0,5,Unavailable,False,False,False,"['family_law', 'property']","['RSA 458:16-a', 'RSA 458:16-a, II', 'RSA 458:16-']",RSA 458:16-a,False,[],,1517,case_order,1.0.0,2026-08-03T12:14:08.033069,0.8
2023-0406,2023-0406,['2023-0406'],,,,"D.G. v. A.L., the court on November 29, 2023",https://www.courts.nh.gov/sites/g/files/ehbemt471/files/documents/2023-12/20230406.pdf,,2023-11-29,,2023,Circuit Court,circuit_court,Cabrera,family/domestic,standard,affirmed,per_curiam,Per Curiam,4,0,0,1,4-0,True,False,False,['domestic_violence'],"['RSA 173-B:5', 'RSA 173-B:5, I', 'RSA 173-B:1, I', 'RSA 173-B:3, I']",RSA 173-B:5,False,[],,1079,case_order,1.0.0,2026-08-03T12:14:08.354448,0.8
2023-0394,2023-0394,['2023-0394'],,,,Jodie Kramer v. Tar Mac Paving,https://www.courts.nh.gov/sites/g/files/ehbemt471/files/documents/2023-12/20230394.pdf,,2023-11-27,,2023,,,,civil,standard,affirmed,per_curiam,Per Curiam,4,0,0,1,4-0,True,False,False,"['statutory_interpretation', 'contract']",[],,True,[],,356,case_order,1.0.0,2026-08-03T12:14:08.439229,0.8
2023-0347,2023-0347,['2023-0347'],,,,Wanda Cote & a. v. Carrie Van Slette & a.,https://www.courts.nh.gov/sites/g/files/ehbemt471/files/documents/2023-12/20230347.pdf,,2023-11-17,,2023,"Circuit Court (Hall, J.)",circuit_court,Hall,civil,standard,affirmed,per_curiam,Per Curiam,5,0,0,1,5-0,True,False,False,['constitutional'],[],,False,[],,727,case_order,1.0.0,2026-08-03T12:14:08.628863,0.8
2021-0554,2021-0554,['2021-0554'],,,,Janessa Verrill & a. v. Commissioner of the New Hampshire Department of Health and Human Services & a.,https://www.courts.nh.gov/sites/g/files/ehbemt471/files/documents/2023-11/20210554.pdf,,2023-11-17,,2023,Superior Court,superior_court,Kissinger,civil,standard,remanded,per_curiam,Per Curiam,3,0,0,3,3-0,True,False,False,"['medicaid', 'administrative_law', 'employment']","['RSA 171-A', 'RSA 171-A:6', 'RSA 171-A:1-a, I', 'RSA 171-A:1, IV', 'RSA 186-C', 'RSA 490:3']",RSA 171-A,False,[],,1180,case_order,1.0.0,2026-08-03T12:14:08.955006,0.8
2022-0070,2022-0070,['2022-0070'],,,,State of New Hampshire v. Genaro Claussells-Vega,https://www.courts.nh.gov/sites/g/files/ehbemt471/files/documents/2023-11/20220070.pdf,,2023-11-15,,2023,,,Nicolosi,family/domestic,standard,,per_curiam,Per Curiam,0,0,0,5,Unavailable,False,False,False,"['criminal', 'domestic_violence']","['RSA 632-A:2, I', 'RSA 631:2, I', 'RSA 633:1, I', 'RSA 631:2-b, I', 'RSA 631:4, I']","RSA 632-A:2, I",False,[],,1350,case_order,1.0.0,2026-08-03T12:14:09.325933,0.8
2022-0311,2022-0311,['2022-0311'],,,,State of New Hampshire v. Dana Anderson,https://www.courts.nh.gov/sites/g/files/ehbemt471/files/documents/2023-11/20220311.pdf,,2023-11-15,,2023,,,Attorri,criminal,standard,,per_curiam,Per Curiam,0,0,0,5,Unavailable,False,False,False,"['criminal', 'civil_procedure']",['RSA 633:2'],RSA 633:2,False,[],,1479,case_order,1.0.0,2026-08-03T12:14:09.688363,0.8
2021-0547,20210547,['2021-0547'],,,,2021-0547 State of New Hampshire v. Christopher Harrington,https://www.courts.nh.gov/sites/g/files/ehbemt471/files/documents/2023-11/20210547.pdf,,2023-11-14,,2023,"Superior Court (Wageling, J.)",superior_court,Wageling,criminal,standard,reversed,per_curiam,Per Curiam,0,0,0,5,Unavailable,False,False,False,"['criminal', 'evidence']","['RSA 632-A:2', 'RSA 632-A:3, III', 'RSA 632-A:2, I']",RSA 632-A:2,False,[],,1261,case_order,1.0.0,2026-08-03T12:14:09.985158,0.8
2023-0314,2023-0314,['2023-0314'],,,,Chloe Thibodeau v. Alicia L’Esperance,https://www.courts.nh.gov/sites/g/files/ehbemt471/files/documents/2023-12/20230314.pdf,,2023-11-13,,2023,"Circuit Court (Kane, R., approved by Murray, J.) entering judgment in favor of",circuit_court,"Kane, R., approved by Murray",civil,standard,affirmed,per_curiam,Per Curiam,5,0,0,1,5-0,True,False,False,['statutory_interpretation'],"['RSA 503:6', 'RSA 503:6, I', 'RSA 503:6, II']",RSA 503:6,True,[],,1197,case_order,1.0.0,2026-08-03T12:14:10.263263,0.8
2022-0574,2022-0574,['2022-0574'],,,,State of New Hampshire v. Danielle T. Walker,https://www.courts.nh.gov/sites/g/files/ehbemt471/files/documents/2023-12/20220574.pdf,,2023-11-13,,2023,"Circuit Court (Greenhalgh, J.)",circuit_court,Greenhalgh,criminal,standard,affirmed,per_curiam,Per Curiam,5,0,0,1,5-0,True,False,False,"['criminal', 'evidence']","['RSA 637:3-a, II']","RSA 637:3-a, II",False,[],,1094,case_order,1.0.0,2026-08-03T12:14:10.542755,0.8
2022-0400,2022-0400,['2022-0400'],,,,State of New Hampshire v. Michael Ciampa,https://www.courts.nh.gov/sites/g/files/ehbemt471/files/documents/2023-12/20220400.pdf,,2023-11-09,,2023,"Superior Court (St. Hilaire, J.)",superior_court,St. Hilaire,criminal,standard,affirmed,per_curiam,Per Curiam,4,0,0,1,4-0,True,False,False,['criminal'],"['RSA 631:2, I', 'RSA 2', 'RSA 625:11, VI']","RSA 631:2, I",False,[],,1409,case_order,1.0.0,2026-08-03T12:14:10.933579,0.8
20190490,20190490,"['2019-0490', '2021-0501']",,,,"State of New Hampshire v. Robert M. Fitzgerald, Jr.",https://www.courts.nh.gov/sites/g/files/ehbemt471/files/documents/2023-11/20190490.pdf,,2023-11-07,,2023,,,,criminal,standard,dismissed,per_curiam,Per Curiam,0,0,0,5,Unavailable,False,False,False,"['criminal', 'civil_procedure']","['RSA 633:1, I', 'RSA 631:2, I', 'RSA 631:2-b, I']","RSA 633:1, I",False,[],,1474,case_order,1.0.0,2026-08-03T12:14:11.748733,0.8
2022-0467,2022-0467,['2022-0467'],,,,In the Matter of Johanna Papantones and Mark Papantones,https://www.courts.nh.gov/sites/g/files/ehbemt471/files/documents/2023-11/20220467.pdf,,2023-11-03,,2023,Circuit Court,circuit_court,Prevett,family/domestic,standard,,per_curiam,Per Curiam,0,0,0,5,Unavailable,False,False,False,"['family_law', 'statutory_interpretation', 'employment', 'contract']",[],,True,['de_novo'],,1357,case_order,1.0.0,2026-08-03T12:14:12.106053,0.8
2022-0602,2022-0602,['2022-0602'],,,,Cheers P.R. & C. Gaming Corporation & a. v. New Hampshire Lottery Commission & a.,https://www.courts.nh.gov/sites/g/files/ehbemt471/files/documents/2023-11/20220602.pdf,,2023-11-03,,2023,"Superior Court (Attorri, J.)",superior_court,Attorri,civil,standard,,per_curiam,Per Curiam,0,0,0,5,Unavailable,False,False,False,"['administrative_law', 'civil_procedure', 'statutory_interpretation', 'property', 'contract', 'tort', 'evidence']","['RSA 541-B:1', 'RSA 491:8', 'RSA 541-B', 'RSA 541-B:1, II']",RSA 541-B:1,True,[],,1346,case_order,1.0.0,2026-08-03T12:14:12.467597,0.8
2022-0084,2022-0084,['2022-0084'],,,,Albert S. Brandano v. Superintendent of New Hampshire School Administrative Unit 16 & a.,https://www.courts.nh.gov/sites/g/files/ehbemt471/files/documents/2023-11/20220084.pdf,,2023-11-03,,2023,"Superior Court (Ruoff, J.)",superior_court,Ruoff,civil,standard,dismissed,per_curiam,Per Curiam,0,0,0,5,Unavailable,False,False,False,"['administrative_law', 'civil_procedure', 'contract']",['RSA 91-A'],RSA 91-A,False,[],,1071,case_order,1.0.0,2026-08-03T12:14:12.740631,0.8
2022-0498,2022-0498,['2022-0498'],,,,State of New Hampshire v. Matthew Ryan Fritz,https://www.courts.nh.gov/sites/g/files/ehbemt471/files/documents/2023-11/20220498.pdf,,2023-11-02,,2023,,,,civil,standard,reversed_and_remanded,per_curiam,Per Curiam,4,0,0,1,4-0,True,False,False,"['evidence', 'DWI']","['RSA 265-A:3, III', 'RSA 265-A:2', 'RSA 265-A:2, I']","RSA 265-A:3, III",False,[],,1351,case_order,1.0.0,2026-08-03T12:14:13.140394,0.8
2022-0538,2022-0538,['2022-0538'],,,,Rochester Agricultural & Mechanical Association v. City of Rochester,https://www.courts.nh.gov/sites/g/files/ehbemt471/files/documents/2023-10/20220538.pdf,,2023-10-31,,2023,"Superior Court (Howard, J.)",superior_court,Howard,civil,standard,dismissed,per_curiam,Per Curiam,5,0,0,1,5-0,True,False,False,"['civil_procedure', 'statutory_interpretation', 'constitutional', 'property']","['RSA 491:22', 'RSA 677:4']",RSA 491:22,True,[],,1045,case_order,1.0.0,2026-08-03T12:14:13.372845,0.8
2022-0178,2022-0178,['2022-0178'],,,,State of New Hampshire v. Joseph Gorman,https://www.courts.nh.gov/sites/g/files/ehbemt471/files/documents/2023-10/2022-0178.pdf,,2023-10-24,,2023,"Superior Court (Nicolosi, J.)",superior_court,Nicolosi,criminal,standard,,per_curiam,Per Curiam,0,0,0,5,Unavailable,False,False,False,"['criminal', 'constitutional', 'evidence']","['RSA 632-A:2, I']","RSA 632-A:2, I",False,[],,1450,case_order,1.0.0,2026-08-03T12:14:13.763460,0.8
2022-0362,2022-0362,['2022-0362'],,,,Lauren C. Shearer v. Town of Richmond,https://www.courts.nh.gov/sites/g/files/ehbemt471/files/documents/2023-10/2022-0362.pdf,,2023-10-24,,2023,"Superior Court (Leonard, J.)",superior_court,Leonard,civil,standard,,per_curiam,Per Curiam,0,0,0,5,Unavailable,False,False,False,['civil_procedure'],"['RSA 231:38', 'RSA 231:9', 'RSA 231:38, I', 'RSA 231:34']",RSA 231:38,False,['de_novo'],,1479,case_order,1.0.0,2026-08-03T12:14:14.629503,0.8
2023-0425,2023-0425,['2023-0425'],,,,Peter Boraczek v. Robert Shone,https://www.courts.nh.gov/sites/g/files/ehbemt471/files/documents/2023-11/20230425.pdf,,2023-10-23,,2023,"Circuit Court entering default in favor of the plaintiff, Peter Boraczek",circuit_court,,criminal,standard,reversed,per_curiam,Per Curiam,5,0,0,1,5-0,True,False,False,"['criminal', 'statutory_interpretation']",[],,True,[],,572,case_order,1.0.0,2026-08-03T12:14:14.758418,0.8
2023-0114,2023-0114,['2023-0114'],,,,Oak Brook Condominium Owners' Association v. Gerard Dufresne,https://www.courts.nh.gov/sites/g/files/ehbemt471/files/documents/2023-11/20230114.pdf,,2023-10-23,,2023,"Circuit Court (Chabot, J.)",circuit_court,Chabot,civil,standard,affirmed,per_curiam,Per Curiam,5,0,0,1,5-0,True,False,False,"['administrative_law', 'contract', 'tax']",['RSA 356'],RSA 356,False,[],,908,case_order,1.0.0,2026-08-03T12:14:15.000367,0.8
2023-0181,2023-0181,['2023-0181'],,,,K.A. v. D.A.,https://www.courts.nh.gov/sites/g/files/ehbemt471/files/documents/2023-11/20230181.pdf,,2023-10-20,,2023,"Circuit Court (Rauseo, J.)",circuit_court,Rauseo,family/domestic,standard,remanded,per_curiam,Per Curiam,5,0,0,1,5-0,True,False,False,['domestic_violence'],"['RSA 173', 'RSA 173-B:5, VI', 'RSA 490:4']",RSA 173,False,[],,358,case_order,1.0.0,2026-08-03T12:14:15.101862,0.8
2022-0046,2022-0046,['2022-0046'],,,,State of New Hampshire v. Paul Loukedes,https://www.courts.nh.gov/sites/g/files/ehbemt471/files/documents/2023-11/20220046.pdf,,2023-10-20,,2023,Superior Court,superior_court,Schulman,criminal,standard,,per_curiam,Per Curiam,0,0,0,5,Unavailable,False,False,False,"['criminal', 'tort', 'DWI']",['RSA 262:23'],RSA 262:23,False,"['de_novo', 'clear_error']",,1400,case_order,1.0.0,2026-08-03T12:14:15.473084,0.8
2023-0276,2023-0276,['2023-0276'],,,,Shirley Donahue v. Ronald Vieira,https://www.courts.nh.gov/sites/g/files/ehbemt471/files/documents/2023-11/20230276.pdf,,2023-10-19,,2023,"Circuit Court (Murray, J.)",circuit_court,Murray,civil,standard,affirmed,per_curiam,Per Curiam,5,0,0,1,5-0,True,False,False,"['statutory_interpretation', 'contract', 'tort']",[],,True,[],,333,case_order,1.0.0,2026-08-03T12:14:15.553163,0.8
2023-0053,2023-0053,['2023-0053'],,,,Maria Melekos v. Wanda Cote,https://www.courts.nh.gov/sites/g/files/ehbemt471/files/documents/2023-11/20230053.pdf,,2023-10-16,,2023,Circuit Court,circuit_court,Weaver,civil,standard,,per_curiam,Per Curiam,0,0,0,5,Unavailable,False,False,False,"['statutory_interpretation', 'contract', 'tax']",['RSA 382-A:2-209'],RSA 382-A:2-209,True,['de_novo'],,1494,case_order,1.0.0,2026-08-03T12:14:15.878535,0.8
2022-0320,2022-0320,['2022-0320'],,,,State of New Hampshire v. Kathryn D. Pate,https://www.courts.nh.gov/sites/g/files/ehbemt471/files/documents/2023-10/20220320.pdf,,2023-10-13,,2023,"Circuit Court (LeFrancois, J.)",circuit_court,LeFrancois,family/domestic,standard,,per_curiam,Per Curiam,0,0,0,5,Unavailable,False,False,False,"['family_law', 'DWI', 'tax']","['RSA 265-A:3, III', 'RSA 329:26']","RSA 265-A:3, III",False,"['de_novo', 'clear_error']",,1393,case_order,1.0.0,2026-08-03T12:14:16.218126,0.8
2022-0708,2022-0708,['2022-0708'],,,,State of New Hampshire v. Victor Woodin,https://www.courts.nh.gov/sites/g/files/ehbemt471/files/documents/2023-11/20220708.pdf,,2023-10-12,,2023,"Circuit Court (Zaino, J.)",circuit_court,Zaino,civil,standard,affirmed,per_curiam,Per Curiam,5,0,0,1,5-0,True,False,False,"['statutory_interpretation', 'DWI']",['RSA 265-A:2'],RSA 265-A:2,True,[],,306,case_order,1.0.0,2026-08-03T12:14:16.297014,0.8
2022-0652,20220652,['2022-0652'],,,,"2022-0652 Tracey L. Russo v. Granite State Podiatry Associates, P.A. & a.",https://www.courts.nh.gov/sites/g/files/ehbemt471/files/documents/2023-10/20220652.pdf,,2023-10-12,,2023,Superior Court,superior_court,Delker,civil,standard,,per_curiam,Per Curiam,0,0,0,5,Unavailable,False,False,False,"['civil_procedure', 'contract', 'tort']","['RSA 507-E', 'RSA 508:4, I', 'RSA 491:8-a, III']",RSA 507-E,False,['de_novo'],,1416,case_order,1.0.0,2026-08-03T12:14:16.657005,0.8
2022-0547,2022-0547,['2022-0547'],,,,In the Matter of Frederick Wilkinson and Lisa Wilkinson,https://www.courts.nh.gov/sites/g/files/ehbemt471/files/documents/2023-11/20220547.pdf,,2023-10-12,,2023,"Circuit Court (Forrest, J.)",circuit_court,Forrest,family/domestic,standard,affirmed,per_curiam,Per Curiam,5,0,0,1,5-0,True,False,False,"['family_law', 'employment']","['RSA 458:19-aa, VII', 'RSA 458:19-aa, VIII', 'RSA 458:19-aa, IX', 'RSA 458:16-b, I']","RSA 458:19-aa, VII",False,[],,1324,case_order,1.0.0,2026-08-03T12:14:17.027103,0.8
2023-0253,2023-0253,['2023-0253'],,,,Karissa Kagiliery & a. v. 274 Amherst Street LLC,https://www.courts.nh.gov/sites/g/files/ehbemt471/files/documents/2023-11/20230253.pdf,,2023-10-11,,2023,,,,civil,standard,affirmed,per_curiam,Per Curiam,5,0,0,1,5-0,True,False,False,[],"['RSA 540-A:7, I']","RSA 540-A:7, I",False,[],,696,case_order,1.0.0,2026-08-03T12:14:17.211181,0.8
2023-0252,2023-0252,['2023-0252'],,,,"Brian McGivern v. Erickson Foundation Supportworks, ADO Erickson Construction",https://www.courts.nh.gov/sites/g/files/ehbemt471/files/documents/2023-11/20230252.pdf,,2023-10-11,,2023,,,,civil,standard,affirmed,per_curiam,Per Curiam,5,0,0,1,5-0,True,False,False,[],[],,False,[],,448,case_order,1.0.0,2026-08-03T12:14:17.322010,0.8
2023-0205,2023-0205,['2023-0205'],,,,State of New Hampshire v. Cody M. Frye,https://www.courts.nh.gov/sites/g/files/ehbemt471/files/documents/2023-09/20230205.pdf,,2023-09-26,,2023,Superior Court,superior_court,Attorri,criminal,standard,,per_curiam,Per Curiam,0,0,0,5,Unavailable,False,False,False,[],"['RSA 597:1-c', 'RSA 597:2, III', 'RSA 318-B:26, IX']",RSA 597:1-c,False,[],,1448,case_order,1.0.0,2026-08-03T12:14:17.710789,0.8
2023-0017,2023-0017,['2023-0017'],,,,Robert Ford & a. v. Town of Fitzwilliam & a.,https://www.courts.nh.gov/sites/g/files/ehbemt471/files/documents/2023-11/20230017.pdf,,2023-09-22,,2023,Superior Court,superior_court,Smith,civil,standard,affirmed,per_curiam,Per Curiam,4,0,0,2,4-0,True,False,False,['civil_procedure'],['RSA 644:2'],RSA 644:2,False,['de_novo'],,492,case_order,1.0.0,2026-08-03T12:14:17.824551,0.8
20210497and20210523,20210497and20210523,"['2021-0497', '2021-0523']",,,,State of New Hampshire v. Michael Caterson,https://www.courts.nh.gov/sites/g/files/ehbemt471/files/documents/2023-09/20210497and20210523.pdf,,2023-09-21,,2023,"Superior Court (Honigberg, J.)",superior_court,Honigberg,criminal,standard,vacated,per_curiam,Per Curiam,4,0,0,2,4-0,True,False,False,"['criminal', 'statutory_interpretation']","['RSA 169-B:4, VII']","RSA 169-B:4, VII",True,[],,791,case_order,1.0.0,2026-08-03T12:14:18.061515,0.8
2022-0483,2022-0483,['2022-0483'],,,,In the Matter of Amy Froebel-Fisher and Richard Fisher,https://www.courts.nh.gov/sites/g/files/ehbemt471/files/documents/2023-09/20220483.pdf,,2023-09-21,,2023,"Circuit Court (Rauseo, J.)",circuit_court,Rauseo,family/domestic,standard,,per_curiam,Per Curiam,0,0,0,5,Unavailable,False,False,False,"['family_law', 'property']",[],,False,[],,1389,case_order,1.0.0,2026-08-03T12:14:18.363206,0.8
2021-0569,2021-0569,['2021-0569'],,,,Debbie Orloff v. Jean-Paul Downs,https://www.courts.nh.gov/sites/g/files/ehbemt471/files/documents/2023-09/20210569.pdf,,2023-09-21,,2023,Superior Court,superior_court,Wageling,civil,standard,,per_curiam,Per Curiam,0,0,0,5,Unavailable,False,False,False,"['contract', 'tort']","['RSA 275:51, V']","RSA 275:51, V",False,[],,1453,case_order,1.0.0,2026-08-03T12:14:18.734227,0.8
2022-0207,2022-0207,['2022-0207'],,,,State of New Hampshire v. Richard Mooney,https://www.courts.nh.gov/sites/g/files/ehbemt471/files/documents/2023-11/20220207.pdf,,2023-09-14,,2023,Superior Court,superior_court,Kissinger,criminal,standard,affirmed,per_curiam,Per Curiam,5,0,0,1,5-0,True,False,False,['criminal'],['RSA 651:63'],RSA 651:63,False,[],,187,case_order,1.0.0,2026-08-03T12:14:18.795619,0.8
2022-0475,2022-0475,['2022-0475'],,,,In the Matter of Noreen Morgan and Thomas Morgan,https://www.courts.nh.gov/sites/g/files/ehbemt471/files/documents/2023-09/20220475.pdf,,2023-09-12,,2023,"Circuit Court (Curran, J.)",circuit_court,Curran,family/domestic,standard,,per_curiam,Per Curiam,0,0,0,5,Unavailable,False,False,False,"['insurance', 'family_law', 'property', 'employment']","['RSA 458:16-a, I']","RSA 458:16-a, I",False,[],,1405,case_order,1.0.0,2026-08-03T12:14:19.128554,0.8
2022-0372,2022-0372,['2022-0372'],,,,State of New Hampshire v. Vincent Cooper,https://www.courts.nh.gov/sites/g/files/ehbemt471/files/documents/2023-09/20220372.pdf,,2023-09-12,,2023,"Superior Court (St. Hilaire, J.)",superior_court,St. Hilaire,family/domestic,standard,affirmed,per_curiam,Per Curiam,5,0,0,1,5-0,True,False,False,"['criminal', 'domestic_violence']","['RSA 631:2, I', 'RSA 631:2, III', 'RSA 631:2, II']","RSA 631:2, I",False,[],,1318,case_order,1.0.0,2026-08-03T12:14:19.468441,0.8
2022-0414,2022-0414,['2022-0414'],,,,State of New Hampshire v. Jonathan A. Perfetto,https://www.courts.nh.gov/sites/g/files/ehbemt471/files/documents/2023-09/20220414.pdf,,2023-09-08,,2023,"Superior Court (Anderson, J.)",superior_court,Anderson,criminal,standard,,per_curiam,Per Curiam,0,0,0,5,Unavailable,False,False,False,"['criminal', 'statutory_interpretation']","['RSA 651:10', 'RSA 649-A:3', 'RSA 651', 'RSA 622-B:2']",RSA 651:10,True,['de_novo'],,1393,case_order,1.0.0,2026-08-03T12:14:19.807127,0.8
2022-0301,20220301,['2022-0301'],,,,"2022-0301 Brenda L. Butkus, Administrator of the Estate of Michael D. Veilleux & a. v. Demoulas Super Markets, Inc.",https://www.courts.nh.gov/sites/g/files/ehbemt471/files/documents/2023-09/20220301.pdf,,2023-09-07,,2023,Superior Court,superior_court,Messer,civil,standard,,per_curiam,Per Curiam,0,0,0,5,Unavailable,False,False,False,"['administrative_law', 'civil_procedure', 'statutory_interpretation', 'employment', 'contract', 'tort']",[],,True,[],,1370,case_order,1.0.0,2026-08-03T12:14:20.187601,0.8
2023-0164,2023-0164,['2023-0164'],,,,M.B. v. R.B.,https://www.courts.nh.gov/sites/g/files/ehbemt471/files/documents/2023-11/20230164.pdf,,2023-09-01,,2023,Circuit Court,circuit_court,Chabot,family/domestic,standard,,per_curiam,Per Curiam,0,0,0,5,Unavailable,False,False,False,"['criminal', 'family_law', 'statutory_interpretation', 'property', 'contract', 'domestic_violence']","['RSA 173-B:5', 'RSA 173-B:5, I', 'RSA 173-B:1, I', 'RSA 634:1', 'RSA 632:2', 'RSA 173-B:3, VI', 'RSA 634:2, I', 'RSA 637:2, IV', 'RSA 458:7, III']",RSA 173-B:5,True,[],,1448,case_order,1.0.0,2026-08-03T12:14:20.558782,0.8
2022-0686,2022-0686,['2022-0686'],,,,"In the Matter of Samantha Curran and James Curran, Jr.",https://www.courts.nh.gov/sites/g/files/ehbemt471/files/documents/2023-11/20220686.pdf,,2023-09-01,,2023,"Circuit Court (Forrest, J.)",circuit_court,Forrest,family/domestic,standard,affirmed,per_curiam,Per Curiam,5,0,0,1,5-0,True,False,False,"['insurance', 'medicaid', 'family_law', 'property', 'employment', 'tax']","['RSA 458:16-a, II', 'RSA 461-A:6', 'RSA 461-A:2, I']","RSA 458:16-a, II",False,[],,1266,case_order,1.0.0,2026-08-03T12:14:20.866422,0.8
2022-0619,2022-0619,['2022-0619'],,,,"State of New Hampshire v. Alfred C. Lovely, Sr.",https://www.courts.nh.gov/sites/g/files/ehbemt471/files/documents/2023-08/20220619.pdf,,2023-08-31,,2023,"Superior Court (Howard, J.)",superior_court,Howard,criminal,standard,affirmed,per_curiam,Per Curiam,5,0,0,1,5-0,True,False,False,"['criminal', 'constitutional']","['RSA 651-A:22-a', 'RSA 651']",RSA 651-A:22-a,False,[],,722,case_order,1.0.0,2026-08-03T12:14:21.052156,0.8
2022-0315,2022-0315,['2022-0315'],,,,State of New Hampshire v. George Reid,https://www.courts.nh.gov/sites/g/files/ehbemt471/files/documents/2023-09/20220315.pdf,,2023-08-31,,2023,"Superior Court (Will, J.)",superior_court,Will,criminal,standard,reversed,per_curiam,Per Curiam,5,0,0,1,5-0,True,False,False,"['criminal', 'statutory_interpretation']","['RSA 651-A:22-a', 'RSA 651', 'RSA 651-A:22-a, II', 'RSA 651-A:22-a, III']",RSA 651-A:22-a,True,[],,699,case_order,1.0.0,2026-08-03T12:14:21.262145,0.8
2021-0543,2021-0543,['2021-0543'],,,,Christopher Andrews & a. v. Kearsarge Lighting Precinct,https://www.courts.nh.gov/sites/g/files/ehbemt471/files/documents/2023-08/20210543.pdf,,2023-08-31,,2023,,,,civil,standard,,per_curiam,Per Curiam,0,0,0,5,Unavailable,False,False,False,"['administrative_law', 'statutory_interpretation', 'constitutional', 'property', 'evidence']",['RSA 677:4'],RSA 677:4,True,['de_novo'],,1300,case_order,1.0.0,2026-08-03T12:14:21.596545,0.8
2023-0279,2023-0279,['2023-0279'],,,,State of New Hampshire v. Matthew Ashnault,https://www.courts.nh.gov/sites/g/files/ehbemt471/files/documents/2023-09/20230279.pdf,,2023-08-28,,2023,"Superior Court (Attorri, J.)",superior_court,Attorri,family/domestic,standard,affirmed,per_curiam,Per Curiam,5,0,0,1,5-0,True,False,False,"['criminal', 'domestic_violence']","['RSA 631:2, I', 'RSA 597:2, III']","RSA 631:2, I",False,[],,807,case_order,1.0.0,2026-08-03T12:14:21.861120,0.8
2023-0019,2023-0019,['2023-0019'],,,,S.A. v. J.C.,https://www.courts.nh.gov/sites/g/files/ehbemt471/files/documents/2023-09/20230019.pdf,,2023-08-28,,2023,Circuit Court,circuit_court,Stephen,family/domestic,standard,affirmed,per_curiam,Per Curiam,5,0,0,1,5-0,True,False,False,"['criminal', 'domestic_violence']","['RSA 173-B:5', 'RSA 173-B:3, VII', 'RSA 173-B:5, I', 'RSA 173-B:1, I', 'RSA 631:1', 'RSA 631:3', 'RSA 173-B:3, VI', 'RSA 173', 'RSA 173-B:4, I']",RSA 173-B:5,False,['plain_error'],,1204,case_order,1.0.0,2026-08-03T12:14:22.199043,0.8
2022-0063,2022-0063,['2022-0063'],,,,Jeffrey C. Spear & a. v. Richard J. Waite & a.,https://www.courts.nh.gov/sites/g/files/ehbemt471/files/documents/2023-08/20220063.pdf,,2023-08-24,,2023,"Superior Court (Tucker, J.)",superior_court,Tucker,civil,standard,,per_curiam,Per Curiam,0,0,0,5,Unavailable,False,False,False,['property'],[],,False,[],,760,case_order,1.0.0,2026-08-03T12:14:22.378368,0.8
2021-0219,2021-0219,"['2021-0219', '2014-0265']",,,,"Wells Fargo Bank, N.A. v. Barbara Hagan",https://www.courts.nh.gov/sites/g/files/ehbemt471/files/documents/2023-08/20210219.pdf,,2023-08-24,,2023,Superior Court,superior_court,Nicolosi,civil,standard,,per_curiam,Per Curiam,0,0,0,5,Unavailable,False,False,False,"['civil_procedure', 'property', 'contract']",[],,False,[],,1331,case_order,1.0.0,2026-08-03T12:14:22.729526,0.8
2022-0605,2022-0605,['2022-0605'],,,,State of New Hampshire v. Bryan H. Brown,https://www.courts.nh.gov/sites/g/files/ehbemt471/files/documents/2023-08/20220605.pdf,,2023-08-23,,2023,"Superior Court (Howard, J.)",superior_court,Howard,criminal,standard,affirmed,per_curiam,Per Curiam,5,0,0,1,5-0,True,False,False,"['criminal', 'constitutional']","['RSA 651-A:22-a', 'RSA 651']",RSA 651-A:22-a,False,[],,523,case_order,1.0.0,2026-08-03T12:14:22.870792,0.8
20220733and20230037,20220733and20230037,"['2022-0733', '2023-0037', '2015-0049']",,,,Mary Feeney v. Karyn Kelley,https://www.courts.nh.gov/sites/g/files/ehbemt471/files/documents/2023-09/20220733and20230037.pdf,,2023-08-22,,2023,"Superior Court (Anderson, J.)",superior_court,Anderson,civil,standard,affirmed,per_curiam,Per Curiam,4,0,0,2,4-0,True,False,False,"['administrative_law', 'property']",[],,False,[],,1427,case_order,1.0.0,2026-08-03T12:14:23.206395,0.8
2022-0504,2022-0504,['2022-0504'],,,,In the Matter of Janine Fraser and Martin Fraser,https://www.courts.nh.gov/sites/g/files/ehbemt471/files/documents/2023-09/20220504.pdf,,2023-08-21,,2023,"Circuit Court (Cooper, R., approved by Luneau, J.) in his divorce from",circuit_court,"Cooper, R., approved by Luneau",family/domestic,standard,,per_curiam,Per Curiam,0,0,0,5,Unavailable,False,False,False,"['family_law', 'property', 'tort', 'tax']","['RSA 458:16-a, II', 'RSA 458:16-a']","RSA 458:16-a, II",False,[],,1429,case_order,1.0.0,2026-08-03T12:14:23.525174,0.8
2022-0421,2022-0421,['2022-0421'],,,,State of New Hampshire v. George H. Gibby,https://www.courts.nh.gov/sites/g/files/ehbemt471/files/documents/2023-09/20220421.pdf,,2023-08-18,,2023,"Circuit Court (Gorman, J.)",circuit_court,Gorman,civil,standard,,per_curiam,Per Curiam,0,0,0,5,Unavailable,False,False,False,['DWI'],"['RSA 265-A:2, I', 'RSA 265-A:10']","RSA 265-A:2, I",False,[],,1452,case_order,1.0.0,2026-08-03T12:14:23.896821,0.8
2022-0038,2022-0038,['2022-0038'],,,,State of New Hampshire v. Dennis Surprenant,https://www.courts.nh.gov/sites/g/files/ehbemt471/files/documents/2023-08/20220038.pdf,,2023-08-17,,2023,,,,family/domestic,standard,affirmed,per_curiam,Per Curiam,0,0,0,5,Unavailable,False,False,False,"['criminal', 'domestic_violence']","['RSA 631:2, I', 'RSA 629:1', 'RSA 631:2-b, I', 'RSA 635:2']","RSA 631:2, I",False,[],,1267,case_order,1.0.0,2026-08-03T12:14:24.602250,0.8
2022-0545,2022-0545,['2022-0545'],,,,Appeal of Town of Derry,https://www.courts.nh.gov/sites/g/files/ehbemt471/files/documents/2023-08/20220545.pdf,,2023-08-17,,2023,,,,civil,standard,,per_curiam,Per Curiam,0,0,0,5,Unavailable,False,False,False,"['administrative_law', 'property']","['RSA 674:33, I', 'RSA 674:33, III', 'RSA 679:9, II', 'RSA 677:6', 'RSA 679:9, I', 'RSA 677:4', 'RSA 677:16', 'RSA 541', 'RSA 679:15', 'RSA 541:13']","RSA 674:33, I",False,['de_novo'],,1467,case_order,1.0.0,2026-08-03T12:14:24.995422,0.8
2022-0410,2022-0410,['2022-0410'],,,,In the Matter of Steven Vallier and Susan Vallier,https://www.courts.nh.gov/sites/g/files/ehbemt471/files/documents/2023-08/20220410.pdf,,2023-08-17,,2023,"Circuit Court (Rauseo, J.)",circuit_court,Rauseo,family/domestic,standard,,per_curiam,Per Curiam,0,0,0,5,Unavailable,False,False,False,"['family_law', 'property', 'contract', 'evidence']",[],,False,[],,1427,case_order,1.0.0,2026-08-03T12:14:25.386186,0.8
2022-0481,2022-0481,['2022-0481'],,,,In the Matter of Charles Porrier and BingBing Li,https://www.courts.nh.gov/sites/g/files/ehbemt471/files/documents/2023-08/20220481.pdf,,2023-08-17,,2023,"Circuit Court (Derby, J.)",circuit_court,Derby,family/domestic,standard,,per_curiam,Per Curiam,0,0,0,5,Unavailable,False,False,False,"['family_law', 'statutory_interpretation', 'property']",[],,True,['de_novo'],,1186,case_order,1.0.0,2026-08-03T12:14:25.709419,0.8
2022-0276,2022-0276,['2022-0276'],,,,City of Laconia v. Robert Kjellander,https://www.courts.nh.gov/sites/g/files/ehbemt471/files/documents/2023-08/20220276.pdf,,2023-08-10,,2023,Superior Court,superior_court,"O’Neill, J.; Houran",civil,standard,,per_curiam,Per Curiam,0,0,0,5,Unavailable,False,False,False,"['statutory_interpretation', 'constitutional', 'property']","['RSA 676:15', 'RSA 676', 'RSA 676:17, II']",RSA 676:15,True,['de_novo'],,1296,case_order,1.0.0,2026-08-03T12:14:26.018653,0.8
2023-0079,2023-0079,['2023-0079'],,,,K.G. v. A.G.,https://www.courts.nh.gov/sites/g/files/ehbemt471/files/documents/2023-08/20230079.pdf,,2023-07-20,,2023,"Circuit Court (Luneau, J.)",circuit_court,Luneau,family/domestic,standard,affirmed,per_curiam,Per Curiam,5,0,0,1,5-0,True,False,False,"['statutory_interpretation', 'constitutional', 'domestic_violence']",['RSA 173-B:5'],RSA 173-B:5,True,['plain_error'],,836,case_order,1.0.0,2026-08-03T12:14:26.267323,0.8
2023-0119,2023-0119,['2023-0119'],,,,J.K. v. D.T.,https://www.courts.nh.gov/sites/g/files/ehbemt471/files/documents/2023-08/20230119.pdf,,2023-07-18,,2023,"Circuit Court (Gorman, J.)",circuit_court,Gorman,family/domestic,standard,affirmed,per_curiam,Per Curiam,5,0,0,1,5-0,True,False,False,"['criminal', 'constitutional', 'employment', 'domestic_violence']","['RSA 633:3-a', 'RSA 633:3-a, I', 'RSA 633:3-a, II', 'RSA 633:3-', 'RSA 633:3-a, III', 'RSA 626:2, II']",RSA 633:3-a,False,['de_novo'],,1446,case_order,1.0.0,2026-08-03T12:14:26.582241,0.8
2022-0202,2022-0202,['2022-0202'],,,,"Kymalimi, LLC & a. v. Town of Salem",https://www.courts.nh.gov/sites/g/files/ehbemt471/files/documents/2023-07/20220202.pdf,,2023-07-14,,2023,Superior Court,superior_court,Houran,civil,standard,,per_curiam,Per Curiam,0,0,0,5,Unavailable,False,False,False,"['administrative_law', 'property', 'tax']","['RSA 676:4', 'RSA 677:15', 'RSA 677:15, I']",RSA 676:4,False,[],,1405,case_order,1.0.0,2026-08-03T12:14:26.923986,0.8
2022-0284,2022-0284,['2022-0284'],,,,K.A. v. D.A.,https://www.courts.nh.gov/sites/g/files/ehbemt471/files/documents/2023-08/20220284.pdf,,2023-07-14,,2023,"Circuit Court (Rauseo, J.)",circuit_court,Rauseo,family/domestic,standard,,per_curiam,Per Curiam,0,0,0,5,Unavailable,False,False,False,"['administrative_law', 'family_law', 'constitutional', 'domestic_violence', 'tax']","['RSA 173-B:5, VI', 'RSA 173-B:3, VI', 'RSA 173-B']","RSA 173-B:5, VI",False,['de_novo'],,1508,case_order,1.0.0,2026-08-03T12:14:27.341223,0.8
2022-0267,2022-0267,['2022-0267'],,,,J.T. v. J.B.,https://www.courts.nh.gov/sites/g/files/ehbemt471/files/documents/2023-07/20220267finalorder.pdf,,2023-07-13,,2023,"Circuit Court (Alfano, J.)",circuit_court,Alfano,family/domestic,standard,remanded,per_curiam,Per Curiam,5,0,0,1,5-0,True,False,False,"['criminal', 'domestic_violence']",['RSA 633:3-a'],RSA 633:3-a,False,[],,460,case_order,1.0.0,2026-08-03T12:14:27.462783,0.8
2022-0014,2022-0014,['2022-0014'],,,,"Mark Palanchian v. Scott Mitchell, Trustee of the Scott Mitchell Revocable Trust of 2010",https://www.courts.nh.gov/sites/g/files/ehbemt471/files/documents/2023-06/20220014.pdf,,2023-06-29,,2023,"Superior Court (O’Neill, J.)",superior_court,O’Neill,civil,standard,,per_curiam,Per Curiam,0,0,0,5,Unavailable,False,False,False,"['civil_procedure', 'statutory_interpretation', 'property']",[],,True,['de_novo'],,1275,case_order,1.0.0,2026-08-03T12:14:27.844849,0.8
2023-0020,2023-0020,"['2023-0020', '2023-0021']",,,,"E.O. v. R.T., and 2023-0021, R.T. v. E.O.",https://www.courts.nh.gov/sites/g/files/ehbemt471/files/documents/2023-06/20230020_20230021.pdf,,2023-06-29,,2023,"Circuit Court (Maloney, R., approved by Cabrera, J.), following an evidentiary",circuit_court,"Maloney, R., approved by Cabrera",family/domestic,standard,dismissed,per_curiam,Per Curiam,5,0,0,1,5-0,True,False,False,"['criminal', 'constitutional', 'domestic_violence']","['RSA 173-B:5, I', 'RSA 173-B:1, I', 'RSA 173-B', 'RSA 633:1', 'RSA 633:3-a', 'RSA 173-B:3, VI']","RSA 173-B:5, I",False,['de_novo'],,649,case_order,1.0.0,2026-08-03T12:14:27.992009,0.8
2021-0337,2021-0337,['2021-0337'],,,,State of New Hampshire v. Grace Woodham,https://www.courts.nh.gov/sites/g/files/ehbemt471/files/documents/2023-06/20210337.pdf,,2023-06-29,,2023,"Superior Court (Bornstein, J.)",superior_court,Bornstein,family/domestic,standard,vacated,per_curiam,Per Curiam,4,0,0,2,4-0,True,False,False,"['competency', 'family_law']","['RSA 135:17-a, V']","RSA 135:17-a, V",False,[],,479,case_order,1.0.0,2026-08-03T12:14:28.153922,0.8
2022-0082,2022-0082,['2022-0082'],,,,State of New Hampshire v. Cody Gunseth,https://www.courts.nh.gov/sites/g/files/ehbemt471/files/documents/2023-06/20220082.pdf,,2023-06-29,,2023,"Superior Court (Delker, J.)",superior_court,Delker,criminal,standard,dismissed,per_curiam,Per Curiam,0,0,0,5,Unavailable,False,False,False,"['criminal', 'civil_procedure', 'property']","['RSA 318-B:2, I']","RSA 318-B:2, I",False,[],,1395,case_order,1.0.0,2026-08-03T12:14:28.466100,0.8
2021-0585,2021-0585,['2021-0585'],,,,"Petition of Colonial Green Products Distributor, LLC",https://www.courts.nh.gov/sites/g/files/ehbemt471/files/documents/2023-06/20210585.pdf,,2023-06-29,,2023,,,,civil,standard,,per_curiam,Per Curiam,0,0,0,5,Unavailable,False,False,False,"['insurance', 'administrative_law', 'constitutional', 'property', 'contract']","['RSA 412:1', 'RSA 412:5', 'RSA 417:4', 'RSA 412:35', 'RSA 541:6', 'RSA 541', 'RSA 541:2', 'RSA 400-A:17', 'RSA 400', 'RSA 400-A:24, II', 'RSA 400-A:17, I', 'RSA 400-A', 'RSA 400-A:17, II']",RSA 412:1,False,['de_novo'],,1134,case_order,1.0.0,2026-08-03T12:14:28.807995,0.8
2022-0586,2022-0586,['2022-0586'],,,,Alex Luis Morales v. Zenandre Braccio,https://www.courts.nh.gov/sites/g/files/ehbemt471/files/documents/2023-06/20220586.pdf,,2023-06-22,,2023,,,Chabot,civil,standard,reversed,per_curiam,Per Curiam,5,0,0,1,5-0,True,False,False,['contract'],"['RSA 540-A', 'RSA 540-A:4', 'RSA 540-A:3, I', 'RSA 540-A:4, X', 'RSA 540-A:3', 'RSA 540-A:4, IX', 'RSA 358:10', 'RSA 358-A:10', 'RSA 358-A:10, I', 'RSA 540', 'RSA 540-A:4, IV']",RSA 540-A,False,[],,1058,case_order,1.0.0,2026-08-03T12:14:29.128700,0.8
2021-0614,2021-0614,"['2021-0614', '2016-0353']",,,,State of New Hampshire v. Scott LeBlanc,https://www.courts.nh.gov/sites/g/files/ehbemt471/files/documents/2023-06/20210614.pdf,,2023-06-22,,2023,"Superior Court (Nicolosi, J.)",superior_court,Nicolosi,criminal,standard,,per_curiam,Per Curiam,0,0,0,5,Unavailable,False,False,False,"['criminal', 'constitutional', 'tax']",[],,False,['de_novo'],,1335,case_order,1.0.0,2026-08-03T12:14:29.504086,0.8
2022-0439,2022-0439,['2022-0439'],,,,Daniel G. Busa & a. v. Town of Auburn,https://www.courts.nh.gov/sites/g/files/ehbemt471/files/documents/2023-06/20220439.pdf,,2023-06-22,,2023,"Superior Court (St. Hilaire, J.)",superior_court,St. Hilaire,civil,standard,affirmed,per_curiam,Per Curiam,5,0,0,1,5-0,True,False,False,"['administrative_law', 'civil_procedure', 'property']","['RSA 674:39-aa, III', 'RSA 676', 'RSA 674:39-aa', 'RSA 676:3, I', 'RSA 676:5']","RSA 674:39-aa, III",False,[],,804,case_order,1.0.0,2026-08-03T12:14:29.709024,0.8
2023-0068,2023-0068,['2023-0068'],,,,"Rocket Real Estate Solution, LLC v. Ferron Mckearney",https://www.courts.nh.gov/sites/g/files/ehbemt471/files/documents/2023-06/20230068.pdf,,2023-06-16,,2023,Circuit Court,circuit_court,Greenhalgh,civil,standard,affirmed,per_curiam,Per Curiam,5,0,0,1,5-0,True,False,False,['contract'],[],,False,['clear_error'],,568,case_order,1.0.0,2026-08-03T12:14:29.891269,0.8
2022-0682,2022-0682,['2022-0682'],,,,K.C. v. S.C,https://www.courts.nh.gov/sites/g/files/ehbemt471/files/documents/2023-06/20220682.pdf,,2023-06-15,,2023,Circuit Court,circuit_court,Stephen,family/domestic,standard,affirmed,per_curiam,Per Curiam,5,0,0,1,5-0,True,False,False,"['criminal', 'domestic_violence']","['RSA 173-B:5, I', 'RSA 173-B:1, I', 'RSA 173-B', 'RSA 173-B:5', 'RSA 173-B:3, VI', 'RSA 173-B:3, VIII', 'RSA 631:4', 'RSA 644:4']","RSA 173-B:5, I",False,['de_novo'],,1303,case_order,1.0.0,2026-08-03T12:14:30.158225,0.8
2023-0120,2023-0120,['2023-0120'],,,,K.C. v. D.V.,https://www.courts.nh.gov/sites/g/files/ehbemt471/files/documents/2023-06/20230120.pdf,,2023-06-05,,2023,Circuit Court,circuit_court,Cabrera,family/domestic,standard,affirmed,per_curiam,Per Curiam,5,0,0,1,5-0,True,False,False,"['criminal', 'constitutional', 'domestic_violence']","['RSA 173-B:5, I', 'RSA 173-B:1, I', 'RSA 173-B', 'RSA 173-B:5', 'RSA 173-B:3, VI']","RSA 173-B:5, I",False,['de_novo'],,691,case_order,1.0.0,2026-08-03T12:14:30.351398,0.8
2023-0130,2023-0130,['2023-0130'],,,,C.S. v. R.S.,https://www.courts.nh.gov/sites/g/files/ehbemt471/files/documents/2023-06/20230130.pdf,,2023-06-05,,2023,"Circuit Court (Prevett, J.)",circuit_court,Prevett,family/domestic,standard,affirmed,per_curiam,Per Curiam,5,0,0,1,5-0,True,False,False,"['criminal', 'statutory_interpretation', 'domestic_violence']","['RSA 633:3-a, III']","RSA 633:3-a, III",True,[],,352,case_order,1.0.0,2026-08-03T12:14:30.435154,0.8
2022-0484,2022-0484,['2022-0484'],,,,A.K. v. H.Y.,https://www.courts.nh.gov/sites/g/files/ehbemt471/files/documents/2023-05/20220484.pdf,,2023-05-31,,2023,"Circuit Court (Christo, J.)",circuit_court,Christo,family/domestic,standard,affirmed,per_curiam,Per Curiam,5,0,0,1,5-0,True,False,False,"['criminal', 'employment', 'domestic_violence']","['RSA 633:3-a', 'RSA 633:3-a, I']",RSA 633:3-a,False,[],,358,case_order,1.0.0,2026-08-03T12:14:30.535122,0.8
2022-0401,20220401,['2022-0401'],,,,"No. 2022-0401, State of New Hampshire v. Judith Tompson",https://www.courts.nh.gov/sites/g/files/ehbemt471/files/documents/2023-06/20220401.pdf,,2023-05-19,,2023,"Circuit Court (Subers, J.)",circuit_court,Subers,criminal,standard,,per_curiam,Per Curiam,0,0,0,5,Unavailable,False,False,False,"['criminal', 'statutory_interpretation', 'property']","['RSA 105-D:2, VIII', 'RSA 570-A', 'RSA 570-A:6']","RSA 105-D:2, VIII",True,[],,1264,case_order,1.0.0,2026-08-03T12:14:30.811063,0.8
2022-0524,2022-0524,['2022-0524'],,,,"Eric H. Jostrom, Trustee v. Thomas P. Cochran & a.",https://www.courts.nh.gov/sites/g/files/ehbemt471/files/documents/2023-06/20220524.pdf,,2023-05-17,,2023,"Superior Court (St. Hilaire, J.)",superior_court,St. Hilaire,civil,standard,affirmed,per_curiam,Per Curiam,5,0,0,1,5-0,True,False,False,['property'],[],,False,[],,651,case_order,1.0.0,2026-08-03T12:14:30.988053,0.8
2023-0004,20230004,['2023-0004'],,,,"No. 2023-0004, Jeffrey Blackman v. Karen Hoglund & a.",https://www.courts.nh.gov/sites/g/files/ehbemt471/files/documents/2023-06/20230004.pdf,,2023-05-17,,2023,"Circuit Court (Swegart, J.)",circuit_court,Swegart,civil,standard,affirmed,per_curiam,Per Curiam,5,0,0,1,5-0,True,False,False,"['statutory_interpretation', 'contract']",[],,True,['clear_error'],,447,case_order,1.0.0,2026-08-03T12:14:31.095431,0.8
2023-0044,2023-0044,['2023-0044'],,,,M.A. v. K.C.,https://www.courts.nh.gov/sites/g/files/ehbemt471/files/documents/2023-06/20230044.pdf,,2023-05-17,,2023,"Circuit Court (Ryan, J.)",circuit_court,Ryan,family/domestic,standard,affirmed,per_curiam,Per Curiam,5,0,0,1,5-0,True,False,False,"['criminal', 'domestic_violence']",['RSA 633:3-a'],RSA 633:3-a,False,[],,259,case_order,1.0.0,2026-08-03T12:14:31.174309,0.8
2022-0294,2022-0294,['2022-0294'],,,,"Craig N. Salomon v. Lot 3.3 StoneyBrook Connector, LLC & a.",https://www.courts.nh.gov/sites/g/files/ehbemt471/files/documents/2023-05/20220294.pdf,,2023-05-17,,2023,Superior Court,superior_court,"St.
Hilaire",civil,standard,affirmed,per_curiam,Per Curiam,4,0,0,2,4-0,True,False,False,"['civil_procedure', 'statutory_interpretation', 'property', 'contract']",[],,True,[],,617,case_order,1.0.0,2026-08-03T12:14:31.337468,0.8
2022-0354,2022-0354,['2022-0354'],,,,Phyllis Pike & a. v. Scott Wallace & a.,https://www.courts.nh.gov/sites/g/files/ehbemt471/files/documents/2023-05/20220354.pdf,,2023-05-12,,2023,"Circuit Court (Weaver, J.)",circuit_court,Weaver,civil,standard,reversed,per_curiam,Per Curiam,0,0,0,5,Unavailable,False,False,False,"['statutory_interpretation', 'property', 'contract', 'tax']","['RSA 540-A:8', 'RSA 540-A:7, I', 'RSA 540-A:8, I', 'RSA 540-A:7', 'RSA 540-A:8, II', 'RSA 540', 'RSA 477:48, VII', 'RSA 477:48, VIII']",RSA 540-A:8,True,['de_novo'],,1381,case_order,1.0.0,2026-08-03T12:14:31.698506,0.8
2021-0574,2021-0574,['2021-0574'],,,,Estate of Bowen S. Downes v. Dennis Greenwood,https://www.courts.nh.gov/sites/g/files/ehbemt471/files/documents/2023-05/20210574.pdf,,2023-05-12,,2023,Circuit Court,circuit_court,"Boyle, R.,
approved by Subers",civil,standard,,per_curiam,Per Curiam,0,0,0,5,Unavailable,False,False,False,"['insurance', 'civil_procedure', 'statutory_interpretation', 'property']","['RSA 553:33', 'RSA 561:1, II', 'RSA 503:2', 'RSA 508:4, I']",RSA 553:33,True,['clear_error'],,1432,case_order,1.0.0,2026-08-03T12:14:32.031473,0.8
2023-0074,2023-0074,['2023-0074'],,,,State of New Hampshire v. Joseph Grossi,https://www.courts.nh.gov/sites/g/files/ehbemt471/files/documents/2023-06/20230074.pdf,,2023-05-08,,2023,Superior Court,superior_court,Temple,family/domestic,standard,affirmed,per_curiam,Per Curiam,5,0,0,1,5-0,True,False,False,"['criminal', 'family_law']","['RSA 597:2, I', 'RSA 632-A:2, III', 'RSA 632-A:2, I', 'RSA 632-A:3, III', 'RSA 597:2', 'RSA 597:2, III']","RSA 597:2, I",False,[],,1236,case_order,1.0.0,2026-08-03T12:14:32.397776,0.8
2022-0675,2022-0675,['2022-0675'],,,,"Roy Allen-Webber & a. v. EPJ Quality Jobs, LLC & a.",https://www.courts.nh.gov/sites/g/files/ehbemt471/files/documents/2023-06/20220675.pdf,,2023-05-04,,2023,,,,civil,standard,affirmed,per_curiam,Per Curiam,5,0,0,1,5-0,True,False,False,['contract'],[],,False,[],,459,case_order,1.0.0,2026-08-03T12:14:32.510999,0.8
2022-0665,2022-0665,['2022-0665'],,,,E.D. v. J.N.,https://www.courts.nh.gov/sites/g/files/ehbemt471/files/documents/2023-06/20220665.pdf,,2023-05-04,,2023,"Circuit Court (Keating, J.)",circuit_court,Keating,family/domestic,standard,affirmed,per_curiam,Per Curiam,5,0,0,1,5-0,True,False,False,"['family_law', 'domestic_violence', 'tax']","['RSA 173-B:5, VI', 'RSA 173-B:3, VI', 'RSA 173-B']","RSA 173-B:5, VI",False,['de_novo'],,838,case_order,1.0.0,2026-08-03T12:14:32.779550,0.8
2021-0383,2021-0383,['2021-0383'],,,,"Joy Street, LLC v. Town of Chesterfield",https://www.courts.nh.gov/sites/g/files/ehbemt471/files/documents/2023-05/20210383.pdf,,2023-05-02,,2023,"Superior Court (Ruoff, J.)",superior_court,Ruoff,civil,standard,,per_curiam,Per Curiam,0,0,0,5,Unavailable,False,False,False,"['insurance', 'administrative_law', 'statutory_interpretation', 'property']","['RSA 483-B', 'RSA 483-B:3, II', 'RSA 483-B:8', 'RSA 483-B:8, I', 'RSA 483']",RSA 483-B,True,['de_novo'],,1327,case_order,1.0.0,2026-08-03T12:14:33.129590,0.8
2022-0502,2022-0502,['2022-0502'],,,,D.D. v. D.C.,https://www.courts.nh.gov/sites/g/files/ehbemt471/files/documents/2023-05/20220502.pdf,,2023-04-27,,2023,,,,civil,standard,vacated,per_curiam,Per Curiam,5,0,0,1,5-0,True,False,False,[],[],,False,[],,321,case_order,1.0.0,2026-08-03T12:14:33.220175,0.8
2022-0502,20220502-remanded-order,['2022-0502'],,,,20220502-remanded-order,https://www.courts.nh.gov/sites/g/files/ehbemt471/files/documents/2023-05/20220502-remanded-order.pdf,,2023-03-23,,2023,"Circuit Court (Alfano, J.)",circuit_court,Alfano,civil,standard,remanded,per_curiam,Per Curiam,5,0,0,1,5-0,True,False,False,"['criminal', 'administrative_law', 'domestic_violence']","['RSA 173', 'RSA 633:3-a, III', 'RSA 173-B', 'RSA 173-B:4, I', 'RSA 173-B:5, X']",RSA 173,False,[],,841,case_order,1.0.0,2026-08-03T12:14:33.442989,0.8
2021-0441,2021-0441,['2021-0441'],,,,David Pelletier & a. v. Town of Rye,https://www.courts.nh.gov/sites/g/files/ehbemt471/files/documents/2023-04/20210441.pdf,,2023-04-27,,2023,Superior Court,superior_court,Honigberg,civil,standard,,per_curiam,Per Curiam,0,0,0,5,Unavailable,False,False,False,['property'],['RSA 677:15'],RSA 677:15,False,[],,1360,case_order,1.0.0,2026-08-03T12:14:33.842711,0.8
2022-0430,2022-0430,['2022-0430'],,,,In the Matter of Shalyn McFadden and Jerry Landry,https://www.courts.nh.gov/sites/g/files/ehbemt471/files/documents/2023-05/20220430.pdf,,2023-04-25,,2023,Circuit Court,circuit_court,Joseph,family/domestic,standard,,per_curiam,Per Curiam,0,0,0,5,Unavailable,False,False,False,['family_law'],"['RSA 461-A:12', 'RSA 461-A:12, V', 'RSA 461-A:12, VI', 'RSA 461-A:12, IX']",RSA 461-A:12,False,[],,1351,case_order,1.0.0,2026-08-03T12:14:34.179870,0.8
2022-0631,2022-0631,['2022-0631'],,,,T.N. v. K.S.,https://www.courts.nh.gov/sites/g/files/ehbemt471/files/documents/2023-05/20220631.pdf,,2023-04-24,,2023,"Circuit Court (Gorman, J.)",circuit_court,Gorman,family/domestic,standard,affirmed,per_curiam,Per Curiam,5,0,0,1,5-0,True,False,False,"['criminal', 'statutory_interpretation', 'constitutional', 'property', 'employment', 'domestic_violence']","['RSA 633:3-a', 'RSA 633:3-a, III', 'RSA 173-B:3, I', 'RSA 173-B', 'RSA 633:3-a, I', 'RSA 633:3-a, II', 'RSA 633:3-']",RSA 633:3-a,True,[],,1393,case_order,1.0.0,2026-08-03T12:14:34.566382,0.8
2022-0531,2022-0531,['2022-0531'],,,,In re Estate of Natalia Brodeur,https://www.courts.nh.gov/sites/g/files/ehbemt471/files/documents/2023-05/20220531.pdf,,2023-04-21,,2023,,,Yazinski,civil,standard,affirmed,per_curiam,Per Curiam,5,0,0,1,5-0,True,False,False,"['employment', 'contract']",['RSA 564-A:4'],RSA 564-A:4,False,[],,728,case_order,1.0.0,2026-08-03T12:14:34.733666,0.8
2022-0383,2022-0383,['2022-0383'],,,,In the Matter of Sushmita Anand and Anand Venkataramiah,https://www.courts.nh.gov/sites/g/files/ehbemt471/files/documents/2023-05/20220383.pdf,,2023-04-20,,2023,"Circuit Court (Alfano, J.)",circuit_court,Alfano,family/domestic,standard,affirmed,per_curiam,Per Curiam,4,0,0,2,4-0,True,False,False,"['family_law', 'property', 'tax']",['RSA 458:19-a'],RSA 458:19-a,False,[],,1171,case_order,1.0.0,2026-08-03T12:14:35.020560,0.8
2022-0269,2022-0269,['2022-0269'],,,,"TKB Properties, LLC v. April Frechette",https://www.courts.nh.gov/sites/g/files/ehbemt471/files/documents/2023-05/20220269.pdf,,2023-04-20,,2023,"Circuit Court (Subers, J.)",circuit_court,Subers,civil,standard,reversed,per_curiam,Per Curiam,5,0,0,1,5-0,True,False,False,['civil_procedure'],[],,False,['de_novo'],,392,case_order,1.0.0,2026-08-03T12:14:35.117061,0.8
20210349and20210356_1,20210349and20210356_1,"['2021-0349', '2021-0356']",,,,Christ Redeemer Church v. Town of Hanover; Jeff Acker & a. v. Town of Hanover,https://www.courts.nh.gov/sites/g/files/ehbemt471/files/documents/2023-04/20210349and20210356_1.pdf,,2023-04-14,,2023,Superior Court,superior_court,Bornstein,civil,standard,,per_curiam,Per Curiam,0,0,0,5,Unavailable,False,False,False,"['civil_procedure', 'statutory_interpretation', 'constitutional', 'property', 'contract', 'tax']","['RSA 677:4', 'RSA 677']",RSA 677:4,True,['de_novo'],,1338,case_order,1.0.0,2026-08-03T12:14:35.470877,0.8
2022-0033,2022-0033,['2022-0033'],,,,State of New Hampshire v. Jose Polanco Diaz,https://www.courts.nh.gov/sites/g/files/ehbemt471/files/documents/2023-05/20220033.pdf,,2023-04-11,,2023,,,,criminal,standard,affirmed,per_curiam,Per Curiam,5,0,0,1,5-0,True,False,False,"['criminal', 'evidence']","['RSA 632-A:2, I', 'RSA 635:1, I', 'RSA 631:4, I', 'RSA 641:6', 'RSA 637:3', 'RSA 645:1']","RSA 632-A:2, I",False,['de_novo'],,1252,case_order,1.0.0,2026-08-03T12:14:35.748432,0.8
2022-0246,2022-0246,['2022-0246'],,,,"Robert P. Lefevre & a. v. John J. Ingalls, Jr., Trustee of the J and L Ingalls Family Revocable Trust of 2004 & a.",https://www.courts.nh.gov/sites/g/files/ehbemt471/files/documents/2023-05/20220246.pdf,,2023-04-11,,2023,"Superior Court (Honigberg, J.)",superior_court,Honigberg,civil,standard,affirmed,per_curiam,Per Curiam,5,0,0,1,5-0,True,False,False,"['property', 'contract', 'tax']",[],,False,"['clear_error', 'plain_error']",,926,case_order,1.0.0,2026-08-03T12:14:35.985788,0.8
2022-0393,2022-0393,['2022-0393'],,,,In the Matter of Devlin Morey and Leslie Groves,https://www.courts.nh.gov/sites/g/files/ehbemt471/files/documents/2023-05/20220393.pdf,,2023-04-11,,2023,"Circuit Court (Subers, J.)",circuit_court,Subers,family/domestic,standard,affirmed,per_curiam,Per Curiam,5,0,0,1,5-0,True,False,False,['family_law'],[],,False,[],,459,case_order,1.0.0,2026-08-03T12:14:36.112733,0.8
2022-0626,2022-0626,['2022-0626'],,,,J.M. v. V.P.,https://www.courts.nh.gov/sites/g/files/ehbemt471/files/documents/2023-05/20220626.pdf,,2023-04-10,,2023,"Circuit Court (Tenney, J.)",circuit_court,Tenney,family/domestic,standard,affirmed,per_curiam,Per Curiam,5,0,0,1,5-0,True,False,False,['domestic_violence'],"['RSA 173-B:5', 'RSA 173-B:1, I', 'RSA 173-B:3, VI']",RSA 173-B:5,False,['de_novo'],,376,case_order,1.0.0,2026-08-03T12:14:36.221543,0.8
2022-0297,2022-0297,['2022-0297'],,,,In the Matter of Joy Gagnon and Gary Gagnon,https://www.courts.nh.gov/sites/g/files/ehbemt471/files/documents/2023-05/20220297.pdf,,2023-04-10,,2023,"Circuit Court (Countway, J.)",circuit_court,Countway,family/domestic,standard,,per_curiam,Per Curiam,0,0,0,5,Unavailable,False,False,False,"['insurance', 'family_law', 'property']","['RSA 458', 'RSA 458-C:4, II', 'RSA 458-C:5, I', 'RSA 458:16-a', 'RSA 458:16-a, II']",RSA 458,False,[],,1311,case_order,1.0.0,2026-08-03T12:14:36.557468,0.8
2022-0412,2022-0412,['2022-0412'],,,,"Dawnmarie Greenman v. Port City Nissan, Inc.",https://www.courts.nh.gov/sites/g/files/ehbemt471/files/documents/2023-05/20220412.pdf,,2023-04-10,,2023,,,,civil,standard,affirmed,per_curiam,Per Curiam,5,0,0,1,5-0,True,False,False,"['civil_procedure', 'statutory_interpretation']",[],,True,['de_novo'],,401,case_order,1.0.0,2026-08-03T12:14:36.679288,0.8
2022-0473,2022-0473,['2022-0473'],,,,George Sideris v. Autofair Ford,https://www.courts.nh.gov/sites/g/files/ehbemt471/files/documents/2023-05/20220473.pdf,,2023-04-10,,2023,,,Kissinger,civil,standard,affirmed,per_curiam,Per Curiam,5,0,0,1,5-0,True,False,False,['employment'],"['RSA 354', 'RSA 354-A:21, II']",RSA 354,False,[],,480,case_order,1.0.0,2026-08-03T12:14:36.838772,0.8
2022-0535,2022-0535,['2022-0535'],,,,Kimberly McCormick v. New Hampshire Department of Health and Human Services & a.,https://www.courts.nh.gov/sites/g/files/ehbemt471/files/documents/2023-05/20220535.pdf,,2023-04-10,,2023,"DHHS) and its Commissioner, is denied. The court’s former employment of",administrative,"Kane, R.,
approved by Ryan",civil,standard,vacated,per_curiam,Per Curiam,5,0,0,1,5-0,True,False,False,"['medicaid', 'administrative_law', 'civil_procedure', 'employment']","['RSA 126-A:5, VIII', 'RSA 490-F:3', 'RSA 502-A:14', 'RSA 503:1', 'RSA 541-B:1, II', 'RSA 541']","RSA 126-A:5, VIII",False,[],,482,case_order,1.0.0,2026-08-03T12:14:36.961719,0.8
2021-0344,2021-0344,['2021-0344'],,,,"Martin Woodford and Jennifer Woodford, Trustees of the Woodford Family Trust v. Bradford A. Knight d/b/a Knight Custom Homes",https://www.courts.nh.gov/sites/g/files/ehbemt471/files/documents/2023-04/20210344.pdf,,2023-04-07,,2023,"Superior Court (Anderson, J.)",superior_court,Anderson,civil,standard,,per_curiam,Per Curiam,0,0,0,5,Unavailable,False,False,False,"['property', 'contract']","['RSA 359-G', 'RSA 358-A']",RSA 359-G,False,['de_novo'],,1314,case_order,1.0.0,2026-08-03T12:14:37.303720,0.8
2022-0441,2022-0441,['2022-0441'],,,,"Sylvain Noiseux v. Gary's RV Centers, LLC & a.",https://www.courts.nh.gov/sites/g/files/ehbemt471/files/documents/2023-05/20220441.pdf,,2023-04-07,,2023,Superior Court,superior_court,,civil,standard,dismissed,per_curiam,Per Curiam,0,0,0,5,Unavailable,False,False,False,"['civil_procedure', 'statutory_interpretation', 'contract']","['RSA 508-A:3', 'RSA 358-A:2', 'RSA 514:9']",RSA 508-A:3,True,[],,1411,case_order,1.0.0,2026-08-03T12:14:37.700135,0.8
2022-0369,2022-0369,['2022-0369'],,,,"ARAA West Side Holdings, LLC v. Audrey Rackliff & a.",https://www.courts.nh.gov/sites/g/files/ehbemt471/files/documents/2023-05/20220369.pdf,,2023-04-07,,2023,Circuit Court,circuit_court,Lyons,civil,standard,vacated,per_curiam,Per Curiam,5,0,0,1,5-0,True,False,False,[],"['RSA 540:13-a, III', 'RSA 540:13-b', 'RSA 540:13-b, IV']","RSA 540:13-a, III",False,[],,790,case_order,1.0.0,2026-08-03T12:14:37.900729,0.8
2022-0456,2022-0456,['2022-0456'],,,,E.G. v. A.G.,https://www.courts.nh.gov/sites/g/files/ehbemt471/files/documents/2023-05/20220456.pdf,,2023-04-07,,2023,,,,family/domestic,standard,vacated,per_curiam,Per Curiam,5,0,0,1,5-0,True,False,False,"['criminal', 'property', 'domestic_violence']","['RSA 633:3-a, I']","RSA 633:3-a, I",False,[],,275,case_order,1.0.0,2026-08-03T12:14:37.979277,0.8
2022-0456,20220456-remanded-order,['2022-0456'],,,,20220456-remanded-order,https://www.courts.nh.gov/sites/g/files/ehbemt471/files/documents/2023-05/20220456-remanded-order.pdf,,2023-02-24,,2023,"Circuit Court (Cross, J.)",circuit_court,Cross,family/domestic,standard,remanded,per_curiam,Per Curiam,5,0,0,1,5-0,True,False,False,"['criminal', 'property', 'domestic_violence']","['RSA 633:3-a', 'RSA 633:3-a, I', 'RSA 633:3-a, II', 'RSA 633:3-a, III']",RSA 633:3-a,False,[],,835,case_order,1.0.0,2026-08-03T12:14:38.219152,0.8
2022-0434,2022-0434,['2022-0434'],,,,In the Matter of Jason Young and Megan Henderson,https://www.courts.nh.gov/sites/g/files/ehbemt471/files/documents/2023-05/20220434.pdf,,2023-04-07,,2023,Circuit Court,circuit_court,Greenhalgh,family/domestic,standard,affirmed,per_curiam,Per Curiam,5,0,0,1,5-0,True,False,False,['family_law'],[],,False,[],,362,case_order,1.0.0,2026-08-03T12:14:38.324411,0.8
2022-0552,2022-0552,['2022-0552'],,,,State of New Hampshire v. George L. Dore,https://www.courts.nh.gov/sites/g/files/ehbemt471/files/documents/2023-05/20220552.pdf,,2023-04-07,,2023,"Superior Court (Ignatius, J.)",superior_court,Ignatius,criminal,standard,affirmed,per_curiam,Per Curiam,5,0,0,1,5-0,True,False,False,['criminal'],[],,False,[],,228,case_order,1.0.0,2026-08-03T12:14:38.396727,0.8
2022-0489,2022-0489,['2022-0489'],,,,Kevin F. MacMillan v. Town of Conway,https://www.courts.nh.gov/sites/g/files/ehbemt471/files/documents/2023-04/20220489.pdf,,2023-03-22,,2023,,,Ignatius,civil,standard,affirmed,per_curiam,Per Curiam,5,0,0,1,5-0,True,False,False,['property'],"['RSA 677:3, I']","RSA 677:3, I",False,[],,304,case_order,1.0.0,2026-08-03T12:14:38.517941,0.8
2022-0224,2022-0224,['2022-0224'],,,,Petition of Textiles Coated Incorporated d/b/a Textiles Coated International,https://www.courts.nh.gov/sites/g/files/ehbemt471/files/documents/2023-03/20220224.pdf,,2023-03-21,,2023,"Superior Court (Brown, J.)",superior_court,Brown,civil,standard,reversed_and_remanded,per_curiam,Per Curiam,3,0,0,3,3-0,True,False,False,['administrative_law'],[],,False,[],,358,case_order,1.0.0,2026-08-03T12:14:38.618120,0.8
2022-0450,2022-0450,['2022-0450'],,,,James Boyle as Trustee of the 150 Greenleaf Avenue Realty Trust v. City of Portsmouth,https://www.courts.nh.gov/sites/g/files/ehbemt471/files/documents/2023-04/20220450.pdf,,2023-03-20,,2023,"Superior Court (Honigberg, J.)",superior_court,Honigberg,civil,standard,reversed,per_curiam,Per Curiam,4,0,0,2,4-0,True,False,False,"['property', 'evidence']","['RSA 677:15', 'RSA 677:10']",RSA 677:15,False,['de_novo'],,866,case_order,1.0.0,2026-08-03T12:14:38.809890,0.8
2022-0043,2022-0043,['2022-0043'],,,,"Town of Henniker v. Andre Cote, Jr.",https://www.courts.nh.gov/sites/g/files/ehbemt471/files/documents/2023-04/20220043.pdf,,2023-03-20,,2023,Superior Court,superior_court,Kissinger,civil,standard,affirmed,per_curiam,Per Curiam,5,0,0,1,5-0,True,False,False,"['civil_procedure', 'property']","['RSA 676:17, II']","RSA 676:17, II",False,[],,494,case_order,1.0.0,2026-08-03T12:14:38.967504,0.8
2022-0423,2022-0423,['2022-0423'],,,,Austin Young & a. v. Imperial Auto Body,https://www.courts.nh.gov/sites/g/files/ehbemt471/files/documents/2023-04/20220423.pdf,,2023-03-17,,2023,"Circuit Court (Yazinski, J.)",circuit_court,Yazinski,civil,standard,affirmed,per_curiam,Per Curiam,5,0,0,1,5-0,True,False,False,['contract'],"['RSA 503:7', 'RSA 503', 'RSA 503:2']",RSA 503:7,False,[],,580,case_order,1.0.0,2026-08-03T12:14:39.101383,0.8
2022-0208,2022-0208,['2022-0208'],,,,Petition of Robert Avery,https://www.courts.nh.gov/sites/g/files/ehbemt471/files/documents/2023-03/20220208.pdf,,2023-03-03,,2023,,,,civil,standard,dismissed,per_curiam,Per Curiam,5,0,0,1,5-0,True,False,False,"['administrative_law', 'statutory_interpretation', 'constitutional', 'property', 'employment', 'evidence']","['RSA 282-A:158', 'RSA 541-A:24', 'RSA 541-A:4', 'RSA 282', 'RSA 282-A:42-68', 'RSA 541-A']",RSA 282-A:158,True,[],,1277,case_order,1.0.0,2026-08-03T12:14:39.491715,0.8
2020-0521,2020-0521,['2020-0521'],,,,"Louise Spencer v. Governor, State of New Hampshire",https://www.courts.nh.gov/sites/g/files/ehbemt471/files/documents/2023-03/20200521.pdf,,2023-03-01,,2023,Superior Court,superior_court,Kissinger,civil,standard,dismissed,per_curiam,Per Curiam,0,0,0,5,Unavailable,False,False,False,"['civil_procedure', 'evidence']","['RSA 91-A', 'RSA 91-A, I']",RSA 91-A,False,[],,466,case_order,1.0.0,2026-08-03T12:14:39.607299,0.8
2022-0317,2022-0317,['2022-0317'],,,,Appeal of Charles Welch,https://www.courts.nh.gov/sites/g/files/ehbemt471/files/documents/2023-04/20220317.pdf,,2023-03-01,,2023,,,,civil,standard,affirmed,per_curiam,Per Curiam,5,0,0,1,5-0,True,False,False,['tax'],['RSA 541:13'],RSA 541:13,False,[],,751,case_order,1.0.0,2026-08-03T12:14:39.835511,0.8
2022-0285,2022-0285,['2022-0285'],,,,In the Matter of Jodi Monroe and Matthew MacDonald,https://www.courts.nh.gov/sites/g/files/ehbemt471/files/documents/2023-04/20220285.pdf,,2023-02-27,,2023,,,,family/domestic,standard,affirmed,per_curiam,Per Curiam,5,0,0,1,5-0,True,False,False,['family_law'],"['RSA 461-A:12', 'RSA 461-A:12, V', 'RSA 461-A:12, VI']",RSA 461-A:12,False,[],,741,case_order,1.0.0,2026-08-03T12:14:40.035265,0.8
2022-0389,2022-0389,['2022-0389'],,,,Alex Luis Morales v. Zenandre Braccio,https://www.courts.nh.gov/sites/g/files/ehbemt471/files/documents/2023-04/20220389.pdf,,2023-02-27,,2023,,,,family/domestic,standard,affirmed,per_curiam,Per Curiam,5,0,0,1,5-0,True,False,False,"['family_law', 'constitutional', 'contract']",['RSA 540-A'],RSA 540-A,False,[],,244,case_order,1.0.0,2026-08-03T12:14:40.102631,0.8
2022-0487,2022-0487,['2022-0487'],,,,V.M. v. J.M.,https://www.courts.nh.gov/sites/g/files/ehbemt471/files/documents/2023-04/20220487.pdf,,2023-02-27,,2023,Circuit Court,circuit_court,Forrest,family/domestic,standard,affirmed,per_curiam,Per Curiam,5,0,0,1,5-0,True,False,False,['domestic_violence'],[],,False,['de_novo'],,369,case_order,1.0.0,2026-08-03T12:14:40.255604,0.8
2021-0456,2021-0456,['2021-0456'],,,,State of New Hampshire v. Russell Debreceni,https://www.courts.nh.gov/sites/g/files/ehbemt471/files/documents/2023-04/20210456.pdf,,2023-02-24,,2023,,,,criminal,standard,affirmed,per_curiam,Per Curiam,5,0,0,1,5-0,True,False,False,[],[],,False,[],,285,case_order,1.0.0,2026-08-03T12:14:40.341351,0.8
2021-0268,2021-0268,['2021-0268'],,,,State of New Hampshire v. Samuel Marino,https://www.courts.nh.gov/sites/g/files/ehbemt471/files/documents/2023-02/20210268.pdf,,2023-02-24,,2023,Superior Court,superior_court,Honigberg,family/domestic,standard,,per_curiam,Per Curiam,0,0,0,5,Unavailable,False,False,False,"['criminal', 'family_law', 'constitutional']","['RSA 645:1', 'RSA 649-B:4', 'RSA 645:1, II']",RSA 645:1,False,[],,1294,case_order,1.0.0,2026-08-03T12:14:40.699217,0.8
2022-0256,2022-0256,['2022-0256'],,,,Chantel Candido-DaSilva v. Mary Germaine,https://www.courts.nh.gov/sites/g/files/ehbemt471/files/documents/2023-04/20220256.pdf,,2023-02-24,,2023,"Circuit Court (Subers, J.)",circuit_court,Subers,civil,standard,affirmed,per_curiam,Per Curiam,5,0,0,1,5-0,True,False,False,[],['RSA 540-A'],RSA 540-A,False,[],,218,case_order,1.0.0,2026-08-03T12:14:40.759984,0.8
2022-0463,2022-0463,['2022-0463'],,,,C.B. v A.K.,https://www.courts.nh.gov/sites/g/files/ehbemt471/files/documents/2023-04/20220463.pdf,,2023-02-24,,2023,,,"Boyle, R., approved by Keating",family/domestic,standard,,per_curiam,Per Curiam,0,0,0,5,Unavailable,False,False,False,"['criminal', 'family_law', 'constitutional', 'domestic_violence']","['RSA 173-B:5', 'RSA 173-B', 'RSA 173-B:1, I', 'RSA 631:1', 'RSA 631:3', 'RSA 631:4', 'RSA 644:4', 'RSA 644:4, I', 'RSA 173']",RSA 173-B:5,False,[],,1441,case_order,1.0.0,2026-08-03T12:14:41.143304,0.8
2021-0602,2021-0602,['2021-0602'],,,,In the Matter of Gerard Letourneau and Patricia Letourneau,https://www.courts.nh.gov/sites/g/files/ehbemt471/files/documents/2023-02/20210602.pdf,,2023-02-24,,2023,Circuit Court,circuit_court,Derby,family/domestic,standard,,per_curiam,Per Curiam,0,0,0,5,Unavailable,False,False,False,"['insurance', 'family_law', 'property']",['RSA 458:14'],RSA 458:14,False,[],,1405,case_order,1.0.0,2026-08-03T12:14:41.536446,0.8
2020-0333,2020-0333,['2020-0333'],,,,State of New Hampshire v. Kevin Harrington,https://www.courts.nh.gov/sites/g/files/ehbemt471/files/documents/2023-02/20200333.pdf,,2023-02-24,,2023,"Superior Court (McNamara, J.)",superior_court,McNamara,family/domestic,standard,,per_curiam,Per Curiam,0,0,0,5,Unavailable,False,False,False,"['criminal', 'family_law', 'domestic_violence']","['RSA 632-A:2', 'RSA 629:1', 'RSA 635:1', 'RSA 631:2-b', 'RSA 633:3']",RSA 632-A:2,False,[],,1324,case_order,1.0.0,2026-08-03T12:14:41.850934,0.8
2022-0522,2022-0522,['2022-0522'],,,,Andrea Pilgrim & a. v. Jeffrey Blackman,https://www.courts.nh.gov/sites/g/files/ehbemt471/files/documents/2023-04/20220522.pdf,,2023-02-23,,2023,"Circuit Court (Swegart, J.)",circuit_court,Swegart,civil,standard,affirmed,per_curiam,Per Curiam,5,0,0,1,5-0,True,False,False,[],[],,False,[],,410,case_order,1.0.0,2026-08-03T12:14:42.002212,0.8
2022-0386,2022-0386,['2022-0386'],,,,J.W. v. J.A.,https://www.courts.nh.gov/sites/g/files/ehbemt471/files/documents/2023-04/20220386.pdf,,2023-02-16,,2023,"Circuit Court (Rauseo, J.)",circuit_court,Rauseo,family/domestic,standard,affirmed,per_curiam,Per Curiam,5,0,0,1,5-0,True,False,False,"['criminal', 'domestic_violence']","['RSA 173-B:5', 'RSA 173-B:3, VI', 'RSA 173-B:5, I', 'RSA 173-B:1, I', 'RSA 631:1', 'RSA 631:3']",RSA 173-B:5,False,['de_novo'],,1095,case_order,1.0.0,2026-08-03T12:14:42.300297,0.8
2022-0235,2022-0235,['2022-0235'],,,,Dan Vallerand v. Cheryl Martin & a.,https://www.courts.nh.gov/sites/g/files/ehbemt471/files/documents/2023-04/20220235.pdf,,2023-02-15,,2023,"Circuit Court (Burns, J.)",circuit_court,Burns,civil,standard,,per_curiam,Per Curiam,0,0,0,5,Unavailable,False,False,False,"['property', 'contract']","['RSA 540:13-a', 'RSA 540-A', 'RSA 540:13-d', 'RSA 540:13-a, I', 'RSA 540:13-d, I', 'RSA 48-A', 'RSA 540:13-c']",RSA 540:13-a,False,['de_novo'],,1207,case_order,1.0.0,2026-08-03T12:14:42.583025,0.8
2022-0318,2022-0318,['2022-0318'],,,,Debra Leahy & a. v. Sally Teague & a.,https://www.courts.nh.gov/sites/g/files/ehbemt471/files/documents/2023-04/20220318.pdf,,2023-02-10,,2023,Superior Court,superior_court,Honigberg,civil,standard,affirmed,per_curiam,Per Curiam,5,0,0,1,5-0,True,False,False,[],[],,False,[],,205,case_order,1.0.0,2026-08-03T12:14:42.639051,0.8
2021-0505,2021-0505,['2021-0505'],,,,American Express National Bank v. Susan W. Jackson,https://www.courts.nh.gov/sites/g/files/ehbemt471/files/documents/2023-02/20210505.pdf,,2023-02-10,,2023,Superior Court,superior_court,MacLeod,civil,standard,reversed,per_curiam,Per Curiam,4,0,0,2,4-0,True,False,False,"['statutory_interpretation', 'property']","['RSA 524:6-a', 'RSA 524:6-a, I', 'RSA 564-B:5-504', 'RSA 564-B:5-505A']",RSA 524:6-a,True,[],,1138,case_order,1.0.0,2026-08-03T12:14:42.945536,0.8
2021-0566,2021-0566,['2021-0566'],,,,State of New Hampshire v. Jonathan Ames,https://www.courts.nh.gov/sites/g/files/ehbemt471/files/documents/2023-04/20210566.pdf,,2023-02-09,,2023,"Superior Court (Ignatius, J.)",superior_court,Ignatius,criminal,standard,,per_curiam,Per Curiam,0,0,0,5,Unavailable,False,False,False,"['criminal', 'DWI']","['RSA 644:8, III']","RSA 644:8, III",False,[],,1441,case_order,1.0.0,2026-08-03T12:14:43.289257,0.8
2022-0152,2022-0152,['2022-0152'],,,,State of New Hampshire v. Joyce Lebel,https://www.courts.nh.gov/sites/g/files/ehbemt471/files/documents/2023-04/20220152.pdf,,2023-02-02,,2023,"Superior Court (Honigberg, J.)",superior_court,Honigberg,criminal,standard,affirmed,per_curiam,Per Curiam,5,0,0,1,5-0,True,False,False,"['criminal', 'tax']",[],,False,[],,1283,case_order,1.0.0,2026-08-03T12:14:43.639352,0.8
2022-0366,2022-0366,['2022-0366'],,,,In the Matter of Carrie Venezia and Paul Venezia,https://www.courts.nh.gov/sites/g/files/ehbemt471/files/documents/2023-04/20220366.pdf,,2023-02-02,,2023,"Circuit Court (Yazinski, J.)",circuit_court,Yazinski,family/domestic,standard,reversed_and_remanded,per_curiam,Per Curiam,5,0,0,1,5-0,True,False,False,"['family_law', 'property', 'contract', 'tax']","['RSA 458:14', 'RSA 458:19-']",RSA 458:14,False,[],,714,case_order,1.0.0,2026-08-03T12:14:43.798338,0.8
2022-0419,2022-0419,['2022-0419'],,,,K.H. v. T.K.,https://www.courts.nh.gov/sites/g/files/ehbemt471/files/documents/2023-04/20220419.pdf,,2023-02-02,,2023,Circuit Court,circuit_court,Murray,family/domestic,standard,affirmed,per_curiam,Per Curiam,5,0,0,1,5-0,True,False,False,"['criminal', 'statutory_interpretation', 'domestic_violence']","['RSA 633:3-a', 'RSA 633:3-a, I', 'RSA 633:3-a, II']",RSA 633:3-a,True,[],,746,case_order,1.0.0,2026-08-03T12:14:43.984532,0.8
2022-0437,2022-0437,['2022-0437'],,,,Jose D. Marquez v. Miraco Inc.,https://www.courts.nh.gov/sites/g/files/ehbemt471/files/documents/2023-04/20220437.pdf,,2023-02-01,,2023,"Superior Court (Nicolosi, J.)",superior_court,Nicolosi,civil,standard,affirmed,per_curiam,Per Curiam,4,0,0,2,4-0,True,False,False,"['civil_procedure', 'statutory_interpretation']",[],,True,[],,353,case_order,1.0.0,2026-08-03T12:14:44.141934,0.8
2022-0325,2022-0325,['2022-0325'],,,,Deanne Sanville v. William Trybulski & a.,https://www.courts.nh.gov/sites/g/files/ehbemt471/files/documents/2023-04/20220325.pdf,,2023-02-01,,2023,"Superior Court (Honigberg, J.)",superior_court,Honigberg,civil,standard,affirmed,per_curiam,Per Curiam,5,0,0,1,5-0,True,False,False,['civil_procedure'],[],,False,[],,162,case_order,1.0.0,2026-08-03T12:14:44.195990,0.8
20220160_2022-0162,20220160_2022-0162,"['2022-0160', '2022-0162']",,,,2022-0160 and 2022-0162 Jacquelyn Lane v. Antonio Barletta,https://www.courts.nh.gov/sites/g/files/ehbemt471/files/documents/2023-04/20220160_2022-0162.pdf,,2023-02-01,,2023,Circuit Court,circuit_court,Tenney,criminal,standard,remanded,per_curiam,Per Curiam,0,0,0,5,Unavailable,False,False,False,"['criminal', 'property', 'contract', 'evidence']","['RSA 540-A:3, I', 'RSA 540', 'RSA 540-A:4, IX', 'RSA 540-A:3', 'RSA 358-A:10', 'RSA 358']","RSA 540-A:3, I",False,[],,1286,case_order,1.0.0,2026-08-03T12:14:44.502150,0.8
2022-0271,2022-0271,['2022-0271'],,,,In the Matter of Bryanna Breed and Kevin Breed,https://www.courts.nh.gov/sites/g/files/ehbemt471/files/documents/2023-04/20220271.pdf,,2023-02-01,,2023,"Circuit Court (Garner, J.)",circuit_court,Garner,family/domestic,standard,affirmed,per_curiam,Per Curiam,5,0,0,1,5-0,True,False,False,['family_law'],[],,False,[],,752,case_order,1.0.0,2026-08-03T12:14:44.663159,0.8
2022-0095,2022-0095,['2022-0095'],,,,State of New Hampshire v. Chris Bonollo,https://www.courts.nh.gov/sites/g/files/ehbemt471/files/documents/2023-04/20220095.pdf,,2023-02-01,,2023,Circuit Court,circuit_court,Prevett,criminal,standard,affirmed,per_curiam,Per Curiam,5,0,0,1,5-0,True,False,False,[],['RSA 265:79'],RSA 265:79,False,[],,154,case_order,1.0.0,2026-08-03T12:14:44.719492,0.8
2022-0319,2022-0319,['2022-0319'],,,,Pamela Teperino v. Gail McCarthy & a.,https://www.courts.nh.gov/sites/g/files/ehbemt471/files/documents/2023-04/20220319.pdf,,2023-02-01,,2023,"Circuit Court (Forrest, J.)",circuit_court,Forrest,civil,standard,affirmed,per_curiam,Per Curiam,5,0,0,1,5-0,True,False,False,[],['RSA 540-A'],RSA 540-A,False,[],,336,case_order,1.0.0,2026-08-03T12:14:44.802106,0.8
2022-0267,2022-0267,['2022-0267'],,,,J.T. v. J.B.,https://www.courts.nh.gov/sites/g/files/ehbemt471/files/documents/2023-01/20220267.pdf,,2023-01-31,,2023,"Circuit Court (Alfano, J.)",circuit_court,Alfano,family/domestic,standard,remanded,per_curiam,Per Curiam,5,0,0,1,5-0,True,False,False,"['criminal', 'property', 'domestic_violence']","['RSA 633:3-a', 'RSA 570-A:1', 'RSA 570-A:2, I', 'RSA 570-A:1, II', 'RSA 570-A:1, III', 'RSA 570-A:6', 'RSA 570-A:1, IV']",RSA 633:3-a,False,[],,1167,case_order,1.0.0,2026-08-03T12:14:45.139105,0.8
2021-0163,2021-0163,['2021-0163'],,,,State of New Hampshire v. Jay Neeper,https://www.courts.nh.gov/sites/g/files/ehbemt471/files/documents/2023-03/20210163.pdf,,2023-01-31,,2023,Superior Court,superior_court,Howard,civil,standard,dismissed,per_curiam,Per Curiam,5,0,0,1,5-0,True,False,False,['constitutional'],[],,False,[],,184,case_order,1.0.0,2026-08-03T12:14:45.197098,0.8
2021-0392,2021-0392,['2021-0392'],,,,Appeal of City of Rochester,https://www.courts.nh.gov/sites/g/files/ehbemt471/files/documents/2023-01/20210392.pdf,,2023-01-31,,2023,,,,civil,standard,,per_curiam,Per Curiam,0,0,0,5,Unavailable,False,False,False,"['administrative_law', 'property', 'tax']","['RSA 72:23, V', 'RSA 293-A', 'RSA 293-A:10', 'RSA 541:13', 'RSA 72:23-l', 'RSA 72:23', 'RSA 292', 'RSA 292:1']","RSA 72:23, V",False,['de_novo'],,1288,case_order,1.0.0,2026-08-03T12:14:45.566751,0.8
2022-0250,2022-0250,['2022-0250'],,,,"Richard D. Townsend, Jr. v. Jeremy Brownell & a.",https://www.courts.nh.gov/sites/g/files/ehbemt471/files/documents/2023-03/20220250.pdf,,2023-01-30,,2023,"Superior Court (Howard, J.)",superior_court,Howard,civil,standard,affirmed,per_curiam,Per Curiam,5,0,0,1,5-0,True,False,False,[],[],,False,[],,212,case_order,1.0.0,2026-08-03T12:14:45.626736,0.8
2022-0300,2022-0300,['2022-0300'],,,,In re Estate of Linda D. Breedy,https://www.courts.nh.gov/sites/g/files/ehbemt471/files/documents/2023-03/20220300.pdf,,2023-01-30,,2023,Circuit Court,circuit_court,Weaver,civil,standard,affirmed,per_curiam,Per Curiam,5,0,0,1,5-0,True,False,False,[],[],,False,[],,204,case_order,1.0.0,2026-08-03T12:14:45.687485,0.8
2022-0326,2022-0326,['2022-0326'],,,,"Joe S. Haas, Jr. v. Merrimack Valley School District - SAU #46 & a.",https://www.courts.nh.gov/sites/g/files/ehbemt471/files/documents/2023-03/20220326.pdf,,2023-01-30,,2023,,,,civil,standard,affirmed,per_curiam,Per Curiam,4,0,0,2,4-0,True,False,False,['tax'],[],,False,[],,189,case_order,1.0.0,2026-08-03T12:14:45.790713,0.8
2021-0381,2021-0381,['2021-0381'],,,,"Red Horse Stables, LLC v. Mary A. McEachern & a.",https://www.courts.nh.gov/sites/g/files/ehbemt471/files/documents/2023-03/20210381.pdf,,2023-01-06,,2023,"Superior Court (Ruoff, J.)",superior_court,Ruoff,civil,standard,affirmed,per_curiam,Per Curiam,5,0,0,1,5-0,True,False,False,[],[],,False,[],,1041,case_order,1.0.0,2026-08-03T12:14:46.056916,0.8
2021-0113,2021-0113,['2021-0113'],,,,In the Matter of Kelly Goodwin and Adam Goodwin,https://www.courts.nh.gov/sites/g/files/ehbemt471/files/documents/2023-01/20210113.pdf,,2023-01-04,,2023,,,,family/domestic,standard,affirmed,per_curiam,Per Curiam,5,0,0,1,5-0,True,False,False,"['family_law', 'DWI']",[],,False,[],,428,case_order,1.0.0,2026-08-03T12:14:46.173074,0.8
2023-0617,2023-0617,['2023-0617'],,,,"Andover Consulting Group, Inc. v. Goffstown Harvest Christian Church & a.",https://www.courts.nh.gov/sites/g/files/ehbemt471/files/documents/2024-12/20230617.pdf,,2024-12-31,,2024,"Superior Court (Anderson, J.)",superior_court,Anderson,civil,standard,affirmed,per_curiam,Per Curiam,4,0,0,1,4-0,True,False,False,['contract'],[],,False,[],,242,case_order,1.0.0,2026-08-03T12:14:46.387266,0.8
2023-0687,2023-0687,['2023-0687'],,,,Town of Temple v. John H. Jackson-Marsh & a.,https://www.courts.nh.gov/sites/g/files/ehbemt471/files/documents/2024-12/20230687.pdf,,2024-12-31,,2024,"Superior Court (Temple, J.)",superior_court,Temple,civil,standard,affirmed,per_curiam,Per Curiam,4,0,0,1,4-0,True,False,False,['property'],['RSA 236:114'],RSA 236:114,False,[],,256,case_order,1.0.0,2026-08-03T12:14:46.464511,0.8
2023-0551,2023-0551,['2023-0551'],,,,"Clay King v. Brandon Brooks, DBA New England Dieselz",https://www.courts.nh.gov/sites/g/files/ehbemt471/files/documents/2024-12/20230551_0.pdf,,2024-12-24,,2024,"Circuit Court (McIntyre, J.)",circuit_court,McIntyre,civil,standard,affirmed,per_curiam,Per Curiam,4,0,0,1,4-0,True,False,False,['evidence'],"['RSA 503:7', 'RSA 503:2']",RSA 503:7,False,['de_novo'],,644,case_order,1.0.0,2026-08-03T12:14:46.652680,0.8
2021-0604,2021-0604,['2021-0604'],2024 N.H. 35,2024.0,35.0,Natalie Anderson v. New Hampshire Professional Conduct Committee & a.,https://www.courts.nh.gov/sites/g/files/ehbemt471/files/documents/2024-12/20210604.pdf,,2024-12-24,,2024,"Superior Court (Kissinger, J.)",superior_court,Kissinger,family/domestic,standard,affirmed,per_curiam,Per Curiam,3,0,0,2,3-0,True,False,False,"['administrative_law', 'family_law', 'civil_procedure', 'statutory_interpretation', 'tax']","['RSA 91-A', 'RSA 91-A:4, I', 'RSA 91-A:1-a, III', 'RSA 91-A:1-a, VI', 'RSA 91-A:1-a, V']",RSA 91-A,True,[],"RSA chapter 91-A grants the public the right to
both inspect and copy governmental records. RSA 91-A:4, I (2023). This
provision, however, applies only to records in the possession, custody, or
control of “public bodies or agencies.” Id.; RSA 91-A:1-a, III (2023). “Public
bodies” include: the general court, the executive council and governor with the
executive council; boards and commissions of state agencies or authorities;
municipal level bodies, boards, commissions, agencies or authorities; and
“[a]ny corporation that has as its sole member the state of New Hampshire, any
county, town, muni",941,case_order,1.0.0,2026-08-03T12:14:47.136503,0.8
2023-0108,2023-0108,['2023-0108'],,,,State of New Hampshire v. Cleve Wilmot,https://www.courts.nh.gov/sites/g/files/ehbemt471/files/documents/2024-12/20230108.pdf,,2024-12-24,,2024,Superior Court,superior_court,Temple,criminal,standard,,per_curiam,Per Curiam,0,0,0,4,Unavailable,False,False,False,"['criminal', 'evidence', 'DWI']","['RSA 632-A:2, III', 'RSA 632-A:4', 'RSA 632', 'RSA 632-A:2', 'RSA 632-A:3', 'RSA 632-A:2, I', 'RSA 632-A:3, i', 'RSA 632-A:3, II', 'RSA 632-A:4, I']","RSA 632-A:2, III",False,[],,1376,case_order,1.0.0,2026-08-03T12:14:47.906885,0.8
2022-0597,2022-0597,['2022-0597'],,,,Appeal of Leonard LaPadula,https://www.courts.nh.gov/sites/g/files/ehbemt471/files/documents/2024-12/20220597.pdf,,2024-12-20,,2024,,administrative,,civil,standard,,per_curiam,Per Curiam,0,0,0,4,Unavailable,False,False,False,"['insurance', 'statutory_interpretation', 'employment']","['RSA 282-A:60', 'RSA 282-A:56', 'RSA 282-A:67', 'RSA 282-A:67, II', 'RSA 282-A:67, V', 'RSA 282-A:9', 'RSA 282', 'RSA 282-A:32', 'RSA 282-A:32, I', 'RSA 282-A', 'RSA 282-A:32, IV']",RSA 282-A:60,True,"['de_novo', 'substantial_evidence']",,1361,case_order,1.0.0,2026-08-03T12:14:48.242853,0.8
2023-0204,2023-0204,['2023-0204'],,,,"Petition to Invalidate Second Amendment of Trust of Geraldine L. Keith; Kyle Keith, Trustee v. Clayton Keith, Jr. - Geraldine L. Keith Rev. Trust, Petition for Equitable Relief and Writ of Possession",https://www.courts.nh.gov/sites/g/files/ehbemt471/files/documents/2024-12/20230204.pdf,,2024-12-20,,2024,Circuit Court,circuit_court,,civil,standard,,per_curiam,Per Curiam,0,0,0,4,Unavailable,False,False,False,"['statutory_interpretation', 'property', 'contract']","['RSA 540', 'RSA 547:3-l', 'RSA 567', 'RSA 490-F:2', 'RSA 490-F:3', 'RSA 540-A:1, I', 'RSA 547:3-b']",RSA 540,True,['de_novo'],,1356,case_order,1.0.0,2026-08-03T12:14:48.566750,0.8
2024-0085,2024-0085,['2024-0085'],,,,State of New Hampshire v. Christopher Dennis Mackey,https://www.courts.nh.gov/sites/g/files/ehbemt471/files/documents/2025-01/20240085.pdf,,2024-12-20,,2024,Superior Court,superior_court,Schulman,criminal,standard,affirmed,per_curiam,Per Curiam,4,0,0,1,4-0,True,False,False,['criminal'],"['RSA 265:4', 'RSA 491:17', 'RSA 626:7']",RSA 265:4,False,[],,532,case_order,1.0.0,2026-08-03T12:14:48.696228,0.8
2023-0439,2023-0439,['2023-0439'],,,,In the Matter of Karen Loux and Brandon Loux,https://www.courts.nh.gov/sites/g/files/ehbemt471/files/documents/2025-01/20230439.pdf,,2024-12-20,,2024,"Circuit Court (Subers, J.)",circuit_court,Subers,family/domestic,standard,affirmed,per_curiam,Per Curiam,3,0,0,2,3-0,True,False,False,"['criminal', 'family_law', 'statutory_interpretation', 'property']","['RSA 458:7, IV', 'RSA 458:7, III', 'RSA 490:3']","RSA 458:7, IV",True,[],,1015,case_order,1.0.0,2026-08-03T12:14:48.949431,0.8
2024-0010,2024-0010,['2024-0010'],,,,National Lumber Company v. Paxor Construction LLC & a.,https://www.courts.nh.gov/sites/g/files/ehbemt471/files/documents/2025-01/20240010.pdf,,2024-12-19,,2024,"Superior Court (Temple, J.)",superior_court,Temple,civil,standard,affirmed,per_curiam,Per Curiam,4,0,0,1,4-0,True,False,False,['contract'],[],,False,[],,1072,case_order,1.0.0,2026-08-03T12:14:49.226088,0.8
2024-0086,2024-0086,['2024-0086'],,,,Altamir Nunes v. Aline Da Silva,https://www.courts.nh.gov/sites/g/files/ehbemt471/files/documents/2025-01/20240086.pdf,,2024-12-19,,2024,"Circuit Court (Hall, J.)",circuit_court,Hall,civil,standard,vacated,per_curiam,Per Curiam,4,0,0,1,4-0,True,False,False,"['statutory_interpretation', 'contract']",['RSA 382-A:2-714'],RSA 382-A:2-714,True,[],,1131,case_order,1.0.0,2026-08-03T12:14:49.500989,0.8
2023-0589,2023-0589,['2023-0589'],,,,Jason A. Czekalski v. Global Tel*Link Corporation,https://www.courts.nh.gov/sites/g/files/ehbemt471/files/documents/2025-01/20230589.pdf,,2024-12-19,,2024,Circuit Court,circuit_court,Spath,civil,standard,affirmed,per_curiam,Per Curiam,4,0,0,1,4-0,True,False,False,"['contract', 'tort', 'evidence']",[],,False,[],,894,case_order,1.0.0,2026-08-03T12:14:49.762512,0.8
2024-0106,2024-0106,['2024-0106'],,,,State of New Hampshire v. Glenn Caron,https://www.courts.nh.gov/sites/g/files/ehbemt471/files/documents/2025-01/20240106.pdf,,2024-12-19,,2024,"Circuit Court (Alfano, J.)",circuit_court,Alfano,criminal,standard,affirmed,per_curiam,Per Curiam,4,0,0,1,4-0,True,False,False,[],['RSA 261:40'],RSA 261:40,False,[],,208,case_order,1.0.0,2026-08-03T12:14:49.823138,0.8
2022-0424,2022-0424,['2022-0424'],2024 N.H. 50,2024.0,50.0,John Doe v. New Hampshire Division of State Police & a.,https://www.courts.nh.gov/sites/g/files/ehbemt471/files/documents/2024-12/20220424.pdf,in his complaint,2024-12-10,,2024,,administrative,,civil,standard,,per_curiam,Per Curiam,0,0,0,22,Unavailable,False,False,False,"['administrative_law', 'civil_procedure', 'statutory_interpretation', 'property', 'evidence']","['RSA 105:13-d', 'RSA 105:13-d, I', 'RSA 105:13-d, II']",RSA 105:13-d,True,[],"We assume the pleadings
to be true and construe all reasonable inferences in the light most favorable to
the plaintiff. Id. We then engage in a threshold inquiry that tests the facts in
the complaint against the applicable law. Id. We will uphold the granting of a
motion to dismiss if the facts pled do not constitute a basis for legal relief. Id.
RSA 105:13-d, I, provides that “[t]he department of justice may
voluntarily maintain an [EES]” which “shall consist of a list of all current or
former law enforcement officers whose personnel information contain
potentially exculpatory evidence.” The",1336,case_order,1.0.0,2026-08-03T12:14:50.136799,0.8
2024-0307,2024-0307,['2024-0307'],,,,A.G. v. R.F.,https://www.courts.nh.gov/sites/g/files/ehbemt471/files/documents/2025-01/20240307.pdf,,2024-12-09,,2024,"Circuit Court (Joseph, J.)",circuit_court,Joseph,family/domestic,standard,affirmed,per_curiam,Per Curiam,4,0,0,1,4-0,True,False,False,"['employment', 'domestic_violence']","['RSA 173-B:5', 'RSA 173-B:3, VI', 'RSA 173-B:5, I', 'RSA 173-B:1, I']",RSA 173-B:5,False,['de_novo'],,613,case_order,1.0.0,2026-08-03T12:14:50.301247,0.8
2023-0333,2023-0333,['2023-0333'],2024 N.H. 8,2024.0,8.0,State of New Hampshire v. Elaine Flanagan,https://www.courts.nh.gov/sites/g/files/ehbemt471/files/documents/2024-12/20230333.pdf,,2024-12-06,,2024,"Superior Court (Messer, J.)",superior_court,Messer,family/domestic,standard,,per_curiam,Per Curiam,0,0,0,4,Unavailable,False,False,False,"['criminal', 'family_law', 'statutory_interpretation', 'property', 'domestic_violence']","['RSA 173-B:9, III', 'RSA 633:3-a', 'RSA 173', 'RSA 599:1', 'RSA 173-B', 'RSA 173-B:9', 'RSA 458:16, III', 'RSA 625:9', 'RSA 633:3-a, III', 'RSA 173-B:9, i', 'RSA 626:2, II']","RSA 173-B:9, III",True,"['de_novo', 'plain_error']","If all three conditions are met, we may then
exercise our discretion to correct a forfeited error only if the error meets a
fourth criterion: the error must seriously affect the fairness, integrity, or public
reputation of judicial proceedings. Id.
The criminal complaint against the defendant lists the offense committed
as a violation of RSA 173-B:9. RSA 173-B:9, III provides:
A person shall be guilty of a class A misdemeanor if such person
knowingly violates a protective order issued under this chapter, or
RSA 458:16, III, or any foreign protective order enforceable under
the laws of this sta",1264,case_order,1.0.0,2026-08-03T12:14:50.616791,0.8
2024-0079,2024-0079,['2024-0079'],,,,In the Matter of Ryan Green and Danielle Green,https://www.courts.nh.gov/sites/g/files/ehbemt471/files/documents/2025-01/20240079.pdf,,2024-12-06,,2024,"Circuit Court (Derby, J.)",circuit_court,Derby,family/domestic,standard,affirmed,per_curiam,Per Curiam,4,0,0,1,4-0,True,False,False,"['family_law', 'property']","['RSA 458:16-a, II', 'RSA 458:16-a, I']","RSA 458:16-a, II",False,[],,1269,case_order,1.0.0,2026-08-03T12:14:50.916836,0.8
2023-0599,2023-0599,['2023-0599'],,,,State of New Hampshire v. Donald Gilbert,https://www.courts.nh.gov/sites/g/files/ehbemt471/files/documents/2025-01/20230599.pdf,,2024-12-06,,2024,"Superior Court (Leonard, J.)",superior_court,Leonard,criminal,standard,affirmed,per_curiam,Per Curiam,4,0,0,1,4-0,True,False,False,"['criminal', 'evidence']","['RSA 642:9, I']","RSA 642:9, I",False,[],,380,case_order,1.0.0,2026-08-03T12:14:51.022757,0.8
2023-0062,2023-0062,['2023-0062'],,,,John Doe v. City of Nashua & a.,https://www.courts.nh.gov/sites/g/files/ehbemt471/files/documents/2024-12/20230062.pdf,,2024-12-04,,2024,"Superior Court (Temple, J.)",superior_court,Temple,family/domestic,standard,dismissed,per_curiam,Per Curiam,0,0,0,4,Unavailable,False,False,False,"['administrative_law', 'family_law', 'civil_procedure', 'statutory_interpretation', 'constitutional']","['RSA 105:13-d', 'RSA 105:13-d, I', 'RSA 91-A', 'RSA 105:13-d, II']",RSA 105:13-d,True,[],,1280,case_order,1.0.0,2026-08-03T12:14:51.341863,0.8
2023-0418,2023-0418,['2023-0418'],,,,Joseph Monagle & a. v. Judith Taylor,https://www.courts.nh.gov/sites/g/files/ehbemt471/files/documents/2024-12/20230418.pdf,,2024-12-04,,2024,"Superior Court (Bornstein, J.)",superior_court,Bornstein,civil,standard,,per_curiam,Per Curiam,0,0,0,4,Unavailable,False,False,False,"['civil_procedure', 'statutory_interpretation', 'property']",[],,True,['de_novo'],,1467,case_order,1.0.0,2026-08-03T12:14:51.678765,0.8
2023-0449,2023-0449,['2023-0449'],2024 N.H. 50,2024.0,50.0,John Doe v. Department of Justice & a.,https://www.courts.nh.gov/sites/g/files/ehbemt471/files/documents/2024-12/20230449.pdf,,2024-12-03,,2024,"Superior Court (Leonard, J.)",superior_court,Leonard,criminal,standard,,per_curiam,Per Curiam,0,0,0,4,Unavailable,False,False,False,"['criminal', 'civil_procedure', 'constitutional', 'employment', 'evidence']","['RSA 105:13-d', 'RSA 105:13-d, II', 'RSA 105:13-d, I', 'RSA 91-A']",RSA 105:13-d,False,['de_novo'],"Although we noted that “the question of whether evidence is appropriate for
inclusion on the EES is separate from the question of whether that evidence
would be admissible in a criminal proceeding,” we explained that
“considerations made to determine the admissibility of evidence, such as the
age of the conduct and its materiality to an officer’s general credibility, should
factor into the determination of whether information in an officer’s personnel
file warrants his or her inclusion on the EES.” Id. at ___, 2024 N.H. 50,",1361,case_order,1.0.0,2026-08-03T12:14:52.033363,0.8
2022-0214,2022-0214,['2022-0214'],2024 N.H. 50,2024.0,50.0,John Doe v. New Hampshire Division of State Police & a.,https://www.courts.nh.gov/sites/g/files/ehbemt471/files/documents/2024-12/20220214.pdf,,2024-12-03,,2024,,,,criminal,standard,,per_curiam,Per Curiam,0,0,0,4,Unavailable,False,False,False,"['criminal', 'administrative_law', 'civil_procedure', 'statutory_interpretation', 'constitutional', 'evidence']","['RSA 105:13-', 'RSA 105:13-d, II', 'RSA 105:13-d', 'RSA 105:13-d, I']",RSA 105:13-,True,[],"In Doe v. N.H. Attorney Gen.
(Activity Logs), we stated that we “agree[d] with the plaintiffs that
considerations made to determine the admissibility of evidence, such as the age
of the conduct and its materiality to an officer’s general credibility, should
factor into the determination of whether information in an officer’s personnel
file warrants his or her inclusion on the EES.” Id. at ___, 2024 N.H. 50,",1423,case_order,1.0.0,2026-08-03T12:14:52.312494,0.8
2024-0050,2024-0050,['2024-0050'],,,,Truist Bank v. Paulette Duclair,https://www.courts.nh.gov/sites/g/files/ehbemt471/files/documents/2024-12/20240050.pdf,,2024-11-26,,2024,"Superior Court (Ruoff, J.)",superior_court,Ruoff,civil,standard,vacated,per_curiam,Per Curiam,4,0,0,1,4-0,True,False,False,['contract'],['RSA 490:14-a'],RSA 490:14-a,False,[],,600,case_order,1.0.0,2026-08-03T12:14:52.510010,0.8
2023-0607,2023-0607,['2023-0607'],,,,State of New Hampshire v. Stephen Droney,https://www.courts.nh.gov/sites/g/files/ehbemt471/files/documents/2024-11/20230607.pdf,,2024-11-26,,2024,"Circuit Court (Burns, J.)",circuit_court,Burns,criminal,standard,,per_curiam,Per Curiam,0,0,0,4,Unavailable,False,False,False,"['criminal', 'civil_procedure', 'evidence', 'DWI']","['RSA 263:64, VI', 'RSA 263:64, IV', 'RSA 265-A:2', 'RSA 265-A:2, I']","RSA 263:64, VI",False,['abuse_of_discretion'],,1325,case_order,1.0.0,2026-08-03T12:14:53.249076,0.8
2023-0752,2023-0752,['2023-0752'],,,,William Fortune v. Andrea Pagsolingan,https://www.courts.nh.gov/sites/g/files/ehbemt471/files/documents/2024-12/20230752.pdf,,2024-11-25,,2024,Circuit Court,circuit_court,Alfano,civil,standard,dismissed,per_curiam,Per Curiam,4,0,0,1,4-0,True,False,False,['civil_procedure'],[],,False,[],,250,case_order,1.0.0,2026-08-03T12:14:53.326496,0.8
2024-0084,2024-0084,['2024-0084'],,,,In the Matter of Adam Gage and Jenna Gage,https://www.courts.nh.gov/sites/g/files/ehbemt471/files/documents/2024-12/20240084.pdf,,2024-11-25,,2024,"Circuit Court (Tenney, J.)",circuit_court,Tenney,family/domestic,standard,affirmed,per_curiam,Per Curiam,4,0,0,1,4-0,True,False,False,['family_law'],"['RSA 461', 'RSA 461-A:6, I']",RSA 461,False,[],,692,case_order,1.0.0,2026-08-03T12:14:53.472467,0.8
2023-0714,2023-0714,['2023-0714'],,,,Yuma Haidara v. Joni Plante,https://www.courts.nh.gov/sites/g/files/ehbemt471/files/documents/2024-12/20230714.pdf,,2024-11-25,,2024,,,,civil,standard,affirmed,per_curiam,Per Curiam,4,0,0,1,4-0,True,False,False,"['contract', 'tort']","['RSA 540-A:3, I', 'RSA 540-A:3, IV', 'RSA 540', 'RSA 540-A:1, I']","RSA 540-A:3, I",False,[],,733,case_order,1.0.0,2026-08-03T12:14:53.694072,0.8
2024-0103,2024-0103,['2024-0103'],,,,"The World of Discovery, Inc. v. Julie Hall",https://www.courts.nh.gov/sites/g/files/ehbemt471/files/documents/2024-12/20240103.pdf,,2024-11-25,,2024,"Circuit Court (Kent, R., approved by Chabot, J.), following a hearing",circuit_court,"Kent, R., approved by Chabot",civil,standard,affirmed,per_curiam,Per Curiam,4,0,0,1,4-0,True,False,False,['contract'],[],,False,[],,435,case_order,1.0.0,2026-08-03T12:14:53.796642,0.8
2024-0001,2024-0001,['2024-0001'],,,,In re The Omega Trust,https://www.courts.nh.gov/sites/g/files/ehbemt471/files/documents/2024-12/20240001.pdf,,2024-11-25,,2024,"Circuit Court (Christo, J.)",circuit_court,Christo,civil,standard,,per_curiam,Per Curiam,0,0,0,4,Unavailable,False,False,False,['statutory_interpretation'],"['RSA 564-B:6-602', 'RSA 564-B:6-', 'RSA 567-A:4', 'RSA 564', 'RSA 546-B:6-']",RSA 564-B:6-602,True,[],,1288,case_order,1.0.0,2026-08-03T12:14:54.101306,0.8
2023-0658,2023-0658,['2023-0658'],,,,Hope Doerr v. Joseph King & a.,https://www.courts.nh.gov/sites/g/files/ehbemt471/files/documents/2024-12/20230658.pdf,,2024-11-22,,2024,"Circuit Court (Manchester, J.)",circuit_court,Manchester,civil,standard,affirmed,per_curiam,Per Curiam,4,0,0,1,4-0,True,False,False,"['statutory_interpretation', 'contract']",['RSA 503:7'],RSA 503:7,True,[],,911,case_order,1.0.0,2026-08-03T12:14:54.296497,0.8
2024-0059,2024-0059,['2024-0059'],,,,Ryan George Belanger v. Joseph Wilhelmy & a.,https://www.courts.nh.gov/sites/g/files/ehbemt471/files/documents/2024-12/20240059.pdf,,2024-11-22,,2024,"Superior Court (Delker, J.)",superior_court,Delker,civil,standard,affirmed,per_curiam,Per Curiam,3,0,0,2,3-0,True,False,False,['statutory_interpretation'],[],,True,[],,343,case_order,1.0.0,2026-08-03T12:14:54.435301,0.8
2023-0313,2023-0313,['2023-0313'],,,,State of New Hampshire v. Christopher Nash,https://www.courts.nh.gov/sites/g/files/ehbemt471/files/documents/2024-12/20230313.pdf,,2024-11-13,,2024,"Superior Court (Will, J.)",superior_court,Will,criminal,standard,,per_curiam,Per Curiam,0,0,0,4,Unavailable,False,False,False,"['criminal', 'evidence']",[],,False,[],,1344,case_order,1.0.0,2026-08-03T12:14:54.745345,0.8
2023-0076,2023-0076,['2023-0076'],,,,"Hate to Paint, LLC v. Ambrose Development, LLC & a.",https://www.courts.nh.gov/sites/g/files/ehbemt471/files/documents/2024-11/20230076.pdf,,2024-11-13,,2024,"Superior Court (Honigberg, J.)",superior_court,Honigberg,civil,standard,,per_curiam,Per Curiam,0,0,0,4,Unavailable,False,False,False,"['civil_procedure', 'statutory_interpretation', 'property', 'contract', 'tort']",[],,True,[],,1318,case_order,1.0.0,2026-08-03T12:14:55.434340,0.8
2023-0749,2023-0749,['2023-0749'],,,,"Kenneth Morrison v. The Barking Dog, Ltd.",https://www.courts.nh.gov/sites/g/files/ehbemt471/files/documents/2024-12/20230749.pdf,,2024-11-12,,2024,Circuit Court,circuit_court,Zaino,civil,standard,affirmed,per_curiam,Per Curiam,4,0,0,1,4-0,True,False,False,"['tort', 'evidence']",['RSA 503:7'],RSA 503:7,False,[],,517,case_order,1.0.0,2026-08-03T12:14:55.633922,0.8
2024-0041,2024-0041,['2024-0041'],,,,"Merrimack Valley Roofing, LLC v. Christopher Mastorakis",https://www.courts.nh.gov/sites/g/files/ehbemt471/files/documents/2024-12/20240041.pdf,,2024-11-12,,2024,"Circuit Court (Zaino, J.)",circuit_court,Zaino,civil,standard,affirmed,per_curiam,Per Curiam,4,0,0,1,4-0,True,False,False,"['statutory_interpretation', 'contract']",[],,True,[],,584,case_order,1.0.0,2026-08-03T12:14:55.765296,0.8
2024-0425,2024-0425,['2024-0425'],,,,M.A. v. J.G.,https://www.courts.nh.gov/sites/g/files/ehbemt471/files/documents/2024-12/20240425.pdf,,2024-11-08,,2024,"Circuit Court (Walch, J.)",circuit_court,Walch,family/domestic,standard,affirmed,per_curiam,Per Curiam,4,0,0,1,4-0,True,False,False,"['criminal', 'domestic_violence']",['RSA 633:3-a'],RSA 633:3-a,False,[],,268,case_order,1.0.0,2026-08-03T12:14:55.846719,0.8
2023-0401,2023-0401,['2023-0401'],,,,State of New Hampshire v. Wesley D. Locke,https://www.courts.nh.gov/sites/g/files/ehbemt471/files/documents/2024-12/20230401.pdf,,2024-11-08,,2024,"Superior Court (Wageling, J.)",superior_court,Wageling,family/domestic,standard,affirmed,per_curiam,Per Curiam,4,0,0,1,4-0,True,False,False,"['criminal', 'family_law']",['RSA 632-A:2'],RSA 632-A:2,False,[],,489,case_order,1.0.0,2026-08-03T12:14:56.019334,0.8
2022-0452,2022-0452,['2022-0452'],2024 N.H. 50,2024.0,50.0,John Doe v. Town of Hanover Police Department & a.,https://www.courts.nh.gov/sites/g/files/ehbemt471/files/documents/2024-11/20220452.pdf,,2024-11-06,,2024,"Superior Court (MacLeod, J.)",superior_court,MacLeod,criminal,standard,,per_curiam,Per Curiam,0,0,0,4,Unavailable,False,False,False,"['criminal', 'administrative_law', 'civil_procedure', 'statutory_interpretation', 'constitutional', 'evidence']","['RSA 105:13-d', 'RSA 105:13-d, I', 'RSA 105:13-d, II']",RSA 105:13-d,True,[],"Although we noted that “the question of whether evidence is appropriate for
inclusion on the EES is separate from the question of whether that evidence
would be admissible in a criminal proceeding,” we explained that
“considerations made to determine the admissibility of evidence, such as the
age of the conduct and its materiality to an officer’s general credibility, should
factor into the determination of whether information in an officer’s personnel
file warrants his or her inclusion on the EES.” Id. at ___, 2024 N.H. 50,",1249,case_order,1.0.0,2026-08-03T12:14:56.308556,0.8
2023-0696,2023-0696,['2023-0696'],,,,"Katherine Whybrow, as power of attorney and on behalf of M. Ruth Whybrow v. Thomas Chadwick & a.",https://www.courts.nh.gov/sites/g/files/ehbemt471/files/documents/2024-11/20230696.pdf,,2024-10-29,,2024,"Superior Court (Bornstein, J.)",superior_court,Bornstein,civil,standard,affirmed,per_curiam,Per Curiam,4,0,0,1,4-0,True,False,False,"['statutory_interpretation', 'property', 'DWI']","['RSA 524:6-a, I']","RSA 524:6-a, I",True,[],,702,case_order,1.0.0,2026-08-03T12:14:56.526693,0.8
2024-0112,2024-0112,['2024-0112'],,,,"Emmanuel Evariste v. Superintendent, Strafford County Department of Corrections & a.",https://www.courts.nh.gov/sites/g/files/ehbemt471/files/documents/2024-11/20240112.pdf,,2024-10-25,,2024,"Superior Court (Will, J.)",superior_court,Will,civil,standard,affirmed,per_curiam,Per Curiam,4,0,0,1,4-0,True,False,False,"['civil_procedure', 'statutory_interpretation']","['RSA 508:4, I']","RSA 508:4, I",True,[],,847,case_order,1.0.0,2026-08-03T12:14:56.733619,0.8
2023-0301,2023-0301,['2023-0301'],,,,William Ryan & a. v. Dawn Ryan,https://www.courts.nh.gov/sites/g/files/ehbemt471/files/documents/2024-10/20230301.pdf,,2024-10-25,,2024,"Superior Court (Temple, J.)",superior_court,Temple,civil,standard,,per_curiam,Per Curiam,0,0,0,4,Unavailable,False,False,False,"['property', 'contract']",[],,False,[],,1417,case_order,1.0.0,2026-08-03T12:14:57.098601,0.8
2024-0331,2024-0331,['2024-0331'],,,,K.M. v. J.M.,https://www.courts.nh.gov/sites/g/files/ehbemt471/files/documents/2024-11/20240331.pdf,,2024-10-25,,2024,Circuit Court,circuit_court,LeDuc,family/domestic,standard,vacated,per_curiam,Per Curiam,4,0,0,1,4-0,True,False,False,"['criminal', 'constitutional', 'domestic_violence']","['RSA 173-B:5', 'RSA 633:3-a', 'RSA 173-B:5, I', 'RSA 173-B:1, I', 'RSA 633:1', 'RSA 633:3-a, I', 'RSA 633:3-a, II']",RSA 173-B:5,False,[],,761,case_order,1.0.0,2026-08-03T12:14:57.362407,0.8
2024-0123,2024-0123,['2024-0123'],,,,George G. Burke v. Elizabeth Weeks & a.,https://www.courts.nh.gov/sites/g/files/ehbemt471/files/documents/2024-11/20240123.pdf,,2024-10-23,,2024,"Superior Court (Ruoff, J.)",superior_court,Ruoff,civil,standard,affirmed,per_curiam,Per Curiam,4,0,0,1,4-0,True,False,False,['civil_procedure'],[],,False,[],,250,case_order,1.0.0,2026-08-03T12:14:57.431711,0.8
2023-0537,2023-0537,['2023-0537'],,,,State of New Hampshire v. Gregory Smith,https://www.courts.nh.gov/sites/g/files/ehbemt471/files/documents/2024-11/20230537.pdf,,2024-10-23,,2024,"Circuit Court (Countway, J.)",circuit_court,Countway,criminal,standard,affirmed,per_curiam,Per Curiam,3,0,0,2,3-0,True,False,False,"['criminal', 'statutory_interpretation', 'constitutional', 'DWI']","['RSA 265-A:2, I']","RSA 265-A:2, I",True,['de_novo'],,739,case_order,1.0.0,2026-08-03T12:14:57.621175,0.8
2023-0603,2023-0603,['2023-0603'],,,,State of New Hampshire v. Edward Farley,https://www.courts.nh.gov/sites/g/files/ehbemt471/files/documents/2024-11/20230603.pdf,,2024-10-23,,2024,"Circuit Court (Pendleton, J.)",circuit_court,Pendleton,criminal,standard,affirmed,per_curiam,Per Curiam,4,0,0,1,4-0,True,False,False,[],[],,False,[],,138,case_order,1.0.0,2026-08-03T12:14:57.714918,0.8
2023-0600,2023-0600,['2023-0600'],,,,Dahn Tibbett v. City of Dover,https://www.courts.nh.gov/sites/g/files/ehbemt471/files/documents/2024-11/20230600.pdf,,2024-10-15,,2024,Superior Court,superior_court,,civil,standard,affirmed,per_curiam,Per Curiam,4,0,0,1,4-0,True,False,False,['property'],['RSA 674:41'],RSA 674:41,False,[],,436,case_order,1.0.0,2026-08-03T12:14:57.837196,0.8
2024-0120,2024-0120,['2024-0120'],,,,Jack E. Lussier v. Meredith Brodeur,https://www.courts.nh.gov/sites/g/files/ehbemt471/files/documents/2024-11/20240120.pdf,,2024-10-15,,2024,"Superior Court (Honigberg, J.)",superior_court,Honigberg,civil,standard,affirmed,per_curiam,Per Curiam,4,0,0,1,4-0,True,False,False,['statutory_interpretation'],[],,True,[],,599,case_order,1.0.0,2026-08-03T12:14:57.982504,0.8
2024-0069,2024-0069,['2024-0069'],,,,Robert Wilson v. Anne Romney,https://www.courts.nh.gov/sites/g/files/ehbemt471/files/documents/2024-11/20240069.pdf,,2024-10-11,,2024,,,,civil,standard,affirmed,per_curiam,Per Curiam,4,0,0,1,4-0,True,False,False,"['civil_procedure', 'statutory_interpretation']",[],,True,[],,451,case_order,1.0.0,2026-08-03T12:14:58.096827,0.8
2024-0083,2024-0083,['2024-0083'],,,,George Sideris v. Coca-Cola Bottling Company of Northern New England & a.,https://www.courts.nh.gov/sites/g/files/ehbemt471/files/documents/2024-11/20240083.pdf,,2024-10-11,,2024,Superior Court,superior_court,Ignatius,civil,standard,affirmed,per_curiam,Per Curiam,4,0,0,1,4-0,True,False,False,"['civil_procedure', 'employment']",[],,False,[],,228,case_order,1.0.0,2026-08-03T12:14:58.215609,0.8
2024-0087,2024-0087,['2024-0087'],,,,"Edward Farley v. Ubiratan Marinho, Jr. & a.",https://www.courts.nh.gov/sites/g/files/ehbemt471/files/documents/2024-11/20240087.pdf,,2024-10-11,,2024,"Superior Court (Ruoff, J.)",superior_court,Ruoff,civil,standard,,per_curiam,Per Curiam,0,0,0,4,Unavailable,False,False,False,"['constitutional', 'contract', 'tort']","['RSA 358-A:10, I']","RSA 358-A:10, I",False,[],,1375,case_order,1.0.0,2026-08-03T12:14:58.529751,0.8
2024-0122,2024-0122,['2024-0122'],,,,"Earl Shaffer v. KAB Realty Management, LLC",https://www.courts.nh.gov/sites/g/files/ehbemt471/files/documents/2024-11/20240122.pdf,,2024-10-11,,2024,"Circuit Court (Gardner, J.)",circuit_court,Gardner,civil,standard,affirmed,per_curiam,Per Curiam,4,0,0,1,4-0,True,False,False,[],[],,False,[],,207,case_order,1.0.0,2026-08-03T12:14:58.596831,0.8
2023-0572,2023-0572,['2023-0572'],,,,In the Matter of Connie Murabito and Mark Murabito,https://www.courts.nh.gov/sites/g/files/ehbemt471/files/documents/2024-11/20230572.pdf,,2024-10-10,,2024,"Circuit Court (Steckowych, J.)",circuit_court,Steckowych,family/domestic,standard,affirmed,per_curiam,Per Curiam,4,0,0,1,4-0,True,False,False,"['family_law', 'property', 'evidence']","['RSA 458:16-a', 'RSA 458:16-a, II', 'RSA 458:16-a, I']",RSA 458:16-a,False,['de_novo'],,1409,case_order,1.0.0,2026-08-03T12:14:58.985355,0.8
2023-0642,2023-0642,['2023-0642'],,,,Timothy Goumas v. Gayle Washington,https://www.courts.nh.gov/sites/g/files/ehbemt471/files/documents/2024-11/20230642.pdf,,2024-10-10,,2024,"Circuit Court (Murray, J.)",circuit_court,Murray,civil,standard,,per_curiam,Per Curiam,0,0,0,4,Unavailable,False,False,False,"['statutory_interpretation', 'employment', 'contract']",[],,True,[],,1352,case_order,1.0.0,2026-08-03T12:14:59.252307,0.8
2023-0088,2023-0088,['2023-0088'],,,,"TJN, Inc. v. Abigail Mathes Pitou",https://www.courts.nh.gov/sites/g/files/ehbemt471/files/documents/2024-10/20230088.pdf,,2024-10-09,,2024,"Superior Court (Ruoff, J.)",superior_court,Ruoff,civil,standard,,per_curiam,Per Curiam,0,0,0,4,Unavailable,False,False,False,['contract'],[],,False,['clear_error'],,1342,case_order,1.0.0,2026-08-03T12:14:59.606678,0.8
2022-0448,2022-0448,['2022-0448'],2024 N.H. 50,2024.0,50.0,John Doe v. City of Manchester & a.,https://www.courts.nh.gov/sites/g/files/ehbemt471/files/documents/2024-10/20220448.pdf,,2024-10-09,,2024,"Superior Court (Anderson, J.)",superior_court,Anderson,criminal,standard,affirmed,per_curiam,Per Curiam,4,0,0,1,4-0,True,False,False,"['criminal', 'evidence', 'DWI']","['RSA 105:13-d', 'RSA 105:13-d, II', 'RSA 105:13-d, I']",RSA 105:13-d,False,[],"Although we noted that “the question of whether evidence is appropriate for
inclusion on the EES is separate from the question of whether that evidence
would be admissible in a criminal proceeding,” we explained that
“considerations made to determine the admissibility of evidence, such as the
age of the conduct and its materiality to an officer’s general credibility, should
factor into the determination of whether information in an officer’s personnel
file warrants his or her inclusion on the EES.” Id. at ___, 2024 N.H. 50,",780,case_order,1.0.0,2026-08-03T12:14:59.853345,0.8
2024-0117,2024-0117,['2024-0117'],,,,A.A. v. N.R.,https://www.courts.nh.gov/sites/g/files/ehbemt471/files/documents/2024-11/20240117.pdf,,2024-10-07,,2024,,,,family/domestic,standard,affirmed,per_curiam,Per Curiam,3,0,0,2,3-0,True,False,False,"['criminal', 'domestic_violence', 'tax']","['RSA 633:3-a, III', 'RSA 633:3-a, I', 'RSA 644:4, II', 'RSA 633:3-', 'RSA 644:4', 'RSA 644:4, I', 'RSA 173-B:3, VI', 'RSA 173-B']","RSA 633:3-a, III",False,[],,624,case_order,1.0.0,2026-08-03T12:14:59.990130,0.8
2023-0705,2023-0705,['2023-0705'],,,,Gail Kelley v. Town of Durham,https://www.courts.nh.gov/sites/g/files/ehbemt471/files/documents/2024-11/20230705.pdf,,2024-10-02,,2024,,,,civil,standard,affirmed,per_curiam,Per Curiam,4,0,0,1,4-0,True,False,False,[],[],,False,[],,397,case_order,1.0.0,2026-08-03T12:15:00.088025,0.8
2023-0625,2023-0625,['2023-0625'],,,,In the Matter of Hilary Buonopane and John Waite,https://www.courts.nh.gov/sites/g/files/ehbemt471/files/documents/2024-11/20230625.pdf,,2024-10-02,,2024,,,Rauseo,family/domestic,standard,affirmed,per_curiam,Per Curiam,4,0,0,1,4-0,True,False,False,"['family_law', 'property']","['RSA 458:16-a, II', 'RSA 458:16-a, I']","RSA 458:16-a, II",False,[],,951,case_order,1.0.0,2026-08-03T12:15:00.364687,0.8
2023-0405,2023-0405,['2023-0405'],,,,In the Matter of Jennifer Milliken and Craig Milliken,https://www.courts.nh.gov/sites/g/files/ehbemt471/files/documents/2024-10/20230405.pdf,,2024-10-02,,2024,"Circuit Court (Swegart, J.)",circuit_court,Swegart,family/domestic,standard,affirmed,per_curiam,Per Curiam,4,0,0,1,4-0,True,False,False,['family_law'],"['RSA 458-C', 'RSA 458-C:4, IV', 'RSA 458-C:5', 'RSA 458-C:5, I']",RSA 458-C,False,['de_novo'],,1169,case_order,1.0.0,2026-08-03T12:15:00.703491,0.8
2023-0307,2023-0307,['2023-0307'],,,,State of New Hampshire v. Joyce Howard,https://www.courts.nh.gov/sites/g/files/ehbemt471/files/documents/2024-11/20230307.pdf,,2024-10-01,,2024,"Superior Court (Will, J.)",superior_court,Will,criminal,standard,affirmed,per_curiam,Per Curiam,4,0,0,1,4-0,True,False,False,['criminal'],"['RSA 631:2, I', 'RSA 264:25']","RSA 631:2, I",False,[],,708,case_order,1.0.0,2026-08-03T12:15:00.879823,0.8
2023-0181,2023-0181,['2023-0181'],,,,K.A. v. D.A.,https://www.courts.nh.gov/sites/g/files/ehbemt471/files/documents/2024-11/20230181.pdf,,2024-10-01,,2024,Circuit Court,circuit_court,Rauseo,family/domestic,standard,affirmed,per_curiam,Per Curiam,4,0,0,1,4-0,True,False,False,"['statutory_interpretation', 'domestic_violence', 'tax']","['RSA 173-B:5, VI', 'RSA 173-B:1, I']","RSA 173-B:5, VI",True,[],,1019,case_order,1.0.0,2026-08-03T12:15:01.182675,0.8
2023-0414,2023-0414,['2023-0414'],,,,In the Matter of Anthony Henderson and Natasha Chirichiello,https://www.courts.nh.gov/sites/g/files/ehbemt471/files/documents/2024-11/20230414.pdf,,2024-10-01,,2024,,,,family/domestic,standard,affirmed,per_curiam,Per Curiam,4,0,0,2,4-0,True,False,False,"['family_law', 'constitutional', 'contract']",[],,False,[],,347,case_order,1.0.0,2026-08-03T12:15:01.286448,0.8
2023-0574,2023-0574,['2023-0574'],,,,"Nancy Strapko, MD & a. v. Birgitte L. Wilms",https://www.courts.nh.gov/sites/g/files/ehbemt471/files/documents/2024-11/20230574.pdf,,2024-10-01,,2024,"Superior Court (Bornstein, J.)",superior_court,Bornstein,civil,standard,affirmed,per_curiam,Per Curiam,4,0,0,1,4-0,True,False,False,[],[],,False,[],,191,case_order,1.0.0,2026-08-03T12:15:01.350258,0.8
2024-0002,2024-0002,['2024-0002'],,,,Scott N. McCarthy v. Philip Pettis & a.,https://www.courts.nh.gov/sites/g/files/ehbemt471/files/documents/2024-11/20240002.pdf,,2024-10-01,,2024,"Superior Court (St. Hilaire, J.)",superior_court,St. Hilaire,civil,standard,affirmed,per_curiam,Per Curiam,3,0,0,1,3-0,True,False,False,"['civil_procedure', 'statutory_interpretation', 'contract']",[],,True,[],,932,case_order,1.0.0,2026-08-03T12:15:01.619043,0.8
2023-0355,2023-0355,['2023-0355'],,,,Nancy Haskell v. Elizabeth Millett & a.,https://www.courts.nh.gov/sites/g/files/ehbemt471/files/documents/2024-10/20230355.pdf,,2024-09-10,,2024,"Circuit Court (Boyle, R., approved by Keating, J.), following an evidentiary",circuit_court,"Boyle, R., approved by Keating",family/domestic,standard,dismissed,per_curiam,Per Curiam,4,0,0,1,4-0,True,False,False,"['family_law', 'contract']",['RSA 503:7'],RSA 503:7,False,[],,995,case_order,1.0.0,2026-08-03T12:15:01.873149,0.8
2023-0702,2023-0702,['2023-0702'],,,,N.E. v. J.Y.,https://www.courts.nh.gov/sites/g/files/ehbemt471/files/documents/2024-09/20230702.pdf,,2024-09-10,,2024,Circuit Court,circuit_court,"Carroll, R., approved
by Guptill",family/domestic,standard,,per_curiam,Per Curiam,0,0,0,4,Unavailable,False,False,False,"['criminal', 'domestic_violence']","['RSA 633:3-a, II', 'RSA 633:3-a', 'RSA 633:3-a, III', 'RSA 633:3-a, I', 'RSA 644:4, II']","RSA 633:3-a, II",False,['de_novo'],,1130,case_order,1.0.0,2026-08-03T12:15:02.118333,0.8
2024-0039,2024-0039,['2024-0039'],,,,Vin Jawa v. Safeco Insurance Company of America & a.,https://www.courts.nh.gov/sites/g/files/ehbemt471/files/documents/2024-10/20240039.pdf,,2024-09-10,,2024,,,,civil,standard,affirmed,per_curiam,Per Curiam,4,0,0,1,4-0,True,False,False,"['insurance', 'statutory_interpretation', 'property', 'contract']",[],,True,[],,518,case_order,1.0.0,2026-08-03T12:15:02.302986,0.8
2023-0594,2023-0594,['2023-0594'],,,,"E.V. Moody & Sons, Inc. v. Kristen Ciardiello & a.",https://www.courts.nh.gov/sites/g/files/ehbemt471/files/documents/2024-10/20230594.pdf,,2024-09-09,,2024,,,,civil,standard,affirmed,per_curiam,Per Curiam,3,0,0,2,3-0,True,False,False,"['statutory_interpretation', 'contract']",[],,True,[],,338,case_order,1.0.0,2026-08-03T12:15:02.384495,0.8
2023-0485,2023-0485,['2023-0485'],,,,Kizzie Pinet v. Mark T. Moore,https://www.courts.nh.gov/sites/g/files/ehbemt471/files/documents/2024-10/20230485.pdf,,2024-09-09,,2024,"Superior Court (Delker, J.)",superior_court,Delker,civil,standard,affirmed,per_curiam,Per Curiam,4,0,0,1,4-0,True,False,False,"['contract', 'evidence']",[],,False,['clear_error'],,488,case_order,1.0.0,2026-08-03T12:15:02.506610,0.8
2023-0739,2023-0739,['2023-0739'],,,,In the Matter of Alexander Bruen and Amanda Bruen,https://www.courts.nh.gov/sites/g/files/ehbemt471/files/documents/2024-10/20230739.pdf,,2024-09-09,,2024,"Circuit Court (Zaino, J.)",circuit_court,Zaino,family/domestic,standard,,per_curiam,Per Curiam,0,0,0,4,Unavailable,False,False,False,"['family_law', 'constitutional', 'property']",[],,False,[],,1289,case_order,1.0.0,2026-08-03T12:15:02.810920,0.8
2023-0489,2023-0489,['2023-0489'],,,,In the Matter of Peter Angerhofer and Melissa Greer Solomon,https://www.courts.nh.gov/sites/g/files/ehbemt471/files/documents/2024-10/20230489.pdf,,2024-09-06,,2024,"Circuit Court (Joseph, J.)",circuit_court,Joseph,family/domestic,standard,affirmed,per_curiam,Per Curiam,4,0,0,1,4-0,True,False,False,['family_law'],"['RSA 458:19', 'RSA 458:19-a']",RSA 458:19,False,[],,475,case_order,1.0.0,2026-08-03T12:15:02.937115,0.8
2023-0169,2023-0169,['2023-0169'],,,,State of New Hampshire v. Anthony Kinney,https://www.courts.nh.gov/sites/g/files/ehbemt471/files/documents/2024-10/20230169.pdf,,2024-09-06,,2024,"Circuit Court (Greenhalgh, J.)",circuit_court,Greenhalgh,family/domestic,standard,affirmed,per_curiam,Per Curiam,3,0,0,2,3-0,True,False,False,"['civil_procedure', 'constitutional', 'domestic_violence']","['RSA 173-B:9', 'RSA 173-B:9, III']",RSA 173-B:9,False,[],,973,case_order,1.0.0,2026-08-03T12:15:03.201558,0.8
2023-0128,2023-0128,['2023-0128'],,,,Deborah Dascenzo-Paul v. Brian Paul,https://www.courts.nh.gov/sites/g/files/ehbemt471/files/documents/2024-09/20230128.pdf,,2024-09-04,,2024,"Circuit Court (Swegart, J.)",circuit_court,Swegart,family/domestic,standard,dismissed,per_curiam,Per Curiam,0,0,0,4,Unavailable,False,False,False,"['criminal', 'family_law', 'civil_procedure', 'statutory_interpretation', 'employment']","['RSA 641:7', 'RSA 641:3', 'RSA 458:19-a, I', 'RSA 458:19-aa, I', 'RSA 458:19-aa, X']",RSA 641:7,True,[],,1301,case_order,1.0.0,2026-08-03T12:15:03.515444,0.8
2023-0595,2023-0595,['2023-0595'],,,,In the Matter of Erica Ondre and Robert Tanguay,https://www.courts.nh.gov/sites/g/files/ehbemt471/files/documents/2024-09/20230595.pdf,,2024-08-27,,2024,,,Prevett,family/domestic,standard,affirmed,per_curiam,Per Curiam,4,0,0,1,4-0,True,False,False,"['family_law', 'constitutional']",[],,False,[],,858,case_order,1.0.0,2026-08-03T12:15:03.719423,0.8
2023-0563,2023-0563,['2023-0563'],,,,In the Matter of Aaron Bachhuber and Jennifer Bachhuber,https://www.courts.nh.gov/sites/g/files/ehbemt471/files/documents/2024-09/20230563.pdf,,2024-08-23,,2024,"Circuit Court (Alfano, J.)",circuit_court,Alfano,family/domestic,standard,affirmed,per_curiam,Per Curiam,4,0,0,1,4-0,True,False,False,"['family_law', 'property', 'tax']",[],,False,[],,605,case_order,1.0.0,2026-08-03T12:15:03.910879,0.8
2024-0154,2024-0154,['2024-0154'],,,,A.B. v. D.S.,https://www.courts.nh.gov/sites/g/files/ehbemt471/files/documents/2024-09/20240154.pdf,,2024-08-22,,2024,Circuit Court,circuit_court,Swegart,family/domestic,standard,affirmed,per_curiam,Per Curiam,4,0,0,1,4-0,True,False,False,"['evidence', 'domestic_violence']","['RSA 173-B:5, I', 'RSA 173-B:1, I', 'RSA 173-B', 'RSA 173-B:3, VI', 'RSA 173-B:3, VIII']","RSA 173-B:5, I",False,[],,1211,case_order,1.0.0,2026-08-03T12:15:04.159458,0.8
2023-0407,2023-0407,['2023-0407'],,,,State of New Hampshire v. Dennis D. Baillargeon,https://www.courts.nh.gov/sites/g/files/ehbemt471/files/documents/2024-09/20230407.pdf,,2024-08-22,,2024,"Circuit Court (Zaino, J.)",circuit_court,Zaino,civil,standard,,per_curiam,Per Curiam,0,0,0,4,Unavailable,False,False,False,"['administrative_law', 'constitutional']",[],,False,[],,1457,case_order,1.0.0,2026-08-03T12:15:04.468912,0.8
2022-0633,2022-0633,['2022-0633'],,,,State of New Hampshire v. Myrom Eliam Rodriguez-Nunez,https://www.courts.nh.gov/sites/g/files/ehbemt471/files/documents/2024-09/20220633.pdf,,2024-08-22,,2024,"Superior Court (Attorri, J.)",superior_court,Attorri,criminal,standard,affirmed,per_curiam,Per Curiam,4,0,0,1,4-0,True,False,False,['criminal'],"['RSA 631:3', 'RSA 639:3', 'RSA 631:3, I', 'RSA 626:2, II']",RSA 631:3,False,[],,804,case_order,1.0.0,2026-08-03T12:15:04.709930,0.8
2023-0657,2023-0657,['2023-0657'],,,,In re Name Change of Dustin Warren Peterson,https://www.courts.nh.gov/sites/g/files/ehbemt471/files/documents/2024-09/20230657.pdf,,2024-08-21,,2024,"Circuit Court (Subers, J.)",circuit_court,Subers,civil,standard,reversed,per_curiam,Per Curiam,4,0,0,1,4-0,True,False,False,[],[],,False,[],,195,case_order,1.0.0,2026-08-03T12:15:04.772576,0.8
2024-0185,2024-0185,['2024-0185'],,,,M.B. v. P.G.,https://www.courts.nh.gov/sites/g/files/ehbemt471/files/documents/2024-09/20240185.pdf,,2024-08-21,,2024,Circuit Court,circuit_court,McIntyre,family/domestic,standard,affirmed,per_curiam,Per Curiam,4,0,0,1,4-0,True,False,False,"['criminal', 'domestic_violence']","['RSA 633:3-a, I']","RSA 633:3-a, I",False,[],,323,case_order,1.0.0,2026-08-03T12:15:04.852002,0.8
2023-0590,2023-0590,['2023-0590'],2024 N.H. 5,2024.0,5.0,Rebecca Maloney v. City of Dover Recreation Department,https://www.courts.nh.gov/sites/g/files/ehbemt471/files/documents/2024-09/20230590.pdf,,2024-08-21,,2024,"Superior Court (St. Hilaire, J.)",superior_court,St. Hilaire,civil,standard,affirmed,per_curiam,Per Curiam,4,0,0,1,4-0,True,False,False,"['civil_procedure', 'employment']","['RSA 354-A:7', 'RSA 275-E', 'RSA 491:8-a, II']",RSA 354-A:7,False,['de_novo'],"; see RSA 491:8-a, II, III (2010). A fact is material if it affects the
outcome of the case under applicable law. Hardy, 176 N.H. at ___, 2024 N.H.
5,",1263,case_order,1.0.0,2026-08-03T12:15:05.163395,0.8
2023-0493,2023-0493,['2023-0493'],,,,Diversified Marine Construction LLC v. Frederic E. Mason Revocable Trust,https://www.courts.nh.gov/sites/g/files/ehbemt471/files/documents/2024-09/20230493.pdf,,2024-08-21,,2024,"Superior Court (Leonard, J.)",superior_court,Leonard,civil,standard,affirmed,per_curiam,Per Curiam,4,0,0,1,4-0,True,False,False,"['property', 'contract']",[],,False,[],,1242,case_order,1.0.0,2026-08-03T12:15:05.503222,0.8
2023-0194,2023-0194,['2023-0194'],,,,"Kerry Brady & a. v. Ducharme Construction Management, LLC & a.",https://www.courts.nh.gov/sites/g/files/ehbemt471/files/documents/2024-09/20230194.pdf,,2024-08-20,,2024,"Superior Court (Temple, J.)",superior_court,Temple,civil,standard,affirmed,per_curiam,Per Curiam,4,0,0,1,4-0,True,False,False,"['property', 'contract', 'tort']",['RSA 374:51'],RSA 374:51,False,[],,964,case_order,1.0.0,2026-08-03T12:15:05.738914,0.8
2023-0745,2023-0745,['2023-0745'],,,,David Charles Peterson v. Jeanette Charon & a.,https://www.courts.nh.gov/sites/g/files/ehbemt471/files/documents/2024-09/20230745.pdf,,2024-08-20,,2024,,,,civil,standard,dismissed,per_curiam,Per Curiam,4,0,0,1,4-0,True,False,False,[],[],,False,[],,196,case_order,1.0.0,2026-08-03T12:15:05.803486,0.8
2023-0040,2023-0040,['2023-0040'],2024 N.H. 12,2024.0,12.0,"State of New Hampshire v. Paul J. Howard, Jr.",https://www.courts.nh.gov/sites/g/files/ehbemt471/files/documents/2024-08/20230040.pdf,,2024-08-14,,2024,"Superior Court (Will, J.)",superior_court,Will,criminal,standard,,per_curiam,Per Curiam,0,0,0,4,Unavailable,False,False,False,"['criminal', 'civil_procedure']","['RSA 632-A:2, III', 'RSA 632-A:1, I', 'RSA 632-A:2, I', 'RSA 632-A:2', 'RSA 632-A:3']","RSA 632-A:2, III",False,['de_novo'],"The trier of fact may draw reasonable inferences from facts
proved as well as from facts found as the result of other inferences, provided
they can be reasonably drawn therefrom. Id. We examine each evidentiary
item in the context of all the evidence, and not in isolation. Id. Because a
challenge to the sufficiency of the evidence raises a claim of legal error, our
standard of review is de novo. Id. The defendant has the burden of
demonstrating that the evidence was insufficient to prove guilt. Id. at ___,
2024 N.H. 12,",1389,case_order,1.0.0,2026-08-03T12:15:06.167307,0.8
2021-0592,2021-0592,['2021-0592'],,,,State of New Hampshire v. Matthew S. Roz,https://www.courts.nh.gov/sites/g/files/ehbemt471/files/documents/2024-08/20210592.pdf,,2024-08-01,,2024,Superior Court,superior_court,Honigberg,criminal,standard,affirmed,per_curiam,Per Curiam,4,0,0,1,4-0,True,False,False,[],['RSA 636:1'],RSA 636:1,False,[],,748,case_order,1.0.0,2026-08-03T12:15:06.595378,0.8
2023-0484,2023-0484,['2023-0484'],,,,State of New Hampshire v. Jeffrey Woodburn,https://www.courts.nh.gov/sites/g/files/ehbemt471/files/documents/2024-08/20230484.pdf,,2024-07-30,,2024,"Superior Court (Bornstein, J.)",superior_court,Bornstein,family/domestic,standard,,per_curiam,Per Curiam,0,0,0,4,Unavailable,False,False,False,"['criminal', 'constitutional', 'domestic_violence', 'tax']",[],,False,['de_novo'],,1219,case_order,1.0.0,2026-08-03T12:15:06.880760,0.8
2022-0486,2022-0486,['2022-0486'],,,,State of New Hampshire v. Antonios N. Dimoulas,https://www.courts.nh.gov/sites/g/files/ehbemt471/files/documents/2024-08/20220486.pdf,,2024-07-30,,2024,"Superior Court (Schulman, J.)",superior_court,Schulman,family/domestic,standard,affirmed,per_curiam,Per Curiam,4,0,0,1,4-0,True,False,False,"['criminal', 'family_law', 'domestic_violence']","['RSA 633:3-a, I', 'RSA 173-B:9', 'RSA 173-B', 'RSA 173-B:8, II', 'RSA 458:16', 'RSA 633:3-a, II', 'RSA 644:4, II', 'RSA 173-B:9, III', 'RSA 173-B:1']","RSA 633:3-a, I",False,['plain_error'],,1167,case_order,1.0.0,2026-08-03T12:15:07.118150,0.8
2024-0165,2024-0165,['2024-0165'],,,,State of New Hampshire v. Joseph LeBlanc,https://www.courts.nh.gov/sites/g/files/ehbemt471/files/documents/2024-08/20240165.pdf,,2024-07-29,,2024,"Superior Court (Ignatius, J.)",superior_court,Ignatius,criminal,standard,affirmed,per_curiam,Per Curiam,4,0,0,1,4-0,True,False,False,"['criminal', 'statutory_interpretation', 'employment', 'contract']","['RSA 597:6-e', 'RSA 637:4, I', 'RSA 597:2, III', 'RSA 597:2', 'RSA 597:2, I']",RSA 597:6-e,True,['de_novo'],,1243,case_order,1.0.0,2026-08-03T12:15:07.445596,0.8
2022-0568,2022-0568,['2022-0568'],,,,Appeal of Woodsville Fire District,https://www.courts.nh.gov/sites/g/files/ehbemt471/files/documents/2024-07/20220568.pdf,,2024-07-24,,2024,,,,civil,standard,,per_curiam,Per Curiam,0,0,0,4,Unavailable,False,False,False,"['administrative_law', 'property', 'tax']","['RSA 21-J:35, III', 'RSA 31:4', 'RSA 541:6', 'RSA 541', 'RSA 541:2', 'RSA 21-J', 'RSA 21-J:35']","RSA 21-J:35, III",False,[],,1290,case_order,1.0.0,2026-08-03T12:15:07.748399,0.8
2023-0077,2023-0077,['2023-0077'],,,,K.B. v. J.B.,https://www.courts.nh.gov/sites/g/files/ehbemt471/files/documents/2024-07/20230077.pdf,,2024-07-23,,2024,Superior Court,superior_court,Smith,family/domestic,standard,,per_curiam,Per Curiam,0,0,0,4,Unavailable,False,False,False,"['criminal', 'constitutional', 'property', 'employment', 'domestic_violence']",['RSA 498:1'],RSA 498:1,False,['clear_error'],,1349,case_order,1.0.0,2026-08-03T12:15:08.088303,0.8
2023-0500,2023-0500,['2023-0500'],,,,James McDermott v. Thomas Walsh,https://www.courts.nh.gov/sites/g/files/ehbemt471/files/documents/2024-08/20230500.pdf,,2024-07-16,,2024,"Superior Court (Anderson, J.)",superior_court,Anderson,civil,standard,dismissed,per_curiam,Per Curiam,5,0,0,0,5-0,True,False,False,"['civil_procedure', 'contract']",[],,False,[],,187,case_order,1.0.0,2026-08-03T12:15:08.148174,0.8
2023-0411,2023-0411,['2023-0411'],,,,State of New Hampshire v. Mauricio D. Guerrero,https://www.courts.nh.gov/sites/g/files/ehbemt471/files/documents/2024-08/20230411.pdf,,2024-07-16,,2024,"Superior Court (Howard, J.)",superior_court,Howard,criminal,standard,affirmed,per_curiam,Per Curiam,4,0,0,1,4-0,True,False,False,['criminal'],['RSA 635:1'],RSA 635:1,False,[],,187,case_order,1.0.0,2026-08-03T12:15:08.210699,0.8
2023-0056,2023-0056,['2023-0056'],,,,In re Estate of Anthony Martini,https://www.courts.nh.gov/sites/g/files/ehbemt471/files/documents/2024-08/20230056.pdf,,2024-07-15,,2024,,,Quigley,civil,standard,affirmed,per_curiam,Per Curiam,5,0,0,0,5-0,True,False,False,[],"['RSA 567', 'RSA 21:6', 'RSA 21:6-a']",RSA 567,False,[],,816,case_order,1.0.0,2026-08-03T12:15:08.450987,0.8
2023-0428,2023-0428,['2023-0428'],,,,In the Matter of Kelly Lavoie and Justin Lavoie,https://www.courts.nh.gov/sites/g/files/ehbemt471/files/documents/2024-08/20230428.pdf,,2024-07-15,,2024,"Circuit Court (Alfano, J.)",circuit_court,Alfano,family/domestic,standard,affirmed,per_curiam,Per Curiam,5,0,0,0,5-0,True,False,False,"['family_law', 'property']","['RSA 458:16-a, II', 'RSA 458:16-a, IV', 'RSA 458:16-a', 'RSA 458-C:4, II', 'RSA 458-C:5, I']","RSA 458:16-a, II",False,[],,823,case_order,1.0.0,2026-08-03T12:15:08.648232,0.8
2023-0448,2023-0448,['2023-0448'],,,,In the Matter of Mark Foley and Kasey Woodman,https://www.courts.nh.gov/sites/g/files/ehbemt471/files/documents/2024-08/20230448.pdf,,2024-07-15,,2024,"Circuit Court (Countway, J.)",circuit_court,Countway,family/domestic,standard,affirmed,per_curiam,Per Curiam,4,0,0,1,4-0,True,False,False,"['insurance', 'family_law']","['RSA 458-C:4, II']","RSA 458-C:4, II",False,[],,615,case_order,1.0.0,2026-08-03T12:15:08.799009,0.8
2023-0681,2023-0681,['2023-0681'],,,,John Rymes v. Blue Mountain Forest Association d/b/a Corbin Park & a.,https://www.courts.nh.gov/sites/g/files/ehbemt471/files/documents/2024-08/20230681.pdf,,2024-07-15,,2024,,,,civil,standard,affirmed,per_curiam,Per Curiam,4,0,0,1,4-0,True,False,False,['contract'],[],,False,['clear_error'],,494,case_order,1.0.0,2026-08-03T12:15:08.981616,0.8
2022-0588,2022-0588,['2022-0588'],,,,State of New Hampshire v. Amuri Diole,https://www.courts.nh.gov/sites/g/files/ehbemt471/files/documents/2024-07/20220588.pdf,,2024-07-11,,2024,,administrative,Nicolosi,criminal,standard,,per_curiam,Per Curiam,0,0,0,4,Unavailable,False,False,False,"['criminal', 'competency', 'constitutional', 'evidence']","['RSA 135-E', 'RSA 135-E:5, II', 'RSA 135-E:5', 'RSA 135-E:2, XII', 'RSA 135-E:2, III', 'RSA 135-E:5, i', 'RSA 135-E:10', 'RSA 329:26', 'RSA 330-A:32', 'RSA 135-C']",RSA 135-E,False,[],,1218,case_order,1.0.0,2026-08-03T12:15:09.703548,0.8
2016-0007,2016-0007,['2016-0007'],,,,State of New Hampshire v. Ernesto Rivera,https://www.courts.nh.gov/sites/g/files/ehbemt471/files/documents/2024-07/20160007.pdf,,2024-07-02,,2024,"Superior Court (Garfunkel, J.)",superior_court,Garfunkel,criminal,standard,,per_curiam,Per Curiam,0,0,0,4,Unavailable,False,False,False,['criminal'],[],,False,['plain_error'],,1421,case_order,1.0.0,2026-08-03T12:15:10.441515,0.8
2023-0271,2023-0271,['2023-0271'],,,,State of New Hampshire v. Christopher C. Derrico,https://www.courts.nh.gov/sites/g/files/ehbemt471/files/documents/2024-08/20230271.pdf,,2024-07-01,,2024,"Circuit Court (Stephen, J.)",circuit_court,Stephen,family/domestic,standard,affirmed,per_curiam,Per Curiam,4,0,0,1,4-0,True,False,False,"['criminal', 'family_law', 'statutory_interpretation', 'tort']","['RSA 644:8', 'RSA 644:8, III', 'RSA 626, II']",RSA 644:8,True,['de_novo'],,864,case_order,1.0.0,2026-08-03T12:15:10.689400,0.8
2023-0515,2023-0515,['2023-0515'],,,,Eastern Inns Condominium Association v. John Ringland,https://www.courts.nh.gov/sites/g/files/ehbemt471/files/documents/2024-08/20230515.pdf,,2024-07-01,,2024,"Circuit Court (Greenhalgh, J.)",circuit_court,Greenhalgh,civil,standard,affirmed,per_curiam,Per Curiam,5,0,0,0,5-0,True,False,False,"['statutory_interpretation', 'constitutional', 'property']",[],,True,[],,410,case_order,1.0.0,2026-08-03T12:15:10.799183,0.8
2023-0147,2023-0147,['2023-0147'],,,,In the Matter of Michael Boisvert and Nicole Lariviere,https://www.courts.nh.gov/sites/g/files/ehbemt471/files/documents/2024-08/20230147.pdf,,2024-07-01,,2024,"Circuit Court (Lown, J.)",circuit_court,Lown,family/domestic,standard,affirmed,per_curiam,Per Curiam,5,0,0,0,5-0,True,False,False,"['family_law', 'domestic_violence']","['RSA 461-A:5, III', 'RSA 461', 'RSA 173-B:1, I']","RSA 461-A:5, III",False,[],,996,case_order,1.0.0,2026-08-03T12:15:11.075648,0.8
2023-0506,2023-0506,['2023-0506'],,,,Stephanie Kelly v. Corey Rivers,https://www.courts.nh.gov/sites/g/files/ehbemt471/files/documents/2024-08/20230506.pdf,,2024-07-01,,2024,"Circuit Court (Kent, R., approved by Chabot, J.) dismissing her petition for",circuit_court,"Kent, R., approved by Chabot",civil,standard,dismissed,per_curiam,Per Curiam,5,0,0,0,5-0,True,False,False,"['property', 'contract']","['RSA 540-A', 'RSA 540-A:1, II', 'RSA 540-A:1, I', 'RSA 540-A:1, III', 'RSA 540-A:1']",RSA 540-A,False,[],,555,case_order,1.0.0,2026-08-03T12:15:11.221857,0.8
2023-0415,2023-0415,['2023-0415'],,,,In the Matter of Paula Dill and James Scrivens,https://www.courts.nh.gov/sites/g/files/ehbemt471/files/documents/2024-08/20230415.pdf,,2024-07-01,,2024,"Circuit Court (Mace, J.)",circuit_court,Mace,family/domestic,standard,affirmed,per_curiam,Per Curiam,3,0,0,1,3-0,True,False,False,"['insurance', 'family_law']",[],,False,[],,323,case_order,1.0.0,2026-08-03T12:15:11.309924,0.8
2023-0447,2023-0447,['2023-0447'],,,,In the Matter of Alexander Doyle and Eve Alintuck,https://www.courts.nh.gov/sites/g/files/ehbemt471/files/documents/2024-07/20230447.pdf,,2024-06-28,,2024,"Circuit Court (Forrest, J.)",circuit_court,Forrest,family/domestic,standard,affirmed,per_curiam,Per Curiam,5,0,0,0,5-0,True,False,False,['family_law'],"['RSA 458:7, VII', 'RSA 458:7']","RSA 458:7, VII",False,[],,542,case_order,1.0.0,2026-08-03T12:15:11.503327,0.8
2023-0725,2023-0725,['2023-0725'],,,,Albert Fischer Family Trust v. Aletheia Fischer,https://www.courts.nh.gov/sites/g/files/ehbemt471/files/documents/2024-07/20230725.pdf,,2024-06-28,,2024,"Circuit Court (Spony, J.)",circuit_court,Spony,civil,standard,affirmed,per_curiam,Per Curiam,5,0,0,0,5-0,True,False,False,"['property', 'evidence']",['RSA 383-B:4-405'],RSA 383-B:4-405,False,[],,866,case_order,1.0.0,2026-08-03T12:15:11.964414,0.8
2023-0529,2023-0529,['2023-0529'],,,,Estate of Marlon Salgado Lucero,https://www.courts.nh.gov/sites/g/files/ehbemt471/files/documents/2024-07/20230529.pdf,,2024-06-28,,2024,,,,civil,standard,affirmed,per_curiam,Per Curiam,5,0,0,0,5-0,True,False,False,['property'],"['RSA 547:3, V']","RSA 547:3, V",False,[],,153,case_order,1.0.0,2026-08-03T12:15:12.016409,0.8
2023-0259,2023-0259,['2023-0259'],,,,State of New Hampshire v. Dylan Preneveau,https://www.courts.nh.gov/sites/g/files/ehbemt471/files/documents/2024-07/20230259.pdf,,2024-06-28,,2024,,,,criminal,standard,affirmed,per_curiam,Per Curiam,4,0,0,1,4-0,True,False,False,"['criminal', 'statutory_interpretation', 'evidence']","['RSA 631:2', 'RSA 631:2, I', 'RSA 631:2-a', 'RSA 625:3']",RSA 631:2,True,[],,1036,case_order,1.0.0,2026-08-03T12:15:12.637536,0.8
2022-0711,2022-0711,['2022-0711'],,,,State of New Hampshire v. Mitchell Tennison,https://www.courts.nh.gov/sites/g/files/ehbemt471/files/documents/2024-07/20220711.pdf,,2024-06-28,,2024,"Superior Court (Schulman, J.)",superior_court,Schulman,family/domestic,standard,affirmed,per_curiam,Per Curiam,4,0,0,1,4-0,True,False,False,"['criminal', 'domestic_violence']","['RSA 631:2, I', 'RSA 631:2-b, I', 'RSA 173-B:9', 'RSA 642:10']","RSA 631:2, I",False,[],,532,case_order,1.0.0,2026-08-03T12:15:12.776803,0.8
2022-0392,2022-0392,['2022-0392'],,,,Mary Hebbard v. City of Dover & a.,https://www.courts.nh.gov/sites/g/files/ehbemt471/files/documents/2024-07/20220392.pdf,,2024-06-27,,2024,,,Howard,civil,standard,affirmed,per_curiam,Per Curiam,2,0,0,2,2-0,True,False,False,"['civil_procedure', 'property']",['RSA 490:3'],RSA 490:3,False,[],,386,case_order,1.0.0,2026-08-03T12:15:12.919385,0.8
2023-0239,2023-0239,['2023-0239'],,,,State of New Hampshire v. Robert Letoile,https://www.courts.nh.gov/sites/g/files/ehbemt471/files/documents/2024-07/20230239.pdf,,2024-06-27,,2024,"Superior Court (Attorri, J.)",superior_court,Attorri,criminal,standard,,per_curiam,Per Curiam,0,0,0,4,Unavailable,False,False,False,"['criminal', 'constitutional']","['RSA 632-A:2', 'RSA 632-A:3']",RSA 632-A:2,False,[],,1374,case_order,1.0.0,2026-08-03T12:15:13.245242,0.8
2023-0249,2023-0249,['2023-0249'],,,,Scott McCarthy & a. v. Jeanne Ludden Civiello & a.,https://www.courts.nh.gov/sites/g/files/ehbemt471/files/documents/2024-07/20230249.pdf,,2024-06-27,,2024,"Superior Court (Schulman, J.)",superior_court,Schulman,civil,standard,affirmed,per_curiam,Per Curiam,4,0,0,1,4-0,True,False,False,"['statutory_interpretation', 'contract']",[],,True,[],,197,case_order,1.0.0,2026-08-03T12:15:13.307540,0.8
2022-0373,2022-0373,['2022-0373'],,,,Appeal of AmGUARD Insurance Group & a.,https://www.courts.nh.gov/sites/g/files/ehbemt471/files/documents/2024-06/20220373.pdf,,2024-06-26,,2024,,,,civil,standard,vacated,per_curiam,Per Curiam,5,0,0,1,5-0,True,False,False,"['insurance', 'administrative_law', 'statutory_interpretation', 'employment']","['RSA 541:13', 'RSA 281-A:2, XI']",RSA 541:13,True,['de_novo'],,1244,case_order,1.0.0,2026-08-03T12:15:13.665262,0.8
2022-0020,2022-0020,['2022-0020'],,,,State of New Hampshire v. Ronnie J. Robichaud,https://www.courts.nh.gov/sites/g/files/ehbemt471/files/documents/2024-06/20220020.pdf,,2024-06-21,,2024,"Circuit Court (Keating, J.)",circuit_court,Keating,criminal,standard,,per_curiam,Per Curiam,0,0,0,4,Unavailable,False,False,False,"['criminal', 'civil_procedure', 'constitutional', 'DWI']","['RSA 265', 'RSA 105:13-d, I', 'RSA 105:13-b', 'RSA 265-A:2, I']",RSA 265,False,['de_novo'],,1399,case_order,1.0.0,2026-08-03T12:15:14.019253,0.8
2022-0307,2022-0307,['2022-0307'],,,,State of New Hampshire v. Justin Alan Belanger,https://www.courts.nh.gov/sites/g/files/ehbemt471/files/documents/2024-06/20220307.pdf,,2024-06-18,,2024,"Superior Court (Howard, J.)",superior_court,Howard,criminal,standard,,per_curiam,Per Curiam,0,0,0,4,Unavailable,False,False,False,"['criminal', 'civil_procedure']","['RSA 630:1-b, I', 'RSA 626:2, II']","RSA 630:1-b, I",False,['de_novo'],,1392,case_order,1.0.0,2026-08-03T12:15:14.393933,0.8
2023-0011,2023-0011,['2023-0011'],,,,State of New Hampshire v. Damien Rousseau,https://www.courts.nh.gov/sites/g/files/ehbemt471/files/documents/2024-06/20230011.pdf,,2024-06-18,,2024,Superior Court,superior_court,Bornstein,civil,standard,,per_curiam,Per Curiam,0,0,0,4,Unavailable,False,False,False,['constitutional'],[],,False,[],,1410,case_order,1.0.0,2026-08-03T12:15:14.788156,0.8
2023-0507,2023-0507,['2023-0507'],,,,Ellen Merrill-Pugsley & a. v. Rebecca Dalida,https://www.courts.nh.gov/sites/g/files/ehbemt471/files/documents/2024-07/20230507.pdf,,2024-06-17,,2024,"Superior Court (Delker, J.)",superior_court,Delker,civil,standard,affirmed,per_curiam,Per Curiam,5,0,0,0,5-0,True,False,False,"['civil_procedure', 'tort']",['RSA 466:19'],RSA 466:19,False,[],,270,case_order,1.0.0,2026-08-03T12:15:14.868941,0.8
2023-0042,2023-0042,['2023-0042'],,,,In the Matter of Alan Perewitz and Suzanne Perewitz,https://www.courts.nh.gov/sites/g/files/ehbemt471/files/documents/2024-07/20230042.pdf,,2024-06-17,,2024,Circuit Court,circuit_court,Countway,family/domestic,standard,affirmed,per_curiam,Per Curiam,4,0,0,1,4-0,True,False,False,"['family_law', 'constitutional', 'property']","['RSA 458:19-a, I']","RSA 458:19-a, I",False,[],,1005,case_order,1.0.0,2026-08-03T12:15:15.150423,0.8
2023-0338,2023-0338,['2023-0338'],,,,State of New Hampshire v. Jamie Michael Chick,https://www.courts.nh.gov/sites/g/files/ehbemt471/files/documents/2024-07/20230338.pdf,,2024-06-17,,2024,,,,criminal,standard,vacated,per_curiam,Per Curiam,4,0,0,1,4-0,True,False,False,['criminal'],[],,False,[],,103,case_order,1.0.0,2026-08-03T12:15:15.196914,0.8
2023-0293,2023-0293,['2023-0293'],,,,"Leonard LaPadula, III v. New Hampshire Employment Security AKA NHES",https://www.courts.nh.gov/sites/g/files/ehbemt471/files/documents/2024-07/20230293.pdf,,2024-06-14,,2024,,,,civil,standard,dismissed,per_curiam,Per Curiam,4,0,0,1,4-0,True,False,False,"['administrative_law', 'statutory_interpretation', 'employment', 'contract']","['RSA 282-A', 'RSA 282-A:67', 'RSA 541-B:9', 'RSA 491:8']",RSA 282-A,True,[],,645,case_order,1.0.0,2026-08-03T12:15:15.415390,0.8
2024-0058,2024-0058,['2024-0058'],,,,J.B. v. J.M.,https://www.courts.nh.gov/sites/g/files/ehbemt471/files/documents/2024-07/20240058.pdf,,2024-06-14,,2024,Circuit Court,circuit_court,Greenhalgh,family/domestic,standard,affirmed,per_curiam,Per Curiam,5,0,0,0,5-0,True,False,False,"['criminal', 'domestic_violence']",[],,False,[],,583,case_order,1.0.0,2026-08-03T12:15:15.551997,0.8
2023-0342,2023-0342,['2023-0342'],,,,Amir Mirza & a. v. Robert Cheney & a.,https://www.courts.nh.gov/sites/g/files/ehbemt471/files/documents/2024-07/20230342.pdf,,2024-06-13,,2024,"Superior Court (Temple, J.)",superior_court,Temple,civil,standard,affirmed,per_curiam,Per Curiam,5,0,0,0,5-0,True,False,False,['statutory_interpretation'],['RSA 498:1'],RSA 498:1,True,[],,608,case_order,1.0.0,2026-08-03T12:15:15.713398,0.8
2023-0348,2023-0348,['2023-0348'],,,,Frederick Howcroft v. New Hampshire Department of Safety,https://www.courts.nh.gov/sites/g/files/ehbemt471/files/documents/2024-07/20230348.pdf,,2024-06-13,,2024,,,,civil,standard,affirmed,per_curiam,Per Curiam,4,0,0,1,4-0,True,False,False,"['administrative_law', 'DWI']","['RSA 265-A:30', 'RSA 265-A:31, II']",RSA 265-A:30,False,[],,341,case_order,1.0.0,2026-08-03T12:15:15.865630,0.8
2023-0101,2023-0101,['2023-0101'],,,,State of New Hampshire v. Justin Spirko,https://www.courts.nh.gov/sites/g/files/ehbemt471/files/documents/2024-07/20230101.pdf,,2024-06-13,,2024,Circuit Court,circuit_court,Stephen,civil,standard,dismissed,per_curiam,Per Curiam,4,0,0,1,4-0,True,False,False,['constitutional'],"['RSA 597:2, III']","RSA 597:2, III",False,[],,340,case_order,1.0.0,2026-08-03T12:15:15.959180,0.8
2023-0030,2023-0030,['2023-0030'],,,,State of New Hampshire v. Derrick T. Moyer,https://www.courts.nh.gov/sites/g/files/ehbemt471/files/documents/2024-06/20230030.pdf,,2024-06-13,,2024,Superior Court,superior_court,"St.
Hilaire",criminal,standard,,per_curiam,Per Curiam,0,0,0,4,Unavailable,False,False,False,"['criminal', 'property', 'contract', 'tort', 'tax']","['RSA 631:3', 'RSA 631:3, I', 'RSA 625:11, V', 'RSA 631:3, II', 'RSA 626:2, II']",RSA 631:3,False,['de_novo'],,1390,case_order,1.0.0,2026-08-03T12:15:16.325476,0.8
2022-0663,2022-0663,['2022-0663'],,,,State of New Hampshire v. Kile A. Madsen,https://www.courts.nh.gov/sites/g/files/ehbemt471/files/documents/2024-07/20220663.pdf,,2024-06-12,,2024,"Superior Court (Temple, J.)",superior_court,Temple,criminal,standard,,per_curiam,Per Curiam,0,0,0,4,Unavailable,False,False,False,"['criminal', 'competency']","['RSA 637:3', 'RSA 629:3', 'RSA 651:6, I']",RSA 637:3,False,['de_novo'],,1427,case_order,1.0.0,2026-08-03T12:15:16.726323,0.8
2023-0315,2023-0315,['2023-0315'],,,,Samantha Vary v. Zachary Snyder,https://www.courts.nh.gov/sites/g/files/ehbemt471/files/documents/2024-07/20230315.pdf,,2024-06-12,,2024,"Circuit Court (Guptill, J.)",circuit_court,Guptill,civil,standard,affirmed,per_curiam,Per Curiam,5,0,0,0,5-0,True,False,False,"['contract', 'tort']","['RSA 540-A:3, I', 'RSA 540-A', 'RSA 540-A:4, V']","RSA 540-A:3, I",False,[],,839,case_order,1.0.0,2026-08-03T12:15:16.926199,0.8
2023-0568,2023-0568,['2023-0568'],,,,In the Matter of Abigail Mathewson and Mark Stuenkel,https://www.courts.nh.gov/sites/g/files/ehbemt471/files/documents/2024-07/20230568.pdf,,2024-06-05,,2024,"Circuit Court (Gorman, J.)",circuit_court,Gorman,family/domestic,standard,affirmed,per_curiam,Per Curiam,5,0,0,0,5-0,True,False,False,['family_law'],"['RSA 461-A:12, V', 'RSA 461-A:12, VI']","RSA 461-A:12, V",False,[],,788,case_order,1.0.0,2026-08-03T12:15:17.156723,0.8
2023-0094,2023-0094,['2023-0094'],,,,"Josh Yokela v. Governor, State of New Hampshire",https://www.courts.nh.gov/sites/g/files/ehbemt471/files/documents/2024-07/20230094.pdf,,2024-06-05,,2024,,,,civil,standard,affirmed,per_curiam,Per Curiam,3,0,0,2,3-0,True,False,False,"['statutory_interpretation', 'constitutional']","['RSA 237', 'RSA 237:5, II', 'RSA 21-L:3, I', 'RSA 21-L:4, I', 'RSA 237:17, IV']",RSA 237,True,[],,797,case_order,1.0.0,2026-08-03T12:15:17.332749,0.8
2022-0361,2022-0361,['2022-0361'],,,,State of New Hampshire v. Ryan Beaudry,https://www.courts.nh.gov/sites/g/files/ehbemt471/files/documents/2024-07/20220361.pdf,,2024-06-03,,2024,"Superior Court (Tucker, J.)",superior_court,Tucker,criminal,standard,,per_curiam,Per Curiam,0,0,0,4,Unavailable,False,False,False,"['criminal', 'statutory_interpretation']","['RSA 632-A:2, II', 'RSA 641:6']","RSA 632-A:2, II",True,[],,1557,case_order,1.0.0,2026-08-03T12:15:17.684662,0.8
2022-0600,2022-0600,['2022-0600'],,,,State of New Hampshire v. David Voight,https://www.courts.nh.gov/sites/g/files/ehbemt471/files/documents/2024-07/20220600.pdf,,2024-06-03,,2024,"Superior Court (Messer, J.)",superior_court,Messer,criminal,standard,,per_curiam,Per Curiam,0,0,0,4,Unavailable,False,False,False,"['criminal', 'evidence']","['RSA 631:2, I', 'RSA 159:3, I']","RSA 631:2, I",False,[],,1360,case_order,1.0.0,2026-08-03T12:15:18.047416,0.8
2023-0190,2023-0190,['2023-0190'],,,,State of New Hampshire v. Vincent Morin,https://www.courts.nh.gov/sites/g/files/ehbemt471/files/documents/2024-07/20230190.pdf,,2024-06-03,,2024,"Superior Court (English, J.)",superior_court,English,criminal,standard,affirmed,per_curiam,Per Curiam,4,0,0,1,4-0,True,False,False,[],[],,False,[],,419,case_order,1.0.0,2026-08-03T12:15:18.160843,0.8
2022-0219,2022-0219,['2022-0219'],,,,Appeal of Town of East Kingston,https://www.courts.nh.gov/sites/g/files/ehbemt471/files/documents/2024-05/20220219.pdf,,2024-05-22,,2024,,administrative,,civil,standard,remanded,per_curiam,Per Curiam,0,0,0,4,Unavailable,False,False,False,"['administrative_law', 'property', 'tort']","['RSA 674:33', 'RSA 679:9, II', 'RSA 677:6', 'RSA 679:9, I', 'RSA 677:4', 'RSA 677:16', 'RSA 541', 'RSA 679:15', 'RSA 541:13', 'RSA 674:33, I', 'RSA 674:39-a, III']",RSA 674:33,False,[],,1201,case_order,1.0.0,2026-08-03T12:15:18.517069,0.8
2022-0457,2022-0457,['2022-0457'],,,,"Chase Cutts Brigham Neighborhood Association, Inc. & a. v. City of Portsmouth",https://www.courts.nh.gov/sites/g/files/ehbemt471/files/documents/2024-05/20220457.pdf,,2024-05-21,,2024,Superior Court,superior_court,Honigberg,civil,standard,,per_curiam,Per Curiam,0,0,0,4,Unavailable,False,False,False,"['civil_procedure', 'property', 'DWI']",[],,False,['de_novo'],,1312,case_order,1.0.0,2026-08-03T12:15:19.276219,0.8
2022-0436,2022-0436,['2022-0436'],,,,"Silver City NH, LLC v. Town of Hooksett",https://www.courts.nh.gov/sites/g/files/ehbemt471/files/documents/2024-05/20220436.pdf,,2024-05-17,,2024,Superior Court,superior_court,Tucker,civil,standard,,per_curiam,Per Curiam,0,0,0,4,Unavailable,False,False,False,"['administrative_law', 'statutory_interpretation', 'property']",[],,True,['de_novo'],,1396,case_order,1.0.0,2026-08-03T12:15:19.666809,0.8
2023-0291,2023-0291,['2023-0291'],,,,Susan Jackson v. Thomas Tate,https://www.courts.nh.gov/sites/g/files/ehbemt471/files/documents/2024-06/20230291.pdf,,2024-05-15,,2024,Superior Court,superior_court,MacLeod,civil,standard,dismissed,per_curiam,Per Curiam,4,0,0,1,4-0,True,False,False,[],[],,False,[],,156,case_order,1.0.0,2026-08-03T12:15:19.721644,0.8
2023-0175,2023-0175,['2023-0175'],,,,State of New Hampshire v. Kevin M. Ruel,https://www.courts.nh.gov/sites/g/files/ehbemt471/files/documents/2024-05/20230175.pdf,,2024-05-14,,2024,Superior Court,superior_court,Howard,criminal,standard,affirmed,per_curiam,Per Curiam,4,0,0,1,4-0,True,False,False,['criminal'],"['RSA 631:3', 'RSA 631:3, I', 'RSA 625:11, V', 'RSA 631:3, II', 'RSA 626:2, II']",RSA 631:3,False,['de_novo'],,1063,case_order,1.0.0,2026-08-03T12:15:19.986004,0.8
2023-0148,2023-0148,['2023-0148'],,,,Steven P. Marshall & a. v. Tricia L. Hicks,https://www.courts.nh.gov/sites/g/files/ehbemt471/files/documents/2024-06/20230148.pdf,,2024-05-14,,2024,Superior Court,superior_court,Delker,civil,standard,affirmed,per_curiam,Per Curiam,5,0,0,0,5-0,True,False,False,['property'],[],,False,[],,207,case_order,1.0.0,2026-08-03T12:15:20.054142,0.8
2022-0553,2022-0553,['2022-0553'],,,,Appeal of Michael G. Cross,https://www.courts.nh.gov/sites/g/files/ehbemt471/files/documents/2024-05/20220553.pdf,,2024-05-14,,2024,,administrative,,civil,standard,,per_curiam,Per Curiam,0,0,0,4,Unavailable,False,False,False,"['medicaid', 'administrative_law', 'employment', 'tort']","['RSA 541:13', 'RSA 541-B:19, I']",RSA 541:13,False,[],,1371,case_order,1.0.0,2026-08-03T12:15:20.456661,0.8
2023-0122,2023-0122,['2023-0122'],,,,Paul M. Monzione v. Town of Alton,https://www.courts.nh.gov/sites/g/files/ehbemt471/files/documents/2024-06/20230122.pdf,,2024-05-13,,2024,"Superior Court (Ignatius, J.)",superior_court,Ignatius,civil,standard,affirmed,per_curiam,Per Curiam,4,0,0,1,4-0,True,False,False,"['constitutional', 'property', 'contract']","['RSA 677:3, I']","RSA 677:3, I",False,[],,614,case_order,1.0.0,2026-08-03T12:15:20.608574,0.8
2022-0746,2022-0746,['2022-0746'],,,,State of New Hampshire v. Dennis E. Lapointe,https://www.courts.nh.gov/sites/g/files/ehbemt471/files/documents/2024-06/20220746.pdf,,2024-05-13,,2024,"Superior Court (Leonard, J.)",superior_court,Leonard,family/domestic,standard,remanded,per_curiam,Per Curiam,4,0,0,1,4-0,True,False,False,"['criminal', 'constitutional', 'evidence', 'domestic_violence']","['RSA 632-A:2, III', 'RSA 21-M:8-k', 'RSA 21']","RSA 632-A:2, III",False,[],,1208,case_order,1.0.0,2026-08-03T12:15:20.955085,0.8
2023-0010,2023-0010,['2023-0010'],,,,State of New Hampshire v. Sarah Fitton,https://www.courts.nh.gov/sites/g/files/ehbemt471/files/documents/2024-06/20230010.pdf,,2024-05-13,,2024,"Superior Court (Delker, J.)",superior_court,Delker,criminal,standard,affirmed,per_curiam,Per Curiam,4,0,0,1,4-0,True,False,False,[],"['RSA 159:3, I']","RSA 159:3, I",False,[],,700,case_order,1.0.0,2026-08-03T12:15:21.130311,0.8
2022-0615,2022-0615,['2022-0615'],,,,State of New Hampshire v. Steven Smith,https://www.courts.nh.gov/sites/g/files/ehbemt471/files/documents/2024-06/20220615.pdf,,2024-05-13,,2024,"Superior Court (Nicolosi, J.)",superior_court,Nicolosi,family/domestic,standard,affirmed,per_curiam,Per Curiam,4,0,0,1,4-0,True,False,False,"['criminal', 'family_law', 'evidence']","['RSA 631:2-a', 'RSA 651:6, I']",RSA 631:2-a,False,[],,770,case_order,1.0.0,2026-08-03T12:15:21.355579,0.8
2023-0183,2023-0183,['2023-0183'],,,,In the Matter of Kathryn Scanlon and Levi Clairmont,https://www.courts.nh.gov/sites/g/files/ehbemt471/files/documents/2024-06/20230183.pdf,,2024-05-09,,2024,"Circuit Court (Cabrera, J.)",circuit_court,Cabrera,family/domestic,standard,affirmed,per_curiam,Per Curiam,5,0,0,0,5-0,True,False,False,"['family_law', 'statutory_interpretation']",['RSA 461-A:6'],RSA 461-A:6,True,['de_novo'],,595,case_order,1.0.0,2026-08-03T12:15:21.494292,0.8
2023-0350,2023-0350,['2023-0350'],,,,John P. Ford & a. v. Kenneth T. Stys & a.,https://www.courts.nh.gov/sites/g/files/ehbemt471/files/documents/2024-06/20230350.pdf,,2024-05-09,,2024,,,,civil,standard,affirmed,per_curiam,Per Curiam,5,0,0,0,5-0,True,False,False,['property'],[],,False,[],,214,case_order,1.0.0,2026-08-03T12:15:21.558437,0.8
2023-0165,2023-0165,['2023-0165'],,,,In re Name Change of Olivia Pottie; In re Name Change of Nathan Pottie,https://www.courts.nh.gov/sites/g/files/ehbemt471/files/documents/2024-06/20230165.pdf,,2024-05-09,,2024,"Circuit Court (Christo, J.)",circuit_court,Christo,criminal,standard,affirmed,per_curiam,Per Curiam,5,0,0,0,5-0,True,False,False,"['criminal', 'evidence']",[],,False,[],,653,case_order,1.0.0,2026-08-03T12:15:21.774672,0.8
2023-0127,2023-0127,['2023-0127'],,,,"U.S. Bank National Association, as Trustee for Bear Stearns Asset Backed Securities I Trust 2007 HE4 v. Brian Goodman & a.",https://www.courts.nh.gov/sites/g/files/ehbemt471/files/documents/2024-06/20230127.pdf,,2024-05-09,,2024,,,,civil,standard,affirmed,per_curiam,Per Curiam,5,0,0,0,5-0,True,False,False,"['civil_procedure', 'constitutional', 'property']",[],,False,[],,245,case_order,1.0.0,2026-08-03T12:15:21.842429,0.8
2023-0349,2023-0349,['2023-0349'],,,,"Edgar Clifford Avery, Jr. v. Commissioner, Department of Corrections",https://www.courts.nh.gov/sites/g/files/ehbemt471/files/documents/2024-06/20230349.pdf,,2024-05-09,,2024,"Superior Court (Kissinger, J.)",superior_court,Kissinger,civil,standard,affirmed,per_curiam,Per Curiam,4,0,0,1,4-0,True,False,False,[],[],,False,[],,169,case_order,1.0.0,2026-08-03T12:15:21.898847,0.8
2022-0715,2022-0715,['2022-0715'],,,,"Deutsche Bank National Trust Company, as Trustee for Residential Asset Securitization Trust Series 2005-A2 Mortgage Pass-Through Certificates Series 2005-B v. Brian J. Goodman & a.",https://www.courts.nh.gov/sites/g/files/ehbemt471/files/documents/2024-06/20220715.pdf,,2024-05-09,,2024,,,,civil,standard,affirmed,per_curiam,Per Curiam,5,0,0,0,5-0,True,False,False,"['civil_procedure', 'constitutional', 'property']",[],,False,[],,244,case_order,1.0.0,2026-08-03T12:15:21.969324,0.8
2023-0031,2023-0031,['2023-0031'],,,,State of New Hampshire v. Joseph Mills,https://www.courts.nh.gov/sites/g/files/ehbemt471/files/documents/2024-06/20230031.pdf,,2024-05-06,,2024,Superior Court,superior_court,Messer,civil,standard,dismissed,per_curiam,Per Curiam,4,0,0,1,4-0,True,False,False,['civil_procedure'],"['RSA 633:1, I']","RSA 633:1, I",False,[],,212,case_order,1.0.0,2026-08-03T12:15:22.039051,0.8
2023-0081,2023-0081,['2023-0081'],,,,In re Estate of Richard W. Moen,https://www.courts.nh.gov/sites/g/files/ehbemt471/files/documents/2024-06/20230081.pdf,,2024-05-06,,2024,"Circuit Court (Yazinski and Hersh, JJ.)",circuit_court,,civil,standard,affirmed,per_curiam,Per Curiam,5,0,0,0,5-0,True,False,False,['contract'],[],,False,[],,186,case_order,1.0.0,2026-08-03T12:15:22.100892,0.8
2022-0654,2022-0654,['2022-0654'],,,,State of New Hampshire v. Albert D. Lynch,https://www.courts.nh.gov/sites/g/files/ehbemt471/files/documents/2024-06/20220654.pdf,,2024-05-03,,2024,"Superior Court (Leonard, J.)",superior_court,Leonard,civil,standard,reversed,per_curiam,Per Curiam,4,0,0,1,4-0,True,False,False,['tort'],"['RSA 318-B:26, IX', 'RSA 318-B:2, I', 'RSA 318']","RSA 318-B:26, IX",False,[],,939,case_order,1.0.0,2026-08-03T12:15:22.391169,0.8
2023-0254,2023-0254,['2023-0254'],,,,"In the Matter of Charles Smith, Jr., and Shaun Smith",https://www.courts.nh.gov/sites/g/files/ehbemt471/files/documents/2024-06/20230254.pdf,,2024-05-03,,2024,"Circuit Court (Countway, J.)",circuit_court,Countway,family/domestic,standard,,per_curiam,Per Curiam,0,0,0,4,Unavailable,False,False,False,"['family_law', 'property', 'employment', 'contract']","['RSA 458:16-a, II']","RSA 458:16-a, II",False,[],,1457,case_order,1.0.0,2026-08-03T12:15:22.727150,0.8
2022-0718,2022-0718,['2022-0718'],,,,State of New Hampshire v. Vincent Chaney,https://www.courts.nh.gov/sites/g/files/ehbemt471/files/documents/2024-05/20220718.pdf,,2024-05-03,,2024,"Superior Court (Nicolosi, J.)",superior_court,Nicolosi,criminal,standard,,per_curiam,Per Curiam,0,0,0,4,Unavailable,False,False,False,"['criminal', 'insurance', 'statutory_interpretation', 'constitutional']",[],,True,['de_novo'],,1453,case_order,1.0.0,2026-08-03T12:15:23.134224,0.8
2023-0305,2023-0305,['2023-0305'],,,,In the Matter of Kseniya Ausiaikova and Brian Meckel,https://www.courts.nh.gov/sites/g/files/ehbemt471/files/documents/2024-06/20230305.pdf,,2024-05-03,,2024,"Circuit Court (Curran, J.)",circuit_court,Curran,family/domestic,standard,affirmed,per_curiam,Per Curiam,0,0,0,4,Unavailable,False,False,False,['family_law'],[],,False,['de_novo'],,1431,case_order,1.0.0,2026-08-03T12:15:23.535943,0.8
2022-0692,2022-0692,['2022-0692'],,,,"Doty Group, LLC & a. v. Town of Merrimack",https://www.courts.nh.gov/sites/g/files/ehbemt471/files/documents/2024-06/20220692.pdf,,2024-05-03,,2024,"Superior Court (Colburn, J.)",superior_court,Colburn,civil,standard,affirmed,per_curiam,Per Curiam,5,0,0,0,5-0,True,False,False,[],['RSA 677:15'],RSA 677:15,False,[],,290,case_order,1.0.0,2026-08-03T12:15:23.609636,0.8
2023-0150,2023-0150,['2023-0150'],,,,In the Matter of William Cloutier and Ashley Nachampassak,https://www.courts.nh.gov/sites/g/files/ehbemt471/files/documents/2024-06/20230150.pdf,,2024-05-01,,2024,"Circuit Court (Hall, J.)",circuit_court,Hall,family/domestic,standard,affirmed,per_curiam,Per Curiam,5,0,0,0,5-0,True,False,False,['family_law'],"['RSA 461-A:2', 'RSA 461-A:6', 'RSA 461-A:6, i', 'RSA 461-A:6, I']",RSA 461-A:2,False,[],,915,case_order,1.0.0,2026-08-03T12:15:23.874758,0.8
2023-0300,2023-0300,['2023-0300'],,,,Jason A. Czekalski v. Kathleen Duchesne & a.,https://www.courts.nh.gov/sites/g/files/ehbemt471/files/documents/2024-06/20230300.pdf,,2024-05-01,,2024,"Superior Court (Bornstein, J.)",superior_court,Bornstein,criminal,standard,dismissed,per_curiam,Per Curiam,4,0,0,1,4-0,True,False,False,"['criminal', 'civil_procedure', 'statutory_interpretation', 'constitutional', 'tax']","['RSA 99-D:2', 'RSA 491:15', 'RSA 491:13', 'RSA 494:14']",RSA 99-D:2,True,[],,1355,case_order,1.0.0,2026-08-03T12:15:24.213266,0.8
2023-0135,2023-0135,['2023-0135'],,,,Granite Ridge Condominium Association v. Shirley Wood,https://www.courts.nh.gov/sites/g/files/ehbemt471/files/documents/2024-06/20230135.pdf,,2024-05-01,,2024,"Circuit Court (Zucker, R., approved by Keating, J.), following an evidentiary",circuit_court,"Zucker, R., approved by Keating",civil,standard,affirmed,per_curiam,Per Curiam,5,0,0,0,5-0,True,False,False,['tax'],['RSA 356'],RSA 356,False,[],,218,case_order,1.0.0,2026-08-03T12:15:24.326019,0.8
2023-0199,2023-0199,['2023-0199'],,,,In the Matter of Amanda Picardi and William Picardi,https://www.courts.nh.gov/sites/g/files/ehbemt471/files/documents/2024-06/20230199.pdf,,2024-05-01,,2024,"Circuit Court (Keating, J.)",circuit_court,Keating,family/domestic,standard,affirmed,per_curiam,Per Curiam,5,0,0,0,5-0,True,False,False,['family_law'],[],,False,[],,273,case_order,1.0.0,2026-08-03T12:15:24.399032,0.8
2023-0369,2023-0369,['2023-0369'],,,,Town of Chichester v. Shaun C. Fife,https://www.courts.nh.gov/sites/g/files/ehbemt471/files/documents/2024-06/20230369.pdf,,2024-05-01,,2024,"Superior Court (Kissinger, J.)",superior_court,Kissinger,civil,standard,vacated,per_curiam,Per Curiam,5,0,0,0,5-0,True,False,False,"['statutory_interpretation', 'property', 'tax']","['RSA 676:15', 'RSA 676:17']",RSA 676:15,True,[],,1253,case_order,1.0.0,2026-08-03T12:15:24.698976,0.8
20230100and20230178,20230100and20230178,"['2023-0100', '2023-0178']",,,,In the Matter of Matthew Routhier and Kelly Routhier,https://www.courts.nh.gov/sites/g/files/ehbemt471/files/documents/2024-06/20230100and20230178.pdf,,2024-05-01,,2024,"Circuit Court (Quigley, J.)",circuit_court,Quigley,family/domestic,standard,remanded,per_curiam,Per Curiam,5,0,0,0,5-0,True,False,False,"['family_law', 'property']","['RSA 458:16-a, II']","RSA 458:16-a, II",False,[],,331,case_order,1.0.0,2026-08-03T12:15:24.794185,0.8
2023-0174,2023-0174,['2023-0174'],,,,In the Matter of Kimberly LaFleur and Roger LaFleur,https://www.courts.nh.gov/sites/g/files/ehbemt471/files/documents/2024-06/20230174.pdf,,2024-05-01,,2024,"Circuit Court (Quigley, J.)",circuit_court,Quigley,family/domestic,standard,affirmed,per_curiam,Per Curiam,5,0,0,0,5-0,True,False,False,['family_law'],[],,False,[],,232,case_order,1.0.0,2026-08-03T12:15:24.865141,0.8
2023-0134,2023-0134,['2023-0134'],,,,In the Matter of Cynthia Stocker and Wendall Stocker,https://www.courts.nh.gov/sites/g/files/ehbemt471/files/documents/2024-06/20230134.pdf,,2024-05-01,,2024,"Circuit Court (McIntyre, J.)",circuit_court,McIntyre,family/domestic,standard,affirmed,per_curiam,Per Curiam,5,0,0,0,5-0,True,False,False,['family_law'],[],,False,[],,193,case_order,1.0.0,2026-08-03T12:15:24.929880,0.8
2023-0230,2023-0230,['2023-0230'],,,,James Viau v. New England Logistics,https://www.courts.nh.gov/sites/g/files/ehbemt471/files/documents/2024-06/20230230.pdf,,2024-05-01,,2024,,,,civil,standard,affirmed,per_curiam,Per Curiam,5,0,0,0,5-0,True,False,False,[],[],,False,[],,172,case_order,1.0.0,2026-08-03T12:15:24.988113,0.8
2023-0211,2023-0211,['2023-0211'],,,,TAM Development Corporation & a. v. Georges Mills Boat Club,https://www.courts.nh.gov/sites/g/files/ehbemt471/files/documents/2024-04/20230211.pdf,,2024-04-17,,2024,,,,civil,standard,,per_curiam,Per Curiam,0,0,0,4,Unavailable,False,False,False,"['civil_procedure', 'statutory_interpretation', 'property', 'contract']",[],,True,['de_novo'],,1380,case_order,1.0.0,2026-08-03T12:15:25.795465,0.8
ld20220009,ld20220009,['2022-0009'],,,,"LD-2022-0009, In the Matter of Justin P. Nadeau, Esquire",https://www.courts.nh.gov/sites/g/files/ehbemt471/files/documents/2024-04/ld20220009.pdf,,2024-04-16,,2024,,,,civil,standard,,per_curiam,Per Curiam,0,0,0,4,Unavailable,False,False,False,[],[],,False,[],,1235,case_order,1.0.0,2026-08-03T12:15:26.137165,0.8
2022-0431,2022-0431,['2022-0431'],,,,State of New Hampshire v. Brandon Boggs,https://www.courts.nh.gov/sites/g/files/ehbemt471/files/documents/2024-04/20220431.pdf,,2024-04-12,,2024,"Superior Court (Nicolosi, J.)",superior_court,Nicolosi,criminal,standard,affirmed,per_curiam,Per Curiam,3,0,0,2,3-0,True,False,False,"['criminal', 'tort']",[],,False,[],,1312,case_order,1.0.0,2026-08-03T12:15:27.026284,0.8
2022-0488,2022-0488,['2022-0488'],,,,In the Matter of Jonathan Merrill and Lea Merrill,https://www.courts.nh.gov/sites/g/files/ehbemt471/files/documents/2024-04/20220488.pdf,,2024-04-04,,2024,,,,family/domestic,standard,,per_curiam,Per Curiam,0,0,0,4,Unavailable,False,False,False,"['family_law', 'property', 'employment']",[],,False,['de_novo'],,1418,case_order,1.0.0,2026-08-03T12:15:27.424568,0.8
2022-0617,2022-0617,['2022-0617'],,,,"In the Matter of James Anderson, Jr. and Jennifer Tveter",https://www.courts.nh.gov/sites/g/files/ehbemt471/files/documents/2024-05/20220617.pdf,,2024-04-03,,2024,"Circuit Court (Steckowych, J.)",circuit_court,Steckowych,family/domestic,standard,affirmed,per_curiam,Per Curiam,5,0,0,0,5-0,True,False,False,"['family_law', 'constitutional', 'tax']","['RSA 461-A:2, I']","RSA 461-A:2, I",False,['de_novo'],,875,case_order,1.0.0,2026-08-03T12:15:27.656408,0.8
2023-0131,2023-0131,['2023-0131'],,,,Vernon L. Ingersoll v. Angel Cuadrado,https://www.courts.nh.gov/sites/g/files/ehbemt471/files/documents/2024-05/20230131.pdf,,2024-04-01,,2024,"Superior Court (Bornstein, J.)",superior_court,Bornstein,civil,standard,affirmed,per_curiam,Per Curiam,5,0,0,0,5-0,True,False,False,"['civil_procedure', 'tort']",[],,False,[],,176,case_order,1.0.0,2026-08-03T12:15:27.715583,0.8
2023-0631,2023-0631,['2023-0631'],,,,K.M. v. A.M.,https://www.courts.nh.gov/sites/g/files/ehbemt471/files/documents/2024-05/20230631.pdf,,2024-04-01,,2024,"Circuit Court (Hall, J.)",circuit_court,Hall,family/domestic,standard,affirmed,per_curiam,Per Curiam,5,0,0,0,5-0,True,False,False,"['criminal', 'statutory_interpretation', 'employment', 'domestic_violence']","['RSA 633:3-a', 'RSA 633:3-a, I', 'RSA 633:3-a, II', 'RSA 173-B:3, VI', 'RSA 633:3-a, III', 'RSA 173-B']",RSA 633:3-a,True,[],,599,case_order,1.0.0,2026-08-03T12:15:27.913301,0.8
2023-0065,2023-0065,['2023-0065'],,,,In the Matter of Medhat Ismail & a. and Dawn Elsayed,https://www.courts.nh.gov/sites/g/files/ehbemt471/files/documents/2024-04/20230065.pdf,,2024-03-29,,2024,"Circuit Court (Prevett, J.)",circuit_court,Prevett,family/domestic,standard,affirmed,per_curiam,Per Curiam,5,0,0,0,5-0,True,False,False,[],['RSA 461'],RSA 461,False,[],,195,case_order,1.0.0,2026-08-03T12:15:27.980134,0.8
2023-0608,2023-0608,['2023-0608'],,,,Li Wei Lin v. Idalmy Castro,https://www.courts.nh.gov/sites/g/files/ehbemt471/files/documents/2024-04/20230608.pdf,,2024-03-28,,2024,,,,civil,standard,affirmed,per_curiam,Per Curiam,0,0,0,4,Unavailable,False,False,False,['contract'],"['RSA 540:9, I', 'RSA 540:9']","RSA 540:9, I",False,[],,1298,case_order,1.0.0,2026-08-03T12:15:28.320398,0.8
2023-0549,2023-0549,['2023-0549'],,,,A.M. v. T.H.,https://www.courts.nh.gov/sites/g/files/ehbemt471/files/documents/2024-04/20230549.pdf,,2024-03-28,,2024,"Circuit Court (Mace, J.)",circuit_court,Mace,family/domestic,standard,affirmed,per_curiam,Per Curiam,5,0,0,0,5-0,True,False,False,"['criminal', 'statutory_interpretation', 'domestic_violence']","['RSA 173-B:5, I', 'RSA 173-B:1, I', 'RSA 173-B', 'RSA 173-B:3, VI', 'RSA 631:1', 'RSA 631:3', 'RSA 644:4']","RSA 173-B:5, I",True,[],,451,case_order,1.0.0,2026-08-03T12:15:28.433677,0.8
2023-0029,2023-0029,['2023-0029'],,,,In the Matter of Nicole McCormack Parker and Roy Parker,https://www.courts.nh.gov/sites/g/files/ehbemt471/files/documents/2024-04/20230029.pdf,,2024-03-28,,2024,"Circuit Court (Curran, J.)",circuit_court,Curran,family/domestic,standard,affirmed,per_curiam,Per Curiam,5,0,0,0,5-0,True,False,False,"['family_law', 'property', 'contract']","['RSA 461-A:2, I', 'RSA 458-C:7, II']","RSA 461-A:2, I",False,[],,1069,case_order,1.0.0,2026-08-03T12:15:28.727869,0.8
2023-0351,2023-0351,['2023-0351'],,,,C.W. v. J.G.,https://www.courts.nh.gov/sites/g/files/ehbemt471/files/documents/2024-04/20230351.pdf,,2024-03-20,,2024,Circuit Court,circuit_court,Cabrera,family/domestic,standard,affirmed,per_curiam,Per Curiam,5,0,0,0,5-0,True,False,False,"['criminal', 'statutory_interpretation', 'employment', 'domestic_violence']","['RSA 633:3-a', 'RSA 633:3-a, I', 'RSA 633:3-a, II']",RSA 633:3-a,True,[],,931,case_order,1.0.0,2026-08-03T12:15:28.954691,0.8
2022-0536,2022-0536,['2022-0536'],,,,State of New Hampshire v. Tommy Page,https://www.courts.nh.gov/sites/g/files/ehbemt471/files/documents/2024-03/20220536.pdf,,2024-03-20,,2024,"Superior Court (MacLeod, J.)",superior_court,MacLeod,civil,standard,,per_curiam,Per Curiam,0,0,0,4,Unavailable,False,False,False,"['competency', 'constitutional', 'evidence']",[],,False,['de_novo'],,1365,case_order,1.0.0,2026-08-03T12:15:29.353339,0.8
2023-0256,2023-0256,['2023-0256'],,,,Grace Woodham v. Co. John Kum & a.,https://www.courts.nh.gov/sites/g/files/ehbemt471/files/documents/2024-04/20230256.pdf,,2024-03-20,,2024,"Circuit Court (Boyle, R., approved by Guptill, J.) dismissing her small claim",circuit_court,"Boyle, R., approved by Guptill",civil,standard,affirmed,per_curiam,Per Curiam,4,0,0,1,4-0,True,False,False,"['administrative_law', 'civil_procedure']","['RSA 541-B', 'RSA 541-B:9']",RSA 541-B,False,[],,437,case_order,1.0.0,2026-08-03T12:15:29.457800,0.8
2022-0717,2022-0717,['2022-0717'],,,,Scott McCarthy v. Joseph Prieto DBA Prieto Law,https://www.courts.nh.gov/sites/g/files/ehbemt471/files/documents/2024-04/20220717.pdf,,2024-03-19,,2024,,,,civil,standard,affirmed,per_curiam,Per Curiam,4,0,0,1,4-0,True,False,False,[],[],,False,[],,249,case_order,1.0.0,2026-08-03T12:15:29.580014,0.8
2021-0531,2021-0531,['2021-0531'],,,,State of New Hampshire v. Mark Lemay,https://www.courts.nh.gov/sites/g/files/ehbemt471/files/documents/2024-03/20210531.pdf,,2024-03-19,,2024,"Superior Court (Delker, J.)",superior_court,Delker,family/domestic,standard,affirmed,per_curiam,Per Curiam,4,0,0,1,4-0,True,False,False,"['criminal', 'constitutional', 'domestic_violence', 'tax']",[],,False,['de_novo'],,874,case_order,1.0.0,2026-08-03T12:15:30.144020,0.8
2023-0075,2023-0075,['2023-0075'],,,,State of New Hampshire v. Joseph S. Glover,https://www.courts.nh.gov/sites/g/files/ehbemt471/files/documents/2024-04/20230075.pdf,,2024-03-19,,2024,"Superior Court (Ruoff, J.)",superior_court,Ruoff,criminal,standard,vacated,per_curiam,Per Curiam,0,0,0,4,Unavailable,False,False,False,['criminal'],"['RSA 651-A:22-a', 'RSA 651-A:22-a, II', 'RSA 651-A:22-a, I']",RSA 651-A:22-a,False,[],,837,case_order,1.0.0,2026-08-03T12:15:30.397893,0.8
2023-0643,2023-0643,['2023-0643'],,,,The Executive LLC v. Jennifer Blanchette & a.,https://www.courts.nh.gov/sites/g/files/ehbemt471/files/documents/2024-04/20230643.pdf,,2024-03-19,,2024,"Circuit Court (Greenhalgh, J.)",circuit_court,Greenhalgh,civil,standard,reversed,per_curiam,Per Curiam,5,0,0,0,5-0,True,False,False,"['medicaid', 'property']","['RSA 540:1-a, I', 'RSA 540:2, II']","RSA 540:1-a, I",False,['plain_error'],,424,case_order,1.0.0,2026-08-03T12:15:30.523457,0.8
2023-0227,2023-0227,['2023-0227'],,,,State of New Hampshire v. Jennifer Lyn Jemiolo,https://www.courts.nh.gov/sites/g/files/ehbemt471/files/documents/2024-04/20230227.pdf,,2024-03-19,,2024,"Superior Court (English, J.)",superior_court,English,criminal,standard,affirmed,per_curiam,Per Curiam,5,0,0,0,5-0,True,False,False,[],[],,False,[],,238,case_order,1.0.0,2026-08-03T12:15:30.588976,0.8
2022-0670,2022-0670,['2022-0670'],,,,State of New Hampshire v. Stephan Frosch,https://www.courts.nh.gov/sites/g/files/ehbemt471/files/documents/2024-04/20220670.pdf,,2024-03-18,,2024,"Superior Court (Anderson, J.)",superior_court,Anderson,criminal,standard,,per_curiam,Per Curiam,0,0,0,4,Unavailable,False,False,False,"['criminal', 'constitutional']","['RSA 631:1, I']","RSA 631:1, I",False,['plain_error'],,1392,case_order,1.0.0,2026-08-03T12:15:31.388396,0.8
2022-0705,2022-0705,['2022-0705'],,,,In the Matter of Susan Swartz and Robert Swartz,https://www.courts.nh.gov/sites/g/files/ehbemt471/files/documents/2024-04/20220705.pdf,,2024-03-18,,2024,"Circuit Court (Lown, J.)",circuit_court,Lown,family/domestic,standard,,per_curiam,Per Curiam,0,0,0,4,Unavailable,False,False,False,"['insurance', 'family_law', 'property']","['RSA 458:7', 'RSA 458:7, II', 'RSA 458:7, III']",RSA 458:7,False,[],,1472,case_order,1.0.0,2026-08-03T12:15:31.747467,0.8
2023-0652,20230652,['2023-0652'],,,,"No. 2023-0652, C.G. v. B.C.",https://www.courts.nh.gov/sites/g/files/ehbemt471/files/documents/2024-04/20230652.pdf,,2024-03-18,,2024,"Circuit Court (Subers, J.)",circuit_court,Subers,family/domestic,standard,affirmed,per_curiam,Per Curiam,5,0,0,0,5-0,True,False,False,"['criminal', 'constitutional', 'property', 'employment', 'domestic_violence']","['RSA 633:3-a', 'RSA 633:3-a, I', 'RSA 633:3-a, II', 'RSA 633:3-a, III']",RSA 633:3-a,False,[],,754,case_order,1.0.0,2026-08-03T12:15:31.990785,0.8
2023-0530,2023-0530,['2023-0530'],,,,Grace Woodham v. Janet Woodham & a.,https://www.courts.nh.gov/sites/g/files/ehbemt471/files/documents/2024-04/20230530.pdf,,2024-03-15,,2024,Circuit Court,circuit_court,Greenhalgh,civil,standard,affirmed,per_curiam,Per Curiam,5,0,0,0,5-0,True,False,False,[],['RSA 540-A'],RSA 540-A,False,[],,253,case_order,1.0.0,2026-08-03T12:15:32.067323,0.8
2021-0443,2021-0443,['2021-0443'],,,,State of New Hampshire v. James D. Crawford,https://www.courts.nh.gov/sites/g/files/ehbemt471/files/documents/2024-04/20210443.pdf,,2024-03-15,,2024,,,,criminal,standard,affirmed,per_curiam,Per Curiam,5,0,0,0,5-0,True,False,False,"['criminal', 'competency', 'evidence']","['RSA 631:2', 'RSA 632-A:2, I', 'RSA 632-A:2, III', 'RSA 641:6', 'RSA 641:5', 'RSA 642:2']",RSA 631:2,False,[],,917,case_order,1.0.0,2026-08-03T12:15:32.295203,0.8
2023-0270,2023-0270,['2023-0270'],,,,Grace Woodham v. Janet Woodham & a.,https://www.courts.nh.gov/sites/g/files/ehbemt471/files/documents/2024-04/20230270.pdf,,2024-03-15,,2024,"Circuit Court (Greenhalgh, J.)",circuit_court,Greenhalgh,civil,standard,affirmed,per_curiam,Per Curiam,5,0,0,0,5-0,True,False,False,[],[],,False,[],,320,case_order,1.0.0,2026-08-03T12:15:32.377475,0.8
2022-0745,2022-0745,['2022-0745'],,,,Weston J. Stow v. Michelle Shea,https://www.courts.nh.gov/sites/g/files/ehbemt471/files/documents/2024-04/20220745.pdf,,2024-03-01,,2024,,,,civil,standard,affirmed,per_curiam,Per Curiam,5,0,0,0,5-0,True,False,False,[],"['RSA 91-A', 'RSA 623-B:3, II', 'RSA 491:15', 'RSA 491:13']",RSA 91-A,False,[],,525,case_order,1.0.0,2026-08-03T12:15:32.562812,0.8
2022-0293,2022-0293,['2022-0293'],,,,State of New Hampshire v. Jared Fellows,https://www.courts.nh.gov/sites/g/files/ehbemt471/files/documents/2024-04/20220293.pdf,,2024-03-01,,2024,"Superior Court (Messer, J.)",superior_court,Messer,criminal,standard,,per_curiam,Per Curiam,0,0,0,4,Unavailable,False,False,False,"['criminal', 'constitutional', 'evidence']",['RSA 635:1'],RSA 635:1,False,['plain_error'],,1336,case_order,1.0.0,2026-08-03T12:15:32.884532,0.8
2022-0581,2022-0581,['2022-0581'],,,,Appeal of Robert W. Barry,https://www.courts.nh.gov/sites/g/files/ehbemt471/files/documents/2024-03/20220581.pdf,,2024-02-29,,2024,,,,civil,standard,reversed,per_curiam,Per Curiam,5,0,0,0,5-0,True,False,False,"['administrative_law', 'employment']","['RSA 331-A:10, II', 'RSA 331-A:28, III', 'RSA 331-A:28', 'RSA 310:2, II', 'RSA 310:14', 'RSA 541:6', 'RSA 541:2', 'RSA 541', 'RSA 310:14, III']","RSA 331-A:10, II",False,[],,927,case_order,1.0.0,2026-08-03T12:15:33.132849,0.8
2023-0566,2023-0566,['2023-0566'],,,,"Normand Higham, P.A. v. Bette Plant",https://www.courts.nh.gov/sites/g/files/ehbemt471/files/documents/2024-03/20230566.pdf,,2024-02-28,,2024,,,,civil,standard,dismissed,per_curiam,Per Curiam,5,0,0,0,5-0,True,False,False,['civil_procedure'],"['RSA 510:4, II']","RSA 510:4, II",False,[],,568,case_order,1.0.0,2026-08-03T12:15:33.320645,0.8
2022-0212,2022-0212,['2022-0212'],,,,State of New Hampshire v. Angel L. Rivera,https://www.courts.nh.gov/sites/g/files/ehbemt471/files/documents/2024-02/20220212.pdf,,2024-02-28,,2024,,,,criminal,standard,,per_curiam,Per Curiam,0,0,0,4,Unavailable,False,False,False,"['criminal', 'property']","['RSA 631:4, I', 'RSA 625:11, V']","RSA 631:4, I",False,['de_novo'],,1518,case_order,1.0.0,2026-08-03T12:15:34.179700,0.8
2023-0255,2023-0255,['2023-0255'],,,,S.D. v. S.S.,https://www.courts.nh.gov/sites/g/files/ehbemt471/files/documents/2024-03/20230255.pdf,,2024-02-28,,2024,Circuit Court,circuit_court,Pendleton,family/domestic,standard,affirmed,per_curiam,Per Curiam,5,0,0,0,5-0,True,False,False,['domestic_violence'],"['RSA 173-B:5', 'RSA 173-B:5, I', 'RSA 173-B:1, I', 'RSA 644:4']",RSA 173-B:5,False,[],,580,case_order,1.0.0,2026-08-03T12:15:34.326042,0.8
2022-0604,2022-0604,['2022-0604'],,,,State of New Hampshire v. Vernon Davis,https://www.courts.nh.gov/sites/g/files/ehbemt471/files/documents/2024-03/20220604.pdf,,2024-02-27,,2024,"Superior Court (Colburn, J.)",superior_court,Colburn,criminal,standard,affirmed,per_curiam,Per Curiam,4,0,0,1,4-0,True,False,False,['criminal'],"['RSA 626:2, II']","RSA 626:2, II",False,[],,665,case_order,1.0.0,2026-08-03T12:15:34.647354,0.8
2023-0473,2023-0473,['2023-0473'],,,,"Muccio, LLC v. Honey Tree Learning Center, LLC",https://www.courts.nh.gov/sites/g/files/ehbemt471/files/documents/2024-03/20230473.pdf,,2024-02-27,,2024,"Circuit Court (Gardner, J.)",circuit_court,Gardner,civil,standard,vacated,per_curiam,Per Curiam,5,0,0,0,5-0,True,False,False,"['insurance', 'statutory_interpretation', 'contract']",[],,True,[],,219,case_order,1.0.0,2026-08-03T12:15:34.708865,0.8
2022-0569,2022-0569,['2022-0569'],,,,Mark T. Eno v. Khaled Abdel-Fattah,https://www.courts.nh.gov/sites/g/files/ehbemt471/files/documents/2024-03/20220569.pdf,,2024-02-27,,2024,Superior Court,superior_court,Colburn,civil,standard,affirmed,per_curiam,Per Curiam,5,0,0,0,5-0,True,False,False,"['civil_procedure', 'statutory_interpretation', 'contract', 'tort']","['RSA 491:7', 'RSA 491:22', 'RSA 304-C:190']",RSA 491:7,True,[],,742,case_order,1.0.0,2026-08-03T12:15:34.942195,0.8
2022-0674,2022-0674,['2022-0674'],,,,In the Matter of Johnathon Irish and Stephanie Irish,https://www.courts.nh.gov/sites/g/files/ehbemt471/files/documents/2024-03/20220674.pdf,,2024-02-27,,2024,,,,family/domestic,standard,affirmed,per_curiam,Per Curiam,5,0,0,0,5-0,True,False,False,['family_law'],[],,False,[],,233,case_order,1.0.0,2026-08-03T12:15:35.015331,0.8
2022-0222,2022-0222,['2022-0222'],,,,Dean Strang & a. v. Christmas Island Resort Condominium Association & a.,https://www.courts.nh.gov/sites/g/files/ehbemt471/files/documents/2024-02/20220222.pdf,,2024-02-23,,2024,Superior Court,superior_court,O’Neill,civil,standard,vacated,per_curiam,Per Curiam,4,0,0,2,4-0,True,False,False,"['civil_procedure', 'property', 'contract', 'tort']",[],,False,['de_novo'],,1330,case_order,1.0.0,2026-08-03T12:15:35.379428,0.8
2022-0525,2022-0525,['2022-0525'],,,,Appeal of David Strauss & a.,https://www.courts.nh.gov/sites/g/files/ehbemt471/files/documents/2024-02/20220525.pdf,,2024-02-22,,2024,,,,civil,standard,,per_curiam,Per Curiam,0,0,0,4,Unavailable,False,False,False,"['administrative_law', 'property', 'contract', 'tax']","['RSA 76:16, I', 'RSA 76:16-a', 'RSA 541:5', 'RSA 71-B:16, II']","RSA 76:16, I",False,[],,1382,case_order,1.0.0,2026-08-03T12:15:35.779112,0.8
2023-0033,2023-0033,['2023-0033'],,,,Colleen Ann Colton & a. v. Robert Jacobs,https://www.courts.nh.gov/sites/g/files/ehbemt471/files/documents/2024-02/20230033.pdf,,2024-02-21,,2024,"Superior Court (Temple, J.)",superior_court,Temple,civil,standard,affirmed,per_curiam,Per Curiam,5,0,0,0,5-0,True,False,False,"['property', 'contract']",['RSA 358-A'],RSA 358-A,False,[],,1341,case_order,1.0.0,2026-08-03T12:15:36.158241,0.8
2021-0425,2021-0425,['2021-0425'],,,,State of New Hampshire v. Stephen Girard,https://www.courts.nh.gov/sites/g/files/ehbemt471/files/documents/2024-02/20210425.pdf,", among other things, that the trial court",2024-02-21,,2024,"Superior Court (Delker, J.)",superior_court,Delker,criminal,standard,remanded,per_curiam,Per Curiam,3,0,0,19,3-0,True,False,False,"['criminal', 'evidence']",['RSA 632-A:2'],RSA 632-A:2,False,['de_novo'],,990,case_order,1.0.0,2026-08-03T12:15:36.408101,0.8
2022-0251,2022-0251,['2022-0251'],,,,"In the Matter of Robert Pizani, Jr. and Dayana Pizani",https://www.courts.nh.gov/sites/g/files/ehbemt471/files/documents/2024-02/20220251.pdf,,2024-02-21,,2024,"Circuit Court (Lemire, J.)",circuit_court,Lemire,family/domestic,standard,,per_curiam,Per Curiam,0,0,0,4,Unavailable,False,False,False,"['criminal', 'family_law', 'property', 'contract', 'evidence']","['RSA 458:16-a', 'RSA 458:19-a', 'RSA 458:16-a, II', 'RSA 458:19-']",RSA 458:16-a,False,[],,1318,case_order,1.0.0,2026-08-03T12:15:36.826552,0.8
2022-0201,2022-0201,['2022-0201'],,,,Petition of State of New Hampshire,https://www.courts.nh.gov/sites/g/files/ehbemt471/files/documents/2024-02/20220201.pdf,,2024-02-16,,2024,"Circuit Court (Subers, J.)",circuit_court,Subers,criminal,standard,reversed,per_curiam,Per Curiam,0,0,0,4,Unavailable,False,False,False,"['criminal', 'administrative_law']","['RSA 625:9, IV', 'RSA 179:5', 'RSA 179:5, I', 'RSA 179:58, I', 'RSA 490:26-d']","RSA 625:9, IV",False,['plain_error'],,1451,case_order,1.0.0,2026-08-03T12:15:37.217177,0.8
2022-0583,2022-0583,['2022-0583'],,,,Patricia Morris & a. v. Town of Barnstead,https://www.courts.nh.gov/sites/g/files/ehbemt471/files/documents/2024-02/20220583.pdf,,2024-02-14,,2024,Superior Court,superior_court,O’Neill,civil,standard,,per_curiam,Per Curiam,0,0,0,4,Unavailable,False,False,False,"['administrative_law', 'civil_procedure', 'property']","['RSA 676:5, III', 'RSA 677:15, I']","RSA 676:5, III",False,[],,1318,case_order,1.0.0,2026-08-03T12:15:37.593173,0.8
2023-0012,2023-0012,['2023-0012'],,,,In the Matter of Ulrike Newsted and Gary Newsted,https://www.courts.nh.gov/sites/g/files/ehbemt471/files/documents/2024-02/20230012.pdf,,2024-02-13,,2024,"Circuit Court-Family Division (Burns, J.)",circuit_court,,family/domestic,standard,,per_curiam,Per Curiam,0,0,0,4,Unavailable,False,False,False,"['family_law', 'property']","['RSA 458:16-a', 'RSA 490-F:18', 'RSA 490-D:2', 'RSA 458:16-a, I', 'RSA 458:16-a, II']",RSA 458:16-a,False,['de_novo'],,1466,case_order,1.0.0,2026-08-03T12:15:37.993290,0.8
2023-0513,20230513,['2023-0513'],,,,"No. 2023-0513, L.A. v. Z.A.",https://www.courts.nh.gov/sites/g/files/ehbemt471/files/documents/2024-03/20230513.pdf,,2024-02-13,,2024,Circuit Court,circuit_court,Tessier,family/domestic,standard,,per_curiam,Per Curiam,0,0,0,4,Unavailable,False,False,False,"['criminal', 'statutory_interpretation', 'constitutional', 'property', 'employment', 'evidence', 'domestic_violence']","['RSA 173-B:5', 'RSA 173-B:5, I', 'RSA 173-B:1, I', 'RSA 633:3-a', 'RSA 633:3-a, I', 'RSA 633:3-a, II', 'RSA 173-B:3, VI', 'RSA 526:1', 'RSA 173-B', 'RSA 173-B:3, VIII']",RSA 173-B:5,True,[],,1445,case_order,1.0.0,2026-08-03T12:15:38.376027,0.8
2022-0313,2022-0313,['2022-0313'],,,,State of New Hampshire v. Jaime B. Guay,https://www.courts.nh.gov/sites/g/files/ehbemt471/files/documents/2024-03/20220313.pdf,,2024-02-12,,2024,"Superior Court (Tucker, J.)",superior_court,Tucker,family/domestic,standard,affirmed,per_curiam,Per Curiam,5,0,0,0,5-0,True,False,False,"['tort', 'domestic_violence']","['RSA 637:3', 'RSA 637:3, I']",RSA 637:3,False,[],,823,case_order,1.0.0,2026-08-03T12:15:38.555713,0.8
2021-0572,2021-0572,['2021-0572'],,,,State of New Hampshire v. Deion Anthony Ferrone,https://www.courts.nh.gov/sites/g/files/ehbemt471/files/documents/2024-03/20210572.pdf,,2024-02-12,,2024,"Superior Court (Ruoff, J.)",superior_court,Ruoff,family/domestic,standard,,per_curiam,Per Curiam,0,0,0,4,Unavailable,False,False,False,"['criminal', 'evidence', 'domestic_violence']",[],,False,[],,1382,case_order,1.0.0,2026-08-03T12:15:38.891821,0.8
2022-0445,2022-0445,['2022-0445'],,,,In the Matter of Andrew Cullen and Jacqueline Cullen,https://www.courts.nh.gov/sites/g/files/ehbemt471/files/documents/2024-02/20220445.pdf,,2024-02-08,,2024,"Circuit Court (Ryan, J.)",circuit_court,Ryan,family/domestic,standard,,per_curiam,Per Curiam,0,0,0,4,Unavailable,False,False,False,"['family_law', 'tax']","['RSA 461-A:11, I', 'RSA 461-A:6', 'RSA 461-A:6, I', 'RSA 461-A:4', 'RSA 461-A:11, II', 'RSA 461']","RSA 461-A:11, I",False,['plain_error'],,1256,case_order,1.0.0,2026-08-03T12:15:39.243086,0.8
2022-0129,2022-0129,['2022-0129'],,,,In the Matter of Marc Hebert and Kelly Hebert,https://www.courts.nh.gov/sites/g/files/ehbemt471/files/documents/2024-02/20220129.pdf,,2024-02-02,,2024,"Circuit Court (Alfano, J.)",circuit_court,Alfano,family/domestic,standard,,per_curiam,Per Curiam,0,0,0,4,Unavailable,False,False,False,"['family_law', 'property', 'employment', 'evidence']",[],,False,[],,1392,case_order,1.0.0,2026-08-03T12:15:39.596874,0.8
2022-0707,2022-0707,"['2022-0707', '2020-0249', '2020-0250']",,,,"PPI Enterprises, LLC v. Town of Windham",https://www.courts.nh.gov/sites/g/files/ehbemt471/files/documents/2024-02/20220707.pdf,,2024-02-02,,2024,Superior Court,superior_court,Attorri,civil,standard,remanded,per_curiam,Per Curiam,0,0,0,4,Unavailable,False,False,False,['property'],[],,False,[],,1356,case_order,1.0.0,2026-08-03T12:15:39.978325,0.8
2022-0544,2022-0544,['2022-0544'],,,,Appeal of Peter Southworth,https://www.courts.nh.gov/sites/g/files/ehbemt471/files/documents/2024-01/20220544.pdf,,2024-01-30,,2024,,administrative,,civil,standard,reversed,per_curiam,Per Curiam,0,0,0,4,Unavailable,False,False,False,"['insurance', 'medicaid', 'employment', 'contract']",['RSA 281'],RSA 281,False,[],,1355,case_order,1.0.0,2026-08-03T12:15:40.881326,0.8
2023-0491,2023-0491,['2023-0491'],,,,C.R. v. S.K.,https://www.courts.nh.gov/sites/g/files/ehbemt471/files/documents/2024-02/20230491.pdf,,2024-01-26,,2024,"Circuit Court (Hall, J.)",circuit_court,Hall,family/domestic,standard,affirmed,per_curiam,Per Curiam,5,0,0,0,5-0,True,False,False,"['criminal', 'domestic_violence']","['RSA 633:3-a', 'RSA 633:3-a, I', 'RSA 633:3-a, III']",RSA 633:3-a,False,[],,521,case_order,1.0.0,2026-08-03T12:15:41.026682,0.8
2023-0452,2023-0452,['2023-0452'],,,,M.F. v. J.G.,https://www.courts.nh.gov/sites/g/files/ehbemt471/files/documents/2024-02/20230452.pdf,,2024-01-25,,2024,Circuit Court,circuit_court,"Foley, R., approved by Ashley",family/domestic,standard,affirmed,per_curiam,Per Curiam,5,0,0,0,5-0,True,False,False,['domestic_violence'],"['RSA 173-B:5', 'RSA 173-B:4, I', 'RSA 173-B:3, VII', 'RSA 173', 'RSA 493-A:1-a', 'RSA 493']",RSA 173-B:5,False,[],,831,case_order,1.0.0,2026-08-03T12:15:41.230525,0.8
2021-0362,2021-0362,['2021-0362'],,,,State of New Hampshire v. Tony Hebert,https://www.courts.nh.gov/sites/g/files/ehbemt471/files/documents/2024-01/20210362-2.pdf,,2024-01-24,,2024,"Superior Court (Nicolosi, J.)",superior_court,Nicolosi,criminal,standard,affirmed,per_curiam,Per Curiam,3,0,0,3,3-0,True,False,False,['criminal'],"['RSA 651-A:22-a', 'RSA 651:20', 'RSA 651', 'RSA 651-A:22-a, II', 'RSA 651-A:22-a, I', 'RSA 651-A:22-']",RSA 651-A:22-a,False,['de_novo'],,1213,case_order,1.0.0,2026-08-03T12:15:41.611850,0.8
2022-0658,2022-0658,['2022-0658'],,,,Travis Corcoran & a. v. Town of Weare,https://www.courts.nh.gov/sites/g/files/ehbemt471/files/documents/2024-02/20220658.pdf,,2024-01-25,,2024,"Superior Court (Messer, J.)",superior_court,Messer,civil,standard,affirmed,per_curiam,Per Curiam,5,0,0,0,5-0,True,False,False,['property'],[],,False,[],,209,case_order,1.0.0,2026-08-03T12:15:41.678653,0.8
2022-0712,20220712,['2022-0712'],,,,"No. 2022-0712, Michael Cohen v. Elizabeth Bielecki & a.",https://www.courts.nh.gov/sites/g/files/ehbemt471/files/documents/2024-02/20220712.pdf,,2024-01-25,,2024,,,,civil,standard,affirmed,per_curiam,Per Curiam,3,0,0,1,3-0,True,False,False,"['civil_procedure', 'constitutional', 'contract']",['RSA 541-B'],RSA 541-B,False,[],,310,case_order,1.0.0,2026-08-03T12:15:41.805905,0.8
2022-0334,2022-0334,['2022-0334'],,,,State of New Hampshire v. Kathleen Bossi,https://www.courts.nh.gov/sites/g/files/ehbemt471/files/documents/2024-01/20220334.pdf,,2024-01-19,,2024,,,,criminal,standard,,per_curiam,Per Curiam,0,0,0,4,Unavailable,False,False,False,"['criminal', 'property', 'evidence']","['RSA 635:2, III', 'RSA 635:2', 'RSA 635:1, III']","RSA 635:2, III",False,['de_novo'],,1268,case_order,1.0.0,2026-08-03T12:15:42.526741,0.8
2023-0168,2023-0168,['2023-0168'],,,,In the Matter of Keri-Ann Hopps-Geoffroy and Jordan Geoffroy,https://www.courts.nh.gov/sites/g/files/ehbemt471/files/documents/2024-02/20230168.pdf,,2024-01-11,,2024,"Circuit Court (Hall, J.)",circuit_court,Hall,family/domestic,standard,affirmed,per_curiam,Per Curiam,5,0,0,0,5-0,True,False,False,"['family_law', 'property']",[],,False,[],,386,case_order,1.0.0,2026-08-03T12:15:42.690524,0.8
2022-0572,2022-0572,['2022-0572'],,,,State of New Hampshire v. Paul J. Pagliarulo,https://www.courts.nh.gov/sites/g/files/ehbemt471/files/documents/2024-02/20220572.pdf,,2024-01-11,,2024,"Circuit Court (Greenhalgh, J.)",circuit_court,Greenhalgh,criminal,standard,reversed,per_curiam,Per Curiam,5,0,0,0,5-0,True,False,False,"['criminal', 'civil_procedure', 'contract']","['RSA 644:2, III', 'RSA 626:2, II']","RSA 644:2, III",False,['de_novo'],,1243,case_order,1.0.0,2026-08-03T12:15:42.995833,0.8
2023-0125,2023-0125,['2023-0125'],,,,"Robert Towle v. Commissioner, New Hampshire Department of Corrections",https://www.courts.nh.gov/sites/g/files/ehbemt471/files/documents/2024-02/20230125.pdf,,2024-01-10,,2024,Superior Court,superior_court,Kissinger,civil,standard,affirmed,per_curiam,Per Curiam,4,0,0,1,4-0,True,False,False,['civil_procedure'],"['RSA 135-E:2, XII']","RSA 135-E:2, XII",False,[],,230,case_order,1.0.0,2026-08-03T12:15:43.119170,0.8
2022-0614,2022-0614,['2022-0614'],,,,State of New Hampshire v. Steven Smith,https://www.courts.nh.gov/sites/g/files/ehbemt471/files/documents/2024-02/20220614.pdf,,2024-01-12,,2024,"Superior Court (Brown, J.)",superior_court,Brown,criminal,standard,,per_curiam,Per Curiam,0,0,0,4,Unavailable,False,False,False,"['criminal', 'insurance', 'civil_procedure', 'property', 'contract']","['RSA 264:25', 'RSA 627:3', 'RSA 264:25, I', 'RSA 264:29']",RSA 264:25,False,"['de_novo', 'plain_error']",,1457,case_order,1.0.0,2026-08-03T12:15:43.403008,0.8
2024-0358,2024-0358,['2024-0358'],,,,"Catherine Turner & a. v. TD Bank, N.A.",https://www.courts.nh.gov/sites/g/files/ehbemt471/files/documents/2025-12/20240358.pdf,,2025-12-30,,2025,"Superior Court (Howard, J.)",superior_court,Howard,civil,standard,,per_curiam,Per Curiam,0,0,0,6,Unavailable,False,False,False,"['property', 'tax']",[],,False,['clear_error'],,1343,case_order,1.0.0,2026-08-03T12:15:43.876641,0.8
2024-0061,2024-0061,['2024-0061'],,,,State of New Hampshire v. Aung Thet,https://www.courts.nh.gov/sites/g/files/ehbemt471/files/documents/2025-12/20240061.pdf,,2025-12-23,,2025,"Superior Court (Howard, J.)",superior_court,Howard,criminal,standard,,per_curiam,Per Curiam,0,0,0,6,Unavailable,False,False,False,"['criminal', 'evidence', 'tax']","['RSA 632-A:2, I']","RSA 632-A:2, I",False,[],,1367,case_order,1.0.0,2026-08-03T12:15:44.244067,0.8
2025-0397,2025-0397,['2025-0397'],,,,V.P. v. N.S.,https://www.courts.nh.gov/sites/g/files/ehbemt471/files/documents/2026-01/20250397.pdf,,2025-12-22,,2025,Circuit Court,circuit_court,Forrest,family/domestic,standard,affirmed,per_curiam,Per Curiam,4,0,0,2,4-0,True,False,False,"['criminal', 'property', 'contract', 'domestic_violence', 'tax']","['RSA 173-B:5', 'RSA 173', 'RSA 173-B:1, I', 'RSA 173-B:5, I', 'RSA 634:1', 'RSA 634:2', 'RSA 173-B:3, VI', 'RSA 634:2, I']",RSA 173-B:5,False,[],,1093,case_order,1.0.0,2026-08-03T12:15:44.478918,0.8
2025-0455,2025-0455,['2025-0455'],,,,A.K. v. C.D.,https://www.courts.nh.gov/sites/g/files/ehbemt471/files/documents/2026-01/20250455.pdf,,2025-12-22,,2025,Circuit Court,circuit_court,Clouatre,family/domestic,standard,affirmed,per_curiam,Per Curiam,4,0,0,2,4-0,True,False,False,"['criminal', 'property', 'employment', 'domestic_violence']","['RSA 173-B:5', 'RSA 173-B:5, I', 'RSA 173-B:1, I', 'RSA 633:1', 'RSA 633:3-a', 'RSA 173-B:3, VI', 'RSA 633:3-a, I', 'RSA 644:4, II', 'RSA 633:3-a, II']",RSA 173-B:5,False,[],,1179,case_order,1.0.0,2026-08-03T12:15:44.784729,0.8
2024-0319,2024-0319,['2024-0319'],2025 N.H. 38,2025.0,38.0,"John Doe v. New Hampshire Liquor Commission, Bureau of Enforcement & a.",https://www.courts.nh.gov/sites/g/files/ehbemt471/files/documents/2025-12/20240319.pdf,,2025-12-17,,2025,,,,criminal,standard,,per_curiam,Per Curiam,0,0,0,6,Unavailable,False,False,False,"['criminal', 'civil_procedure', 'statutory_interpretation', 'constitutional']","['RSA 105:13-d', 'RSA 273-D:3, III', 'RSA 105:13-d, I', 'RSA 491:8-a, III']",RSA 105:13-d,True,['de_novo'],"The plaintiff first argues that, applying the standard set forth in Doe v.
New Hampshire Attorney General (Activity Logs), 176 N.H. 806 (2024), 2024
N.H. 50, there is “no reasonably foreseeable case in which the information” in
his personnel files “would be admissible as exculpatory evidence or could be
used to impeach [his] credibility, due to the fact that the alleged misconduct is
now over fifteen years old and [he] has not been a police officer since 2011.” He
asserts that the likelihood that he “would be required to testify as a former
police officer for a criminal case is essentially zer",1248,case_order,1.0.0,2026-08-03T12:15:45.092759,0.8
2024-0674,2024-0674,['2024-0674'],2024 N.H. 61,2024.0,61.0,"Whittier Communications, Inc. v. Town of Wakefield",https://www.courts.nh.gov/sites/g/files/ehbemt471/files/documents/2025-12/20240674.pdf,,2025-12-12,,2024,"Superior Court (Klass, J.)",superior_court,Klass,civil,standard,,per_curiam,Per Curiam,0,0,0,6,Unavailable,False,False,False,"['insurance', 'property']",['RSA 677:6'],RSA 677:6,False,['substantial_evidence'],"; see RSA 677:6, :15,
V (2016). We will uphold the superior court’s decision unless it is unsupported
by the evidence or is legally erroneous. Monadnock, 177 N.H. at 74, 2024 N.H.
61,",1343,case_order,1.0.0,2026-08-03T12:15:45.417949,0.8
2025-0089,2025-0089,['2025-0089'],,,,In the Matter of Rebecca Fuller and William Fuller,https://www.courts.nh.gov/sites/g/files/ehbemt471/files/documents/2026-01/20250089.pdf,,2025-12-09,,2025,"Circuit Court (Lemire, J.)",circuit_court,Lemire,family/domestic,standard,,per_curiam,Per Curiam,0,0,0,6,Unavailable,False,False,False,"['family_law', 'constitutional', 'evidence', 'domestic_violence', 'tax']",[],,False,[],,1428,case_order,1.0.0,2026-08-03T12:15:45.754125,0.8
2025-0015,2025-0015,['2025-0015'],2025 N.H. 44,2025.0,44.0,Petition of Scott Marshall,https://www.courts.nh.gov/sites/g/files/ehbemt471/files/documents/2025-12/20250015.pdf,,2025-12-02,,2025,,,,civil,standard,,per_curiam,Per Curiam,0,0,0,6,Unavailable,False,False,False,"['administrative_law', 'statutory_interpretation', 'employment']","['RSA 100-A:5, II', 'RSA 100-A:1, X', 'RSA 100-A:1, VII', 'RSA 100-A:10, II', 'RSA 100-A:3, VI', 'RSA 100-A']","RSA 100-A:5, II",True,['de_novo'],"Our review of an administrative agency’s
decision on a petition for a writ of certiorari entails examining whether the
agency has acted illegally with respect to jurisdiction, authority or observance
of the law or has unsustainably exercised its discretion or acted arbitrarily,
unreasonably or capriciously. Id. We exercise our power to grant such writs
sparingly and only where to do otherwise would result in substantial injustice.
Id.
The petitioner argues that the Board erred when it concluded that he was
not in vested status prior to January 1, 2012, and he asserts that he is
therefore entit",1372,case_order,1.0.0,2026-08-03T12:15:46.020783,0.8
2025-0151,2025-0151,['2025-0151'],,,,William D'Errico v. New Hampshire State Police Troop B,https://www.courts.nh.gov/sites/g/files/ehbemt471/files/documents/2025-12/20250151.pdf,,2025-11-25,,2025,"Circuit Court (Prevett, J.)",circuit_court,Prevett,civil,standard,affirmed,per_curiam,Per Curiam,4,0,0,2,4-0,True,False,False,[],[],,False,[],,361,case_order,1.0.0,2026-08-03T12:15:46.174410,0.8
2025-0191,2025-0191,['2025-0191'],,,,"Joseph S. Haas, Jr. v. New Hampshire Treasurer & a.",https://www.courts.nh.gov/sites/g/files/ehbemt471/files/documents/2025-12/20240191.pdf,,2025-11-24,,2025,Superior Court,superior_court,Kissinger,civil,standard,dismissed,per_curiam,Per Curiam,4,0,0,2,4-0,True,False,False,"['administrative_law', 'civil_procedure', 'statutory_interpretation', 'property', 'contract', 'tort']","['RSA 541-B', 'RSA 541', 'RSA 99', 'RSA 541-B:9-a', 'RSA 541-B:1, II']",RSA 541-B,True,['de_novo'],,807,case_order,1.0.0,2026-08-03T12:15:46.358482,0.8
2024-0714,2024-0714,['2024-0714'],,,,In the Matter of Genevieve Pimentel and Rui Pimentel,https://www.courts.nh.gov/sites/g/files/ehbemt471/files/documents/2025-12/20240714.pdf,,2025-11-24,,2025,"Circuit Court (Zaino, J.)",circuit_court,Zaino,family/domestic,standard,,per_curiam,Per Curiam,0,0,0,6,Unavailable,False,False,False,"['family_law', 'civil_procedure', 'property', 'tax']","['RSA 458:6', 'RSA 459:1', 'RSA 2', 'RSA 458:16-a, II']",RSA 458:6,False,[],,1418,case_order,1.0.0,2026-08-03T12:15:46.669791,0.8
2024-0323,2024-0323,['2024-0323'],,,,In the Matter of Neuza Silva and Luciano Silva,https://www.courts.nh.gov/sites/g/files/ehbemt471/files/documents/2025-12/20240323.pdf,,2025-11-24,,2025,"Circuit Court (Cooper, R., approved by Joseph, J.), following a",circuit_court,"Cooper, R., approved by Joseph",family/domestic,standard,affirmed,per_curiam,Per Curiam,3,0,0,3,3-0,True,False,False,['family_law'],[],,False,[],,1116,case_order,1.0.0,2026-08-03T12:15:46.952367,0.8
2024-0701,2024-0701,['2024-0701'],,,,In the Matter of Anthony Lee and Jade Lee,https://www.courts.nh.gov/sites/g/files/ehbemt471/files/documents/2025-12/20240701.pdf,,2025-11-24,,2025,"Circuit Court (Paine, J.)",circuit_court,Paine,family/domestic,standard,affirmed,per_curiam,Per Curiam,3,0,0,3,3-0,True,False,False,"['family_law', 'statutory_interpretation', 'property', 'tax']",[],,True,[],,845,case_order,1.0.0,2026-08-03T12:15:47.140123,0.8
2025-0012,2025-0012,['2025-0012'],,,,Adair Witkus v. George Stone & a.,https://www.courts.nh.gov/sites/g/files/ehbemt471/files/documents/2025-12/20250012.pdf,,2025-11-24,,2025,,,,civil,standard,affirmed,per_curiam,Per Curiam,4,0,0,2,4-0,True,False,False,['property'],['RSA 229:1'],RSA 229:1,False,['de_novo'],,1273,case_order,1.0.0,2026-08-03T12:15:47.456292,0.8
2025-0400,2025-0400,['2025-0400'],,,,T.R. v. S.M.,https://www.courts.nh.gov/sites/g/files/ehbemt471/files/documents/2025-12/20250400.pdf,,2025-11-21,,2025,"Circuit Court (Paine, J.)",circuit_court,Paine,family/domestic,standard,dismissed,per_curiam,Per Curiam,0,0,0,6,Unavailable,False,False,False,"['criminal', 'family_law', 'property', 'employment', 'domestic_violence']","['RSA 173-B:5', 'RSA 173-B', 'RSA 173-B:1, I', 'RSA 633:1', 'RSA 633:3-a', 'RSA 633:3-a, I', 'RSA 633:3-a, II', 'RSA 173-B:3, VI', 'RSA 173-B:2, II']",RSA 173-B:5,False,['plain_error'],,1501,case_order,1.0.0,2026-08-03T12:15:47.799547,0.8
2025-0134,2025-0134,['2025-0134'],2025 N.H. 23,2025.0,23.0,"Robert E. Thomsen, III v. New Hampshire Department of Corrections",https://www.courts.nh.gov/sites/g/files/ehbemt471/files/documents/2025-12/20250134.pdf,,2025-11-21,,2025,"Superior Court (Honigberg, J.)",superior_court,Honigberg,family/domestic,standard,affirmed,per_curiam,Per Curiam,4,0,0,2,4-0,True,False,False,"['family_law', 'civil_procedure', 'statutory_interpretation', 'constitutional']",[],,True,[],"As the appealing party, the plaintiff has the burden of demonstrating
reversible error. Gallo v. Traina, 166 N.H. 737, 740 (2014). Based upon our
review of the trial court’s order, the plaintiff’s arguments, the relevant law, and
the record submitted on appeal, the plaintiff has not demonstrated that the
well-pleaded facts in his complaint, together with all reasonable inferences
from those facts, constitute a basis for relief. See id.; Szewczyk, 176 N.H. at
151. Nor has the plaintiff established that the trial court unsustainably
exercised its discretion by denying the motion to amend. See Ga",736,case_order,1.0.0,2026-08-03T12:15:48.013458,0.8
2024-0327,2024-0327,['2024-0327'],,,,In the Matter of Laurie Bondaz and Jean-Pierre Bondaz,https://www.courts.nh.gov/sites/g/files/ehbemt471/files/documents/2025-11/20240327.pdf,,2025-11-21,,2025,"Circuit Court (Garner, J.)",circuit_court,Garner,family/domestic,standard,,per_curiam,Per Curiam,0,0,0,6,Unavailable,False,False,False,"['administrative_law', 'family_law', 'property', 'employment']","['RSA 458:19-a', 'RSA 458:19-a, II']",RSA 458:19-a,False,[],,1398,case_order,1.0.0,2026-08-03T12:15:48.329319,0.8
2025-0290,2025-0290,['2025-0290'],,,,H.T. v. D.D.,https://www.courts.nh.gov/sites/g/files/ehbemt471/files/documents/2025-12/20250290.pdf,,2025-11-21,,2025,Circuit Court,circuit_court,Clouatre,family/domestic,standard,affirmed,per_curiam,Per Curiam,4,0,0,2,4-0,True,False,False,"['criminal', 'domestic_violence']","['RSA 633:3-a', 'RSA 633:3-a, I']",RSA 633:3-a,False,[],,790,case_order,1.0.0,2026-08-03T12:15:48.553036,0.8
2024-0631,2024-0631,['2024-0631'],,,,In the Matter of Danielle Morello and Jesse Morello,https://www.courts.nh.gov/sites/g/files/ehbemt471/files/documents/2025-12/20240631.pdf,,2025-11-21,,2025,"Circuit Court (Gorman, J.)",circuit_court,Gorman,family/domestic,standard,affirmed,per_curiam,Per Curiam,4,0,0,2,4-0,True,False,False,"['family_law', 'property', 'tax']","['RSA 458:19-a', 'RSA 458:16-a, V', 'RSA 458:16-a, II']",RSA 458:19-a,False,[],,1223,case_order,1.0.0,2026-08-03T12:15:48.842158,0.8
2025-0146,2025-0146,['2025-0146'],,,,"Leonard J. Lapadula, III v. New Hampshire Employment Security",https://www.courts.nh.gov/sites/g/files/ehbemt471/files/documents/2025-12/20250146.pdf,,2025-11-21,,2025,"Superior Court (Honigberg, J.)",superior_court,Honigberg,civil,standard,dismissed,per_curiam,Per Curiam,4,0,0,2,4-0,True,False,False,"['employment', 'contract']",[],,False,[],,235,case_order,1.0.0,2026-08-03T12:15:48.911457,0.8
2024-0242,2024-0242,['2024-0242'],,,,In the Matter of Warren Jackson and Jean Jackson,https://www.courts.nh.gov/sites/g/files/ehbemt471/files/documents/2025-11/20240242.pdf,,2025-11-21,,2025,"Circuit Court (Curran, J.)",circuit_court,Curran,family/domestic,standard,,per_curiam,Per Curiam,0,0,0,6,Unavailable,False,False,False,"['insurance', 'family_law', 'property', 'contract']","['RSA 458:15-b, I']","RSA 458:15-b, I",False,['de_novo'],,1372,case_order,1.0.0,2026-08-03T12:15:49.233562,0.8
2025-0377,2025-0377,['2025-0377'],,,,M.C. v. R.B.,https://www.courts.nh.gov/sites/g/files/ehbemt471/files/documents/2025-12/20250377.pdf,,2025-11-20,,2025,Circuit Court,circuit_court,Chabot,family/domestic,standard,,per_curiam,Per Curiam,0,0,0,6,Unavailable,False,False,False,"['criminal', 'family_law', 'statutory_interpretation', 'domestic_violence']","['RSA 173-B:5', 'RSA 173-B:5, I', 'RSA 173-B:1, I', 'RSA 633:1', 'RSA 633:3-a', 'RSA 633:3-a, I', 'RSA 633:3-a, II', 'RSA 173-B:3, VI']",RSA 173-B:5,True,[],,1375,case_order,1.0.0,2026-08-03T12:15:49.569823,0.8
2025-0018,2025-0018,['2025-0018'],,,,"George D. Spears, Jr. v. Industrial Calibration and Service Co., Inc. & a.",https://www.courts.nh.gov/sites/g/files/ehbemt471/files/documents/2025-12/20250018.pdf,,2025-11-19,,2025,"Superior Court (Temple, J.)",superior_court,Temple,civil,standard,affirmed,per_curiam,Per Curiam,3,0,0,3,3-0,True,False,False,"['civil_procedure', 'contract']",[],,False,[],,362,case_order,1.0.0,2026-08-03T12:15:49.660491,0.8
2025-0339,2025-0339,['2025-0339'],,,,P.L. v. R.S.,https://www.courts.nh.gov/sites/g/files/ehbemt471/files/documents/2025-12/20250339.pdf,,2025-11-13,,2025,Circuit Court,circuit_court,Greenhalgh,family/domestic,standard,vacated,per_curiam,Per Curiam,4,0,0,2,4-0,True,False,False,"['criminal', 'domestic_violence']","['RSA 633:3-a, III']","RSA 633:3-a, III",False,[],,473,case_order,1.0.0,2026-08-03T12:15:49.770852,0.8
2025-0376,2025-0376,['2025-0376'],,,,P.R. v. J.G.,https://www.courts.nh.gov/sites/g/files/ehbemt471/files/documents/2025-12/20250376.pdf,,2025-11-13,,2025,Circuit Court,circuit_court,Panebianco,family/domestic,standard,affirmed,per_curiam,Per Curiam,4,0,0,2,4-0,True,False,False,"['criminal', 'statutory_interpretation', 'property', 'domestic_violence']","['RSA 633:3-a', 'RSA 633:3-a, I', 'RSA 633:3-a, II']",RSA 633:3-a,True,[],,731,case_order,1.0.0,2026-08-03T12:15:49.979051,0.8
2024-0644,2024-0644,['2024-0644'],,,,Lise Mahoney & a. v. Samantha L. Anderson & a.,https://www.courts.nh.gov/sites/g/files/ehbemt471/files/documents/2025-12/20240644.pdf,,2025-11-07,,2025,"Superior Court (Kennedy, J.)",superior_court,Kennedy,civil,standard,vacated,per_curiam,Per Curiam,4,0,0,2,4-0,True,False,False,[],['RSA 477:3-a'],RSA 477:3-a,False,[],,1056,case_order,1.0.0,2026-08-03T12:15:50.203708,0.8
2024-0576,2024-0576,['2024-0576'],2024 N.H. 59,2024.0,59.0,"Old Tyme Manufacturing 4 Corp. & a. v. CMAB Associates II, LLC & a.",https://www.courts.nh.gov/sites/g/files/ehbemt471/files/documents/2025-12/20240576.pdf,,2025-11-07,,2024,"Superior Court (Schulman, J.)",superior_court,Schulman,civil,standard,affirmed,per_curiam,Per Curiam,3,0,0,3,3-0,True,False,False,"['civil_procedure', 'property', 'contract']","['RSA 491:8-a, III']","RSA 491:8-a, III",False,['de_novo'],"If there
is no genuine issue of material fact, and if the moving party is entitled to
judgment as a matter of law, the grant of summary judgment is proper. Id. We
review the trial court’s application of the law to the facts de novo. Id.
The plaintiffs appear to challenge various factual statements in the trial
court’s order relative to their payment of rent and the extent of any forbearance
agreed to by the defendants. They fail, however, to explain how those alleged
factual discrepancies are relevant to their claim on appeal that the trial court
erred in granting summary judgment in the defen",1146,case_order,1.0.0,2026-08-03T12:15:50.491874,0.8
2024-0690,2024-0690,['2024-0690'],,,,Corina McLaughlin v. Vermont Mutual Insurance Company,https://www.courts.nh.gov/sites/g/files/ehbemt471/files/documents/2025-12/20240690.pdf,,2025-11-06,,2025,"Superior Court (Messer, J.)",superior_court,Messer,civil,standard,affirmed,per_curiam,Per Curiam,4,0,0,2,4-0,True,False,False,"['insurance', 'civil_procedure', 'contract', 'tort']",[],,False,['de_novo'],,468,case_order,1.0.0,2026-08-03T12:15:50.606659,0.8
2024-0681,2024-0681,['2024-0681'],,,,"Francis A. Delorier, Jr. v. Maine Health & a.",https://www.courts.nh.gov/sites/g/files/ehbemt471/files/documents/2025-12/20240681.pdf,,2025-11-06,,2025,"Superior Court (Attorri, J.)",superior_court,Attorri,civil,standard,affirmed,per_curiam,Per Curiam,4,0,0,2,4-0,True,False,False,"['civil_procedure', 'statutory_interpretation', 'contract', 'tort', 'evidence']","['RSA 507-E:2', 'RSA 516:29-b']",RSA 507-E:2,True,[],,400,case_order,1.0.0,2026-08-03T12:15:50.702866,0.8
2024-0419,2024-0419,['2024-0419'],,,,In the Matter of Taylor Coyne and Ashley Blanchfield,https://www.courts.nh.gov/sites/g/files/ehbemt471/files/documents/2025-10/20240419.pdf,,2025-10-30,,2025,"Circuit Court (Pendleton, J.)",circuit_court,Pendleton,family/domestic,standard,,per_curiam,Per Curiam,0,0,0,6,Unavailable,False,False,False,"['family_law', 'civil_procedure', 'statutory_interpretation']","['RSA 458-A', 'RSA 458-A:18', 'RSA 458-A:13', 'RSA 458-A:13, I', 'RSA 458-A:15', 'RSA 458-A:12', 'RSA 458-A:14']",RSA 458-A,True,"['de_novo', 'substantial_evidence']",,1185,case_order,1.0.0,2026-08-03T12:15:50.998120,0.8
2024-0647,2024-0647,['2024-0647'],,,,In the Matter of Andrew Kapchensky and Carolyn Kapchensky,https://www.courts.nh.gov/sites/g/files/ehbemt471/files/documents/2025-11/20240647.pdf,,2025-10-28,,2025,"Circuit Court (Swegart, J.)",circuit_court,Swegart,family/domestic,standard,affirmed,per_curiam,Per Curiam,5,0,0,1,5-0,True,False,False,"['family_law', 'property', 'tax']","['RSA 458:16-a, II']","RSA 458:16-a, II",False,[],,959,case_order,1.0.0,2026-08-03T12:15:51.248350,0.8
2024-0599,2024-0599,['2024-0599'],,,,"Estate of Dennis Bezanson, Executor Sandra J. Bezanson v. Exeter Hospital, Inc. & a.",https://www.courts.nh.gov/sites/g/files/ehbemt471/files/documents/2025-11/20240599.pdf,,2025-10-28,,2025,"Superior Court (Kennedy, J.)",superior_court,Kennedy,civil,standard,affirmed,per_curiam,Per Curiam,5,0,0,1,5-0,True,False,False,[],[],,False,[],,898,case_order,1.0.0,2026-08-03T12:15:51.448423,0.8
2024-0589,2024-0589,['2024-0589'],,,,"Sheila Jenot v. Lyman Jenot, Jr. & a.",https://www.courts.nh.gov/sites/g/files/ehbemt471/files/documents/2025-11/20240589.pdf,,2025-10-28,,2025,"Superior Court (St. Hilaire, J.)",superior_court,St. Hilaire,civil,standard,reversed,per_curiam,Per Curiam,0,0,0,6,Unavailable,False,False,False,"['contract', 'tort']",[],,False,['de_novo'],,1468,case_order,1.0.0,2026-08-03T12:15:51.786042,0.8
2024-0652,2024-0652,['2024-0652'],,,,"Floros Realty Trust v. Goodfellas Properties, LLC d/b/a Hammer Pub and Grille & a.",https://www.courts.nh.gov/sites/g/files/ehbemt471/files/documents/2025-11/20240652.pdf,,2025-10-10,,2025,"Superior Court (Schulman, J.)",superior_court,Schulman,civil,standard,affirmed,per_curiam,Per Curiam,4,0,0,2,4-0,True,False,False,['property'],[],,False,[],,726,case_order,1.0.0,2026-08-03T12:15:51.981120,0.8
2024-0685,2024-0685,['2024-0685'],,,,The Bank of New York Mellon v. Thomas A. Frangos & a.,https://www.courts.nh.gov/sites/g/files/ehbemt471/files/documents/2025-11/20240685.pdf,,2025-10-09,,2025,,,,civil,standard,affirmed,per_curiam,Per Curiam,4,0,0,2,4-0,True,False,False,[],[],,False,[],,225,case_order,1.0.0,2026-08-03T12:15:52.047052,0.8
2025-0013,2025-0013,['2025-0013'],2025 N.H. 38,2025.0,38.0,"New England Glory, LLC v. Cutts Mansion Condominium Association",https://www.courts.nh.gov/sites/g/files/ehbemt471/files/documents/2025-11/20250013.pdf,,2025-10-09,,2025,"Superior Court (St. Hilaire and Kennedy, JJ.)",superior_court,,civil,standard,affirmed,per_curiam,Per Curiam,4,0,0,2,4-0,True,False,False,['civil_procedure'],"['RSA 356', 'RSA 356-B:15', 'RSA 491:8-a, III', 'RSA 356-B:15, II']",RSA 356,False,[],"We review the trial court’s application of law to the facts de
novo. Id. Finally, we review an award attorney’s fees to the prevailing party in
an action brought under RSA 356-B:15, see RSA 356-B:15, II, for an
unsustainable exercise of discretion. See Grenier v. Barclay Square
Commercial Condo. Owners’ Assoc., 150 N.H. 111, 115 (2003).
As the appealing party, the plaintiff has the burden of demonstrating
reversible error. Gallo v. Traina, 166 N.H. 737, 740 (2014). Based upon our
review of the trial court’s well-reasoned orders, the plaintiff’s arguments
challenging those orders, the relevant",469,case_order,1.0.0,2026-08-03T12:15:52.160161,0.8
2024-0468,2024-0468,['2024-0468'],,,,State of New Hampshire v. Heidi Holt,https://www.courts.nh.gov/sites/g/files/ehbemt471/files/documents/2025-11/20240468.pdf,,2025-10-09,,2025,"Circuit Court (Tenney, J.)",circuit_court,Tenney,civil,standard,affirmed,per_curiam,Per Curiam,4,0,0,2,4-0,True,False,False,['constitutional'],['RSA 637:3-a'],RSA 637:3-a,False,[],,480,case_order,1.0.0,2026-08-03T12:15:52.319739,0.8
2025-0002,2025-0002,['2025-0002'],,,,State of New Hampshire v. Benjamin A. Marcroft,https://www.courts.nh.gov/sites/g/files/ehbemt471/files/documents/2025-11/20250002.pdf,,2025-10-09,,2025,"Circuit Court (Boyle, R., approved by Christie, J.), following a bench trial, on a",circuit_court,"Boyle, R., approved by Christie",criminal,standard,affirmed,per_curiam,Per Curiam,4,0,0,2,4-0,True,False,False,"['criminal', 'contract', 'evidence']","['RSA 261:176', 'RSA 263:64, VI', 'RSA 642:1', 'RSA 502-A:11', 'RSA 490-F:3']",RSA 261:176,False,[],,983,case_order,1.0.0,2026-08-03T12:15:52.538642,0.8
2025-0078,2025-0078,['2025-0078'],,,,In the Matter of Athena Nicholson and Keith Nicholson,https://www.courts.nh.gov/sites/g/files/ehbemt471/files/documents/2025-11/20250078.pdf,,2025-10-09,,2025,"Circuit Court (Mace, J.)",circuit_court,Mace,family/domestic,standard,affirmed,per_curiam,Per Curiam,4,0,0,2,4-0,True,False,False,['family_law'],[],,False,[],,209,case_order,1.0.0,2026-08-03T12:15:52.598497,0.8
2024-0698,2024-0698,['2024-0698'],,,,B.K. v. B.W.,https://www.courts.nh.gov/sites/g/files/ehbemt471/files/documents/2025-10/20240698.pdf,,2025-10-08,,2025,"Circuit Court (Collins, J.)",circuit_court,Collins,family/domestic,standard,,per_curiam,Per Curiam,0,0,0,6,Unavailable,False,False,False,"['criminal', 'constitutional', 'property', 'employment', 'domestic_violence']","['RSA 633:3-a, III', 'RSA 633:3-a, I', 'RSA 633:3-a', 'RSA 626:2, II', 'RSA 633:3-a, II']","RSA 633:3-a, III",False,[],,1389,case_order,1.0.0,2026-08-03T12:15:52.961694,0.8
2024-0254,2024-0254,['2024-0254'],,,,Michael L. McLaughlin v. J. Martin McLaughlin,https://www.courts.nh.gov/sites/g/files/ehbemt471/files/documents/2025-10/20240254.pdf,,2025-10-07,,2025,Superior Court,superior_court,Colburn,civil,standard,,per_curiam,Per Curiam,0,0,0,6,Unavailable,False,False,False,"['insurance', 'civil_procedure', 'property']","['RSA 508:4', 'RSA 491:16']",RSA 508:4,False,[],,1208,case_order,1.0.0,2026-08-03T12:15:53.293590,0.8
2024-0587,2024-0587,['2024-0587'],,,,In the Matter of Elizabeth Reid and Bradley Reid; In re Guardianship of C.R.,https://www.courts.nh.gov/sites/g/files/ehbemt471/files/documents/2025-10/20240587.pdf,,2025-09-29,,2025,"Circuit Court (Carroll, R., approved by Boyle, J.), issued following",circuit_court,"Carroll, R., approved by Boyle",family/domestic,standard,affirmed,per_curiam,Per Curiam,4,0,0,2,4-0,True,False,False,"['family_law', 'property']","['RSA 458:16-a', 'RSA 458-C', 'RSA 458:16', 'RSA 458:16-a, II', 'RSA 458-C:2, IV']",RSA 458:16-a,False,[],,1167,case_order,1.0.0,2026-08-03T12:15:53.583662,0.8
2024-0660,2024-0660,['2024-0660'],,,,In re Name Change of Zebadiah Kellogg-Roe,https://www.courts.nh.gov/sites/g/files/ehbemt471/files/documents/2025-10/20240660.pdf,,2025-09-26,,2025,"Circuit Court (Cabrera, J.)",circuit_court,Cabrera,civil,standard,affirmed,per_curiam,Per Curiam,4,0,0,2,4-0,True,False,False,['constitutional'],"['RSA 547:3-i, II']","RSA 547:3-i, II",False,[],,525,case_order,1.0.0,2026-08-03T12:15:53.713205,0.8
2024-0333,2024-0333,['2024-0333'],,,,State of New Hampshire v. Jamie J. Judkins,https://www.courts.nh.gov/sites/g/files/ehbemt471/files/documents/2025-10/20240333.pdf,,2025-09-25,,2025,"Superior Court (MacLeod, J.)",superior_court,MacLeod,criminal,standard,,per_curiam,Per Curiam,0,0,0,6,Unavailable,False,False,False,"['criminal', 'evidence']","['RSA 262:23, I', 'RSA 262:24', 'RSA 263:64', 'RSA 260:14, II', 'RSA 262:19, I', 'RSA 262:19, III']","RSA 262:23, I",False,[],,1455,case_order,1.0.0,2026-08-03T12:15:54.064145,0.8
2025-0007,2025-0007,"['2025-0007', '2016-2019']",,,,In the Matter of Amberlynn Curtis and Clifton Boyd,https://www.courts.nh.gov/sites/g/files/ehbemt471/files/documents/2025-10/20250007.pdf,,2025-09-25,,2025,,,,civil,standard,affirmed,per_curiam,Per Curiam,4,0,0,2,4-0,True,False,False,"['statutory_interpretation', 'employment', 'tax']","['RSA 490-D:3', 'RSA 490-F:3']",RSA 490-D:3,True,[],,1208,case_order,1.0.0,2026-08-03T12:15:54.413062,0.8
2024-0521,2024-0521,['2024-0521'],,,,Lawrence Gormley v. Jennifer Rief,https://www.courts.nh.gov/sites/g/files/ehbemt471/files/documents/2025-09/20240521.pdf,,2025-09-19,,2025,"Circuit Court (Pendleton, J.)",circuit_court,Pendleton,civil,standard,affirmed,per_curiam,Per Curiam,3,0,0,3,3-0,True,False,False,"['civil_procedure', 'contract']","['RSA 524:1-a', 'RSA 524:1-a, i']",RSA 524:1-a,False,['de_novo'],,1086,case_order,1.0.0,2026-08-03T12:15:54.677135,0.8
2024-0614,2024-0614,['2024-0614'],,,,William Bartoswicz & a. v. Town of Effingham,https://www.courts.nh.gov/sites/g/files/ehbemt471/files/documents/2025-10/20240614.pdf,,2025-09-18,,2025,"Superior Court (Klass, J.)",superior_court,Klass,civil,standard,affirmed,per_curiam,Per Curiam,3,0,0,3,3-0,True,False,False,[],[],,False,[],,386,case_order,1.0.0,2026-08-03T12:15:54.774729,0.8
2024-0564,2024-0564,['2024-0564'],,,,In the Matter of Clara Carr and Ryan Carr,https://www.courts.nh.gov/sites/g/files/ehbemt471/files/documents/2025-10/20240564.pdf,,2025-09-17,,2025,,,,family/domestic,standard,,per_curiam,Per Curiam,0,0,0,6,Unavailable,False,False,False,"['family_law', 'statutory_interpretation', 'employment', 'tax']","['RSA 458-C:7, I', 'RSA 458-C:5, I', 'RSA 458-C', 'RSA 458-C:4, II', 'RSA 458-C:5', 'RSA 458-C:4', 'RSA 458-C:4-']","RSA 458-C:7, I",True,[],,1262,case_order,1.0.0,2026-08-03T12:15:55.132751,0.8
2024-0601,2024-0601,['2024-0601'],,,,Cassidy Stone & a. v. Jonathan Sapienza,https://www.courts.nh.gov/sites/g/files/ehbemt471/files/documents/2025-10/20240601.pdf,,2025-09-15,,2025,"Superior Court (Attorri, J.)",superior_court,Attorri,civil,standard,affirmed,per_curiam,Per Curiam,3,0,0,3,3-0,True,False,False,['contract'],[],,False,['clear_error'],,1048,case_order,1.0.0,2026-08-03T12:15:55.352675,0.8
2024-0563,2024-0563,['2024-0563'],,,,"In the Matter of Donald Coates, Jr. and Teresa Shanley",https://www.courts.nh.gov/sites/g/files/ehbemt471/files/documents/2025-10/20240563.pdf,,2025-09-12,,2025,Circuit Court,circuit_court,"LeFrancois, R., approved by Lown",family/domestic,standard,affirmed,per_curiam,Per Curiam,3,0,0,3,3-0,True,False,False,"['competency', 'family_law', 'DWI']","['RSA 461-A:6, I', 'RSA 461']","RSA 461-A:6, I",False,[],,1264,case_order,1.0.0,2026-08-03T12:15:55.677518,0.8
2024-0415,2024-0415,['2024-0415'],,,,James Gaffney & a. v. Town of Warner,https://www.courts.nh.gov/sites/g/files/ehbemt471/files/documents/2025-10/20240415.pdf,,2025-09-12,,2025,Superior Court,superior_court,Klass,civil,standard,affirmed,per_curiam,Per Curiam,2,0,0,4,2-0,True,False,False,['property'],"['RSA 674:33, I', 'RSA 677:4', 'RSA 490:3, II']","RSA 674:33, I",False,[],,250,case_order,1.0.0,2026-08-03T12:15:55.756413,0.8
2024-0043,2024-0043,['2024-0043'],,,,State of New Hampshire v. Jennifer A. Middlemiss,https://www.courts.nh.gov/sites/g/files/ehbemt471/files/documents/2025-10/20240043.pdf,,2025-09-12,,2025,"Circuit Court (Mace, J.)",circuit_court,Mace,family/domestic,standard,affirmed,per_curiam,Per Curiam,3,0,0,3,3-0,True,False,False,"['criminal', 'tort', 'evidence', 'domestic_violence']",['RSA 173-B:9'],RSA 173-B:9,False,[],,647,case_order,1.0.0,2026-08-03T12:15:55.972331,0.8
2024-0630,2024-0630,['2024-0630'],,,,Kelley Gomes & a. v. Todd Lacourse,https://www.courts.nh.gov/sites/g/files/ehbemt471/files/documents/2025-10/20240630.pdf,,2025-09-12,,2025,"Circuit Court (Boyle, R., approved by Keating, J.), following a small claim",circuit_court,"Boyle, R., approved by Keating",civil,standard,affirmed,per_curiam,Per Curiam,3,0,0,3,3-0,True,False,False,[],[],,False,[],,211,case_order,1.0.0,2026-08-03T12:15:56.031840,0.8
2025-0199,2025-0199,['2025-0199'],,,,S.L. v. S.B.,https://www.courts.nh.gov/sites/g/files/ehbemt471/files/documents/2025-10/20250199.pdf,,2025-09-12,,2025,Circuit Court,circuit_court,Gorman,family/domestic,standard,,per_curiam,Per Curiam,0,0,0,6,Unavailable,False,False,False,"['criminal', 'property', 'domestic_violence']","['RSA 173-B:5, I', 'RSA 173-B:1, I', 'RSA 173-B', 'RSA 173-B:3, VI', 'RSA 631:1', 'RSA 631:3', 'RSA 644:4']","RSA 173-B:5, I",False,[],,1533,case_order,1.0.0,2026-08-03T12:15:56.361998,0.8
2024-0464,2024-0464,['2024-0464'],,,,Debbie Orloff v. Jean-Paul Downs,https://www.courts.nh.gov/sites/g/files/ehbemt471/files/documents/2025-10/20240464.pdf,,2025-09-12,,2025,Superior Court,superior_court,"St.
Hilaire",civil,standard,affirmed,per_curiam,Per Curiam,3,0,0,3,3-0,True,False,False,[],[],,False,[],,187,case_order,1.0.0,2026-08-03T12:15:56.425084,0.8
2024-0519,2024-0519,['2024-0519'],,,,State of New Hampshire v. Donald Thompson,https://www.courts.nh.gov/sites/g/files/ehbemt471/files/documents/2025-10/20240519.pdf,,2025-09-12,,2025,"Circuit Court (Swegart, J.)",circuit_court,Swegart,criminal,standard,,per_curiam,Per Curiam,0,0,0,6,Unavailable,False,False,False,"['criminal', 'statutory_interpretation']","['RSA 265:4', 'RSA 642:2', 'RSA 265:4, I', 'RSA 626:2, II']",RSA 265:4,True,['de_novo'],,1396,case_order,1.0.0,2026-08-03T12:15:56.743891,0.8
2024-0544,2024-0544,['2024-0544'],,,,State of New Hampshire v. Michael P. Sexton,https://www.courts.nh.gov/sites/g/files/ehbemt471/files/documents/2025-10/20240544.pdf,,2025-09-03,,2025,Circuit Court,circuit_court,Greenhalgh,civil,standard,affirmed,per_curiam,Per Curiam,3,0,0,3,3-0,True,False,False,"['insurance', 'statutory_interpretation', 'constitutional']","['RSA 261:178', 'RSA 637:8']",RSA 261:178,True,['de_novo'],,925,case_order,1.0.0,2026-08-03T12:15:56.945251,0.8
2024-0233,2024-0233,['2024-0233'],,,,In the Matter of Danielle Desmarais and Ryan Desmarais,https://www.courts.nh.gov/sites/g/files/ehbemt471/files/documents/2025-08/20240233.pdf,,2025-08-29,,2025,"Circuit Court (Rauseo, J.)",circuit_court,Rauseo,family/domestic,standard,affirmed,per_curiam,Per Curiam,3,1,0,3,3-1,False,True,False,"['family_law', 'property', 'employment']","['RSA 458:19-a, IV', 'RSA 458:19-a, III', 'RSA 458:16-a', 'RSA 458:19-a, I']","RSA 458:19-a, IV",False,[],,1253,case_order,1.0.0,2026-08-03T12:15:57.272289,0.8
2023-0647,2023-0647,['2023-0647'],,,,State of New Hampshire v. John Santiago,https://www.courts.nh.gov/sites/g/files/ehbemt471/files/documents/2025-08/20230647.pdf,,2025-08-28,,2025,"Superior Court (Delker, J.)",superior_court,Delker,criminal,standard,,per_curiam,Per Curiam,0,0,0,6,Unavailable,False,False,False,"['criminal', 'constitutional', 'contract']","['RSA 318-B:2, I', 'RSA 629:3', 'RSA 570-A:9, IX']","RSA 318-B:2, I",False,['plain_error'],,1257,case_order,1.0.0,2026-08-03T12:15:57.581552,0.8
2024-0198,2024-0198,['2024-0198'],,,,State of New Hampshire v. John Delee,https://www.courts.nh.gov/sites/g/files/ehbemt471/files/documents/2025-09/20240198.pdf,,2025-08-28,,2025,"Superior Court (Delker, J.)",superior_court,Delker,criminal,standard,affirmed,per_curiam,Per Curiam,3,0,0,3,3-0,True,False,False,"['criminal', 'constitutional']","['RSA 604-A:6', 'RSA 630:1-b', 'RSA 631:3']",RSA 604-A:6,False,[],,1091,case_order,1.0.0,2026-08-03T12:15:57.862929,0.8
2024-0662,2024-0662,['2024-0662'],2025 N.H. 25,2025.0,25.0,Chad Mauldin & a. v. Angelo Fionda & a.,https://www.courts.nh.gov/sites/g/files/ehbemt471/files/documents/2025-11/20240662.pdf,,2025-10-28,,2025,"Superior Court (Temple, J.)",superior_court,Temple,civil,standard,affirmed,per_curiam,Per Curiam,4,0,0,2,4-0,True,False,False,"['property', 'contract', 'tort', 'evidence']",[],,False,[],"We do not decide whether we would have ruled
differently than the trial court, but rather, whether a reasonable person could
have rendered the same decision as the trial court based upon the same
evidence. Id. In reviewing the trial court’s decision, we defer to its judgment
on issues such as resolving conflicts in testimony, evaluating the credibility of
witnesses, and determining the weight of the evidence presented. Id. It is
within the province of the trial court to accept or reject, in whole or in part,
whatever evidence was presented, including testimony from an expert. Id.;
Town of Newb",989,case_order,1.0.0,2026-08-03T12:15:58.073924,0.8
2023-0518,2023-0518,['2023-0518'],,,,State of New Hampshire v. Adam Montgomery,https://www.courts.nh.gov/sites/g/files/ehbemt471/files/documents/2025-09/20230518.pdf,,2025-08-27,,2025,"Superior Court (Messer, J.)",superior_court,Messer,criminal,standard,affirmed,per_curiam,Per Curiam,3,0,0,3,3-0,True,False,False,"['criminal', 'property', 'evidence']","['RSA 159:3-a, I', 'RSA 637:3, I']","RSA 159:3-a, I",False,[],,1180,case_order,1.0.0,2026-08-03T12:15:58.371723,0.8
2024-0414,2024-0414,['2024-0414'],,,,"Cornerstone Capital Strategies, LLC & a. v. White Mountain Organic Growers’ Association, LLC & a.",https://www.courts.nh.gov/sites/g/files/ehbemt471/files/documents/2025-09/20240414.pdf,,2025-08-27,,2025,"Superior Court (MacLeod, J.)",superior_court,MacLeod,civil,standard,affirmed,per_curiam,Per Curiam,3,0,0,3,3-0,True,False,False,"['constitutional', 'property', 'contract']",[],,False,[],,375,case_order,1.0.0,2026-08-03T12:15:58.465472,0.8
2024-0581,2024-0581,['2024-0581'],,,,Brok-Alan Woodward-Griffith v. Triangle Credit Union,https://www.courts.nh.gov/sites/g/files/ehbemt471/files/documents/2025-09/20240581.pdf,,2025-08-25,,2025,"Superior Court (Klass, J.)",superior_court,Klass,civil,standard,affirmed,per_curiam,Per Curiam,3,0,0,3,3-0,True,False,False,['property'],[],,False,['clear_error'],,1179,case_order,1.0.0,2026-08-03T12:15:58.761416,0.8
2024-0453,2024-0453,['2024-0453'],,,,"Sheena Simpson, as next friend for M.P. v. Marcy Dovholuk & a.",https://www.courts.nh.gov/sites/g/files/ehbemt471/files/documents/2025-09/20240453.pdf,,2025-08-25,,2025,"Superior Court (Schulman, J.)",superior_court,Schulman,civil,standard,affirmed,per_curiam,Per Curiam,3,0,0,3,3-0,True,False,False,"['constitutional', 'property', 'contract', 'tort']",[],,False,[],,252,case_order,1.0.0,2026-08-03T12:15:58.830216,0.8
2025-0083,2025-0083,['2025-0083'],,,,Silvio Pupino & a. v. Rosemary Santos & a.,https://www.courts.nh.gov/sites/g/files/ehbemt471/files/documents/2025-09/20250083.pdf,,2025-08-25,,2025,"Circuit Court (Pendleton, J.)",circuit_court,Pendleton,civil,standard,affirmed,per_curiam,Per Curiam,3,0,0,3,3-0,True,False,False,"['statutory_interpretation', 'contract']","['RSA 503:1, I']","RSA 503:1, I",True,[],,657,case_order,1.0.0,2026-08-03T12:15:59.009620,0.8
20240569and20240570,20240569and20240570,"['2024-0569', '2024-0570']",,,,In the Matter of Trilby Dutra and Brandon Dutra,https://www.courts.nh.gov/sites/g/files/ehbemt471/files/documents/2025-09/20240569and20240570.pdf,,2025-08-22,,2025,"Circuit Court (Hall, J.)",circuit_court,Hall,family/domestic,standard,affirmed,per_curiam,Per Curiam,3,0,0,3,3-0,True,False,False,"['criminal', 'family_law', 'domestic_violence']","['RSA 458', 'RSA 458-A:15, I']",RSA 458,False,[],,674,case_order,1.0.0,2026-08-03T12:15:59.158719,0.8
2024-0334,2024-0334,['2024-0334'],,,,"Jason Rule v. Del R. Gilbert & Son Block Co., Inc. & a.",https://www.courts.nh.gov/sites/g/files/ehbemt471/files/documents/2025-09/20240334.pdf,,2025-08-21,,2025,,,,civil,standard,affirmed,per_curiam,Per Curiam,3,0,0,3,3-0,True,False,False,"['contract', 'tort']",[],,False,[],,852,case_order,1.0.0,2026-08-03T12:15:59.386854,0.8
2024-0557,2024-0557,['2024-0557'],,,,Laurie A. Ortolano v. City of Nashua,https://www.courts.nh.gov/sites/g/files/ehbemt471/files/documents/2025-09/20240557.pdf,,2025-08-21,,2025,"Superior Court (Temple, J.)",superior_court,Temple,family/domestic,standard,affirmed,per_curiam,Per Curiam,3,0,0,3,3-0,True,False,False,['domestic_violence'],"['RSA 91-A:4, I', 'RSA 91-A:5']","RSA 91-A:4, I",False,[],,549,case_order,1.0.0,2026-08-03T12:15:59.518856,0.8
2024-0292,2024-0292,['2024-0292'],,,,State of New Hampshire v. Ian Todd MacDonald,https://www.courts.nh.gov/sites/g/files/ehbemt471/files/documents/2025-09/20240292.pdf,,2025-08-20,,2025,"Circuit Court (Zaino, J.)",circuit_court,Zaino,family/domestic,standard,,per_curiam,Per Curiam,0,0,0,6,Unavailable,False,False,False,"['criminal', 'property', 'employment', 'domestic_violence']",[],,False,['de_novo'],,1373,case_order,1.0.0,2026-08-03T12:15:59.834654,0.8
2024-0488,2024-0488,['2024-0488'],,,,Kimberly Santos v. Clint Griffin,https://www.courts.nh.gov/sites/g/files/ehbemt471/files/documents/2025-09/20240488.pdf,,2025-08-20,,2025,Superior Court,superior_court,Wageling,civil,standard,affirmed,per_curiam,Per Curiam,3,0,0,3,3-0,True,False,False,['property'],[],,False,[],,198,case_order,1.0.0,2026-08-03T12:15:59.899075,0.8
2024-0474,2024-0474,['2024-0474'],,,,Town of Newmarket v. Jeffrey T. Clay; Jeffrey T. Clay v. Town of Newmarket,https://www.courts.nh.gov/sites/g/files/ehbemt471/files/documents/2025-09/20240474.pdf,,2025-08-20,,2025,,,Schulman,civil,standard,affirmed,per_curiam,Per Curiam,3,0,0,3,3-0,True,False,False,"['civil_procedure', 'statutory_interpretation', 'tax']",['RSA 91'],RSA 91,True,[],,401,case_order,1.0.0,2026-08-03T12:16:00.011672,0.8
2024-0558,2024-0558,['2024-0558'],,,,In the Matter of Melony Lyons and Daniel Lyons,https://www.courts.nh.gov/sites/g/files/ehbemt471/files/documents/2025-09/20240558.pdf,,2025-08-20,,2025,,,,family/domestic,standard,affirmed,per_curiam,Per Curiam,3,0,0,3,3-0,True,False,False,"['family_law', 'property']",['RSA 458:16-a'],RSA 458:16-a,False,[],,195,case_order,1.0.0,2026-08-03T12:16:00.076045,0.8
2024-0700,2024-0700,['2024-0700'],,,,"John R. Griffin, Jr. v. Jackson Lewis, P.C. & a.",https://www.courts.nh.gov/sites/g/files/ehbemt471/files/documents/2025-09/20240700.pdf,,2025-08-19,,2025,"Superior Court (Frizzell, J.)",superior_court,Frizzell,civil,standard,affirmed,per_curiam,Per Curiam,3,0,0,3,3-0,True,False,False,"['employment', 'tort', 'evidence']",[],,False,[],,338,case_order,1.0.0,2026-08-03T12:16:00.214449,0.8
2024-0455,2024-0455,['2024-0455'],,,,Bharat Rathi v. City of Nashua,https://www.courts.nh.gov/sites/g/files/ehbemt471/files/documents/2025-09/20240455.pdf,,2025-08-19,,2025,,,,civil,standard,affirmed,per_curiam,Per Curiam,3,0,0,3,3-0,True,False,False,['property'],['RSA 677:15'],RSA 677:15,False,[],,385,case_order,1.0.0,2026-08-03T12:16:00.310415,0.8
2024-0330,2024-0330,['2024-0330'],2025 N.H. 13,2025.0,13.0,Appeal of Girard Conti,https://www.courts.nh.gov/sites/g/files/ehbemt471/files/documents/2025-08/20240330.pdf,,2025-08-14,,2025,,,,family/domestic,standard,affirmed,per_curiam,Per Curiam,4,0,0,3,4-0,True,False,False,"['administrative_law', 'family_law', 'constitutional', 'property', 'tax']","['RSA 72:39-a', 'RSA 72:39-b', 'RSA 72:39-a, I', 'RSA 458']",RSA 72:39-a,False,['de_novo'],"The Supremacy Clause provides that “the laws of the United States . . .
shall be the supreme law of the land.” U.S. CONST. art. VI, cl. 2; see Oneok,
Inc. v. Learjet, Inc., 575 U.S. 373, 376 (2015). Congress may preempt a state
law through federal legislation. Oneok, 575 U.S. at 376. It may do so through
express language in a statute. Id. Congress may also implicitly preempt a
state law, rule, or other state action. See id. at 376-77. It may do so either
through “field” preemption or “conflict” preemption. Id. at 377. Conflict
preemption exists where “compliance with both state and federal law",1032,case_order,1.0.0,2026-08-03T12:16:00.565134,0.8
2023-0400,2023-0400,['2023-0400'],,,,State of New Hampshire v. Rey DeJesus,https://www.courts.nh.gov/sites/g/files/ehbemt471/files/documents/2025-08/20230400.pdf,,2025-08-12,,2025,"Superior Court (Temple, J.)",superior_court,Temple,criminal,standard,,per_curiam,Per Curiam,0,0,0,6,Unavailable,False,False,False,"['criminal', 'competency', 'constitutional', 'evidence']",[],,False,['de_novo'],,1345,case_order,1.0.0,2026-08-03T12:16:00.949725,0.8
2025-0017,2025-0017,['2025-0017'],,,,L.B. v. P.I.,https://www.courts.nh.gov/sites/g/files/ehbemt471/files/documents/2025-08/20250017.pdf,,2025-08-12,,2025,"Circuit Court (Collins, J.)",circuit_court,Collins,family/domestic,standard,,per_curiam,Per Curiam,0,0,0,6,Unavailable,False,False,False,"['criminal', 'family_law', 'employment', 'evidence', 'domestic_violence']","['RSA 173-B:5', 'RSA 173', 'RSA 173-B:3, VI', 'RSA 173-B:5, I', 'RSA 173-B:1, I', 'RSA 631:1', 'RSA 631:3', 'RSA 633:1', 'RSA 633:3-a', 'RSA 631:2-a']",RSA 173-B:5,False,['de_novo'],,1416,case_order,1.0.0,2026-08-03T12:16:01.274194,0.8
2024-0224,2024-0224,['2024-0224'],2024 N.H. 61,2024.0,61.0,"135 NSS, LLC & a. v. City of Concord",https://www.courts.nh.gov/sites/g/files/ehbemt471/files/documents/2025-08/20240224.pdf,,2025-08-12,,2024,Superior Court,superior_court,Kissinger,civil,standard,reversed,per_curiam,Per Curiam,0,0,0,6,Unavailable,False,False,False,"['constitutional', 'property', 'evidence']","['RSA 677:4', 'RSA 677:6']",RSA 677:4,False,[],"The superior court
was obligated to treat the factual findings of the ZBA as prima facie lawful and
reasonable and could not set aside its decision absent unreasonableness or an
identified error of law. See id.; see also RSA 677:6 (2016). We will uphold the
superior court’s decision unless it is unsupported by the evidence or is legally
erroneous. Monadnock, 177 N.H. at ___, 2024 N.H. 61,",1320,case_order,1.0.0,2026-08-03T12:16:01.578202,0.8
2024-0320,2024-0320,['2024-0320'],2024 N.H. 2,2024.0,2.0,State of New Hampshire v. Matthew Rinaldi,https://www.courts.nh.gov/sites/g/files/ehbemt471/files/documents/2025-08/20240320.pdf,,2025-08-12,,2024,,,,criminal,standard,dismissed,per_curiam,Per Curiam,0,0,0,6,Unavailable,False,False,False,"['criminal', 'evidence']","['RSA 632-A:2, I']","RSA 632-A:2, I",False,[],"Intrinsic evidence, on the other hand, is not subject to Rule
404(b). Id. at 406; 2024 N.H. 2,",1288,case_order,1.0.0,2026-08-03T12:16:01.903526,0.8
2024-0252,2024-0252,['2024-0252'],,,,In the Matter of Valerie Bois and Alan Bois,https://www.courts.nh.gov/sites/g/files/ehbemt471/files/documents/2025-08/20240252.pdf,,2025-08-06,,2025,,,,family/domestic,standard,,per_curiam,Per Curiam,0,0,0,6,Unavailable,False,False,False,"['family_law', 'property']","['RSA 458:19, XIV', 'RSA 458:19-a, II', 'RSA 458:16-a', 'RSA 458:19-a, V', 'RSA 458:19-a, VI']","RSA 458:19, XIV",False,[],,1248,case_order,1.0.0,2026-08-03T12:16:02.210229,0.8
2024-0046,2024-0046,['2024-0046'],,,,"BDP Holdings, LLC v. The Eideard Group, LLC & a.",https://www.courts.nh.gov/sites/g/files/ehbemt471/files/documents/2025-08/20240046.pdf,,2025-08-01,,2025,"Superior Court (Delker, J.)",superior_court,Delker,civil,standard,,per_curiam,Per Curiam,0,0,0,6,Unavailable,False,False,False,"['civil_procedure', 'contract', 'tort']","['RSA 508:4, I']","RSA 508:4, I",False,[],,1321,case_order,1.0.0,2026-08-03T12:16:02.534848,0.8
2024-0412,2024-0412,['2024-0412'],,,,Appeal of Richard Craig Smeeth & a.,https://www.courts.nh.gov/sites/g/files/ehbemt471/files/documents/2025-07/20240412.pdf,,2025-07-29,,2025,,,,civil,standard,dismissed,per_curiam,Per Curiam,3,0,0,3,3-0,True,False,False,"['civil_procedure', 'property']","['RSA 508:10', 'RSA 679:6, I', 'RSA 677:4', 'RSA 677:15, I']",RSA 508:10,False,[],,865,case_order,1.0.0,2026-08-03T12:16:02.714322,0.8
2024-0403,2024-0403,['2024-0403'],,,,"Bellevue Properties, Inc. v. Town of Conway",https://www.courts.nh.gov/sites/g/files/ehbemt471/files/documents/2025-08/20240403.pdf,,2025-07-24,,2025,"Superior Court (Attorri, J.)",superior_court,Attorri,civil,standard,affirmed,per_curiam,Per Curiam,3,0,0,4,3-0,True,False,False,[],"['RSA 677:15', 'RSA 677:15, V', 'RSA 490:3']",RSA 677:15,False,[],,680,case_order,1.0.0,2026-08-03T12:16:02.913718,0.8
2024-0186,2024-0186,['2024-0186'],,,,Adrien Auclair v. Colton Harvey & a.,https://www.courts.nh.gov/sites/g/files/ehbemt471/files/documents/2025-07/20240186.pdf,,2025-07-22,,2025,Circuit Court,circuit_court,Gardner,civil,standard,,per_curiam,Per Curiam,0,0,0,6,Unavailable,False,False,False,['contract'],"['RSA 540-A:3, I', 'RSA 540-A:4', 'RSA 540-A', 'RSA 540-A:1, I', 'RSA 540-A:1, II', 'RSA 540-A:1', 'RSA 540:12', 'RSA 540']","RSA 540-A:3, I",False,['de_novo'],,1399,case_order,1.0.0,2026-08-03T12:16:03.215438,0.8
2024-0428,2024-0428,['2024-0428'],,,,Stephen D. Anderson & a. v. Geoffrey E. Snyder,https://www.courts.nh.gov/sites/g/files/ehbemt471/files/documents/2025-07/20240428.pdf,,2025-07-22,,2025,,,,civil,standard,,per_curiam,Per Curiam,0,0,0,6,Unavailable,False,False,False,"['statutory_interpretation', 'constitutional', 'evidence', 'tax']","['RSA 510:4, I']","RSA 510:4, I",True,['de_novo'],,1368,case_order,1.0.0,2026-08-03T12:16:03.621109,0.8
2024-0376,2024-0376,['2024-0376'],,,,In the Matter of Zachary Zieroff and April Zieroff,https://www.courts.nh.gov/sites/g/files/ehbemt471/files/documents/2025-08/20240376.pdf,,2025-07-21,,2025,"Circuit Court (Carroll, R., approved by Boyle, J.) in his divorce",circuit_court,"Carroll, R., approved by Boyle",family/domestic,standard,,per_curiam,Per Curiam,0,0,0,6,Unavailable,False,False,False,"['family_law', 'property', 'employment']","['RSA 458:16-a, II', 'RSA 458:16-a, IV']","RSA 458:16-a, II",False,[],,1448,case_order,1.0.0,2026-08-03T12:16:03.950268,0.8
2023-0495,2023-0495,['2023-0495'],,,,State of New Hampshire v. Raymond Cournoyer,https://www.courts.nh.gov/sites/g/files/ehbemt471/files/documents/2025-08/20230495.pdf,,2025-07-18,,2025,"Superior Court (Kissinger, J.)",superior_court,Kissinger,criminal,standard,affirmed,per_curiam,Per Curiam,3,0,0,3,3-0,True,False,False,['criminal'],"['RSA 632-A:2, I']","RSA 632-A:2, I",False,['plain_error'],,996,case_order,1.0.0,2026-08-03T12:16:04.256744,0.8
2024-0220,2024-0220,['2024-0220'],,,,"Black Brook Realty Tuscan Village North, LLC v. Mark Dufresne & a.",https://www.courts.nh.gov/sites/g/files/ehbemt471/files/documents/2025-08/20240220.pdf,,2025-07-18,,2025,"Superior Court (Schulman, J.)",superior_court,Schulman,civil,standard,affirmed,per_curiam,Per Curiam,3,0,0,3,3-0,True,False,False,[],[],,False,[],,290,case_order,1.0.0,2026-08-03T12:16:04.336359,0.8
2024-0594,2024-0594,['2024-0594'],,,,Aldean Khater v. New Hampshire Department of Revenue Administration,https://www.courts.nh.gov/sites/g/files/ehbemt471/files/documents/2025-08/20240594.pdf,,2025-07-18,,2025,"Superior Court (Kissinger, J.)",superior_court,Kissinger,civil,standard,affirmed,per_curiam,Per Curiam,3,0,0,3,3-0,True,False,False,"['administrative_law', 'tort', 'tax']","['RSA 21-J:28-b, IV', 'RSA 21-J:28-a', 'RSA 21-J:28-', 'RSA 21-J:28-a, VI', 'RSA 541']","RSA 21-J:28-b, IV",False,[],,616,case_order,1.0.0,2026-08-03T12:16:04.530342,0.8
2025-0106,2025-0106,['2025-0106'],,,,E.O. v. R.T.,https://www.courts.nh.gov/sites/g/files/ehbemt471/files/documents/2025-08/20250106.pdf,,2025-07-18,,2025,Circuit Court,circuit_court,Chabot,family/domestic,standard,affirmed,per_curiam,Per Curiam,3,0,0,3,3-0,True,False,False,"['statutory_interpretation', 'domestic_violence', 'tax']","['RSA 173-B:5, VI']","RSA 173-B:5, VI",True,[],,654,case_order,1.0.0,2026-08-03T12:16:04.686568,0.8
2025-0039,2025-0039,['2025-0039'],,,,Oliver Weiss v. Desteny Dube,https://www.courts.nh.gov/sites/g/files/ehbemt471/files/documents/2025-08/20250039.pdf,,2025-07-17,,2025,Circuit Court,circuit_court,"Boyle, R.,
approved by Paine",civil,standard,vacated,per_curiam,Per Curiam,3,0,0,3,3-0,True,False,False,"['property', 'contract']","['RSA 540-A', 'RSA 540', 'RSA 540:13-a', 'RSA 540:2', 'RSA 540:2, II']",RSA 540-A,False,[],,910,case_order,1.0.0,2026-08-03T12:16:04.995658,0.8
2025-0138,2025-0138,['2025-0138'],,,,"Allan Lewis v. NBV-Briar Ridge, LLC",https://www.courts.nh.gov/sites/g/files/ehbemt471/files/documents/2025-08/20250138.pdf,,2025-07-17,,2025,,,,civil,standard,affirmed,per_curiam,Per Curiam,3,0,0,3,3-0,True,False,False,"['civil_procedure', 'statutory_interpretation', 'property']",['RSA 524:6-a'],RSA 524:6-a,True,[],,557,case_order,1.0.0,2026-08-03T12:16:05.135950,0.8
2025-0044,2025-0044,['2025-0044'],,,,Natalia Markelova v. Daniil Del Gaudio,https://www.courts.nh.gov/sites/g/files/ehbemt471/files/documents/2025-08/20250044.pdf,,2025-07-17,,2025,,,,civil,standard,affirmed,per_curiam,Per Curiam,3,0,0,3,3-0,True,False,False,['constitutional'],[],,False,[],,392,case_order,1.0.0,2026-08-03T12:16:05.249223,0.8
2024-0418,2024-0418,['2024-0418'],,,,"Edwin Valdez-Aguilar v. Commissioner, New Hampshire Department of Corrections",https://www.courts.nh.gov/sites/g/files/ehbemt471/files/documents/2025-08/20240418.pdf,,2025-07-17,,2025,,,,civil,standard,dismissed,per_curiam,Per Curiam,3,0,0,3,3-0,True,False,False,"['civil_procedure', 'statutory_interpretation', 'contract', 'DWI']",[],,True,[],,601,case_order,1.0.0,2026-08-03T12:16:05.463650,0.8
2025-0156,2025-0156,['2025-0156'],,,,W.C. v. J.W.,https://www.courts.nh.gov/sites/g/files/ehbemt471/files/documents/2025-08/20250156.pdf,,2025-07-17,,2025,"Circuit Court (Swegart, J.)",circuit_court,Swegart,family/domestic,standard,affirmed,per_curiam,Per Curiam,3,0,0,3,3-0,True,False,False,"['criminal', 'constitutional', 'employment', 'domestic_violence']","['RSA 633:3-a', 'RSA 633:3-a, I', 'RSA 633:3-a, II', 'RSA 633:3-a, III']",RSA 633:3-a,False,[],,824,case_order,1.0.0,2026-08-03T12:16:05.681629,0.8
2024-0405,2024-0405,['2024-0405'],,,,Bear Revocable Trust & a. v. Town of Chichester,https://www.courts.nh.gov/sites/g/files/ehbemt471/files/documents/2025-08/20250405.pdf,,2025-07-09,,2025,,,,civil,standard,affirmed,per_curiam,Per Curiam,4,0,0,3,4-0,True,False,False,"['administrative_law', 'property']","['RSA 674:33, I', 'RSA 677:4']","RSA 674:33, I",False,[],,451,case_order,1.0.0,2026-08-03T12:16:05.807516,0.8
2024-0541,2024-0541,['2024-0541'],,,,Judith Upham v. Metropolitan General Insurance Company & a.,https://www.courts.nh.gov/sites/g/files/ehbemt471/files/documents/2025-08/20240541.pdf,,2025-07-03,,2025,"Superior Court (Ruoff, J.)",superior_court,Ruoff,civil,standard,affirmed,per_curiam,Per Curiam,4,0,0,3,4-0,True,False,False,"['insurance', 'civil_procedure', 'contract']",[],,False,[],,317,case_order,1.0.0,2026-08-03T12:16:05.937937,0.8
2024-0370,2024-0370,['2024-0370'],,,,In the Matter of Michelle Cicale and Marc Cicale,https://www.courts.nh.gov/sites/g/files/ehbemt471/files/documents/2025-08/20240370.pdf,,2025-07-03,,2025,"Circuit Court (Christo, J.)",circuit_court,Christo,family/domestic,standard,affirmed,per_curiam,Per Curiam,4,0,0,3,4-0,True,False,False,"['family_law', 'statutory_interpretation', 'property']",['RSA 458:16-a'],RSA 458:16-a,True,[],,932,case_order,1.0.0,2026-08-03T12:16:06.141386,0.8
2024-0367,2024-0367,['2024-0367'],,,,Brian Gifford v. Roger Mason & a.,https://www.courts.nh.gov/sites/g/files/ehbemt471/files/documents/2025-08/20240367.pdf,,2025-07-03,,2025,Circuit Court,circuit_court,LeDuc,civil,standard,affirmed,per_curiam,Per Curiam,4,0,0,3,4-0,True,False,False,['contract'],['RSA 358-A'],RSA 358-A,False,[],,681,case_order,1.0.0,2026-08-03T12:16:06.335855,0.8
2024-0377,2024-0377,['2024-0377'],,,,Harborside New Hampshire Limited Partnership v. Kenneth R. Legrice & a.,https://www.courts.nh.gov/sites/g/files/ehbemt471/files/documents/2025-08/20240377.pdf,,2025-07-03,,2025,Superior Court,superior_court,Ruoff,civil,standard,affirmed,per_curiam,Per Curiam,4,0,0,3,4-0,True,False,False,['property'],[],,False,[],,189,case_order,1.0.0,2026-08-03T12:16:06.397886,0.8
2024-0524,2024-0524,['2024-0524'],,,,S.R. v. R.G.,https://www.courts.nh.gov/sites/g/files/ehbemt471/files/documents/2025-07/20240524.pdf,,2025-07-02,,2025,"Circuit Court (Walch, J.)",circuit_court,Walch,family/domestic,standard,affirmed,per_curiam,Per Curiam,3,0,0,3,3-0,True,False,False,"['criminal', 'constitutional', 'domestic_violence']","['RSA 633:3-a, III', 'RSA 633:3-a, I', 'RSA 633:3-a, II', 'RSA 633:3-a']","RSA 633:3-a, III",False,[],,393,case_order,1.0.0,2026-08-03T12:16:06.526508,0.8
2023-0700,2023-0700,['2023-0700'],2024 N.H. 50,2024.0,50.0,John Doe v. Town of Lisbon & a.,https://www.courts.nh.gov/sites/g/files/ehbemt471/files/documents/2025-07/20230700.pdf,,2025-07-02,,2024,,,,civil,standard,remanded,per_curiam,Per Curiam,0,0,0,6,Unavailable,False,False,False,"['administrative_law', 'civil_procedure', 'constitutional', 'employment']","['RSA 105:13-d', 'RSA 105:13-d, I']",RSA 105:13-d,False,['de_novo'],", 22, 24, in which we announced a
new standard for determining when an officer’s conduct is potentially
exculpatory for the purposes of RSA 105:13-d. Accordingly, we vacate and
remand for the trial court to apply this new standard in the first instance.
We next address the parties’ arguments regarding what pre-placement
process was due. The defendants argue that the process the plaintiff received
was sufficient because it is “virtually identical” to the process that we found
constitutionally sufficient in Gantert. See Gantert v. City of Rochester, 168
N.H. 640, 643-44, 649-50 (2016). Citing Ga",1399,case_order,1.0.0,2026-08-03T12:16:06.870471,0.8
2024-0556,2024-0556,['2024-0556'],,,,Andrew Delaney v. William Hoke & a.,https://www.courts.nh.gov/sites/g/files/ehbemt471/files/documents/2025-08/20240556.pdf,,2025-07-02,,2025,"Superior Court (Livernois, J.)",superior_court,Livernois,civil,standard,affirmed,per_curiam,Per Curiam,4,0,0,3,4-0,True,False,False,"['evidence', 'tax']",[],,False,[],,232,case_order,1.0.0,2026-08-03T12:16:06.935024,0.8
2024-0523,2024-0523,['2024-0523'],,,,D.V. v. R.G.,https://www.courts.nh.gov/sites/g/files/ehbemt471/files/documents/2025-07/20240523.pdf,,2025-07-02,,2025,"Circuit Court (Walch, J.)",circuit_court,Walch,family/domestic,standard,,per_curiam,Per Curiam,0,0,0,6,Unavailable,False,False,False,"['criminal', 'constitutional', 'property', 'tort', 'domestic_violence', 'tax']","['RSA 633:3-a, III', 'RSA 490-F:18', 'RSA 633:3-a, I', 'RSA 633:3-a, II', 'RSA 644:4, II', 'RSA 173-B:3, VI', 'RSA 173-B']","RSA 633:3-a, III",False,[],,1401,case_order,1.0.0,2026-08-03T12:16:07.256391,0.8
2024-0068,2024-0068,['2024-0068'],,,,Kathryn Wolf v. Patrick Brown,https://www.courts.nh.gov/sites/g/files/ehbemt471/files/documents/2025-07/20240068.pdf,,2025-07-01,,2025,"Superior Court (Smith, J.)",superior_court,Smith,civil,standard,,per_curiam,Per Curiam,0,0,0,6,Unavailable,False,False,False,"['civil_procedure', 'statutory_interpretation', 'property', 'contract']","['RSA 79:10, I', 'RSA 491:8-a, III']","RSA 79:10, I",True,['de_novo'],,1302,case_order,1.0.0,2026-08-03T12:16:07.580677,0.8
2024-0142,2024-0142,['2024-0142'],2024 N.H. 50,2024.0,50.0,Anthony Pivero v. Attorney General & a.,https://www.courts.nh.gov/sites/g/files/ehbemt471/files/documents/2025-06/20240142.pdf,,2025-06-27,,2024,"Superior Court (Tucker, J.)",superior_court,Tucker,criminal,standard,,per_curiam,Per Curiam,0,0,0,6,Unavailable,False,False,False,"['criminal', 'administrative_law', 'civil_procedure', 'statutory_interpretation', 'constitutional']","['RSA 105:13-d', 'RSA 105:13-d, I', 'RSA 105:13-d, II']",RSA 105:13-d,True,[],"In Doe (Activity Logs), we held that “within the context of RSA 105:13-d,
‘potentially exculpatory evidence’ is evidence, including impeachment evidence,
that is reasonably capable of being material to guilt or to punishment.” Doe
(Activity Logs), 176 N.H. at 814, 2024 N.H. 50,",1285,case_order,1.0.0,2026-08-03T12:16:07.898246,0.8
2024-0395,2024-0395,['2024-0395'],,,,Appeal of Jane Palangas,https://www.courts.nh.gov/sites/g/files/ehbemt471/files/documents/2025-06/20240395.pdf,,2025-06-24,,2025,,,,civil,standard,,per_curiam,Per Curiam,0,0,0,6,Unavailable,False,False,False,"['insurance', 'administrative_law', 'employment', 'DWI']","['RSA 281-A:19', 'RSA 541:13']",RSA 281-A:19,False,[],,1363,case_order,1.0.0,2026-08-03T12:16:08.171609,0.8
2023-0660,2023-0660,['2023-0660'],,,,Lyn Spain & a. v. James Bowles & a.,https://www.courts.nh.gov/sites/g/files/ehbemt471/files/documents/2025-06/20230660.pdf,,2025-06-24,,2025,"Superior Court (Kissinger, J.)",superior_court,Kissinger,civil,standard,,per_curiam,Per Curiam,0,0,0,6,Unavailable,False,False,False,"['property', 'contract']",[],,False,['de_novo'],,1416,case_order,1.0.0,2026-08-03T12:16:08.502142,0.8
2023-0661,2023-0661,['2023-0661'],,,,Tamre McCrea & a. v. New Hampshire Department of Transportation,https://www.courts.nh.gov/sites/g/files/ehbemt471/files/documents/2025-06/20230661.pdf,,2025-06-24,,2025,Superior Court,superior_court,,civil,standard,affirmed,per_curiam,Per Curiam,0,0,0,6,Unavailable,False,False,False,"['administrative_law', 'civil_procedure', 'contract', 'tort']","['RSA 541-B:19, I', 'RSA 230:78-', 'RSA 230:80, I']","RSA 541-B:19, I",False,['de_novo'],,1377,case_order,1.0.0,2026-08-03T12:16:08.815819,0.8
2024-0213,2024-0213,['2024-0213'],,,,State of New Hampshire v. Shane M. Beattie & a.,https://www.courts.nh.gov/sites/g/files/ehbemt471/files/documents/2025-06/20240213.pdf,,2025-06-18,,2025,"Superior Court (MacLeod, J.)",superior_court,MacLeod,civil,standard,,per_curiam,Per Curiam,0,0,0,6,Unavailable,False,False,False,"['administrative_law', 'civil_procedure', 'property', 'contract']",['RSA 498-A:1'],RSA 498-A:1,False,['de_novo'],,1415,case_order,1.0.0,2026-08-03T12:16:09.140502,0.8
2025-0021,2025-0021,['2025-0021'],,,,"Velocity Investments, LLC v. Brodie Kio",https://www.courts.nh.gov/sites/g/files/ehbemt471/files/documents/2025-07/20250021.pdf,,2025-06-18,,2025,,,,civil,standard,vacated,per_curiam,Per Curiam,4,0,0,3,4-0,True,False,False,['contract'],['RSA 524:6-a'],RSA 524:6-a,False,[],,627,case_order,1.0.0,2026-08-03T12:16:09.328008,0.8
2024-0373,2024-0373,['2024-0373'],2024 N.H. 5,2024.0,5.0,Town of Hanover v. John Doe & a.,https://www.courts.nh.gov/sites/g/files/ehbemt471/files/documents/2025-07/20240373.pdf,,2025-06-17,,2024,Superior Court,superior_court,MacLeod,civil,standard,affirmed,per_curiam,Per Curiam,4,0,0,3,4-0,True,False,False,['civil_procedure'],['RSA 91-A:5'],RSA 91-A:5,False,['de_novo'],"We will affirm the trial court’s
grant of summary judgment if our review of the evidence discloses no genuine
issues of material fact, that is, facts that would affect the outcome of the case,
and if the moving party is entitled to judgment as a matter of law. See id. We
review the trial court’s application of law to the facts de novo. Id.
As the appealing party, Doe bears the burden on appeal of demonstrating
reversible error. Gallo v. Traina, 166 N.H. 737, 740 (2014). Based upon our
review of the trial court’s thorough and well-reasoned decision, Doe’s
arguments, the relevant law, and the re",407,case_order,1.0.0,2026-08-03T12:16:09.429088,0.8
2023-0640,2023-0640,"['2023-0640', '2021-2022', '2022-2023']",2024 N.H. 53,2024.0,53.0,Quinton Cepiel & a. v. New Hampshire Interscholastic Athletic Association & a.,https://www.courts.nh.gov/sites/g/files/ehbemt471/files/documents/2025-06/20230640.pdf,,2025-06-17,,2024,"Superior Court (Kissinger, J.)",superior_court,Kissinger,civil,standard,dismissed,per_curiam,Per Curiam,0,0,0,6,Unavailable,False,False,False,"['administrative_law', 'civil_procedure', 'constitutional']",['RSA 356'],RSA 356,False,[],"Because standing implicates the
court’s subject matter jurisdiction, it may be raised at any time in a
proceeding. Id. Typically, standing under the New Hampshire Constitution
requires parties to have personal legal or equitable rights that are adverse to
one another, with regard to an actual, not hypothetical, dispute, which is
capable of judicial redress. Id. at ___, 2024 N.H. 53,",1241,case_order,1.0.0,2026-08-03T12:16:09.743515,0.8
2024-0012,2024-0012,['2024-0012'],,,,State of New Hampshire v. Shawn T. Ames,https://www.courts.nh.gov/sites/g/files/ehbemt471/files/documents/2025-07/20240012.pdf,,2025-06-16,,2025,"Circuit Court (Tenney, J.)",circuit_court,Tenney,criminal,standard,affirmed,per_curiam,Per Curiam,4,0,0,3,4-0,True,False,False,['criminal'],"['RSA 637:4', 'RSA 637:11, III']",RSA 637:4,False,[],,423,case_order,1.0.0,2026-08-03T12:16:09.844473,0.8
20240410and20240571,20240410and20240571,"['2024-0410', '2024-0571']",,,,"Big Step, LLC v. City of Concord; Kassey Cameron v. City of Concord & a.",https://www.courts.nh.gov/sites/g/files/ehbemt471/files/documents/2025-07/20240410and20240571.pdf,,2025-06-16,,2025,"Superior Court (Klass, J.)",superior_court,Klass,civil,standard,reversed_and_remanded,per_curiam,Per Curiam,4,0,0,3,4-0,True,False,False,"['administrative_law', 'statutory_interpretation', 'property']","['RSA 677:6', 'RSA 676:5, I', 'RSA 677:2', 'RSA 677:4', 'RSA 677:15, I']",RSA 677:6,True,['de_novo'],,1314,case_order,1.0.0,2026-08-03T12:16:10.174316,0.8
2024-0191,2024-0191,['2025-0191'],,,,"Jamie Pointer, Sr. v. Paul Letourneau & a.",https://www.courts.nh.gov/sites/g/files/ehbemt471/files/documents/2025-07/20240191.pdf,,2025-11-24,,2025,Superior Court,superior_court,Kissinger,civil,standard,dismissed,per_curiam,Per Curiam,4,0,0,2,4-0,True,False,False,"['administrative_law', 'civil_procedure', 'statutory_interpretation', 'property', 'contract', 'tort']","['RSA 541-B', 'RSA 541', 'RSA 99', 'RSA 541-B:9-a', 'RSA 541-B:1, II']",RSA 541-B,True,['de_novo'],,807,case_order,1.0.0,2026-08-03T12:16:10.357310,0.8
2023-0605,2023-0605,['2023-0605'],2024 N.H. 22,2024.0,22.0,State of New Hampshire v. Jacob Finley,https://www.courts.nh.gov/sites/g/files/ehbemt471/files/documents/2025-07/20230605.pdf,,2025-06-13,,2024,"Superior Court (Temple, J.)",superior_court,Temple,criminal,standard,affirmed,per_curiam,Per Curiam,4,0,0,3,4-0,True,False,False,['criminal'],"['RSA 631:3', 'RSA 625:11, V', 'RSA 627:4, II']",RSA 631:3,False,[],"The indictment alleged that the defendant, while a passenger in a motor
vehicle, committed the crime of reckless conduct with a deadly weapon when
he fired a handgun at another moving motor vehicle, placing the occupants of
that vehicle, and anyone in the immediate area, in danger of serious bodily
injury. The driver of the other vehicle, R.R., testified that, on October 17,
2021, he exited a fast food restaurant onto East Hollis Street in Nashua when
he noticed a vehicle approaching from behind at a high rate of speed. The
vehicle swerved to the right side of R.R.’s vehicle and “into the smal",1033,case_order,1.0.0,2026-08-03T12:16:10.624502,0.8
2023-0356,2023-0356,['2023-0356'],,,,State of New Hampshire v. Christopher Viveney,https://www.courts.nh.gov/sites/g/files/ehbemt471/files/documents/2025-06/20230356.pdf,,2025-06-13,,2025,Superior Court,superior_court,Delker,criminal,standard,,per_curiam,Per Curiam,0,0,0,6,Unavailable,False,False,False,"['criminal', 'evidence']","['RSA 632-A:2, I']","RSA 632-A:2, I",False,[],,1536,case_order,1.0.0,2026-08-03T12:16:10.944753,0.8
2024-0547,2024-0547,['2024-0547'],,,,"John Stanton and Sons Landscaping, LLC v. Hilary Henry",https://www.courts.nh.gov/sites/g/files/ehbemt471/files/documents/2025-07/20240547.pdf,,2025-06-13,,2025,"Circuit Court (Kent, R., approved by Chabot, J.)",circuit_court,"Kent, R., approved by Chabot",civil,standard,affirmed,per_curiam,Per Curiam,4,0,0,3,4-0,True,False,False,[],"['RSA 490-F:15', 'RSA 493-A:1-a, II']",RSA 490-F:15,False,[],,638,case_order,1.0.0,2026-08-03T12:16:11.088029,0.8
2024-0031,2024-0031,['2024-0031'],,,,Michael Sklader & a. v. Richard Callahan,https://www.courts.nh.gov/sites/g/files/ehbemt471/files/documents/2025-06/20240031.pdf,,2025-06-13,,2025,"Superior Court (Leonard, J.)",superior_court,Leonard,civil,standard,,per_curiam,Per Curiam,0,0,0,6,Unavailable,False,False,False,"['constitutional', 'property', 'contract']","['RSA 482-A:3, XIII', 'RSA 482']","RSA 482-A:3, XIII",False,['de_novo'],,1405,case_order,1.0.0,2026-08-03T12:16:11.436102,0.8
2023-0092,2023-0092,['2023-0092'],,,,State of New Hampshire v. Douglas Collins,https://www.courts.nh.gov/sites/g/files/ehbemt471/files/documents/2025-06/20230092.pdf,,2025-06-04,,2025,"Superior Court (St. Hilaire, J.)",superior_court,St. Hilaire,civil,standard,,per_curiam,Per Curiam,0,0,0,6,Unavailable,False,False,False,['constitutional'],[],,False,['plain_error'],,1349,case_order,1.0.0,2026-08-03T12:16:11.885138,0.8
2024-0259,2024-0259,['2024-0259'],,,,City of Dover & a. v. Secretary of State & a.,https://www.courts.nh.gov/sites/g/files/ehbemt471/files/documents/2025-06/20240259.pdf,,2025-06-04,,2025,"Superior Court (Howard, J.)",superior_court,Howard,civil,standard,affirmed,per_curiam,Per Curiam,0,0,0,6,Unavailable,False,False,False,"['civil_procedure', 'constitutional']",['RSA 662:5'],RSA 662:5,False,['de_novo'],,1363,case_order,1.0.0,2026-08-03T12:16:12.210783,0.8
2024-0204,2024-0204,['2024-0204'],,,,Yvonne Downes v. Kenneth Sarpi & a.,https://www.courts.nh.gov/sites/g/files/ehbemt471/files/documents/2025-06/20240204.pdf,,2025-06-03,,2025,"Superior Court (Bornstein, J.)",superior_court,Bornstein,civil,standard,,per_curiam,Per Curiam,0,0,0,6,Unavailable,False,False,False,"['civil_procedure', 'property', 'contract']",['RSA 508:2'],RSA 508:2,False,[],,1425,case_order,1.0.0,2026-08-03T12:16:12.534407,0.8
2024-0676,2024-0676,['2024-0676'],,,,V.C. v. W.C.,https://www.courts.nh.gov/sites/g/files/ehbemt471/files/documents/2025-07/20240676.pdf,,2025-06-02,,2025,"Circuit Court (Paine, J.)",circuit_court,Paine,family/domestic,standard,affirmed,per_curiam,Per Curiam,3,0,0,4,3-0,True,False,False,"['criminal', 'family_law', 'statutory_interpretation', 'constitutional', 'domestic_violence']","['RSA 173-B:5', 'RSA 633:3-a, III', 'RSA 458:16', 'RSA 633-3', 'RSA 633:3-a, I', 'RSA 173-B:5, I']",RSA 173-B:5,True,['plain_error'],,804,case_order,1.0.0,2026-08-03T12:16:12.708802,0.8
2024-0328,2024-0328,['2024-0328'],,,,"Elizabeth Lacount & a. v. KAB Realty Management, LLC",https://www.courts.nh.gov/sites/g/files/ehbemt471/files/documents/2025-07/20240328.pdf,,2025-06-02,,2025,"Circuit Court (Gardner, J.)",circuit_court,Gardner,civil,standard,affirmed,per_curiam,Per Curiam,4,0,0,3,4-0,True,False,False,"['property', 'contract']","['RSA 540-A:2', 'RSA 540-A:4', 'RSA 540-A:4, VII', 'RSA 358-A:10', 'RSA 540-A:4, IX', 'RSA 540-A:4, VIII', 'RSA 358-A:10, I', 'RSA 540-A:4, V']",RSA 540-A:2,False,[],,953,case_order,1.0.0,2026-08-03T12:16:12.987787,0.8
2023-0579,2023-0579,['2023-0579'],,,,State of New Hampshire v. Dylan Wright,https://www.courts.nh.gov/sites/g/files/ehbemt471/files/documents/2025-07/20230579.pdf,,2025-06-02,,2025,"Superior Court (Will, J.)",superior_court,Will,criminal,standard,affirmed,per_curiam,Per Curiam,4,0,0,3,4-0,True,False,False,"['criminal', 'statutory_interpretation', 'evidence']","['RSA 632-A:2', 'RSA 632-A:3', 'RSA 639:3']",RSA 632-A:2,True,['plain_error'],,874,case_order,1.0.0,2026-08-03T12:16:13.182751,0.8
2024-0189,2024-0189,['2024-0189'],,,,John Hermens & a. v. Textiles Coated Incorporated d/b/a Textiles Coated International,https://www.courts.nh.gov/sites/g/files/ehbemt471/files/documents/2025-05/20240189.pdf,,2025-05-30,,2025,"Superior Court (Messer, J.)",superior_court,Messer,civil,standard,dismissed,per_curiam,Per Curiam,0,0,0,5,Unavailable,False,False,False,"['administrative_law', 'civil_procedure', 'property', 'contract', 'tort']",[],,False,[],,1249,case_order,1.0.0,2026-08-03T12:16:13.488855,0.8
2024-0650,2024-0650,['2024-0650'],,,,A.K. v. B.K.,https://www.courts.nh.gov/sites/g/files/ehbemt471/files/documents/2025-06/20240650.pdf,,2025-05-30,,2025,Circuit Court,circuit_court,Katsirebas,family/domestic,standard,vacated,per_curiam,Per Curiam,4,0,0,2,4-0,True,False,False,"['criminal', 'domestic_violence']","['RSA 173-B:5', 'RSA 173', 'RSA 173-B', 'RSA 173-B:5, I', 'RSA 173-B:1, I']",RSA 173-B:5,False,[],,490,case_order,1.0.0,2026-08-03T12:16:13.650220,0.8
2024-0602,2024-0602,['2024-0602'],,,,In the Matter of Daniel Rochford and Katlynn Hamel,https://www.courts.nh.gov/sites/g/files/ehbemt471/files/documents/2025-06/20240602.pdf,,2025-05-30,,2025,Circuit Court,circuit_court,Tenney,family/domestic,standard,affirmed,per_curiam,Per Curiam,4,0,0,2,4-0,True,False,False,"['family_law', 'constitutional']",[],,False,[],,528,case_order,1.0.0,2026-08-03T12:16:13.800517,0.8
2023-0614,2023-0614,['2023-0614'],,,,In the Matter of Donald Nixon and Roxanne Nixon,https://www.courts.nh.gov/sites/g/files/ehbemt471/files/documents/2025-05/20230614.pdf,,2025-05-30,,2025,Circuit Court,circuit_court,"Cooper, R., approved by Derby",family/domestic,standard,,per_curiam,Per Curiam,0,0,0,5,Unavailable,False,False,False,"['family_law', 'property', 'employment']",[],,False,[],,1300,case_order,1.0.0,2026-08-03T12:16:14.103200,0.8
2024-0276,2024-0276,['2024-0276'],,,,State of New Hampshire v. Deidre G. Anderson,https://www.courts.nh.gov/sites/g/files/ehbemt471/files/documents/2025-06/20240276.pdf,,2025-05-30,,2025,"Circuit Court (Manchester, J.)",circuit_court,Manchester,civil,standard,affirmed,per_curiam,Per Curiam,4,0,0,2,4-0,True,False,False,['DWI'],"['RSA 265-A:3', 'RSA 265-A:3, III', 'RSA 259:24', 'RSA 265-A:1, VI']",RSA 265-A:3,False,['de_novo'],,1279,case_order,1.0.0,2026-08-03T12:16:14.413581,0.8
2023-0754,2023-0754,['2023-0754'],2024 N.H. 14,2024.0,14.0,State of New Hampshire v. Casely Schandorf,https://www.courts.nh.gov/sites/g/files/ehbemt471/files/documents/2025-05/20230754.pdf,,2025-05-29,,2024,"Superior Court (Temple, J.)",superior_court,Temple,criminal,standard,dismissed,per_curiam,Per Curiam,0,0,0,5,Unavailable,False,False,False,"['criminal', 'civil_procedure']","['RSA 629:1', 'RSA 639:3', 'RSA 632-A:3']",RSA 629:1,False,['de_novo'],"When considering such a challenge, we
objectively review the entire record, including the evidence presented by the
defendant, to determine whether any rational trier of fact could have found the
essential elements of the crime beyond a reasonable doubt, considering all the
evidence and all reasonable inferences drawn therefrom in the light most
favorable to the State. Id.; Id. We examine each evidentiary item in the context
of all the evidence, and not in isolation. Id.; Id.
The defendant has the burden of demonstrating that the evidence was
insufficient to prove guilt. State v. Pierce, 176 N",1247,case_order,1.0.0,2026-08-03T12:16:14.664559,0.8
2024-0706,2024-0706,['2024-0706'],,,,"Jose D. Marquez v. Miraco, Inc.",https://www.courts.nh.gov/sites/g/files/ehbemt471/files/documents/2025-06/20240706.pdf,,2025-05-29,,2025,"Superior Court (Will, J.)",superior_court,Will,civil,standard,affirmed,per_curiam,Per Curiam,4,0,0,2,4-0,True,False,False,['civil_procedure'],[],,False,[],,375,case_order,1.0.0,2026-08-03T12:16:14.809029,0.8
2024-0102,2024-0102,['2024-0102'],,,,State of New Hampshire v. Dujae Richards,https://www.courts.nh.gov/sites/g/files/ehbemt471/files/documents/2025-06/20240102.pdf,,2025-05-21,,2025,"Superior Court (Temple, J.)",superior_court,Temple,civil,standard,affirmed,per_curiam,Per Curiam,4,0,0,2,4-0,True,False,False,['evidence'],"['RSA 637:3', 'RSA 638:5', 'RSA 638:26']",RSA 637:3,False,[],,808,case_order,1.0.0,2026-08-03T12:16:14.996273,0.8
2024-0341,2024-0341,['2024-0341'],,,,"Helen Chen v. RAH Rockingham-TY, LLC",https://www.courts.nh.gov/sites/g/files/ehbemt471/files/documents/2025-06/20240341.pdf,,2025-05-21,,2025,Circuit Court,circuit_court,Stephen,civil,standard,affirmed,per_curiam,Per Curiam,4,0,0,2,4-0,True,False,False,[],[],,False,[],,199,case_order,1.0.0,2026-08-03T12:16:15.061507,0.8
2023-0641,2023-0641,['2023-0641'],,,,State of New Hampshire v. Brandon Brymer,https://www.courts.nh.gov/sites/g/files/ehbemt471/files/documents/2025-06/20230641.pdf,,2025-05-19,,2025,"Superior Court (MacLeod, J.)",superior_court,MacLeod,civil,standard,dismissed,per_curiam,Per Curiam,4,0,0,2,4-0,True,False,False,['civil_procedure'],"['RSA 318-B:2, I', 'RSA 318-B:28-b', 'RSA 318-B:2, i', 'RSA 318-B:28-b, III', 'RSA 318-B:28-b, I', 'RSA 318']","RSA 318-B:2, I",False,[],,895,case_order,1.0.0,2026-08-03T12:16:15.311505,0.8
2025-0008,2025-0008,['2025-0008'],,,,D.M. v. C.A.,https://www.courts.nh.gov/sites/g/files/ehbemt471/files/documents/2025-06/20250008.pdf,,2025-05-19,,2025,"Circuit Court (Christie, J.)",circuit_court,Christie,family/domestic,standard,vacated,per_curiam,Per Curiam,4,0,0,2,4-0,True,False,False,"['criminal', 'constitutional', 'employment', 'domestic_violence']","['RSA 633:3-a', 'RSA 633:3-a, I', 'RSA 633:3-a, II', 'RSA 633:3-a, III', 'RSA 626:2, II']",RSA 633:3-a,False,[],,1033,case_order,1.0.0,2026-08-03T12:16:15.570365,0.8
2025-0045,2025-0045,['2025-0045'],,,,M.M. v. D.C.,https://www.courts.nh.gov/sites/g/files/ehbemt471/files/documents/2025-06/20250045.pdf,,2025-05-16,,2025,Circuit Court,circuit_court,Chabot,family/domestic,standard,affirmed,per_curiam,Per Curiam,4,0,0,2,4-0,True,False,False,"['statutory_interpretation', 'domestic_violence']","['RSA 173-B:5, I', 'RSA 173-B', 'RSA 173-B:1, I', 'RSA 173-B:3, VI']","RSA 173-B:5, I",True,['de_novo'],,680,case_order,1.0.0,2026-08-03T12:16:15.770800,0.8
2025-0037,2025-0037,['2025-0037'],,,,K.B. v. C.M.,https://www.courts.nh.gov/sites/g/files/ehbemt471/files/documents/2025-06/20250037.pdf,,2025-05-16,,2025,Circuit Court,circuit_court,Christie,family/domestic,standard,affirmed,per_curiam,Per Curiam,4,0,0,2,4-0,True,False,False,"['criminal', 'domestic_violence']","['RSA 633:3-a', 'RSA 633:3-a, I', 'RSA 633:3-a, II']",RSA 633:3-a,False,[],,1115,case_order,1.0.0,2026-08-03T12:16:16.052530,0.8
2024-0374,2024-0374,['2024-0374'],,,,Mary Germaine v. Chantel Candido-DaSilva,https://www.courts.nh.gov/sites/g/files/ehbemt471/files/documents/2025-06/20240374.pdf,,2025-05-15,,2025,"Circuit Court (Subers, J.)",circuit_court,Subers,civil,standard,affirmed,per_curiam,Per Curiam,4,0,0,2,4-0,True,False,False,"['insurance', 'contract']",[],,False,[],,585,case_order,1.0.0,2026-08-03T12:16:16.184619,0.8
2024-0151,2024-0151,['2024-0151'],,,,Scott Foley & a. v. Town of Atkinson,https://www.courts.nh.gov/sites/g/files/ehbemt471/files/documents/2025-05/20240151.pdf,,2025-05-15,,2025,"Superior Court (Schulman, J.)",superior_court,Schulman,civil,standard,affirmed,per_curiam,Per Curiam,4,0,0,2,4-0,True,False,False,['property'],"['RSA 674:33', 'RSA 674:33, I']",RSA 674:33,False,[],,286,case_order,1.0.0,2026-08-03T12:16:16.262683,0.8
2024-0107,2024-0107,['2024-0107'],,,,"Edward Farley v. Jake Kaplan’s of Portsmouth, Inc. & a.",https://www.courts.nh.gov/sites/g/files/ehbemt471/files/documents/2025-06/20240107.pdf,,2025-05-14,,2025,"Circuit Court (Walch, J.)",circuit_court,Walch,civil,standard,affirmed,per_curiam,Per Curiam,4,0,0,3,4-0,True,False,False,['contract'],[],,False,[],,681,case_order,1.0.0,2026-08-03T12:16:16.475139,0.8
20220730and20240169,20220730and20240169,"['2022-0730', '2024-0169']",,,,State of New Hampshire v. Jordan Martin,https://www.courts.nh.gov/sites/g/files/ehbemt471/files/documents/2025-05/20220730and20240169.pdf,,2025-05-02,,2025,Superior Court,superior_court,Bornstein,criminal,standard,affirmed,per_curiam,Per Curiam,4,0,0,2,4-0,True,False,False,"['criminal', 'competency', 'constitutional', 'tax']",[],,False,['de_novo'],,1256,case_order,1.0.0,2026-08-03T12:16:16.741805,0.8
2023-0706,2023-0706,['2023-0706'],,,,In the Matter of Jonathan Kent and Lei Luo,https://www.courts.nh.gov/sites/g/files/ehbemt471/files/documents/2025-05/20230706.pdf,,2025-05-02,,2025,"Circuit Court (Derby, J.)",circuit_court,Derby,family/domestic,standard,affirmed,per_curiam,Per Curiam,0,0,0,5,Unavailable,False,False,False,"['criminal', 'family_law', 'property', 'domestic_violence']","['RSA 458:16-a, IV']","RSA 458:16-a, IV",False,[],,1307,case_order,1.0.0,2026-08-03T12:16:17.062820,0.8
2024-0387,2024-0387,"['2024-0387', '2021-0222']",,,,Appeal of Robert Newcomb & a.,https://www.courts.nh.gov/sites/g/files/ehbemt471/files/documents/2025-05/20240387.pdf,,2025-05-02,,2025,,administrative,,civil,standard,,per_curiam,Per Curiam,0,0,0,5,Unavailable,False,False,False,"['administrative_law', 'constitutional', 'property']","['RSA 482-A:10, I', 'RSA 21', 'RSA 21-O:5-a, V', 'RSA 482-A:26, III', 'RSA 482-A:10', 'RSA 482-A:26, V', 'RSA 482-A:10, V', 'RSA 541:13', 'RSA 21-O:14, III', 'RSA 482-A:26', 'RSA 541:3', 'RSA 541', 'RSA 482-A:26, IV']","RSA 482-A:10, I",False,['de_novo'],,1374,case_order,1.0.0,2026-08-03T12:16:17.378435,0.8
2024-0444,2024-0444,['2024-0444'],,,,Julianne Mallet v. Winchester School District,https://www.courts.nh.gov/sites/g/files/ehbemt471/files/documents/2025-05/20240444.pdf,,2025-04-30,,2025,"Superior Court (Smith, J.)",superior_court,Smith,civil,standard,affirmed,per_curiam,Per Curiam,4,0,0,2,4-0,True,False,False,"['civil_procedure', 'statutory_interpretation', 'property', 'contract', 'tort']","['RSA 507-B', 'RSA 193-F', 'RSA 507-B:5', 'RSA 507-B:2', 'RSA 193-F:4', 'RSA 193-F:9']",RSA 507-B,True,[],,1061,case_order,1.0.0,2026-08-03T12:16:17.647078,0.8
2023-0628,2023-0628,['2023-0628'],,,,"Kyla Bernard-Nichols v. Director, New Hampshire Division of Motor Vehicles",https://www.courts.nh.gov/sites/g/files/ehbemt471/files/documents/2025-04/20230628.pdf,,2025-04-16,,2025,Superior Court,superior_court,Kissinger,family/domestic,standard,,per_curiam,Per Curiam,0,0,0,5,Unavailable,False,False,False,"['administrative_law', 'constitutional', 'property', 'DWI', 'domestic_violence']","['RSA 265-A:30', 'RSA 265-A:2', 'RSA 265-A:30, III', 'RSA 265-A:31, I', 'RSA 265']",RSA 265-A:30,False,[],,1372,case_order,1.0.0,2026-08-03T12:16:17.987414,0.8
2023-0443,2023-0443,['2023-0443'],,,,In the Matter of Christopher Taylor and Therese Taylor,https://www.courts.nh.gov/sites/g/files/ehbemt471/files/documents/2025-04/20230443.pdf,,2025-04-16,,2025,"Circuit Court (Lemire, J.)",circuit_court,Lemire,family/domestic,standard,,per_curiam,Per Curiam,0,0,0,5,Unavailable,False,False,False,"['family_law', 'property', 'employment']","['RSA 458:19, I']","RSA 458:19, I",False,['de_novo'],,1350,case_order,1.0.0,2026-08-03T12:16:18.333235,0.8
2024-0235,2024-0235,['2024-0235'],,,,Thomas Quarles & a. v. Town of Brookline & a.,https://www.courts.nh.gov/sites/g/files/ehbemt471/files/documents/2025-04/20240235.pdf,,2025-04-16,,2025,"Superior Court (Temple, J.)",superior_court,Temple,civil,standard,affirmed,per_curiam,Per Curiam,4,0,0,2,4-0,True,False,False,['property'],"['RSA 677:15', 'RSA 677:15, V']",RSA 677:15,False,[],,980,case_order,1.0.0,2026-08-03T12:16:18.545032,0.8
2024-0202,2024-0202,['2024-0202'],,,,State of New Hampshire v. Mary Hebbard,https://www.courts.nh.gov/sites/g/files/ehbemt471/files/documents/2025-05/20240202.pdf,,2025-04-16,,2025,"Circuit Court (Gardner, J.)",circuit_court,Gardner,criminal,standard,affirmed,per_curiam,Per Curiam,4,0,0,2,4-0,True,False,False,[],['RSA 466:1'],RSA 466:1,False,[],,205,case_order,1.0.0,2026-08-03T12:16:18.610861,0.8
2023-0559,2023-0559,['2023-0559'],,,,"Michelle Boucher, individually and as executrix of Estate of Alan C. Gilman v. Estate of Alan C. Gilman & a.",https://www.courts.nh.gov/sites/g/files/ehbemt471/files/documents/2025-04/20230559.pdf,,2025-04-16,,2025,"Circuit Court (Patten, R., approved by Keating, J.) granting relief sought by",circuit_court,"Patten, R., approved by Keating",civil,standard,,per_curiam,Per Curiam,0,0,0,5,Unavailable,False,False,False,"['insurance', 'civil_procedure', 'property', 'contract', 'tax']",['RSA 567-A:4'],RSA 567-A:4,False,['abuse_of_discretion'],,1344,case_order,1.0.0,2026-08-03T12:16:18.944440,0.8
2024-0346,2024-0346,['2024-0346'],,,,Appeal of New Hampshire Department of Corrections,https://www.courts.nh.gov/sites/g/files/ehbemt471/files/documents/2025-04/20240346.pdf,,2025-04-16,,2025,Superior Court,superior_court,,criminal,standard,,per_curiam,Per Curiam,0,0,0,5,Unavailable,False,False,False,"['criminal', 'administrative_law', 'employment']",[],,False,[],,1341,case_order,1.0.0,2026-08-03T12:16:19.254003,0.8
2024-0026,2024-0026,['2024-0026'],,,,State of New Hampshire v. Lynn Geddes-Morin,https://www.courts.nh.gov/sites/g/files/ehbemt471/files/documents/2025-05/20240026.pdf,,2025-04-15,,2025,"Superior Court (Anderson, J.)",superior_court,Anderson,criminal,standard,affirmed,per_curiam,Per Curiam,4,0,0,2,4-0,True,False,False,"['criminal', 'constitutional', 'evidence']","['RSA 634:1', 'RSA 631:3']",RSA 634:1,False,[],,885,case_order,1.0.0,2026-08-03T12:16:19.490515,0.8
2024-0136,2024-0136,['2024-0136'],,,,State of New Hampshire v. Marc J. Manchon,https://www.courts.nh.gov/sites/g/files/ehbemt471/files/documents/2025-05/20240136.pdf,,2025-04-15,,2025,"Circuit Court (McIntyre, J.)",circuit_court,McIntyre,family/domestic,standard,affirmed,per_curiam,Per Curiam,4,0,0,2,4-0,True,False,False,"['criminal', 'constitutional', 'domestic_violence']",['RSA 642:2'],RSA 642:2,False,[],,394,case_order,1.0.0,2026-08-03T12:16:19.583437,0.8
2024-0338,2024-0338,['2024-0338'],,,,"Town & Campus, Inc. v. Town of Durham",https://www.courts.nh.gov/sites/g/files/ehbemt471/files/documents/2025-05/20240338.pdf,,2025-04-14,,2025,"Superior Court (Edwards, J.)",superior_court,Edwards,civil,standard,affirmed,per_curiam,Per Curiam,4,0,0,2,4-0,True,False,False,['property'],"['RSA 677:15', 'RSA 677:15, V']",RSA 677:15,False,[],,715,case_order,1.0.0,2026-08-03T12:16:19.743601,0.8
2024-0223,2024-0223,['2024-0223'],,,,"My Way Realty, LLC v. City of Manchester",https://www.courts.nh.gov/sites/g/files/ehbemt471/files/documents/2025-05/20240223.pdf,,2025-04-14,,2025,"Superior Court (Delker, J.)",superior_court,Delker,civil,standard,affirmed,per_curiam,Per Curiam,4,0,0,2,4-0,True,False,False,"['constitutional', 'property', 'tax']","['RSA 677:6', 'RSA 677:2']",RSA 677:6,False,[],,1091,case_order,1.0.0,2026-08-03T12:16:20.030695,0.8
2023-0417,2023-0417,['2023-0417'],2025 N.H. 1,2025.0,1.0,State of New Hampshire v. S.B.,https://www.courts.nh.gov/sites/g/files/ehbemt471/files/documents/2025-05/20230417.pdf,,2025-04-14,,2025,Superior Court,superior_court,Colburn,criminal,standard,,per_curiam,Per Curiam,0,0,0,5,Unavailable,False,False,False,"['criminal', 'competency', 'statutory_interpretation', 'constitutional']","['RSA 135:17-a', 'RSA 135:17-a, I', 'RSA 135:17-a, V']",RSA 135:17-a,True,[],"quotation omitted). To be competent, the defendant must have both “a
sufficient present ability to consult with and assist his lawyer with a
reasonable degree of rational understanding,” and “a factual as well as rational
understanding of the proceedings against him.” Id. (quotations omitted). We
defer to the trial court’s determination of competence unless no reasonable fact
finder could have found as the trial court did. Id.
The trial court granted the defendant’s motion for a competency
evaluation, ordering an examination of him by the Office of the Forensic
Examiner (OFE). In response, an",1408,case_order,1.0.0,2026-08-03T12:16:20.350195,0.8
2024-0642,2024-0642,['2024-0642'],,,,State of New Hampshire v. Sherry Connor,https://www.courts.nh.gov/sites/g/files/ehbemt471/files/documents/2025-05/20240642.pdf,,2025-04-14,,2025,Superior Court,superior_court,Attorri,criminal,standard,affirmed,per_curiam,Per Curiam,4,0,0,2,4-0,True,False,False,[],"['RSA 597:2, I', 'RSA 597:6-', 'RSA 597:2, III', 'RSA 597:2']","RSA 597:2, I",False,[],,779,case_order,1.0.0,2026-08-03T12:16:20.554109,0.8
2024-0446,2024-0446,['2024-0446'],,,,Dr. Sikhar Nath Banerjee Trust v. Tom Conway Tree Services LLC,https://www.courts.nh.gov/sites/g/files/ehbemt471/files/documents/2025-05/20240446.pdf,,2025-04-14,,2025,"Superior Court (Ignatius, J.)",superior_court,Ignatius,civil,standard,affirmed,per_curiam,Per Curiam,4,0,0,2,4-0,True,False,False,"['statutory_interpretation', 'property', 'contract']",[],,True,[],,908,case_order,1.0.0,2026-08-03T12:16:20.802537,0.8
2024-0653,2024-0653,['2024-0653'],,,,C.S. v. N.V.,https://www.courts.nh.gov/sites/g/files/ehbemt471/files/documents/2025-05/20240653.pdf,,2025-04-14,,2025,,,Walch,family/domestic,standard,affirmed,per_curiam,Per Curiam,4,0,0,2,4-0,True,False,False,"['criminal', 'statutory_interpretation', 'employment', 'domestic_violence', 'tax']","['RSA 633:3-a, III', 'RSA 633:3-a, I', 'RSA 626:2, II', 'RSA 633:3-a, II', 'RSA 644:4, II', 'RSA 644:4, I', 'RSA 173-B:3, VI', 'RSA 173-B']","RSA 633:3-a, III",True,[],,1070,case_order,1.0.0,2026-08-03T12:16:21.067042,0.8
2024-0240,2024-0240,['2024-0240'],2024 N.H. 53,2024.0,53.0,"BW Land Company, LLC v. Town of Hooksett & a.",https://www.courts.nh.gov/sites/g/files/ehbemt471/files/documents/2025-05/20240240.pdf,,2025-04-11,,2024,"Superior Court (Kissinger, J.)",superior_court,Kissinger,civil,standard,affirmed,per_curiam,Per Curiam,4,0,0,2,4-0,True,False,False,['property'],[],,False,[],"A lack of standing implicates the court’s subject matter
jurisdiction. See id. at ___, 2024 N.H. 53,",408,case_order,1.0.0,2026-08-03T12:16:21.167981,0.8
2023-0561,2023-0561,"['2023-0561', '2019-2020']",,,,"L.B., a minor v. G.T., a minor, & a.",https://www.courts.nh.gov/sites/g/files/ehbemt471/files/documents/2025-04/20230561.pdf,,2025-04-11,,2025,Superior Court,superior_court,Temple,civil,standard,,per_curiam,Per Curiam,0,0,0,5,Unavailable,False,False,False,"['civil_procedure', 'statutory_interpretation', 'property', 'contract', 'tort']","['RSA 507-B', 'RSA 507', 'RSA 507-B:5', 'RSA 507-B:2']",RSA 507-B,True,[],,1344,case_order,1.0.0,2026-08-03T12:16:21.544999,0.8
2023-0649,2023-0649,['2023-0649'],,,,State of New Hampshire v. Edward Farley,https://www.courts.nh.gov/sites/g/files/ehbemt471/files/documents/2025-05/20230649.pdf,,2025-04-11,,2025,"Circuit Court (Pendleton, J.)",circuit_court,Pendleton,civil,standard,affirmed,per_curiam,Per Curiam,4,0,0,2,4-0,True,False,False,"['property', 'tax']",[],,False,['de_novo'],,485,case_order,1.0.0,2026-08-03T12:16:21.657637,0.8
2025-0020,20250020,['2025-0020'],2024 N.H. 8,2024.0,8.0,"No. 2025-0020, R.S. v. S.S.",https://www.courts.nh.gov/sites/g/files/ehbemt471/files/documents/2025-05/20250020.pdf,,2025-04-11,,2024,Circuit Court,circuit_court,Prevett,family/domestic,standard,reversed,per_curiam,Per Curiam,4,0,0,2,4-0,True,False,False,"['criminal', 'family_law', 'domestic_violence']","['RSA 173-B:5', 'RSA 173-B:5, I', 'RSA 173-B:1, I', 'RSA 631:4', 'RSA 644:4', 'RSA 173-B:3, I']",RSA 173-B:5,False,['plain_error'],"2024) (to find
plain error, there must be an error, and error must affect appellant’s
substantial rights).
The defendant next argues that the trial court erred by allegedly relying
upon prior filings in other cases, rather than the plaintiff’s testimony at the
hearing, to find that the plaintiff met her burden of proof. The record does not
support the defendant’s position. Although the trial court noted at the hearing,
without objection, that it had taken judicial notice of certain facts in previous
cases, the court instructed the plaintiff to direct her testimony to “what’s
happened recently",926,case_order,1.0.0,2026-08-03T12:16:21.901314,0.8
2022-0628,2022-0628,['2022-0628'],,,,State of New Hampshire v. Bradley Caprarello,https://www.courts.nh.gov/sites/g/files/ehbemt471/files/documents/2025-04/20220628.pdf,,2025-04-10,,2025,,,,criminal,standard,,per_curiam,Per Curiam,0,0,0,5,Unavailable,False,False,False,['criminal'],"['RSA 632-A:2', 'RSA 644:9-a']",RSA 632-A:2,False,[],,1316,case_order,1.0.0,2026-08-03T12:16:22.377526,0.8
2023-0263,2023-0263,['2023-0263'],,,,State of New Hampshire v. Jason A. Morneau,https://www.courts.nh.gov/sites/g/files/ehbemt471/files/documents/2025-04/20230263.pdf,,2025-04-10,,2025,,,,criminal,standard,affirmed,per_curiam,Per Curiam,4,0,0,2,4-0,True,False,False,['criminal'],"['RSA 649-A:3, I', 'RSA 649-A:3-a, I']","RSA 649-A:3, I",False,['plain_error'],,1164,case_order,1.0.0,2026-08-03T12:16:23.012924,0.8
2024-0075,2024-0075,['2024-0075'],,,,In the Matter of Anne Morse and Frank Morse,https://www.courts.nh.gov/sites/g/files/ehbemt471/files/documents/2025-04/20240075.pdf,,2025-04-08,,2025,,,,family/domestic,standard,,per_curiam,Per Curiam,0,0,0,5,Unavailable,False,False,False,"['family_law', 'property', 'tax']",['RSA 458:19-a'],RSA 458:19-a,False,[],,1286,case_order,1.0.0,2026-08-03T12:16:23.335773,0.8
2023-0302,2023-0302,['2023-0302'],2024 N.H. 2,2024.0,2.0,State of New Hampshire v. Kenneth Brunelle,https://www.courts.nh.gov/sites/g/files/ehbemt471/files/documents/2025-04/20230302.pdf,,2025-04-08,,2024,,,,family/domestic,standard,reversed,per_curiam,Per Curiam,0,0,0,5,Unavailable,False,False,False,"['criminal', 'evidence', 'domestic_violence']","['RSA 631:2, III', 'RSA 631:2-b, I', 'RSA 631:4, I']","RSA 631:2, III",False,[],"In applying our
unsustainable exercise of discretion standard of review, we determine only
3",1137,case_order,1.0.0,2026-08-03T12:16:23.626365,0.8
2023-0629,2023-0629,['2023-0629'],,,,Garry R. Lane & a. v. City of Dover & a.,https://www.courts.nh.gov/sites/g/files/ehbemt471/files/documents/2025-04/20230629.pdf,,2025-04-04,,2025,"Superior Court (Howard, J.)",superior_court,Howard,civil,standard,reversed,per_curiam,Per Curiam,0,0,0,5,Unavailable,False,False,False,"['civil_procedure', 'statutory_interpretation', 'property', 'contract']","['RSA 674:33-a', 'RSA 674:33-a, I', 'RSA 677:6', 'RSA 674:16', 'RSA 508:4-b, II']",RSA 674:33-a,True,['de_novo'],,1363,case_order,1.0.0,2026-08-03T12:16:23.959543,0.8
2023-0521,2023-0521,['2023-0521'],,,,In the Matter of David Campbell and Robin Partello,https://www.courts.nh.gov/sites/g/files/ehbemt471/files/documents/2025-04/20230521.pdf,,2025-04-04,,2025,Circuit Court,circuit_court,Curran,family/domestic,standard,,per_curiam,Per Curiam,0,0,0,5,Unavailable,False,False,False,['family_law'],"['RSA 461-A:6, I', 'RSA 461-A:4', 'RSA 461-A:6', 'RSA 461-A:4, I']","RSA 461-A:6, I",False,['de_novo'],,1388,case_order,1.0.0,2026-08-03T12:16:24.288710,0.8
2022-0342,2022-0342,['2022-0342'],2025 N.H. 2,2025.0,2.0,Laurie A. Ortolano v. City of Nashua,https://www.courts.nh.gov/sites/g/files/ehbemt471/files/documents/2025-04/20220342.pdf,,2025-04-02,,2025,Superior Court,superior_court,Temple,civil,standard,,per_curiam,Per Curiam,0,0,0,5,Unavailable,False,False,False,"['statutory_interpretation', 'constitutional', 'property']","['RSA 91-A', 'RSA 91-A:5, IV', 'RSA 91-A:5, IX', 'RSA 91-A:4, I', 'RSA 91-A:5']",RSA 91-A,True,['de_novo'],"We review the
interpretation of the Right-to-Know Law and its application to facts de novo.
Id.
RSA 91-A:4, I (2023) provides that “[e]very citizen . . . has the right to
inspect all governmental records . . . except as otherwise prohibited by statute
or RSA 91-A:5.” RSA 91-A:5, IV establishes an exemption from disclosure for
records “whose disclosure would constitute invasion of privacy.” To best
effectuate the statutory and constitutional objectives of facilitating public
access to documents, we construe the exemptions narrowly. Id. at ___, 2025
N.H. 2,",1365,case_order,1.0.0,2026-08-03T12:16:24.565426,0.8
20220353and20220415,20220353and20220415,"['2022-0353', '2022-0415']",,,,State of New Hampshire v. Armando Barron,https://www.courts.nh.gov/sites/g/files/ehbemt471/files/documents/2025-04/20220353and20220415.pdf,,2025-04-02,,2025,"Superior Court (Leonard, J.)",superior_court,Leonard,family/domestic,standard,,per_curiam,Per Curiam,0,0,0,5,Unavailable,False,False,False,"['criminal', 'family_law', 'constitutional', 'tax']","['RSA 630:1-a, I', 'RSA 630:1-', 'RSA 500']","RSA 630:1-a, I",False,[],,1398,case_order,1.0.0,2026-08-03T12:16:24.916940,0.8
2024-0595,2024-0595,['2024-0595'],,,,T.D. v. F.D.,https://www.courts.nh.gov/sites/g/files/ehbemt471/files/documents/2025-05/20240595.pdf,,2025-04-02,,2025,"Circuit Court (Cabrera, J.)",circuit_court,Cabrera,family/domestic,standard,,per_curiam,Per Curiam,0,0,0,5,Unavailable,False,False,False,"['criminal', 'property', 'contract', 'domestic_violence', 'tax']","['RSA 633:3-a, III', 'RSA 633:3-a, I', 'RSA 633:3-a, II', 'RSA 644:4, II', 'RSA 644:4, I', 'RSA 173-B:3, VI', 'RSA 173-B']","RSA 633:3-a, III",False,[],,1488,case_order,1.0.0,2026-08-03T12:16:25.246371,0.8
2024-0345,2024-0345,['2024-0345'],,,,Jeffrey F. Stiegler v. Grafton County Commissioners,https://www.courts.nh.gov/sites/g/files/ehbemt471/files/documents/2025-04/20240345.pdf,,2025-03-28,,2025,"Superior Court (Leonard, J.)",superior_court,Leonard,civil,standard,affirmed,per_curiam,Per Curiam,3,0,0,3,3-0,True,False,False,"['administrative_law', 'civil_procedure', 'statutory_interpretation', 'employment']",[],,True,[],,500,case_order,1.0.0,2026-08-03T12:16:25.416846,0.8
2024-0222,2024-0222,['2024-0222'],,,,SCJ Commercial Financial Services v. Brian Clark & a.,https://www.courts.nh.gov/sites/g/files/ehbemt471/files/documents/2025-04/20240222.pdf,,2025-03-27,,2025,"Superior Court (Kissinger, J.)",superior_court,Kissinger,civil,standard,affirmed,per_curiam,Per Curiam,4,0,0,2,4-0,True,False,False,"['civil_procedure', 'contract']",['RSA 491:8-a'],RSA 491:8-a,False,[],,298,case_order,1.0.0,2026-08-03T12:16:25.494634,0.8
2024-0172,2024-0172,['2024-0172'],,,,"Matthew Sinclair, DBA Four Tree Landscaping v. Richard Davis",https://www.courts.nh.gov/sites/g/files/ehbemt471/files/documents/2025-04/20240172.pdf,,2025-03-27,,2025,Circuit Court,circuit_court,Murray,civil,standard,affirmed,per_curiam,Per Curiam,4,0,0,2,4-0,True,False,False,"['administrative_law', 'contract']",[],,False,[],,572,case_order,1.0.0,2026-08-03T12:16:25.643657,0.8
2023-0213,2023-0213,['2023-0213'],2024 N.H. 25,2024.0,25.0,"State of New Hampshire v. Kenneth J. Lewis, Jr.",https://www.courts.nh.gov/sites/g/files/ehbemt471/files/documents/2025-03/20230213.pdf,,2025-03-26,,2024,"Circuit Court (Quigley, J.)",circuit_court,Quigley,criminal,standard,,per_curiam,Per Curiam,0,0,0,5,Unavailable,False,False,False,"['criminal', 'competency', 'constitutional', 'evidence']",[],,False,[],"-14 (concluding that a
defendant’s medical and mental health records provided to the forensic
examiner in competency proceedings were not exempt from statutory
privileges). Specifically, privileges may yield when: (1) a statute specifically
3",1392,case_order,1.0.0,2026-08-03T12:16:25.971245,0.8
2023-0487,2023-0487,['2023-0487'],,,,State of New Hampshire v. Joshua Kandoll,https://www.courts.nh.gov/sites/g/files/ehbemt471/files/documents/2025-03/20230487.pdf,,2025-03-26,,2025,,,,criminal,standard,,per_curiam,Per Curiam,0,0,0,5,Unavailable,False,False,False,"['criminal', 'evidence']","['RSA 632-A:3, III', 'RSA 645:1, II']","RSA 632-A:3, III",False,['substantial_evidence'],,1340,case_order,1.0.0,2026-08-03T12:16:26.280524,0.8
2023-0755,2023-0755,['2023-0755'],,,,"Barrington Oaks Cooperative, Inc. v. Frank Blackington",https://www.courts.nh.gov/sites/g/files/ehbemt471/files/documents/2025-03/20230755.pdf,,2025-03-26,,2025,"Circuit Court (Cross, J.)",circuit_court,Cross,civil,standard,,per_curiam,Per Curiam,0,0,0,5,Unavailable,False,False,False,"['statutory_interpretation', 'property', 'contract']","['RSA 205-A:1', 'RSA 205-A', 'RSA 540', 'RSA 540:9', 'RSA 540:9, I']",RSA 205-A:1,True,"['de_novo', 'plain_error']",,1227,case_order,1.0.0,2026-08-03T12:16:26.585602,0.8
2024-0135,2024-0135,['2024-0135'],,,,In the Matter of Nichole Flynn and Luke Quimby,https://www.courts.nh.gov/sites/g/files/ehbemt471/files/documents/2025-04/20240135.pdf,,2025-03-25,,2025,"Circuit Court (Prevett, J.)",circuit_court,Prevett,family/domestic,standard,affirmed,per_curiam,Per Curiam,4,0,0,2,4-0,True,False,False,"['family_law', 'statutory_interpretation', 'tax']",[],,True,['de_novo'],,446,case_order,1.0.0,2026-08-03T12:16:26.712315,0.8
2023-0457,2023-0457,['2023-0457'],2024 N.H. 44,2024.0,44.0,State of New Hampshire v. Montriville Graham,https://www.courts.nh.gov/sites/g/files/ehbemt471/files/documents/2025-04/20230457.pdf,,2025-03-25,,2024,"Superior Court (Messer, J.)",superior_court,Messer,criminal,standard,affirmed,per_curiam,Per Curiam,3,0,0,3,3-0,True,False,False,"['criminal', 'evidence']","['RSA 632-A:2', 'RSA 632-A:3']",RSA 632-A:2,False,[],"-
16; State v. Girard, 173 N.H. 619, 628-29 (2020). We affirm.
In its memorandum of law, the State contends that, because the
defendant asserts only that the trial court “may have erred” by not disclosing
all of the records that it reviewed, and has not explained how the trial court in
fact unsustainably exercised its discretion, we should decline to review the
records that the trial court reviewed. In the absence of either access to the
records that the trial court reviewed or an error of law appearing on the face of
the trial court’s written order, however, it would be impossible for the
def",512,case_order,1.0.0,2026-08-03T12:16:26.834460,0.8
2024-0369,2024-0369,['2024-0369'],,,,Mary Feeney v. Karyn Kelley; Karyn Kelley & a. v. Mary Feeney & a.,https://www.courts.nh.gov/sites/g/files/ehbemt471/files/documents/2025-04/20240369.pdf,,2025-03-25,,2025,,,,civil,standard,dismissed,per_curiam,Per Curiam,4,0,0,2,4-0,True,False,False,['property'],[],,False,[],,255,case_order,1.0.0,2026-08-03T12:16:26.963859,0.8
2023-0729,2023-0729,['2023-0729'],,,,State of New Hampshire v. Ghenton Doty,https://www.courts.nh.gov/sites/g/files/ehbemt471/files/documents/2025-04/20230729.pdf,,2025-03-25,,2025,"Superior Court (Colburn, J.)",superior_court,Colburn,criminal,standard,,per_curiam,Per Curiam,0,0,0,5,Unavailable,False,False,False,['criminal'],"['RSA 642:8, I', 'RSA 626:2, II']","RSA 642:8, I",False,['de_novo'],,1483,case_order,1.0.0,2026-08-03T12:16:27.247908,0.8
2024-0207,2024-0207,['2024-0207'],,,,"Cashlyn Powers DBA Dream Catcher Works, LLC v. Beauchesne and Associates, LLC",https://www.courts.nh.gov/sites/g/files/ehbemt471/files/documents/2025-04/20240207.pdf,,2025-03-24,,2025,"Circuit Court (Spath, J.)",circuit_court,Spath,civil,standard,affirmed,per_curiam,Per Curiam,4,0,0,2,4-0,True,False,False,"['statutory_interpretation', 'employment', 'contract', 'tax']",[],,True,[],,597,case_order,1.0.0,2026-08-03T12:16:27.420987,0.8
2024-0379,2024-0379,['2024-0379'],,,,In the Matter of Sarah Pepin and Shane Pepin,https://www.courts.nh.gov/sites/g/files/ehbemt471/files/documents/2025-04/20240379.pdf,,2025-03-24,,2025,Circuit Court,circuit_court,Christie,family/domestic,standard,affirmed,per_curiam,Per Curiam,4,0,0,2,4-0,True,False,False,"['family_law', 'statutory_interpretation', 'domestic_violence']",[],,True,[],,429,case_order,1.0.0,2026-08-03T12:16:27.528059,0.8
2024-0269,2024-0269,['2024-0269'],,,,In the Matter of Lori Barron and Steven Barron,https://www.courts.nh.gov/sites/g/files/ehbemt471/files/documents/2025-03/20240269.pdf,,2025-03-19,,2025,"Circuit Court (Zaino, J.)",circuit_court,Zaino,family/domestic,standard,reversed_and_remanded,per_curiam,Per Curiam,3,0,0,3,3-0,True,False,False,"['criminal', 'family_law', 'statutory_interpretation']",[],,True,['de_novo'],,1204,case_order,1.0.0,2026-08-03T12:16:27.815530,0.8
2023-0257,2023-0257,['2023-0257'],,,,State of New Hampshire v. Anderson Pereira,https://www.courts.nh.gov/sites/g/files/ehbemt471/files/documents/2025-03/20230257.pdf,,2025-03-18,,2025,,,,criminal,standard,,per_curiam,Per Curiam,0,0,0,5,Unavailable,False,False,False,"['criminal', 'constitutional', 'evidence']","['RSA 630:1-a, I']","RSA 630:1-a, I",False,[],,1280,case_order,1.0.0,2026-08-03T12:16:28.180691,0.8
2023-0540,2023-0540,['2023-0540'],2024 N.H. 12,2024.0,12.0,State of New Hampshire v. Kierran Pierce,https://www.courts.nh.gov/sites/g/files/ehbemt471/files/documents/2025-03/20230540.pdf,,2025-03-18,,2024,"Superior Court (Leonard, J.)",superior_court,Leonard,criminal,standard,,per_curiam,Per Curiam,0,0,0,5,Unavailable,False,False,False,"['criminal', 'constitutional', 'property', 'evidence']","['RSA 632-A:2, I', 'RSA 632-A:3, III', 'RSA 519:21']","RSA 632-A:2, I",False,[],"In applying our unsustainable exercise of
discretion standard of review, we determine only whether the record
establishes an objective basis sufficient to sustain the discretionary judgment
made.” Id. To the extent the defendant contends that a different standard of
review should apply because he asserts that he had a constitutional right to a
view in accordance with his state constitutional right to produce all proofs
favorable, see N.H. CONST. pt. I, art. 15, and his due process rights under both
the State and Federal Constitutions, see id.; U.S. CONST. amend. XIV, he has
not persuaded us t",1451,case_order,1.0.0,2026-08-03T12:16:28.522021,0.8
2024-0019,2024-0019,['2024-0019'],,,,"Mahmoud Chatila v. Charles Smith, III & a.",https://www.courts.nh.gov/sites/g/files/ehbemt471/files/documents/2025-03/20240019.pdf,,2025-03-14,,2025,"Superior Court (Ruoff, J.)",superior_court,Ruoff,family/domestic,standard,,per_curiam,Per Curiam,0,0,0,5,Unavailable,False,False,False,"['family_law', 'civil_procedure', 'property', 'contract', 'tort', 'tax']",[],,False,[],,1337,case_order,1.0.0,2026-08-03T12:16:28.840120,0.8
2023-0247,2023-0247,['2023-0247'],,,,Lois Stearns & a. v. Town of Gorham & a.,https://www.courts.nh.gov/sites/g/files/ehbemt471/files/documents/2025-03/20230247.pdf,,2025-03-12,,2025,,,MacLeod,civil,standard,dismissed,per_curiam,Per Curiam,0,0,0,5,Unavailable,False,False,False,"['civil_procedure', 'statutory_interpretation', 'property', 'contract', 'evidence']","['RSA 99-D:1', 'RSA 215-A', 'RSA 215-A:41']",RSA 99-D:1,True,['de_novo'],,1305,case_order,1.0.0,2026-08-03T12:16:29.119685,0.8
20240156and20240157,20240156and20240157,"['2024-0156', '2024-0157']",,,,State of New Hampshire v. Robert A. Reid,https://www.courts.nh.gov/sites/g/files/ehbemt471/files/documents/2025-04/20240156and20240157.pdf,,2025-03-03,,2025,"Circuit Court (Gardner, J.)",circuit_court,Gardner,civil,standard,,per_curiam,Per Curiam,0,0,0,5,Unavailable,False,False,False,[],"['RSA 466:31', 'RSA 466:31-a, III', 'RSA 466:31, II']",RSA 466:31,False,['de_novo'],,1352,case_order,1.0.0,2026-08-03T12:16:29.545714,0.8
2023-0545,2023-0545,['2023-0545'],,,,"Merrimack Premium Outlets, LLC & a. v. Town of Merrimack",https://www.courts.nh.gov/sites/g/files/ehbemt471/files/documents/2025-02/20230545.pdf,,2025-02-28,,2025,"Superior Court (Colburn, J.)",superior_court,Colburn,civil,standard,affirmed,per_curiam,Per Curiam,0,0,0,4,Unavailable,False,False,False,"['civil_procedure', 'statutory_interpretation', 'constitutional', 'property', 'contract', 'tax']",['RSA 75:8'],RSA 75:8,True,[],,1373,case_order,1.0.0,2026-08-03T12:16:29.866326,0.8
2024-0441,2024-0441,['2024-0441'],,,,K.F. v. T.D.,https://www.courts.nh.gov/sites/g/files/ehbemt471/files/documents/2025-02/20240441.pdf,,2025-02-28,,2025,,,,family/domestic,standard,reversed,per_curiam,Per Curiam,4,0,0,1,4-0,True,False,False,"['criminal', 'domestic_violence']","['RSA 633:3-a', 'RSA 633:3-a, I', 'RSA 633:3-a, II']",RSA 633:3-a,False,[],,1139,case_order,1.0.0,2026-08-03T12:16:30.144867,0.8
2024-0316,2024-0316,['2024-0316'],,,,"Steven Breton v. J&C Properties, LLC",https://www.courts.nh.gov/sites/g/files/ehbemt471/files/documents/2025-03/20240316.pdf,,2025-02-28,,2025,"Circuit Court (Walch, J.)",circuit_court,Walch,civil,standard,affirmed,per_curiam,Per Curiam,4,0,0,1,4-0,True,False,False,"['statutory_interpretation', 'contract', 'tax']","['RSA 540-A:4', 'RSA 540-A:2', 'RSA 358-A:10', 'RSA 540-A:4, IX', 'RSA 358-A:10, I']",RSA 540-A:4,True,[],,604,case_order,1.0.0,2026-08-03T12:16:30.281287,0.8
2024-0268,2024-0268,['2024-0268'],,,,State of New Hampshire v. Brandon Levine,https://www.courts.nh.gov/sites/g/files/ehbemt471/files/documents/2025-03/20240268.pdf,,2025-02-20,,2025,,,,criminal,standard,affirmed,per_curiam,Per Curiam,4,0,0,1,4-0,True,False,False,"['criminal', 'evidence']","['RSA 261:178', 'RSA 263:64']",RSA 261:178,False,['clear_error'],,600,case_order,1.0.0,2026-08-03T12:16:30.491492,0.8
2024-0168,2024-0168,['2024-0168'],,,,"In the Matter of Devanne Scoltch and Michael Scoltch, Jr.",https://www.courts.nh.gov/sites/g/files/ehbemt471/files/documents/2025-03/20240168.pdf,,2025-02-19,,2025,"Circuit Court (Greenhalgh, J.)",circuit_court,Greenhalgh,family/domestic,standard,affirmed,per_curiam,Per Curiam,4,0,0,1,4-0,True,False,False,"['criminal', 'family_law', 'domestic_violence']","['RSA 461-A:13', 'RSA 461-A:13, I']",RSA 461-A:13,False,['de_novo'],,665,case_order,1.0.0,2026-08-03T12:16:30.646408,0.8
2024-0004,2024-0004,['2024-0004'],,,,State of New Hampshire v. Jeremy M. Stinson,https://www.courts.nh.gov/sites/g/files/ehbemt471/files/documents/2025-03/20240004.pdf,,2025-02-19,,2025,"Superior Court (Temple, J.)",superior_court,Temple,criminal,standard,affirmed,per_curiam,Per Curiam,4,0,0,1,4-0,True,False,False,"['criminal', 'DWI']","['RSA 629:1', 'RSA 632', 'RSA 639:3, III', 'RSA 649-B:4, I']",RSA 629:1,False,['de_novo'],,1033,case_order,1.0.0,2026-08-03T12:16:30.895863,0.8
2024-0023,2024-0023,['2024-0023'],,,,"Appeal of The River Property & Hospitality Group, LLC d/b/a The River Casino & Sports Bar",https://www.courts.nh.gov/sites/g/files/ehbemt471/files/documents/2025-02/20240023.pdf,,2025-02-19,,2025,,administrative,,civil,standard,reversed,per_curiam,Per Curiam,2,0,0,2,2-0,True,False,False,"['administrative_law', 'property', 'employment', 'contract']","['RSA 275-E:3', 'RSA 541', 'RSA 275-E:4, II', 'RSA 541:13', 'RSA 490:3, II']",RSA 275-E:3,False,['de_novo'],,1240,case_order,1.0.0,2026-08-03T12:16:31.193353,0.8
2024-0193,2024-0193,['2024-0193'],,,,"Joan Shack v. DeMoulas Super Markets, Inc.",https://www.courts.nh.gov/sites/g/files/ehbemt471/files/documents/2025-03/20240193.pdf,,2025-02-19,,2025,"Superior Court (Temple, J.)",superior_court,Temple,civil,standard,affirmed,per_curiam,Per Curiam,4,0,0,1,4-0,True,False,False,['tort'],[],,False,[],,1086,case_order,1.0.0,2026-08-03T12:16:31.511148,0.8
2024-0306,2024-0306,['2024-0306'],2024 N.H. 46,2024.0,46.0,"State of New Hampshire v. Joseph James Nugent, III",https://www.courts.nh.gov/sites/g/files/ehbemt471/files/documents/2025-03/20240306.pdf,,2025-02-19,,2024,"Circuit Court (Subers, J.)",circuit_court,Subers,criminal,standard,affirmed,per_curiam,Per Curiam,3,0,0,2,3-0,True,False,False,"['criminal', 'administrative_law', 'constitutional']","['RSA 265:60', 'RSA 502-A:19-b, II']",RSA 265:60,False,[],"Here, in addition to the untimeliness of the
motion, we note that “[t]here is a presumption that a properly addressed mailed
communication has been received in the absence of other evidence to the
contrary,” Cote v. Cote, 123 N.H. 376 (1983), that application of this
presumption generally satisfies due process, see Appeal of City of Concord, 161
N.H. 169, 173-74 (2010), and that the defendant’s claims not to have received
notice of the pretrial hearing were unsupported by affidavit.
As the appealing party, the defendant has the burden of demonstrating
that the trial court erred. Gallo v. Train",1075,case_order,1.0.0,2026-08-03T12:16:31.768631,0.8
2024-0613,2024-0613,['2024-0613'],,,,M.F. v. R.T.,https://www.courts.nh.gov/sites/g/files/ehbemt471/files/documents/2025-03/20240613.pdf,,2025-02-19,,2025,Circuit Court,circuit_court,Zaino,family/domestic,standard,affirmed,per_curiam,Per Curiam,4,0,0,1,4-0,True,False,False,"['criminal', 'family_law', 'statutory_interpretation', 'domestic_violence']","['RSA 173-B:5, I', 'RSA 173-B', 'RSA 173-B:1, I', 'RSA 173-B:3, VI', 'RSA 631:4']","RSA 173-B:5, I",True,['de_novo'],,650,case_order,1.0.0,2026-08-03T12:16:31.912916,0.8
2024-0289,2024-0289,['2024-0289'],,,,Paula Johnson v. City of Nashua & a.,https://www.courts.nh.gov/sites/g/files/ehbemt471/files/documents/2025-03/20240289.pdf,,2025-02-18,,2025,"Superior Court (English, J.)",superior_court,English,civil,standard,affirmed,per_curiam,Per Curiam,4,0,0,1,4-0,True,False,False,"['statutory_interpretation', 'property', 'contract']","['RSA 671', 'RSA 671:1', 'RSA 194:1', 'RSA 671:22, IV']",RSA 671,True,[],,949,case_order,1.0.0,2026-08-03T12:16:32.169999,0.8
2024-0577,2024-0577,['2024-0577'],,,,D.D. v. B.B.,https://www.courts.nh.gov/sites/g/files/ehbemt471/files/documents/2025-03/20240577.pdf,,2025-02-18,,2025,Circuit Court,circuit_court,LeDuc,family/domestic,standard,affirmed,per_curiam,Per Curiam,4,0,0,1,4-0,True,False,False,"['criminal', 'statutory_interpretation', 'domestic_violence']","['RSA 633:3-a, III']","RSA 633:3-a, III",True,[],,631,case_order,1.0.0,2026-08-03T12:16:32.310673,0.8
2024-0231,2024-0231,['2024-0231'],,,,State of New Hampshire v. Dwayne Frank Deery,https://www.courts.nh.gov/sites/g/files/ehbemt471/files/documents/2025-03/20240231.pdf,,2025-02-14,,2025,"Circuit Court (Prevett, J.)",circuit_court,Prevett,criminal,standard,affirmed,per_curiam,Per Curiam,4,0,0,1,4-0,True,False,False,[],['RSA 265:60'],RSA 265:60,False,[],,176,case_order,1.0.0,2026-08-03T12:16:32.370986,0.8
2023-0354,2023-0354,['2023-0354'],,,,"Leonard John LaPadula, III v. Paula Degen & a.",https://www.courts.nh.gov/sites/g/files/ehbemt471/files/documents/2025-03/20230354.pdf,,2025-02-14,,2025,"Superior Court (Kissinger, J.)",superior_court,Kissinger,civil,standard,dismissed,per_curiam,Per Curiam,4,0,0,1,4-0,True,False,False,['employment'],"['RSA 541-B:1, II', 'RSA 282-A', 'RSA 282-A:68']","RSA 541-B:1, II",False,[],,242,case_order,1.0.0,2026-08-03T12:16:32.447353,0.8
2023-0281,2023-0281,['2023-0281'],,,,Jared Goodell v. Brandie Wells Roof,https://www.courts.nh.gov/sites/g/files/ehbemt471/files/documents/2025-02/20230281.pdf,,2025-02-12,,2025,"Superior Court (Smith, J.)",superior_court,Smith,criminal,standard,,per_curiam,Per Curiam,0,0,0,4,Unavailable,False,False,False,"['criminal', 'civil_procedure', 'contract', 'tort']","['RSA 349:10', 'RSA 358-A:2', 'RSA 507:15']",RSA 349:10,False,[],,1282,case_order,1.0.0,2026-08-03T12:16:32.765539,0.8
2023-0536,2023-0536,['2023-0536'],,,,Christopher R. Moen v. David H. Moen,https://www.courts.nh.gov/sites/g/files/ehbemt471/files/documents/2025-02/20230536.pdf,,2025-02-12,,2025,"Circuit Court (Yazinski, J.)",circuit_court,Yazinski,civil,standard,,per_curiam,Per Curiam,0,0,0,4,Unavailable,False,False,False,"['statutory_interpretation', 'property', 'contract', 'tax']","['RSA 547-C', 'RSA 547-C:30', 'RSA 547-C:29']",RSA 547-C,True,[],,1378,case_order,1.0.0,2026-08-03T12:16:33.062670,0.8
2023-0198,2023-0198,['2023-0198'],,,,Pheasant Lane Realty Trust v. City of Nashua,https://www.courts.nh.gov/sites/g/files/ehbemt471/files/documents/2025-02/20230198.pdf,,2025-02-12,,2025,"Superior Court (Colburn, J.)",superior_court,Colburn,civil,standard,,per_curiam,Per Curiam,0,0,0,4,Unavailable,False,False,False,"['property', 'tax']","['RSA 75:8-a', 'RSA 75:8', 'RSA 76:17', 'RSA 74']",RSA 75:8-a,False,['de_novo'],,1428,case_order,1.0.0,2026-08-03T12:16:33.412756,0.8
2022-0008,2022-0008,['2022-0008'],,,,State of New Hampshire v. William Argie,https://www.courts.nh.gov/sites/g/files/ehbemt471/files/documents/2025-02/20220008.pdf,,2025-02-11,,2025,Superior Court,superior_court,Wageling,family/domestic,standard,,per_curiam,Per Curiam,0,0,0,4,Unavailable,False,False,False,"['criminal', 'insurance', 'family_law', 'constitutional', 'employment', 'tort', 'evidence']","['RSA 630:1-a, I', 'RSA 641:6, I']","RSA 630:1-a, I",False,[],,1350,case_order,1.0.0,2026-08-03T12:16:33.754752,0.8
2023-0409,2023-0409,['2023-0409'],,,,"Vatche Manoukian v. U.S. Bank Trust National Association, as Trustee of Dwelling Series IV Trust",https://www.courts.nh.gov/sites/g/files/ehbemt471/files/documents/2025-02/20230409.pdf,,2025-02-11,,2025,Superior Court,superior_court,Temple,civil,standard,vacated,per_curiam,Per Curiam,4,0,0,1,4-0,True,False,False,[],['RSA 506:1'],RSA 506:1,False,[],,794,case_order,1.0.0,2026-08-03T12:16:33.941925,0.8
2023-0345,2023-0345,['2023-0345'],,,,"State of New Hampshire v. Joseph Hoell, Jr.",https://www.courts.nh.gov/sites/g/files/ehbemt471/files/documents/2025-02/20230345.pdf,,2025-02-05,,2025,"Circuit Court (Spath, J.)",circuit_court,Spath,civil,standard,,per_curiam,Per Curiam,0,0,0,4,Unavailable,False,False,False,['statutory_interpretation'],"['RSA 265:79-c', 'RSA 265:79-c, I', 'RSA 265:79-', 'RSA 265:79-c, II', 'RSA 21:2', 'RSA 265:79-c, IV']",RSA 265:79-c,True,['de_novo'],,1349,case_order,1.0.0,2026-08-03T12:16:34.286552,0.8
2023-0477,2023-0477,['2023-0477'],,,,State of New Hampshire v. Steven O’Brien,https://www.courts.nh.gov/sites/g/files/ehbemt471/files/documents/2025-02/20230477.pdf,,2025-01-28,,2025,,,,criminal,standard,affirmed,per_curiam,Per Curiam,4,0,0,1,4-0,True,False,False,['criminal'],"['RSA 632-A:2, II', 'RSA 632-A:3', 'RSA 632-A:6, I']","RSA 632-A:2, II",False,[],,821,case_order,1.0.0,2026-08-03T12:16:34.529461,0.8
2024-0074,2024-0074,['2024-0074'],,,,Emily Butler v. Matthew McGrath,https://www.courts.nh.gov/sites/g/files/ehbemt471/files/documents/2025-02/20240074.pdf,,2025-01-28,,2025,,,,civil,standard,vacated,per_curiam,Per Curiam,0,0,0,4,Unavailable,False,False,False,"['property', 'contract']","['RSA 540-A:4', 'RSA 540-B', 'RSA 540-B:7', 'RSA 540-A:4, V', 'RSA 540', 'RSA 540-B:1, I', 'RSA 540-B:3, I', 'RSA 540-B:3, III', 'RSA 540:2', 'RSA 540:3, III', 'RSA 540-B:8', 'RSA 540-B:9', 'RSA 509-B:10', 'RSA 540-B:3', 'RSA 540-B:7, I', 'RSA 540:2, II']",RSA 540-A:4,False,[],,1474,case_order,1.0.0,2026-08-03T12:16:34.857446,0.8
2024-0088,2024-0088,['2024-0088'],,,,State of New Hampshire v. Zachary Medlock; State of New Hampshire v. Heather Medlock,https://www.courts.nh.gov/sites/g/files/ehbemt471/files/documents/2025-02/20240088.pdf,,2025-01-28,,2025,"Circuit Court (Derby, J.)",circuit_court,Derby,criminal,standard,affirmed,per_curiam,Per Curiam,4,0,0,1,4-0,True,False,False,"['criminal', 'tort']","['RSA 466:31', 'RSA 644:8', 'RSA 644:8, III', 'RSA 466:31-a, II', 'RSA 466:31-a, I']",RSA 466:31,False,[],,616,case_order,1.0.0,2026-08-03T12:16:35.021875,0.8
2024-0312,2024-0312,['2024-0312'],2024 N.H. 55,2024.0,55.0,Jocelyn Laakso v. New England Boudoir,https://www.courts.nh.gov/sites/g/files/ehbemt471/files/documents/2025-02/20240312.pdf,,2025-01-27,,2024,"Circuit Court (King, J.)",circuit_court,King,civil,standard,vacated,per_curiam,Per Curiam,4,0,0,1,4-0,True,False,False,['contract'],['RSA 503:6'],RSA 503:6,False,[],"As noted above, the defendant did not move to strike the default in the trial
court, but immediately filed its appeal upon receiving notice of the default. Nor
did the defendant move to reconsider the default judgment on the basis that it
was disproportionate to the damages the plaintiff had suffered. However, issue
preservation is a limitation on the parties seeking review, not this court. Id. at
___, 2024 N.H. 55,",1010,case_order,1.0.0,2026-08-03T12:16:35.287218,0.8
2024-0263,2024-0263,['2024-0263'],,,,In the Matter of Estee Richards and Robert Richards,https://www.courts.nh.gov/sites/g/files/ehbemt471/files/documents/2025-02/20240263.pdf,,2025-01-27,,2025,,,Alfano,family/domestic,standard,affirmed,per_curiam,Per Curiam,4,0,0,1,4-0,True,False,False,"['family_law', 'statutory_interpretation', 'property']","['RSA 458:16-a, II', 'RSA 458:19-a, II']","RSA 458:16-a, II",True,[],,666,case_order,1.0.0,2026-08-03T12:16:35.464819,0.8
2024-0114,2024-0114,['2024-0114'],,,,Cecelia Lane v. Susan Appleby,https://www.courts.nh.gov/sites/g/files/ehbemt471/files/documents/2025-02/20240114.pdf,,2025-01-27,,2025,Circuit Court,circuit_court,Quigley,civil,standard,affirmed,per_curiam,Per Curiam,4,0,0,1,4-0,True,False,False,['statutory_interpretation'],[],,True,[],,224,case_order,1.0.0,2026-08-03T12:16:35.533722,0.8
2023-0623,2023-0623,['2023-0623'],,,,Rajani Singh v. Donald Ricker & a.,https://www.courts.nh.gov/sites/g/files/ehbemt471/files/documents/2025-02/20230623.pdf,,2025-01-27,,2025,Superior Court,superior_court,Attorri,civil,standard,dismissed,per_curiam,Per Curiam,4,0,0,1,4-0,True,False,False,"['insurance', 'tort']",['RSA 498:1'],RSA 498:1,False,[],,1093,case_order,1.0.0,2026-08-03T12:16:35.857881,0.8
2023-0724,2023-0724,['2023-0724'],,,,"State of New Hampshire v. Richard S. Theriault, Jr.",https://www.courts.nh.gov/sites/g/files/ehbemt471/files/documents/2025-02/20230724.pdf,,2025-01-27,,2025,"Superior Court (Temple, J.)",superior_court,Temple,criminal,standard,dismissed,per_curiam,Per Curiam,0,0,0,4,Unavailable,False,False,False,"['criminal', 'evidence']","['RSA 632-A:2, I', 'RSA 631:2, I', 'RSA 631:2-a, I', 'RSA 632', 'RSA 632-A:4, I']","RSA 632-A:2, I",False,['plain_error'],,1427,case_order,1.0.0,2026-08-03T12:16:36.236338,0.8
2024-0131,2024-0131,['2024-0131'],,,,"Leonard LaPadula, III v. New Hampshire Employment Security",https://www.courts.nh.gov/sites/g/files/ehbemt471/files/documents/2025-02/20240131.pdf,,2025-01-24,,2025,"Superior Court (Kissinger, J.)",superior_court,Kissinger,civil,standard,affirmed,per_curiam,Per Curiam,4,0,0,1,4-0,True,False,False,['employment'],"['RSA 282-A:118, II', 'RSA 91-A:6', 'RSA 91-A:5', 'RSA 91']","RSA 282-A:118, II",False,['de_novo'],,393,case_order,1.0.0,2026-08-03T12:16:36.354669,0.8
2024-0208,2024-0208,['2024-0208'],,,,"Lefebvre’s Towing, LLC v. Shakira Caraballo",https://www.courts.nh.gov/sites/g/files/ehbemt471/files/documents/2025-02/20240208.pdf,,2025-01-24,,2025,"Circuit Court (Zaino, J.)",circuit_court,Zaino,civil,standard,affirmed,per_curiam,Per Curiam,4,0,0,1,4-0,True,False,False,[],"['RSA 262:40-a, IV']","RSA 262:40-a, IV",False,[],,363,case_order,1.0.0,2026-08-03T12:16:36.447950,0.8
2024-0100,2024-0100,['2024-0100'],,,,"Normand E. Hebert & a. v. Board of Directors, Red Sleigh Condominium Association",https://www.courts.nh.gov/sites/g/files/ehbemt471/files/documents/2025-02/20240100.pdf,,2025-01-24,,2025,"Superior Court (Bornstein, J.)",superior_court,Bornstein,civil,standard,affirmed,per_curiam,Per Curiam,4,0,0,1,4-0,True,False,False,['civil_procedure'],[],,False,[],,257,case_order,1.0.0,2026-08-03T12:16:36.576380,0.8
2023-0352,2023-0352,['2023-0352'],,,,State of New Hampshire v. Adam Hersom,https://www.courts.nh.gov/sites/g/files/ehbemt471/files/documents/2025-01/20230352.pdf,,2025-01-24,,2025,Superior Court,superior_court,Attorri,family/domestic,standard,,per_curiam,Per Curiam,0,0,0,4,Unavailable,False,False,False,"['criminal', 'evidence', 'domestic_violence']","['RSA 570-A', 'RSA 632-A:2, I', 'RSA 632-A:2, V', 'RSA 631:2, I', 'RSA 631:2, III', 'RSA 570-A:6']",RSA 570-A,False,[],,1309,case_order,1.0.0,2026-08-03T12:16:36.826240,0.8
2024-0300,2024-0300,['2024-0300'],,,,Kyle Holden v. Matthew Ping DBA Ledgeview Commercial Partners,https://www.courts.nh.gov/sites/g/files/ehbemt471/files/documents/2025-02/20240300.pdf,,2025-01-23,,2025,"Circuit Court (Bedrick, J.)",circuit_court,Bedrick,civil,standard,affirmed,per_curiam,Per Curiam,4,0,0,1,4-0,True,False,False,[],"['RSA 540-A:8, II']","RSA 540-A:8, II",False,[],,300,case_order,1.0.0,2026-08-03T12:16:36.949939,0.8
2023-0416,2023-0416,['2023-0416'],,,,In the Matter of Heather Mackesy-Boyle and David Boyle,https://www.courts.nh.gov/sites/g/files/ehbemt471/files/documents/2025-01/20230416.pdf,,2025-01-22,,2025,"Circuit Court (Steckowych, J.)",circuit_court,Steckowych,family/domestic,standard,,per_curiam,Per Curiam,0,0,0,4,Unavailable,False,False,False,"['family_law', 'property']","['RSA 458:16-a', 'RSA 458:16-a, II']",RSA 458:16-a,False,[],,1455,case_order,1.0.0,2026-08-03T12:16:37.271245,0.8
2023-0456,2023-0456,['2023-0456'],2024 N.H. 50,2024.0,50.0,John Doe v. Town of Hanover Police Department & a.,https://www.courts.nh.gov/sites/g/files/ehbemt471/files/documents/2025-01/20230456.pdf,,2025-01-16,,2024,"Superior Court (MacLeod, J.)",superior_court,MacLeod,criminal,standard,dismissed,per_curiam,Per Curiam,0,0,0,4,Unavailable,False,False,False,"['criminal', 'administrative_law', 'civil_procedure', 'statutory_interpretation', 'constitutional', 'contract']","['RSA 105:13-d', 'RSA 105:13-b', 'RSA 105:13-d, II']",RSA 105:13-d,True,['de_novo'],"On one side is the interest of prosecutors in meeting their
obligations under Brady v. Maryland to disclose information to a criminal
defendant that is material either to guilt or to punishment. Id.; Duchesne v.
Hillsborough County Attorney, 167 N.H 774, 777 (2015); Brady v. Maryland,
373 U.S. 83, 87 (1963). The list is a means of sharing information about officer
misconduct to facilitate prosecutors’ compliance with this constitutional
obligation to disclose. See Doe v. Town of Lisbon, 78 F.4th 38, 42 (1st Cir.
2023). On the other side is the interest of officers in protecting their
reputatio",1400,case_order,1.0.0,2026-08-03T12:16:37.613622,0.8
2024-0236,2024-0236,['2024-0236'],,,,In the Matter of Hayley Cronin and Ryan Cronin,https://www.courts.nh.gov/sites/g/files/ehbemt471/files/documents/2025-02/20240236.pdf,,2025-01-15,,2025,"Circuit Court (Prevett, J.)",circuit_court,Prevett,family/domestic,standard,,per_curiam,Per Curiam,0,0,0,4,Unavailable,False,False,False,"['insurance', 'family_law', 'tax']","['RSA 461-A:11', 'RSA 461-A:11, I']",RSA 461-A:11,False,['de_novo'],,1306,case_order,1.0.0,2026-08-03T12:16:37.876617,0.8
2024-0141,2024-0141,['2024-0141'],,,,"Three Ponds Investment, LLC v. Town of Milton & a.",https://www.courts.nh.gov/sites/g/files/ehbemt471/files/documents/2025-02/20240141.pdf,,2025-01-14,,2025,"Superior Court (Howard, J.)",superior_court,Howard,civil,standard,affirmed,per_curiam,Per Curiam,4,0,0,1,4-0,True,False,False,"['constitutional', 'property']","['RSA 677:15', 'RSA 677:15, V']",RSA 677:15,False,[],,1132,case_order,1.0.0,2026-08-03T12:16:38.179905,0.8
2022-0215,2022-0215,['2022-0215'],2024 N.H. 50,2024.0,50.0,"John Doe v. Commissioner, New Hampshire Department of Safety & a.",https://www.courts.nh.gov/sites/g/files/ehbemt471/files/documents/2025-01/20220215.pdf,,2025-01-14,,2024,Superior Court,superior_court,,criminal,standard,vacated,per_curiam,Per Curiam,3,0,0,2,3-0,True,False,False,"['criminal', 'administrative_law', 'civil_procedure', 'statutory_interpretation', 'evidence']","['RSA 105:13-d', 'RSA 105:13-d, I', 'RSA 105:13-d, II']",RSA 105:13-d,True,[],"We assume the facts alleged in the
plaintiff’s pleadings to be true and construe all reasonable inferences in the
light most favorable to the plaintiff. Id. We then engage in a threshold inquiry
that tests the facts in the complaint against the applicable law. Id. We will
uphold the granting of a motion to dismiss if the facts pled do not constitute a
basis for legal relief. Id.
2
RSA 105:13-d, I, provides that “[t]he department of justice may
voluntarily maintain an [EES],” which “shall consist of a list of all current or
former law enforcement officers whose personnel information contain
pot",1167,case_order,1.0.0,2026-08-03T12:16:38.477859,0.8
2024-0296,2024-0296,['2024-0296'],,,,"George Sideris v. LE Liquidation, Inc.",https://www.courts.nh.gov/sites/g/files/ehbemt471/files/documents/2025-02/20240296.pdf,,2025-01-13,,2025,"Superior Court (St. Hilaire, J.)",superior_court,St. Hilaire,civil,standard,affirmed,per_curiam,Per Curiam,4,0,0,1,4-0,True,False,False,"['insurance', 'employment']","['RSA 354-A:21, II']","RSA 354-A:21, II",False,[],,326,case_order,1.0.0,2026-08-03T12:16:38.564937,0.8
2024-0099,2024-0099,['2024-0099'],,,,"Fieldstone Land Consultants, PLLC v. Sebastian Barthelmess",https://www.courts.nh.gov/sites/g/files/ehbemt471/files/documents/2025-02/20240099.pdf,,2025-01-10,,2025,"Circuit Court (Prevett, J.)",circuit_court,Prevett,civil,standard,affirmed,per_curiam,Per Curiam,4,0,0,1,4-0,True,False,False,"['civil_procedure', 'property', 'contract']",[],,False,[],,1423,case_order,1.0.0,2026-08-03T12:16:38.905303,0.8
2023-0576,2023-0576,['2023-0576'],,,,Theron DeBella v. Patricia Tantillo Fox,https://www.courts.nh.gov/sites/g/files/ehbemt471/files/documents/2025-01/20230576.pdf,,2025-01-09,,2025,Superior Court,superior_court,Leonard,civil,standard,affirmed,per_curiam,Per Curiam,4,0,0,1,4-0,True,False,False,['property'],[],,False,[],,466,case_order,1.0.0,2026-08-03T12:16:39.023044,0.8
2023-0156,2023-0156,['2023-0156'],,,,"Kay N. Lariviere v. Thomas King, MD & a.",https://www.courts.nh.gov/sites/g/files/ehbemt471/files/documents/2025-01/20230156.pdf,,2025-01-07,,2025,"Superior Court (St. Hilaire, J.)",superior_court,St. Hilaire,civil,standard,reversed,per_curiam,Per Curiam,4,0,0,1,4-0,True,False,False,"['civil_procedure', 'contract', 'tort', 'evidence']","['RSA 507', 'RSA 507-E:2', 'RSA 507-E:2, I']",RSA 507,False,['de_novo'],,1330,case_order,1.0.0,2026-08-03T12:16:39.383762,0.8
2022-0688,2022-0688,['2022-0688'],,,,John Doe v. New Hampshire Division of State Police & a.,https://www.courts.nh.gov/sites/g/files/ehbemt471/files/documents/2025-01/20220688.pdf,,2025-01-07,,2025,,,,criminal,standard,dismissed,per_curiam,Per Curiam,0,0,0,4,Unavailable,False,False,False,"['criminal', 'civil_procedure', 'employment']","['RSA 105:13-d', 'RSA 105:13-d, I']",RSA 105:13-d,False,[],,1378,case_order,1.0.0,2026-08-03T12:16:39.709722,0.8
2024-0009,2024-0009,['2024-0009'],,,,David Springer v. Emmett Harris & a.,https://www.courts.nh.gov/sites/g/files/ehbemt471/files/documents/2025-02/20240009.pdf,,2025-01-06,,2025,Superior Court,superior_court,Tucker,civil,standard,affirmed,per_curiam,Per Curiam,4,0,0,1,4-0,True,False,False,[],[],,False,[],,193,case_order,1.0.0,2026-08-03T12:16:39.772323,0.8
2024-0144,2024-0144,['2024-0144'],,,,State of New Hampshire v. Marc J. Manchon,https://www.courts.nh.gov/sites/g/files/ehbemt471/files/documents/2025-05/20240144.pdf,,2025-04-04,,2025,"Circuit Court (McIntyre, J.)",circuit_court,McIntyre,civil,standard,affirmed,per_curiam,Per Curiam,4,0,0,2,4-0,True,False,False,['constitutional'],"['RSA 644:2, III', 'RSA 642:1, I']","RSA 644:2, III",False,[],,839,case_order,1.0.0,2026-08-03T12:16:40.016495,0.8
2024-0303,2024-0303,['2024-0303'],,,,State of New Hampshire v. Shogo Hanamura,https://www.courts.nh.gov/sites/g/files/ehbemt471/files/documents/2026-07/20240303.pdf,,2026-07-28,,2026,"Superior Court (Nicolosi, J.)",superior_court,Nicolosi,family/domestic,standard,affirmed,per_curiam,Per Curiam,4,0,0,2,4-0,True,False,False,"['criminal', 'domestic_violence']","['RSA 639:3, I', 'RSA 631:2-b, I', 'RSA 631:3']","RSA 639:3, I",False,[],,1129,case_order,1.0.0,2026-08-03T12:16:40.422929,0.8
2025-0133,2025-0133,['2025-0133'],,,,In the Matter of Tara Dickison and Thomas Sileo,https://www.courts.nh.gov/sites/g/files/ehbemt471/files/documents/2026-07/20250133.pdf,,2026-07-17,,2026,Circuit Court,circuit_court,Joseph,family/domestic,standard,,per_curiam,Per Curiam,0,0,0,6,Unavailable,False,False,False,['family_law'],[],,False,[],,1333,case_order,1.0.0,2026-08-03T12:16:40.743771,0.8
2026-0050,2026-0050,['2026-0050'],,,,J.L. v. C.M.,https://www.courts.nh.gov/sites/g/files/ehbemt471/files/documents/2026-07/20260050.pdf,,2026-07-10,,2026,Circuit Court,circuit_court,Gorman,family/domestic,standard,reversed,per_curiam,Per Curiam,5,0,0,1,5-0,True,False,False,"['criminal', 'family_law', 'domestic_violence']","['RSA 173-B:5', 'RSA 173-B:3, VI', 'RSA 173-B', 'RSA 173-B:1, I']",RSA 173-B:5,False,['de_novo'],,1127,case_order,1.0.0,2026-08-03T12:16:40.987915,0.8
2025-0155,2025-0155,['2025-0155'],2024 N.H. 61,2024.0,61.0,Sharee Howard v. Town of Swanzey,https://www.courts.nh.gov/sites/g/files/ehbemt471/files/documents/2026-06/20250155.pdf,,2026-06-23,,2024,"Superior Court (Klass, J.)",superior_court,Klass,civil,standard,affirmed,per_curiam,Per Curiam,5,0,0,1,5-0,True,False,False,"['statutory_interpretation', 'property']",['RSA 677:6'],RSA 677:6,True,['de_novo'],"quotation omitted).
The interpretation of a zoning ordinance presents a question of law that
we review de novo, through the application of traditional statutory construction
rules. See Batchelder v. Town of Plymouth Zoning Bd. of Adjustment, 160 N.H.
253, 256 (2010). This means that we construe the words and phrases in an
ordinance consistent with their commonly understood definitions and limit our
review to the language itself, barring ambiguity. See id. Our focus on the
language of an ordinance means, in part, that we will not guess what the
drafters of the ordinance might have intended nor",1216,case_order,1.0.0,2026-08-03T12:16:41.320762,0.8
2025-0470,2025-0470,['2025-0470'],,,,"Joseph S. Haas, Jr. v. School Administrative Unit/SAU79 & a.",https://www.courts.nh.gov/sites/g/files/ehbemt471/files/documents/2026-07/20250470.pdf,,2026-06-22,,2026,Superior Court,superior_court,Leonard,civil,standard,affirmed,per_curiam,Per Curiam,5,0,0,1,5-0,True,False,False,"['administrative_law', 'statutory_interpretation']",[],,True,[],,485,case_order,1.0.0,2026-08-03T12:16:41.458890,0.8
2026-0116,2026-0116,['2026-0116'],,,,Naseef Bryan v. James Gleason,https://www.courts.nh.gov/sites/g/files/ehbemt471/files/documents/2026-07/20260116.pdf,,2026-06-17,,2026,"Superior Court (Messer, J.)",superior_court,Messer,civil,standard,dismissed,per_curiam,Per Curiam,3,0,0,3,3-0,True,False,False,[],[],,False,[],,198,case_order,1.0.0,2026-08-03T12:16:41.568309,0.8
2025-0242,2025-0242,['2025-0242'],,,,Robert Auger v. Jeremy L. Pickering,https://www.courts.nh.gov/sites/g/files/ehbemt471/files/documents/2026-07/20250242.pdf,,2026-06-17,,2026,Superior Court,superior_court,Leonard,civil,standard,,per_curiam,Per Curiam,0,0,0,6,Unavailable,False,False,False,"['contract', 'evidence']",['RSA 516:29-c'],RSA 516:29-c,False,[],,1329,case_order,1.0.0,2026-08-03T12:16:41.898904,0.8
2025-0267,2025-0267,['2025-0267'],,,,Lauren C. Shearer v. Town of Richmond,https://www.courts.nh.gov/sites/g/files/ehbemt471/files/documents/2026-07/20250267.pdf,,2026-06-17,,2026,,,,civil,standard,affirmed,per_curiam,Per Curiam,5,0,0,1,5-0,True,False,False,"['property', 'employment', 'contract', 'tax']","['RSA 231:28', 'RSA 231:8', 'RSA 231:38, I']",RSA 231:28,False,['de_novo'],,1150,case_order,1.0.0,2026-08-03T12:16:42.220076,0.8
2024-0073,2024-0073,['2024-0073'],,,,"State of New Hampshire v. Dale E. Holloway, Jr.",https://www.courts.nh.gov/sites/g/files/ehbemt471/files/documents/2026-06/20240073.pdf,,2026-06-17,,2026,"Superior Court (Temple, J.)",superior_court,Temple,criminal,standard,,per_curiam,Per Curiam,0,0,0,6,Unavailable,False,False,False,"['criminal', 'competency', 'civil_procedure']","['RSA 629:1', 'RSA 630:1-a, I', 'RSA 159:3', 'RSA 631:1, I', 'RSA 631:2, I', 'RSA 631:2-a']",RSA 629:1,False,['plain_error'],,1351,case_order,1.0.0,2026-08-03T12:16:42.531503,0.8
2025-0299,2025-0299,['2025-0299'],,,,Laurie Ortolano v. City of Nashua & a.,https://www.courts.nh.gov/sites/g/files/ehbemt471/files/documents/2026-07/20250299.pdf,,2026-06-17,,2026,Superior Court,superior_court,Smith,civil,standard,affirmed,per_curiam,Per Curiam,5,0,0,1,5-0,True,False,False,[],['RSA 91-A'],RSA 91-A,False,[],,205,case_order,1.0.0,2026-08-03T12:16:42.598580,0.8
2025-0673,2025-0673,['2025-0673'],,,,In the Matter of Siobhan Charron and Jeremy Charron,https://www.courts.nh.gov/sites/g/files/ehbemt471/files/documents/2026-07/20250673.pdf,,2026-06-16,,2026,,,,civil,standard,affirmed,per_curiam,Per Curiam,5,0,0,1,5-0,True,False,False,['insurance'],[],,False,[],,236,case_order,1.0.0,2026-08-03T12:16:42.663901,0.8
2026-0052,2026-0052,['2026-0052'],,,,H.P. v. B.F.,https://www.courts.nh.gov/sites/g/files/ehbemt471/files/documents/2026-07/20260052.pdf,,2026-06-10,,2026,Circuit Court,circuit_court,"Carbon, R., approved by Joseph",family/domestic,standard,affirmed,per_curiam,Per Curiam,5,0,0,1,5-0,True,False,False,"['criminal', 'constitutional', 'domestic_violence']",['RSA 633:3-a'],RSA 633:3-a,False,[],,595,case_order,1.0.0,2026-08-03T12:16:42.857303,0.8
2026-0004,2026-0004,['2026-0004'],,,,M.C. v. J.Z.,https://www.courts.nh.gov/sites/g/files/ehbemt471/files/documents/2026-07/20260004.pdf,,2026-06-09,,2026,"Circuit Court (Tessier, J.)",circuit_court,Tessier,family/domestic,standard,affirmed,per_curiam,Per Curiam,5,0,0,1,5-0,True,False,False,['domestic_violence'],"['RSA 173-B:5', 'RSA 173-B:3, VI', 'RSA 173-B:5, I', 'RSA 173-B:1, I']",RSA 173-B:5,False,['de_novo'],,998,case_order,1.0.0,2026-08-03T12:16:43.116828,0.8
2026-0094,2026-0094,['2026-0094'],,,,M.C. v. R.B.,https://www.courts.nh.gov/sites/g/files/ehbemt471/files/documents/2026-07/20260094.pdf,,2026-06-08,,2026,Circuit Court,circuit_court,Chabot,family/domestic,standard,affirmed,per_curiam,Per Curiam,4,0,0,2,4-0,True,False,False,"['statutory_interpretation', 'domestic_violence']",[],,True,[],,703,case_order,1.0.0,2026-08-03T12:16:43.316587,0.8
2025-0507,2025-0507,['2025-0507'],,,,Alma Ruth Beckwith v. Kimberly McCormick,https://www.courts.nh.gov/sites/g/files/ehbemt471/files/documents/2026-07/20250507.pdf,,2026-06-05,,2026,"Superior Court (Attorri, J.)",superior_court,Attorri,civil,standard,affirmed,per_curiam,Per Curiam,4,0,0,2,4-0,True,False,False,"['property', 'contract']",[],,False,[],,554,case_order,1.0.0,2026-08-03T12:16:43.442344,0.8
2026-0174,2026-0174,['2026-0174'],,,,Jose D. Marquez v. State of New Hampshire; Jose D. Marquez v. Diane M. Nicolosi,https://www.courts.nh.gov/sites/g/files/ehbemt471/files/documents/2026-07/20260174.pdf,,2026-06-05,,2026,,,,civil,standard,affirmed,per_curiam,Per Curiam,4,0,0,2,4-0,True,False,False,"['civil_procedure', 'statutory_interpretation', 'contract']",[],,True,[],,797,case_order,1.0.0,2026-08-03T12:16:43.658547,0.8
2025-0590,2025-0590,['2025-0590'],,,,O.U. v. M.W.,https://www.courts.nh.gov/sites/g/files/ehbemt471/files/documents/2026-07/20250590.pdf,,2026-06-03,,2026,Circuit Court,circuit_court,Panebianco,family/domestic,standard,vacated,per_curiam,Per Curiam,0,0,0,6,Unavailable,False,False,False,"['criminal', 'family_law', 'statutory_interpretation', 'property', 'domestic_violence']","['RSA 173-B:5, I', 'RSA 173-B:1, I', 'RSA 173-B', 'RSA 173-B:3, VI', 'RSA 631:4', 'RSA 634:1', 'RSA 634:2', 'RSA 631:4, I', 'RSA 634:2, I']","RSA 173-B:5, I",True,[],,1473,case_order,1.0.0,2026-08-03T12:16:44.006460,0.8
2025-0750,2025-0750,['2025-0750'],,,,S.N. v. N.N.,https://www.courts.nh.gov/sites/g/files/ehbemt471/files/documents/2026-07/20250750.pdf,,2026-06-03,,2026,Circuit Court,circuit_court,Steckowych,family/domestic,standard,remanded,per_curiam,Per Curiam,5,0,0,1,5-0,True,False,False,"['family_law', 'domestic_violence', 'tax']","['RSA 173-B:5, VI', 'RSA 173-B:1']","RSA 173-B:5, VI",False,[],,717,case_order,1.0.0,2026-08-03T12:16:44.171750,0.8
2024-0530,2024-0530,['2024-0530'],,,,"RJH Builders, LLC v. Robert Thistle & a.",https://www.courts.nh.gov/sites/g/files/ehbemt471/files/documents/2026-06/20240530.pdf,,2026-06-02,,2026,"Superior Court (Kissinger, J.)",superior_court,Kissinger,civil,standard,reversed,per_curiam,Per Curiam,0,0,0,6,Unavailable,False,False,False,['contract'],[],,False,[],,1404,case_order,1.0.0,2026-08-03T12:16:44.515544,0.8
2025-0777,2025-0777,['2025-0777'],,,,Tony Olivolo v. Nicole McNeal,https://www.courts.nh.gov/sites/g/files/ehbemt471/files/documents/2026-07/20250777.pdf,,2026-06-02,,2026,Circuit Court,circuit_court,Ryan,civil,standard,affirmed,per_curiam,Per Curiam,5,0,0,1,5-0,True,False,False,[],[],,False,[],,292,case_order,1.0.0,2026-08-03T12:16:44.600124,0.8
2025-0637,2025-0637,['2025-0637'],,,,State of New Hampshire v. Lisa Marie Michel,https://www.courts.nh.gov/sites/g/files/ehbemt471/files/documents/2026-07/20250637.pdf,,2026-06-01,,2026,"Circuit Court (Gorman, J.)",circuit_court,Gorman,criminal,standard,affirmed,per_curiam,Per Curiam,3,0,0,3,3-0,True,False,False,"['criminal', 'constitutional']",['RSA 265'],RSA 265,False,[],,372,case_order,1.0.0,2026-08-03T12:16:44.697341,0.8
2026-0053,2026-0053,['2026-0053'],,,,D.Y. v. M.W.,https://www.courts.nh.gov/sites/g/files/ehbemt471/files/documents/2026-06/20260053.pdf,,2026-05-28,,2026,"Circuit Court (Prevett, J.)",circuit_court,Prevett,family/domestic,standard,affirmed,per_curiam,Per Curiam,5,0,0,1,5-0,True,False,False,"['criminal', 'domestic_violence']",['RSA 633:3-a'],RSA 633:3-a,False,[],,264,case_order,1.0.0,2026-08-03T12:16:44.825340,0.8
2025-0319,2025-0319,['2025-0319'],,,,J.M. v. D.E.,https://www.courts.nh.gov/sites/g/files/ehbemt471/files/documents/2026-05/20250319.pdf,,2026-05-28,,2026,Circuit Court,circuit_court,McIntyre,family/domestic,standard,,per_curiam,Per Curiam,0,0,0,6,Unavailable,False,False,False,"['criminal', 'civil_procedure', 'property', 'domestic_violence']","['RSA 173-B', 'RSA 173-B, i', 'RSA 173-B:3, VI', 'RSA 173-B:1, I']",RSA 173-B,False,['de_novo'],,1485,case_order,1.0.0,2026-08-03T12:16:45.132786,0.8
2025-0713,2025-0713,['2025-0713'],,,,In the Matter of J.B. and K.G.,https://www.courts.nh.gov/sites/g/files/ehbemt471/files/documents/2026-06/20250713.pdf,,2026-05-27,,2026,,,,family/domestic,standard,affirmed,per_curiam,Per Curiam,5,0,0,1,5-0,True,False,False,"['family_law', 'constitutional', 'domestic_violence']","['RSA 173-B', 'RSA 461-A:6, I', 'RSA 173-B:1, I', 'RSA 461-A:11', 'RSA 461-A:6', 'RSA 461']",RSA 173-B,False,[],,661,case_order,1.0.0,2026-08-03T12:16:45.326419,0.8
2026-0206,2026-0206,['2026-0206'],,,,A.A. v. R.W.,https://www.courts.nh.gov/sites/g/files/ehbemt471/files/documents/2026-06/20260206.pdf,,2026-05-26,,2026,"Circuit Court (Burns, J.)",circuit_court,Burns,family/domestic,standard,dismissed,per_curiam,Per Curiam,4,0,0,2,4-0,True,False,False,"['criminal', 'civil_procedure', 'statutory_interpretation', 'domestic_violence']","['RSA 633:3-a', 'RSA 633:3-a, III']",RSA 633:3-a,True,[],,550,case_order,1.0.0,2026-08-03T12:16:45.456199,0.8
2024-0555,2024-0555,['2024-0555'],,,,State of New Hampshire v. William Philpot,https://www.courts.nh.gov/sites/g/files/ehbemt471/files/documents/2026-06/20240555.pdf,,2026-05-15,,2026,"Superior Court (Leonard, J.)",superior_court,Leonard,family/domestic,standard,affirmed,per_curiam,Per Curiam,5,0,0,1,5-0,True,False,False,"['criminal', 'civil_procedure', 'evidence', 'domestic_violence']","['RSA 631:2-b', 'RSA 631:2-b, I']",RSA 631:2-b,False,['de_novo'],,1366,case_order,1.0.0,2026-08-03T12:16:45.763438,0.8
2025-0135,2025-0135,['2025-0135'],,,,Phyllis Kennedy & a. v. Richard Miller d/b/a Seacoast Braces/Miller Orthodontics,https://www.courts.nh.gov/sites/g/files/ehbemt471/files/documents/2026-06/20250135.pdf,,2026-05-15,,2026,"Superior Court (Schulman, J.)",superior_court,Schulman,civil,standard,affirmed,per_curiam,Per Curiam,5,0,0,1,5-0,True,False,False,"['tort', 'evidence']","['RSA 516:29-a', 'RSA 516:29-b', 'RSA 516:29-b, II']",RSA 516:29-a,False,[],,998,case_order,1.0.0,2026-08-03T12:16:46.348102,0.8
2024-0518,2024-0518,['2024-0518'],2024 N.H. 25,2024.0,25.0,State of New Hampshire v. John Doyle,https://www.courts.nh.gov/sites/g/files/ehbemt471/files/documents/2026-05/20240518.pdf,,2026-05-14,,2024,"Superior Court (St. Hilaire, J.)",superior_court,St. Hilaire,civil,standard,,per_curiam,Per Curiam,0,0,0,6,Unavailable,False,False,False,"['competency', 'evidence', 'tax']","['RSA 135:17-a, V', 'RSA 135-C:34', 'RSA 135-C:36, I', 'RSA 329:26', 'RSA 330-A:32']","RSA 135:17-a, V",False,[],"; however, the only records the OFE reports list as sources of
information are mental health treatment records. Additionally, we note that, although the State’s
motion requested only “records relied upon” by the OFE, the State suggested at oral argument
that its records request also encompassed medical and mental health records relied upon by the
State’s request, reasoning that the medical and mental health records were
exempt from the statutory physician-patient and therapist-patient privileges.
See RSA 329:26 (2025) (physician); RSA 330-A:32 (2025) (therapist).
On appeal, we concluded that t",1434,case_order,1.0.0,2026-08-03T12:16:46.712352,0.8
2025-0154,2025-0154,['2025-0154'],,,,"City of Portsmouth, New Hampshire Police Commission/Police Department v. Portsmouth Ranking Officers Association, NEPBA, Local 220",https://www.courts.nh.gov/sites/g/files/ehbemt471/files/documents/2026-06/20250154.pdf,,2026-05-14,,2026,Superior Court,superior_court,Ruoff,civil,standard,remanded,per_curiam,Per Curiam,0,0,0,6,Unavailable,False,False,False,"['constitutional', 'employment', 'contract']",['RSA 542:8'],RSA 542:8,False,[],,1342,case_order,1.0.0,2026-08-03T12:16:47.039472,0.8
2026-0096,2026-0096,['2026-0096'],,,,Eastman Community Association v. Noah Gabriel,https://www.courts.nh.gov/sites/g/files/ehbemt471/files/documents/2026-06/20260096.pdf,,2026-05-14,,2026,Circuit Court,circuit_court,Christo,civil,standard,affirmed,per_curiam,Per Curiam,5,0,0,1,5-0,True,False,False,['constitutional'],[],,False,[],,370,case_order,1.0.0,2026-08-03T12:16:47.145007,0.8
2025-0224,2025-0224,['2025-0224'],,,,"Esruandy Salcedo Ozoria v. Dubai Night Club and Grill, LLC & a.",https://www.courts.nh.gov/sites/g/files/ehbemt471/files/documents/2026-06/20250224.pdf,,2026-05-13,,2026,"Circuit Court (Bernazzani, J.)",circuit_court,Bernazzani,civil,standard,vacated,per_curiam,Per Curiam,5,0,0,1,5-0,True,False,False,[],[],,False,[],,837,case_order,1.0.0,2026-08-03T12:16:47.328251,0.8
2025-0238,2025-0238,['2025-0238'],,,,Paul Fiondella & a. v. Mark Seaverns,https://www.courts.nh.gov/sites/g/files/ehbemt471/files/documents/2026-06/20250238.pdf,,2026-05-13,,2026,"Circuit Court (Tessier, J.)",circuit_court,Tessier,civil,standard,affirmed,per_curiam,Per Curiam,5,0,0,1,5-0,True,False,False,"['property', 'contract', 'tort']",[],,False,[],,228,case_order,1.0.0,2026-08-03T12:16:47.399802,0.8
2026-0010,2026-0010,['2026-0010'],,,,J.F. v. J.G.,https://www.courts.nh.gov/sites/g/files/ehbemt471/files/documents/2026-06/20260010.pdf,,2026-05-12,,2026,Circuit Court,circuit_court,Gorman,family/domestic,standard,affirmed,per_curiam,Per Curiam,5,0,0,1,5-0,True,False,False,"['criminal', 'domestic_violence']","['RSA 633:3-a', 'RSA 633:3-a, I', 'RSA 644:4, II', 'RSA 633:3-a, II']",RSA 633:3-a,False,[],,1139,case_order,1.0.0,2026-08-03T12:16:47.699644,0.8
2025-0774,2025-0774,['2025-0774'],,,,G.B. v. T.F.,https://www.courts.nh.gov/sites/g/files/ehbemt471/files/documents/2026-06/20250774.pdf,,2026-05-12,,2026,"Circuit Court (Alfano, J.)",circuit_court,Alfano,family/domestic,standard,vacated,per_curiam,Per Curiam,5,0,0,1,5-0,True,False,False,"['criminal', 'domestic_violence']","['RSA 633:3-a, III', 'RSA 173-B:5, VI']","RSA 633:3-a, III",False,[],,529,case_order,1.0.0,2026-08-03T12:16:47.816660,0.8
2025-0332,2025-0332,['2025-0332'],,,,In the Matter of Brittni Pelczarski and Thomas Loughlin,https://www.courts.nh.gov/sites/g/files/ehbemt471/files/documents/2026-06/20250332.pdf,,2026-05-12,,2026,,,,family/domestic,standard,affirmed,per_curiam,Per Curiam,5,0,0,1,5-0,True,False,False,['family_law'],[],,False,[],,179,case_order,1.0.0,2026-08-03T12:16:47.922716,0.8
2025-0239,2025-0239,['2025-0239'],2024 N.H. 23,2024.0,23.0,Appeal of Stephen Verbeek & a.,https://www.courts.nh.gov/sites/g/files/ehbemt471/files/documents/2026-05/20250239.pdf,,2026-05-08,,2024,,,,civil,standard,vacated,per_curiam,Per Curiam,3,0,0,3,3-0,True,False,False,"['administrative_law', 'property']","['RSA 541', 'RSA 541:13', 'RSA 677']",RSA 541,False,[],"We will not
set aside the HAB’s order “except for errors of law,” unless we are satisfied, “by
a clear preponderance of the evidence” before us, “that such order is unjust or
unreasonable.” RSA 541:13 (2021). The HAB’s factual findings “shall be
deemed to be prima facie lawful and reasonable.” Id.
The petitioners argue that because the requested use of their property is
permitted under the Ordinance, the HAB erred in affirming the ZBA’s decision.
The HAB refused to consider this argument because it concluded that the
petitioners never made this argument before the ZBA. Instead, the HAB
decline",973,case_order,1.0.0,2026-08-03T12:16:48.142021,0.8
2025-0579,2025-0579,['2025-0579'],,,,C.A. v. D.N.,https://www.courts.nh.gov/sites/g/files/ehbemt471/files/documents/2026-04/20250579.pdf,,2026-04-28,,2026,"Circuit Court (Lombardi, J.)",circuit_court,Lombardi,family/domestic,standard,,per_curiam,Per Curiam,0,0,0,6,Unavailable,False,False,False,"['criminal', 'constitutional', 'property', 'domestic_violence']","['RSA 633:3-a', 'RSA 633:3-a, I', 'RSA 633:3-a, II']",RSA 633:3-a,False,[],,1434,case_order,1.0.0,2026-08-03T12:16:48.481335,0.8
2025-0580,2025-0580,['2025-0579'],,,,D.W. v. D.N.,https://www.courts.nh.gov/sites/g/files/ehbemt471/files/documents/2026-04/20250580.pdf,,2026-04-28,,2026,"Circuit Court (Lombardi, J.)",circuit_court,Lombardi,family/domestic,standard,,per_curiam,Per Curiam,0,0,0,6,Unavailable,False,False,False,"['criminal', 'constitutional', 'property', 'domestic_violence']","['RSA 633:3-a', 'RSA 633:3-a, I', 'RSA 633:3-a, II']",RSA 633:3-a,False,[],,1434,case_order,1.0.0,2026-08-03T12:16:48.820280,0.8
2024-0465,2024-0465,['2024-0465'],2024 N.H. 61,2024.0,61.0,Donald McGowan & a. v. Town of Hampton,https://www.courts.nh.gov/sites/g/files/ehbemt471/files/documents/2026-04/20240465.pdf,,2026-04-24,,2024,,,,civil,standard,,per_curiam,Per Curiam,0,0,0,6,Unavailable,False,False,False,"['statutory_interpretation', 'property']","['RSA 677:4', 'RSA 677:6']",RSA 677:4,True,['de_novo'],"The Town argues that despite its issuance of the CRO, a preexisting
nonconforming use cannot be established “[i]f the use of the [property] was in
violation of the applicable zoning ordinances at the time.” The Town asserts
that the property was in violation of zoning ordinances in two ways: first, there
was an ADU on the property (which triggers additional zoning ordinance
requirements of owner occupancy and minimum rental periods); and second,
the CRO was invalid because the plaintiffs’ CRO application did not disclose
the ADU. See HZO §§ 3-A.4(a) (requiring owner occupancy of either the ADU",1401,case_order,1.0.0,2026-08-03T12:16:49.150692,0.8
2026-0003,2026-0003,['2026-0003'],,,,K.P. v. O.V.,https://www.courts.nh.gov/sites/g/files/ehbemt471/files/documents/2026-05/20260003.pdf,,2026-04-24,,2026,Circuit Court,circuit_court,Chabot,family/domestic,standard,affirmed,per_curiam,Per Curiam,5,0,0,1,5-0,True,False,False,"['criminal', 'civil_procedure', 'statutory_interpretation', 'domestic_violence']",['RSA 633:3-a'],RSA 633:3-a,True,[],,546,case_order,1.0.0,2026-08-03T12:16:49.282053,0.8
2025-0531,2025-0531,['2025-0531'],,,,B.G. v. J.A.,https://www.courts.nh.gov/sites/g/files/ehbemt471/files/documents/2026-05/20250531.pdf,,2026-04-22,,2026,"Circuit Court (Murray, R., approved by Pendleton, J.)",circuit_court,"Murray, R., approved by Pendleton",family/domestic,standard,affirmed,per_curiam,Per Curiam,4,0,0,2,4-0,True,False,False,"['criminal', 'property', 'domestic_violence', 'tax']","['RSA 633:3-', 'RSA 633:3-a, I', 'RSA 633:3-a, II', 'RSA 644:4, II', 'RSA 173-B:3, VI', 'RSA 633:3-a, III', 'RSA 173-B']",RSA 633:3-,False,[],,937,case_order,1.0.0,2026-08-03T12:16:49.532409,0.8
2025-0421,2025-0421,['2025-0421'],2025 N.H. 13,2025.0,13.0,Farres Alkhayer v. City of Nashua & a.,https://www.courts.nh.gov/sites/g/files/ehbemt471/files/documents/2026-05/20250421.pdf,,2026-04-22,,2025,"Circuit Court (Major, J.)",circuit_court,Major,civil,standard,affirmed,per_curiam,Per Curiam,5,0,0,1,5-0,True,False,False,"['statutory_interpretation', 'constitutional']",[],,True,[],"-15 (setting
forth standard to determine whether due process requires a pre-deprivation
hearing).
As the appealing party, the plaintiff has the burden of demonstrating
reversible error. Gallo v. Traina, 166 N.H. 737, 740 (2014). Based upon our
review of the trial court’s well-reasoned order, the plaintiff’s challenges to it, the
relevant law, and the record submitted on appeal, we conclude that the plaintiff
has not demonstrated reversible error. See id.
Affirmed.
MacDonald, C.J., and Donovan, Countway, Gould, and Will, JJ.,
concurred.
Timothy A. Gudas,
Clerk
2",412,case_order,1.0.0,2026-08-03T12:16:49.641915,0.8
2025-0679,2025-0679,['2025-0679'],2025 N.H. 13,2025.0,13.0,J.F. v. E.M.,https://www.courts.nh.gov/sites/g/files/ehbemt471/files/documents/2026-05/20250679.pdf,,2026-04-21,,2025,Circuit Court,circuit_court,Gorman,family/domestic,standard,affirmed,per_curiam,Per Curiam,5,0,0,1,5-0,True,False,False,"['criminal', 'family_law', 'statutory_interpretation', 'constitutional', 'evidence', 'domestic_violence']","['RSA 633:3-a', 'RSA 570-A:6', 'RSA 570-A:2, I']",RSA 633:3-a,True,[],"The defendant received actual notice of the hearing and appeared at the
hearing in her defense. To that end, she testified at the hearing that, “I appear
today because I am the Respondent.” As to whether the protective order
properly identifies the defendant, the trial court granted, in part, the
defendant’s post-hearing motion, ruling that the final order shall be amended
to properly identify the defendant by name and physical description.
Accordingly, we find no error.
The defendant also argues that the trial court violated her due process
rights by allegedly denying her “a meaningful opport",1210,case_order,1.0.0,2026-08-03T12:16:49.958643,0.8
2025-0768,2025-0768,['2025-0768'],,,,G.N. v. I.N.,https://www.courts.nh.gov/sites/g/files/ehbemt471/files/documents/2026-05/20250768.pdf,,2026-04-21,,2026,"Circuit Court (Zaino, J.)",circuit_court,Zaino,family/domestic,standard,vacated,per_curiam,Per Curiam,5,0,0,1,5-0,True,False,False,"['constitutional', 'domestic_violence']","['RSA 173-B:5, VI']","RSA 173-B:5, VI",False,[],,769,case_order,1.0.0,2026-08-03T12:16:50.153317,0.8
2024-0725,2024-0725,['2024-0725'],,,,"Nelson Salazar Orellana & a. v. Skyview Estates, LLC & a.",https://www.courts.nh.gov/sites/g/files/ehbemt471/files/documents/2026-04/20240725.pdf,,2026-04-10,,2026,"Superior Court (Temple, J.)",superior_court,Temple,civil,standard,,per_curiam,Per Curiam,0,0,0,6,Unavailable,False,False,False,"['civil_procedure', 'property', 'contract', 'tort']",[],,False,['de_novo'],,1278,case_order,1.0.0,2026-08-03T12:16:50.482452,0.8
2025-0322,2025-0322,['2025-0322'],,,,In the Matter of John Anderson and Carol Anderson,https://www.courts.nh.gov/sites/g/files/ehbemt471/files/documents/2026-05/20250322.pdf,,2026-04-09,,2026,"Circuit Court (Lombardi, J.)",circuit_court,Lombardi,family/domestic,standard,vacated,per_curiam,Per Curiam,5,0,0,1,5-0,True,False,False,"['family_law', 'property', 'employment']","['RSA 458:16-a', 'RSA 458:16', 'RSA 458:16-a, II', 'RSA 458:16-', 'RSA 458:16-a, V']",RSA 458:16-a,False,[],,1177,case_order,1.0.0,2026-08-03T12:16:50.820028,0.8
2025-0029,2025-0029,['2025-0029'],,,,Appeal of Estate of Matthew Kelley,https://www.courts.nh.gov/sites/g/files/ehbemt471/files/documents/2026-04/20250029.pdf,,2026-04-09,,2026,,,,civil,standard,,per_curiam,Per Curiam,0,0,0,6,Unavailable,False,False,False,"['insurance', 'administrative_law', 'statutory_interpretation', 'employment']","['RSA 281-A:2, XI', 'RSA 541:13']","RSA 281-A:2, XI",True,['de_novo'],,1411,case_order,1.0.0,2026-08-03T12:16:51.177431,0.8
2025-0486,2025-0486,['2025-0486'],,,,M.B. v. J.C.,https://www.courts.nh.gov/sites/g/files/ehbemt471/files/documents/2026-05/20250486.pdf,,2026-04-08,,2026,"Circuit Court (Hall, J.)",circuit_court,Hall,family/domestic,standard,affirmed,per_curiam,Per Curiam,5,0,0,1,5-0,True,False,False,"['criminal', 'family_law', 'domestic_violence']","['RSA 173-B:5', 'RSA 173-B:3, VI', 'RSA 173-B:5, I', 'RSA 173-B:1, I', 'RSA 631:2-a, I', 'RSA 631:4, I']",RSA 173-B:5,False,['de_novo'],,661,case_order,1.0.0,2026-08-03T12:16:51.356747,0.8
2025-0794,2025-0794,['2025-0794'],,,,J.A. v. W.C.,https://www.courts.nh.gov/sites/g/files/ehbemt471/files/documents/2026-05/20250794.pdf,,2026-04-08,,2026,"Circuit Court (Guptill, J.)",circuit_court,Guptill,family/domestic,standard,affirmed,per_curiam,Per Curiam,5,0,0,1,5-0,True,False,False,"['criminal', 'domestic_violence']",['RSA 633:3-a'],RSA 633:3-a,False,[],,271,case_order,1.0.0,2026-08-03T12:16:51.437805,0.8
2025-0126,2025-0126,['2025-0126'],,,,State of New Hampshire v. David Joseph Spinney,https://www.courts.nh.gov/sites/g/files/ehbemt471/files/documents/2026-05/20250126.pdf,,2026-04-08,,2026,Superior Court,superior_court,Stephen,family/domestic,standard,,per_curiam,Per Curiam,0,0,0,6,Unavailable,False,False,False,"['criminal', 'property', 'evidence', 'domestic_violence']","['RSA 631:2-b', 'RSA 651:2', 'RSA 631:2-b, I', 'RSA 651:2, I']",RSA 631:2-b,False,['de_novo'],,1461,case_order,1.0.0,2026-08-03T12:16:51.774236,0.8
2025-0256,2025-0256,['2025-0256'],,,,"Jessica Woodman v. Derry & Webster, LLC & a.",https://www.courts.nh.gov/sites/g/files/ehbemt471/files/documents/2026-05/20250256.pdf,,2026-04-08,,2026,"Circuit Court (Lyons, R., approved by Manchester, J.), awarding statutory",circuit_court,"Lyons, R., approved by Manchester",civil,standard,vacated,per_curiam,Per Curiam,5,0,0,1,5-0,True,False,False,"['civil_procedure', 'contract']","['RSA 540-A:3, V', 'RSA 540-A:4, IX', 'RSA 540-A:4, II', 'RSA 540-A', 'RSA 540-A:4, V', 'RSA 540-A:2', 'RSA 540-A:3', 'RSA 358-A:10']","RSA 540-A:3, V",False,[],,1005,case_order,1.0.0,2026-08-03T12:16:52.037348,0.8
2025-0404,2025-0404,"['2025-0404', '2025-0333']",,,,Farres Alkhayer v. Brice Erickson,https://www.courts.nh.gov/sites/g/files/ehbemt471/files/documents/2026-05/20250404.pdf,,2026-04-08,,2026,"Circuit Court (Major, J.)",circuit_court,Major,civil,standard,affirmed,per_curiam,Per Curiam,5,0,0,1,5-0,True,False,False,"['civil_procedure', 'constitutional', 'contract']","['RSA 540-A:4', 'RSA 540-A', 'RSA 540-A:4, VI', 'RSA 540-A:4, II']",RSA 540-A:4,False,[],,879,case_order,1.0.0,2026-08-03T12:16:52.263387,0.8
2025-0372,2025-0372,['2025-0372'],,,,State of New Hampshire v. Keisha Hobbs,https://www.courts.nh.gov/sites/g/files/ehbemt471/files/documents/2026-05/20250372.pdf,,2026-04-07,,2026,"Superior Court (Ogden, J.)",superior_court,Ogden,criminal,standard,affirmed,per_curiam,Per Curiam,5,0,0,1,5-0,True,False,False,['criminal'],"['RSA 262:23, I']","RSA 262:23, I",False,"['de_novo', 'clear_error']",,1050,case_order,1.0.0,2026-08-03T12:16:52.502668,0.8
2025-0710,2025-0710,['2025-0710'],,,,H.S. v. D.P.,https://www.courts.nh.gov/sites/g/files/ehbemt471/files/documents/2026-04/20250710.pdf,,2026-03-27,,2026,Circuit Court,circuit_court,Chabot,family/domestic,standard,affirmed,per_curiam,Per Curiam,5,0,0,1,5-0,True,False,False,"['statutory_interpretation', 'property', 'domestic_violence']","['RSA 173-B:5, I', 'RSA 173-B', 'RSA 173-B:1, I', 'RSA 173-B:3, VI']","RSA 173-B:5, I",True,['de_novo'],,692,case_order,1.0.0,2026-08-03T12:16:52.706804,0.8
2025-0595,2025-0595,['2025-0595'],,,,State of New Hampshire v. Shawn Kinney,https://www.courts.nh.gov/sites/g/files/ehbemt471/files/documents/2026-04/20250595.pdf,,2026-03-24,,2026,"Circuit Court (Cross, J.)",circuit_court,Cross,criminal,standard,affirmed,per_curiam,Per Curiam,5,0,0,1,5-0,True,False,False,"['criminal', 'statutory_interpretation']","['RSA 261:178', 'RSA 263:64', 'RSA 625:4', 'RSA 502-A:1, VIII', 'RSA 490-F:3', 'RSA 594:14']",RSA 261:178,True,[],,270,case_order,1.0.0,2026-08-03T12:16:52.789714,0.8
2025-0112,2025-0112,['2025-0112'],,,,In the Matter of State of New Hampshire and Scott Austin,https://www.courts.nh.gov/sites/g/files/ehbemt471/files/documents/2026-04/20250112.pdf,,2026-03-24,,2026,circuit court’s rulings regarding child support,circuit_court,,family/domestic,standard,affirmed,per_curiam,Per Curiam,4,0,0,2,4-0,True,False,False,"['family_law', 'property', 'employment', 'tax']","['RSA 458-C:2, IV', 'RSA 458-C:4, II']","RSA 458-C:2, IV",False,[],,1192,case_order,1.0.0,2026-08-03T12:16:53.123780,0.8
2025-0423,2025-0423,['2025-0423'],,,,Randall Collier v. 4th Circuit Family Division,https://www.courts.nh.gov/sites/g/files/ehbemt471/files/documents/2026-04/20250423.pdf,,2026-03-24,,2026,"Superior Court (Edwards, J.)",superior_court,Edwards,family/domestic,standard,dismissed,per_curiam,Per Curiam,5,0,0,1,5-0,True,False,False,"['family_law', 'civil_procedure', 'statutory_interpretation', 'constitutional', 'domestic_violence']",[],,True,[],,636,case_order,1.0.0,2026-08-03T12:16:53.268736,0.8
2025-0067,2025-0067,['2025-0067'],,,,Brixmor GA Seacoast Shopping Center LLC v. NH1 Motorplex LLC & a.,https://www.courts.nh.gov/sites/g/files/ehbemt471/files/documents/2026-03/20250067.pdf,,2026-03-19,,2026,Superior Court,superior_court,Will,civil,standard,,per_curiam,Per Curiam,0,0,0,6,Unavailable,False,False,False,"['civil_procedure', 'statutory_interpretation', 'contract', 'tort']",[],,True,"['de_novo', 'plain_error']",,1329,case_order,1.0.0,2026-08-03T12:16:53.584600,0.8
2024-0717,2024-0717,['2024-0717'],2026 N.H. 7,2026.0,7.0,Appeal of New Hampshire Department of Administrative Services,https://www.courts.nh.gov/sites/g/files/ehbemt471/files/documents/2026-03/20240717.pdf,,2026-03-18,,2026,,,,civil,standard,,per_curiam,Per Curiam,0,0,0,6,Unavailable,False,False,False,"['administrative_law', 'statutory_interpretation', 'constitutional', 'employment']","['RSA 273-D:3, VI', 'RSA 21-I:58, I', 'RSA 273-D:3, V', 'RSA 273-D:3, II', 'RSA 21', 'RSA 4:40-a', 'RSA 374:2', 'RSA 273', 'RSA 273-D:3, III', 'RSA 541:13']","RSA 273-D:3, VI",True,['de_novo'],"RSA 273-D:3, V provides, in relevant part: “In all cases, the [PAB] may
reinstate an employee or otherwise change or modify any order of the
appointing authority, or make such order as it may deem just.” DAS contends
that the portion of this statutory language permitting the PAB to issue any
order it deems “just” provides an insufficiently defined standard to guide the
PAB, thereby violating the separation of powers article of the New Hampshire
Constitution. See Appeal of Blizzard, 163 N.H. 326, 331-32 (2012).
Part I, Article 37 of the State Constitution sets forth the separation of
powers for",1358,case_order,1.0.0,2026-08-03T12:16:53.965016,0.8
2025-0034,2025-0034,['2025-0034'],2024 N.H. 58,2024.0,58.0,In the Matter of James Mann,https://www.courts.nh.gov/sites/g/files/ehbemt471/files/documents/2026-03/20250034.pdf,,2026-03-17,,2024,"Superior Court (Kennedy, J.)",superior_court,Kennedy,criminal,standard,,per_curiam,Per Curiam,0,0,0,6,Unavailable,False,False,False,"['criminal', 'insurance', 'civil_procedure', 'statutory_interpretation']","['RSA 651-B', 'RSA 651-B:6, V', 'RSA 625:3', 'RSA 651-B:2, I', 'RSA 651-B:2, II', 'RSA 651-B:1, XII', 'RSA 651-B:6, I', 'RSA 651', 'RSA 651-B:3, II', 'RSA 651-B:5, I', 'RSA 651-B:11, I']",RSA 651-B,True,['de_novo'],"We assume the petitioner’s
pleadings to be true and construe all reasonable inferences in the light most
favorable to the petitioner. Id. However, we need not assume the truth of
statements in the petitioner’s pleadings that are merely conclusions of law. Id.
at 56-57. We then engage in a threshold inquiry that tests the facts in the
petition against the applicable law. See id. at 57. We will uphold the trial
court’s grant of a motion to dismiss if the facts pleaded do not constitute a
basis for legal relief. Id.
Resolving the petitioner’s appeal requires that we engage in statutory
interpreta",1428,case_order,1.0.0,2026-08-03T12:16:54.310183,0.8
2023-0467,2023-0467,['2023-0467'],2024 N.H. 44,2024.0,44.0,State of New Hampshire v. Brandon Gomez,https://www.courts.nh.gov/sites/g/files/ehbemt471/files/documents/2026-03/20230467.pdf,,2026-03-13,,2024,"Superior Court (Donovan, J.)",superior_court,Donovan,criminal,standard,,per_curiam,Per Curiam,0,0,0,6,Unavailable,False,False,False,"['criminal', 'statutory_interpretation', 'evidence']","['RSA 630:2', 'RSA 630:3', 'RSA 631:1']",RSA 630:2,True,['plain_error'],"However, the rule should be used sparingly, its use limited to those
circumstances in which a miscarriage of justice would otherwise result. Id. To
find plain error: (1) there must be an error; (2) the error must be plain; (3) the
error must affect substantial rights; and (4) the error must seriously affect the
fairness, integrity or public reputation of judicial proceedings. Id.
When instructing the jury, the trial court stated multiple times that the
jury was required to decide the case solely on the evidence presented at trial.
The court also instructed the jury that it must “reach a fair a",1344,case_order,1.0.0,2026-08-03T12:16:54.654980,0.8
2023-0710,2023-0710,['2023-0710'],,,,Estate of Edward C. Gaspar,https://www.courts.nh.gov/sites/g/files/ehbemt471/files/documents/2026-04/20230710.pdf,that this is an improper,2026-03-11,,2026,"Circuit Court (Patten, R., approved by Keating, J.) on several pending matters",circuit_court,"Patten, R., approved by Keating",civil,standard,affirmed,per_curiam,Per Curiam,3,0,0,19,3-0,True,False,False,[],['RSA 567'],RSA 567,False,[],,1032,case_order,1.0.0,2026-08-03T12:16:54.866162,0.8
2024-0032,2024-0032,['2024-0032'],,,,State of New Hampshire v. James Shankle,https://www.courts.nh.gov/sites/g/files/ehbemt471/files/documents/2026-03/20240032.pdf,,2026-03-10,,2026,"Superior Court (Schulman, J.)",superior_court,Schulman,criminal,standard,,per_curiam,Per Curiam,0,0,0,6,Unavailable,False,False,False,"['criminal', 'civil_procedure', 'tort', 'DWI']","['RSA 630:3, I', 'RSA 630:3, II', 'RSA 265-A:4', 'RSA 265-A:10']","RSA 630:3, I",False,['de_novo'],,1427,case_order,1.0.0,2026-08-03T12:16:55.230469,0.8
2025-0296,2025-0296,['2025-0296'],2024 N.H. 49,2024.0,49.0,"Laurie Ortolano v. Melbourne Moran, Jr. & a.",https://www.courts.nh.gov/sites/g/files/ehbemt471/files/documents/2026-04/20250296.pdf,,2026-03-06,,2024,,,,criminal,standard,,per_curiam,Per Curiam,0,0,0,6,Unavailable,False,False,False,"['criminal', 'civil_procedure', 'statutory_interpretation', 'contract', 'evidence']",[],,True,[],"We assume the truth of any well-
pleaded factual allegations in the plaintiff’s pleadings and construe all
reasonable inferences from those facts in the light most favorable to the
plaintiff. See id. We do not, however, assume the truth of statements in the
plaintiff’s pleadings that are merely conclusions of law. See Automated
Transactions v. Am. Bankers Ass’n, 172 N.H. 528, 532 (2019); ERG, Inc. v.
Barnes, 137 N.H. 186, 190 (1993) (“The court will not, however, assume the
truth or accuracy of any allegations which are not well-pleaded, including the
statement of conclusions of fact and princ",1483,case_order,1.0.0,2026-08-03T12:16:55.574586,0.8
2025-0333,2025-0333,['2025-0333'],,,,Brice Erickson v. Farres Alkhayer,https://www.courts.nh.gov/sites/g/files/ehbemt471/files/documents/2026-04/20250333.pdf,,2026-03-05,,2026,"Circuit Court (Lyons, R., approved by Manchester, J.), following a final",circuit_court,"Lyons, R., approved by Manchester",civil,standard,,per_curiam,Per Curiam,0,0,0,6,Unavailable,False,False,False,"['constitutional', 'property', 'contract', 'evidence']","['RSA 540-A:3, IV', 'RSA 540-A:3, V', 'RSA 540-A']","RSA 540-A:3, IV",False,[],,1493,case_order,1.0.0,2026-08-03T12:16:55.919224,0.8
2025-0283,2025-0283,['2025-0283'],,,,Appeal of Oscar Cordon Peralta,https://www.courts.nh.gov/sites/g/files/ehbemt471/files/documents/2026-04/20250283.pdf,,2026-03-04,,2026,,,,civil,standard,,per_curiam,Per Curiam,0,0,0,6,Unavailable,False,False,False,"['insurance', 'administrative_law', 'employment', 'tax']","['RSA 281', 'RSA 281-A:48', 'RSA 281-A:23', 'RSA 281-A:48, I', 'RSA 541:13', 'RSA 281-A:23, I']",RSA 281,False,['de_novo'],,1302,case_order,1.0.0,2026-08-03T12:16:56.247482,0.8
2024-0006,2024-0006,['2024-0006'],,,,State of New Hampshire v. Joseph Davis,https://www.courts.nh.gov/sites/g/files/ehbemt471/files/documents/2026-04/20240006.pdf,,2026-03-04,,2026,,,,criminal,standard,,per_curiam,Per Curiam,0,0,0,6,Unavailable,False,False,False,"['criminal', 'property']","['RSA 631:4, I', 'RSA 625:11, V', 'RSA 159:3, I', 'RSA 634:2, II', 'RSA 625:11,V']","RSA 631:4, I",False,[],,1435,case_order,1.0.0,2026-08-03T12:16:56.642842,0.8
2025-0175,2025-0175,['2025-0175'],,,,Laszlo Pap v. Andrew P. Lane & a.; Andrew P. Lane & a. v. Joseph Ippolito & a.,https://www.courts.nh.gov/sites/g/files/ehbemt471/files/documents/2026-04/20250175.pdf,,2026-03-02,,2026,Superior Court,superior_court,Schulman,civil,standard,affirmed,per_curiam,Per Curiam,3,0,0,3,3-0,True,False,False,"['civil_procedure', 'property', 'contract']",[],,False,[],,1273,case_order,1.0.0,2026-08-03T12:16:56.950754,0.8
2025-0529,2025-0529,['2025-0529'],,,,William Michaud & a. v. Nathan Forsaith & a.,https://www.courts.nh.gov/sites/g/files/ehbemt471/files/documents/2026-03/20250529.pdf,,2026-02-27,,2026,Circuit Court,circuit_court,"Kane,
R., approved by Gorman",civil,standard,affirmed,per_curiam,Per Curiam,4,0,0,2,4-0,True,False,False,[],[],,False,[],,296,case_order,1.0.0,2026-08-03T12:16:57.036858,0.8
2025-0161,2025-0161,"['2025-0161', '2022-0063']",,,,Jeffrey C. Spear & a. v. Richard J. Waite & a.,https://www.courts.nh.gov/sites/g/files/ehbemt471/files/documents/2026-02/20250161.pdf,,2026-02-26,,2026,"Superior Court (St. Hilaire, J.)",superior_court,St. Hilaire,civil,standard,,per_curiam,Per Curiam,0,0,0,6,Unavailable,False,False,False,"['civil_procedure', 'property']",[],,False,['de_novo'],,1312,case_order,1.0.0,2026-08-03T12:16:57.349159,0.8
2024-0407,2024-0407,['2024-0407'],,,,State of New Hampshire v. Christopher C. Crosby,https://www.courts.nh.gov/sites/g/files/ehbemt471/files/documents/2026-02/20240407.pdf,,2026-02-25,,2026,"Superior Court (Edwards, J.)",superior_court,Edwards,criminal,standard,,per_curiam,Per Curiam,0,0,0,6,Unavailable,False,False,False,"['criminal', 'evidence']","['RSA 635:2, III']","RSA 635:2, III",False,[],,1305,case_order,1.0.0,2026-08-03T12:16:57.615231,0.8
2025-0041,2025-0041,['2025-0041'],,,,In the Matter of Lici Deng-Vish and Frank Vish,https://www.courts.nh.gov/sites/g/files/ehbemt471/files/documents/2026-02/20250041.pdf,,2026-02-24,,2026,"Circuit Court (Rauseo, J.)",circuit_court,Rauseo,family/domestic,standard,,per_curiam,Per Curiam,0,0,0,6,Unavailable,False,False,False,"['family_law', 'property']","['RSA 458-C:2, IV']","RSA 458-C:2, IV",False,[],,1236,case_order,1.0.0,2026-08-03T12:16:57.916688,0.8
2024-0578,2024-0578,['2024-0578'],,,,Laurie Ortolano v. City of Nashua & a.,https://www.courts.nh.gov/sites/g/files/ehbemt471/files/documents/2026-02/20240578.pdf,,2026-02-10,,2026,"Superior Court (Temple, J.)",superior_court,Temple,civil,standard,,per_curiam,Per Curiam,0,0,0,6,Unavailable,False,False,False,[],"['RSA 91-A', 'RSA 91-A:7', 'RSA 91-A:8, IV', 'RSA 91-A:1-a, VI']",RSA 91-A,False,[],,1406,case_order,1.0.0,2026-08-03T12:16:58.276396,0.8
2025-0108,2025-0108,['2025-0108'],2024 N.H. 57,2024.0,57.0,"State of New Hampshire v. James D. Reed, II",https://www.courts.nh.gov/sites/g/files/ehbemt471/files/documents/2026-03/20250108.pdf,,2026-02-09,,2024,"Superior Court (Kennedy, J.)",superior_court,Kennedy,family/domestic,standard,affirmed,per_curiam,Per Curiam,4,0,0,2,4-0,True,False,False,"['criminal', 'family_law', 'evidence']","['RSA 642:2', 'RSA 626:2, II', 'RSA 626:2, I']",RSA 642:2,False,[],"We have previously explained that the term “detain” means “to hold or
keep in or as if in custody,” “to keep back,” and to “stop or delay.” State v.
Lindsey, 158 N.H. 703, 706 (2009) (quotations omitted). We have also explained
that the phrase “seeking to effect an arrest or detention” includes “the entire
course of events during which law enforcement officers seek to secure and
maintain physical control of an individual, attendant to accomplishing the
intended law enforcement duty.” Id. (quotation omitted). “Whether a defendant’s
resistive conduct occurred while law enforcement was ‘seeking t",974,case_order,1.0.0,2026-08-03T12:16:58.563429,0.8
2025-0095,2025-0095,['2025-0095'],,,,In the Matter of Robert Moulton and Rebecca Moulton,https://www.courts.nh.gov/sites/g/files/ehbemt471/files/documents/2026-03/20250095.pdf,,2026-02-09,,2026,"Circuit Court (Carroll, R., approved by Cabrera, J.), following a final",circuit_court,"Carroll, R., approved by Cabrera",family/domestic,standard,,per_curiam,Per Curiam,0,0,0,6,Unavailable,False,False,False,"['family_law', 'property', 'employment', 'tax']","['RSA 458:16-a, II', 'RSA 458:16-']","RSA 458:16-a, II",False,[],,1478,case_order,1.0.0,2026-08-03T12:16:58.891878,0.8
2025-0143,2025-0143,['2025-0143'],,,,In the Matter of Scott Billodeau and Shannon Billodeau,https://www.courts.nh.gov/sites/g/files/ehbemt471/files/documents/2026-03/20250143.pdf,,2026-02-05,,2026,,,Tessier,family/domestic,standard,affirmed,per_curiam,Per Curiam,4,0,0,2,4-0,True,False,False,"['family_law', 'property', 'contract']","['RSA 458:16, I']","RSA 458:16, I",False,[],,912,case_order,1.0.0,2026-08-03T12:16:59.094535,0.8
2024-0368,2024-0368,['2024-0368'],2025 N.H. 11,2025.0,11.0,State of New Hampshire v. Kyle Babb,https://www.courts.nh.gov/sites/g/files/ehbemt471/files/documents/2026-01/20240368.pdf,,2026-01-30,,2025,,,,criminal,standard,affirmed,per_curiam,Per Curiam,4,0,0,2,4-0,True,False,False,"['criminal', 'evidence']","['RSA 631:2-a', 'RSA 631:2-a, II', 'RSA 631:2-a, I']",RSA 631:2-a,False,[],"Some evidence means more than a
minutia or scintilla of evidence. Id. To be more than a scintilla, evidence
cannot be vague, conjectural, or the mere suspicion of a fact, but must be of
such quality as to induce conviction. Id. However, the evidentiary support
need not be overwhelming, nor must the evidence presented be uncontradicted.
Id. When there is simply no evidentiary basis to support the theory of the
requested jury instruction, the party is not entitled to such an instruction, and
the trial court may properly deny the party’s request. Id. Because we are
asked to review the “trial cour",929,case_order,1.0.0,2026-08-03T12:16:59.346993,0.8
2025-0152,2025-0152,['2025-0152'],,,,In the Matter of Denise Christiansen and Kevin Christiansen,https://www.courts.nh.gov/sites/g/files/ehbemt471/files/documents/2026-02/20250152.pdf,,2026-01-27,,2026,"Circuit Court (Garner and Keating, JJ.)",circuit_court,,family/domestic,standard,,per_curiam,Per Curiam,0,0,0,6,Unavailable,False,False,False,"['family_law', 'property']","['RSA 458:16-a, I', 'RSA 458:16-a, II', 'RSA 458:19-a, I']","RSA 458:16-a, I",False,[],,1418,case_order,1.0.0,2026-08-03T12:16:59.664062,0.8
2025-0193,2025-0193,['2025-0193'],,,,"Hate to Paint, LLC v. Ambrose Development, LLC & a.",https://www.courts.nh.gov/sites/g/files/ehbemt471/files/documents/2026-02/20250193.pdf,,2026-01-27,,2026,"Superior Court (Schulman, J.)",superior_court,Schulman,civil,standard,affirmed,per_curiam,Per Curiam,3,0,0,3,3-0,True,False,False,"['civil_procedure', 'contract', 'tort']","['RSA 491:8-a, IV', 'RSA 491:8-a, II']","RSA 491:8-a, IV",False,[],,1007,case_order,1.0.0,2026-08-03T12:16:59.872480,0.8
2023-0644,2023-0644,['2023-0644'],,,,In re Estate of Anna M. Hafey,https://www.courts.nh.gov/sites/g/files/ehbemt471/files/documents/2026-01/20230644.pdf,,2026-01-23,,2026,"Circuit Court (Weaver, J.)",circuit_court,Weaver,civil,standard,affirmed,per_curiam,Per Curiam,0,0,0,6,Unavailable,False,False,False,"['insurance', 'statutory_interpretation']","['RSA 551:2', 'RSA 551:2-a', 'RSA 567-A:4', 'RSA 551:2, I', 'RSA 551:1']",RSA 551:2,True,[],,1321,case_order,1.0.0,2026-08-03T12:17:00.192890,0.8
2022-0433,2022-0433,['2022-0433'],,,,State of New Hampshire v. Richard Ellison,https://www.courts.nh.gov/sites/g/files/ehbemt471/files/documents/2026-01/20220433.pdf,,2026-01-14,,2026,"Superior Court (Kissinger, J.)",superior_court,Kissinger,criminal,standard,,per_curiam,Per Curiam,0,0,0,6,Unavailable,False,False,False,"['criminal', 'evidence']","['RSA 630:1-b, I']","RSA 630:1-b, I",False,[],,1377,case_order,1.0.0,2026-08-03T12:17:00.504871,0.8
2025-0222,2025-0222,['2025-0222'],,,,Phillip K. Cunningham v. Dover Police Department,https://www.courts.nh.gov/sites/g/files/ehbemt471/files/documents/2026-02/20250222.pdf,,2026-01-14,,2026,,,,civil,standard,dismissed,per_curiam,Per Curiam,4,0,0,2,4-0,True,False,False,"['civil_procedure', 'statutory_interpretation', 'tort']","['RSA 507-B', 'RSA 507-B:5', 'RSA 507-B:1, I', 'RSA 507-B:1, II', 'RSA 507-B:2']",RSA 507-B,True,[],,638,case_order,1.0.0,2026-08-03T12:17:00.676890,0.8
2025-0268,2025-0268,['2025-0268'],,,,Farres Alkhayer v. Nashua Police Department,https://www.courts.nh.gov/sites/g/files/ehbemt471/files/documents/2026-02/20250268.pdf,,2026-01-13,,2026,"Circuit Court (Major, J.)",circuit_court,Major,civil,standard,affirmed,per_curiam,Per Curiam,4,0,0,2,4-0,True,False,False,['constitutional'],[],,False,[],,618,case_order,1.0.0,2026-08-03T12:17:00.862131,0.8
2025-0297,2025-0297,['2025-0297'],2024 N.H. 53,2024.0,53.0,"Daniel Richard v. Governor, State of New Hampshire & a.",https://www.courts.nh.gov/sites/g/files/ehbemt471/files/documents/2026-02/20250297.pdf,,2026-01-13,,2024,"Superior Court (Ruoff, J.)",superior_court,Ruoff,civil,standard,dismissed,per_curiam,Per Curiam,4,0,0,2,4-0,True,False,False,"['statutory_interpretation', 'constitutional']",['RSA 656:40-'],RSA 656:40-,True,[],"We assume the truth of the relevant well-pleaded factual
allegations in the plaintiff’s pleadings and construe all reasonable inferences
from those facts in the light most favorable to the plaintiff. See id. We do not,
however, assume the truth of statements in the plaintiff’s pleadings that are
conclusions of law. See id.; ERG, Inc. v. Barnes, 137 N.H. 186, 190 (1993)
(“The court will not, however, assume the truth or accuracy of any allegations
which are not well-pleaded, including the statement of conclusions of fact and
principles of law.”). We will uphold the trial court’s decision if the",1168,case_order,1.0.0,2026-08-03T12:17:01.169474,0.8
2025-0211,2025-0211,['2025-0211'],,,,Kirsten D. Bourbeau v. Tung Nguyen,https://www.courts.nh.gov/sites/g/files/ehbemt471/files/documents/2026-02/20250211.pdf,,2026-01-12,,2026,"Superior Court (Smith, J.)",superior_court,Smith,civil,standard,dismissed,per_curiam,Per Curiam,0,0,0,6,Unavailable,False,False,False,"['civil_procedure', 'constitutional', 'contract', 'tort', 'evidence']","['RSA 507-E:2, I', 'RSA 507-E:2, II', 'RSA 507-E:1, III', 'RSA 516:29-b', 'RSA 507-E:2', 'RSA 516:29-b, II', 'RSA 507:2, I', 'RSA 3']","RSA 507-E:2, I",False,[],,1279,case_order,1.0.0,2026-08-03T12:17:01.429695,0.8
2024-0655,2024-0655,['2024-0655'],,,,"State of New Hampshire v. Duncan C. McInnes, Jr.",https://www.courts.nh.gov/sites/g/files/ehbemt471/files/documents/2026-02/20240655.pdf,,2026-01-12,,2026,"Superior Court (Edwards, J.)",superior_court,Edwards,family/domestic,standard,affirmed,per_curiam,Per Curiam,4,0,0,2,4-0,True,False,False,"['criminal', 'property', 'employment', 'domestic_violence']","['RSA 633:3-a', 'RSA 633:3-a, I', 'RSA 633:3-a, II', 'RSA 644:4, II']",RSA 633:3-a,False,[],,854,case_order,1.0.0,2026-08-03T12:17:01.664060,0.8
2025-0188,2025-0188,['2025-0188'],,,,"Leonard J. Padula, III v. Mary Maloney",https://www.courts.nh.gov/sites/g/files/ehbemt471/files/documents/2026-02/20250188.pdf,,2026-01-12,,2026,Superior Court,superior_court,Kissinger,civil,standard,affirmed,per_curiam,Per Curiam,4,0,0,2,4-0,True,False,False,"['statutory_interpretation', 'employment']",[],,True,[],,386,case_order,1.0.0,2026-08-03T12:17:01.764799,0.8
2025-0099,2025-0099,['2025-0099'],,,,In the Matter of Jean Paul LaTour and Jennifer LaTour,https://www.courts.nh.gov/sites/g/files/ehbemt471/files/documents/2026-02/20250099.pdf,,2026-01-12,,2026,"Circuit Court (Walch, J.)",circuit_court,Walch,family/domestic,standard,affirmed,per_curiam,Per Curiam,3,0,0,3,3-0,True,False,False,"['insurance', 'family_law', 'statutory_interpretation', 'property']","['RSA 458:16-a, I', 'RSA 458:16-a, II', 'RSA 458:19-a, III']","RSA 458:16-a, I",True,[],,1153,case_order,1.0.0,2026-08-03T12:17:02.045807,0.8
2024-0712,2024-0712,"['2024-0712', '2022-0373']",,,,Appeal of Michael Messina,https://www.courts.nh.gov/sites/g/files/ehbemt471/files/documents/2026-01/20240712.pdf,,2026-01-06,,2026,,,,civil,standard,,per_curiam,Per Curiam,0,0,0,6,Unavailable,False,False,False,"['insurance', 'administrative_law', 'statutory_interpretation', 'employment']","['RSA 541:13', 'RSA 281-A:2, XI']",RSA 541:13,True,['de_novo'],,1424,case_order,1.0.0,2026-08-03T12:17:02.365183,0.8
2024-0619,2024-0619,['2024-0619'],,,,In the Matter of Melissa Dugan and Aaron Dugan,https://www.courts.nh.gov/sites/g/files/ehbemt471/files/documents/2026-04/20240619.pdf,,2026-03-24,,2026,"Circuit Court (Mace, J.)",circuit_court,Mace,family/domestic,standard,affirmed,per_curiam,Per Curiam,5,0,0,1,5-0,True,False,False,"['family_law', 'property', 'domestic_violence']","['RSA 461-A:6, I', 'RSA 173-B:1, I']","RSA 461-A:6, I",False,[],,1020,case_order,1.0.0,2026-08-03T12:17:02.585460,0.8
2016-0562,2016-0562,"[""2016-0562""]",,,,Appeal of Claremont School Board,https://mm.nh.gov/files/uploads/pelrb/docs/c-dec-claremont-2016-0252.pdf,,2017-10-02,,2017,,,,civil,,dismissed,per_curiam,Per Curiam,4,0,0,0,4-0,True,False,False,[],[],,,,"After reviewing supplemental memoranda, the court concluded the case was moot and dismissed the appeal.",90,case_order,manual-verified,,1.0
