source_file_key,source_type,docket_numbers,source_url,match_method,confidence,review_status
2014-0203,case_order,"[""2014-0203""]",https://www.nhmunicipal.org/sites/default/files/uploads/court_documents/mcdonough_v-belmont.pdf,source_case_number_and_caption,high,generated
2012-0641,case_order,"[""2012-0641""]",https://www.courts.nh.gov/sites/g/files/ehbemt471/files/documents/2021-09/20120641.pdf,source_case_number_and_caption,high,generated
2013-0016,case_order,"[""2013-0016""]",https://www.courts.nh.gov/sites/g/files/ehbemt471/files/documents/2021-09/20130016.pdf,source_case_number_and_caption,high,generated
2013-0051,case_order,"[""2013-0051""]",https://www.courts.nh.gov/sites/g/files/ehbemt471/files/documents/2021-09/20130051.pdf,source_case_number_and_caption,high,generated
2013-0249,case_order,"[""2013-0249"", ""2013-0426""]",https://www.courts.nh.gov/sites/g/files/ehbemt471/files/documents/2021-09/20130249.pdf,source_case_number_and_caption,high,generated
2013-0257,case_order,"[""2013-0257""]",https://www.courts.nh.gov/sites/g/files/ehbemt471/files/documents/2021-09/20130257.pdf,source_case_number_and_caption,high,generated
2013-0315,case_order,"[""2013-0315""]",https://www.courts.nh.gov/sites/g/files/ehbemt471/files/documents/2021-09/20130315.pdf,source_case_number_and_caption,high,generated
2013-0449,case_order,"[""2013-0449""]",https://www.courts.nh.gov/sites/g/files/ehbemt471/files/documents/2021-09/20130449.pdf,source_case_number_and_caption,high,generated
2013-0518,case_order,"[""2013-0518""]",https://www.courts.nh.gov/sites/g/files/ehbemt471/files/documents/2021-09/20130518.pdf,source_case_number_and_caption,high,generated
2013-0571,case_order,"[""2013-0571""]",https://www.courts.nh.gov/sites/g/files/ehbemt471/files/documents/2021-09/20130571.pdf,source_case_number_and_caption,high,generated
2013-0653,case_order,"[""2013-0653""]",https://www.courts.nh.gov/sites/g/files/ehbemt471/files/documents/2021-09/20130653.pdf,source_case_number_and_caption,high,generated
2013-0673,case_order,"[""2013-0673""]",https://www.courts.nh.gov/sites/g/files/ehbemt471/files/documents/2021-09/20130673.pdf,source_case_number_and_caption,high,generated
2013-0761,case_order,"[""2013-0761""]",https://www.courts.nh.gov/sites/g/files/ehbemt471/files/documents/2021-09/20130761.pdf,source_case_number_and_caption,high,generated
2013-0791,case_order,"[""2013-0791""]",https://www.courts.nh.gov/sites/g/files/ehbemt471/files/documents/2021-09/20130791.pdf,source_case_number_and_caption,high,generated
2013-0823,case_order,"[""2013-0823""]",https://www.courts.nh.gov/sites/g/files/ehbemt471/files/documents/2021-09/20130823.pdf,source_case_number_and_caption,high,generated
2013-0833,case_order,"[""2013-0833""]",https://www.courts.nh.gov/sites/g/files/ehbemt471/files/documents/2021-09/20130833.pdf,source_case_number_and_caption,high,generated
2013-0860,case_order,"[""2013-0860""]",https://www.courts.nh.gov/sites/g/files/ehbemt471/files/documents/2021-09/20130860.pdf,source_case_number_and_caption,high,generated
2013-0886,case_order,"[""2013-0886""]",https://www.courts.nh.gov/sites/g/files/ehbemt471/files/documents/2021-09/20130886.pdf,source_case_number_and_caption,high,generated
2014-0006,case_order,"[""2014-0006""]",https://www.courts.nh.gov/sites/g/files/ehbemt471/files/documents/2021-09/20140006.pdf,source_case_number_and_caption,high,generated
2014-0007,case_order,"[""2014-0007""]",https://www.courts.nh.gov/sites/g/files/ehbemt471/files/documents/2021-09/20140007.pdf,source_case_number_and_caption,high,generated
2014-0009,case_order,"[""2014-0009""]",https://www.courts.nh.gov/sites/g/files/ehbemt471/files/documents/2021-09/20140009.pdf,source_case_number_and_caption,high,generated
2014-0022,case_order,"[""2014-0022""]",https://www.courts.nh.gov/sites/g/files/ehbemt471/files/documents/2021-09/20140022.pdf,source_case_number_and_caption,high,generated
2014-0073,case_order,"[""2014-0073""]",https://www.courts.nh.gov/sites/g/files/ehbemt471/files/documents/2021-09/20140073.pdf,source_case_number_and_caption,high,generated
2014-0081,case_order,"[""2014-0081""]",https://www.courts.nh.gov/sites/g/files/ehbemt471/files/documents/2021-09/20140081.pdf,source_case_number_and_caption,high,generated
2014-0091,case_order,"[""2014-0091""]",https://www.courts.nh.gov/sites/g/files/ehbemt471/files/documents/2021-09/20140091.pdf,source_case_number_and_caption,high,generated
2014-0094,case_order,"[""2014-0094""]",https://www.courts.nh.gov/sites/g/files/ehbemt471/files/documents/2021-09/20140094.pdf,source_case_number_and_caption,high,generated
2014-0095,case_order,"[""2014-0095""]",https://www.courts.nh.gov/sites/g/files/ehbemt471/files/documents/2021-09/20140095.pdf,source_case_number_and_caption,high,generated
2014-0124,case_order,"[""2014-0124""]",https://www.courts.nh.gov/sites/g/files/ehbemt471/files/documents/2021-09/20140124.pdf,source_case_number_and_caption,high,generated
2014-0139,case_order,"[""2014-0139""]",https://www.courts.nh.gov/sites/g/files/ehbemt471/files/documents/2021-09/20140139.pdf,source_case_number_and_caption,high,generated
2014-0144,case_order,"[""2014-0144""]",https://www.courts.nh.gov/sites/g/files/ehbemt471/files/documents/2021-09/20140144.pdf,source_case_number_and_caption,high,generated
2014-0151,case_order,"[""2014-0151""]",https://www.courts.nh.gov/sites/g/files/ehbemt471/files/documents/2021-09/20140151.pdf,source_case_number_and_caption,high,generated
2014-0171,case_order,"[""2014-0171""]",https://www.courts.nh.gov/sites/g/files/ehbemt471/files/documents/2021-09/20140171.pdf,source_case_number_and_caption,high,generated
2014-0176,case_order,"[""2014-0176""]",https://www.courts.nh.gov/sites/g/files/ehbemt471/files/documents/2021-09/20140176.pdf,source_case_number_and_caption,high,generated
2014-0179,case_order,"[""2014-0179""]",https://www.courts.nh.gov/sites/g/files/ehbemt471/files/documents/2021-09/20140179.pdf,source_case_number_and_caption,high,generated
2014-0193,case_order,"[""2014-0193""]",https://www.courts.nh.gov/sites/g/files/ehbemt471/files/documents/2021-09/20140193.pdf,source_case_number_and_caption,high,generated
2014-0217,case_order,"[""2014-0217""]",https://www.courts.nh.gov/sites/g/files/ehbemt471/files/documents/2021-09/20140217.pdf,source_case_number_and_caption,high,generated
2014-0226,case_order,"[""2014-0226""]",https://www.courts.nh.gov/sites/g/files/ehbemt471/files/documents/2021-09/20140226.pdf,source_case_number_and_caption,high,generated
2014-0229,case_order,"[""2014-0229""]",https://www.courts.nh.gov/sites/g/files/ehbemt471/files/documents/2021-09/20140229.pdf,source_case_number_and_caption,high,generated
2014-0242,case_order,"[""2014-0242""]",https://www.courts.nh.gov/sites/g/files/ehbemt471/files/documents/2021-09/20140242.pdf,source_case_number_and_caption,high,generated
2014-0246,case_order,"[""2014-0246""]",https://www.courts.nh.gov/sites/g/files/ehbemt471/files/documents/2021-09/20140246.pdf,source_case_number_and_caption,high,generated
2014-0254,case_order,"[""2014-0254""]",https://www.courts.nh.gov/sites/g/files/ehbemt471/files/documents/2021-09/20140254.pdf,source_case_number_and_caption,high,generated
2014-0257,case_order,"[""2014-0257""]",https://www.courts.nh.gov/sites/g/files/ehbemt471/files/documents/2021-09/20140257.pdf,source_case_number_and_caption,high,generated
2014-0258,case_order,"[""2014-0258""]",https://www.courts.nh.gov/sites/g/files/ehbemt471/files/documents/2021-09/20140258.pdf,source_case_number_and_caption,high,generated
2014-0260,case_order,"[""2014-0260""]",https://www.courts.nh.gov/sites/g/files/ehbemt471/files/documents/2021-09/20140260.pdf,source_case_number_and_caption,high,generated
2014-0263,case_order,"[""2014-0263""]",https://www.courts.nh.gov/sites/g/files/ehbemt471/files/documents/2021-09/20140263.pdf,source_case_number_and_caption,high,generated
2014-0265,case_order,"[""2014-0265""]",https://www.courts.nh.gov/sites/g/files/ehbemt471/files/documents/2021-09/20140265.pdf,source_case_number_and_caption,high,generated
2014-0267,case_order,"[""2014-0267""]",https://www.courts.nh.gov/sites/g/files/ehbemt471/files/documents/2021-09/20140267.pdf,source_case_number_and_caption,high,generated
2014-0269,case_order,"[""2014-0269""]",https://www.courts.nh.gov/sites/g/files/ehbemt471/files/documents/2021-09/20140269.pdf,source_case_number_and_caption,high,generated
2014-0272,case_order,"[""2014-0272""]",https://www.courts.nh.gov/sites/g/files/ehbemt471/files/documents/2021-09/20140272.pdf,source_case_number_and_caption,high,generated
2014-0273,case_order,"[""2014-0273""]",https://www.courts.nh.gov/sites/g/files/ehbemt471/files/documents/2021-09/20140273.pdf,source_case_number_and_caption,high,generated
2014-0283,case_order,"[""2014-0283""]",https://www.courts.nh.gov/sites/g/files/ehbemt471/files/documents/2021-09/20140283.pdf,source_case_number_and_caption,high,generated
2014-0292,case_order,"[""2014-0292""]",https://www.courts.nh.gov/sites/g/files/ehbemt471/files/documents/2021-09/20140292.pdf,source_case_number_and_caption,high,generated
2014-0293,case_order,"[""2014-0293""]",https://www.courts.nh.gov/sites/g/files/ehbemt471/files/documents/2021-09/20140293.pdf,source_case_number_and_caption,high,generated
2014-0295,case_order,"[""2014-0295""]",https://www.courts.nh.gov/sites/g/files/ehbemt471/files/documents/2021-09/20140295.pdf,source_case_number_and_caption,high,generated
2014-0296,case_order,"[""2014-0296""]",https://www.courts.nh.gov/sites/g/files/ehbemt471/files/documents/2021-09/20140296.pdf,source_case_number_and_caption,high,generated
2014-0301,case_order,"[""2014-0301""]",https://www.courts.nh.gov/sites/g/files/ehbemt471/files/documents/2021-09/20140301.pdf,source_case_number_and_caption,high,generated
2014-0306,case_order,"[""2014-0306""]",https://www.courts.nh.gov/sites/g/files/ehbemt471/files/documents/2021-09/20140306.pdf,source_case_number_and_caption,high,generated
2014-0313,case_order,"[""2014-0313""]",https://www.courts.nh.gov/sites/g/files/ehbemt471/files/documents/2021-09/20140313.pdf,source_case_number_and_caption,high,generated
2014-0321,case_order,"[""2014-0321""]",https://www.courts.nh.gov/sites/g/files/ehbemt471/files/documents/2021-09/20140321.pdf,source_case_number_and_caption,high,generated
2014-0327,case_order,"[""2014-0327""]",https://www.courts.nh.gov/sites/g/files/ehbemt471/files/documents/2021-09/20140327.pdf,source_case_number_and_caption,high,generated
2014-0330,case_order,"[""2014-0330""]",https://www.courts.nh.gov/sites/g/files/ehbemt471/files/documents/2021-09/20140330.pdf,source_case_number_and_caption,high,generated
2014-0331,case_order,"[""2014-0331""]",https://www.courts.nh.gov/sites/g/files/ehbemt471/files/documents/2021-09/20140331.pdf,source_case_number_and_caption,high,generated
2014-0336,case_order,"[""2014-0336""]",https://www.courts.nh.gov/sites/g/files/ehbemt471/files/documents/2021-09/20140336.pdf,source_case_number_and_caption,high,generated
2014-0342,case_order,"[""2014-0342""]",https://www.courts.nh.gov/sites/g/files/ehbemt471/files/documents/2021-09/20140342.pdf,source_case_number_and_caption,high,generated
2014-0343,case_order,"[""2014-0343""]",https://www.courts.nh.gov/sites/g/files/ehbemt471/files/documents/2021-09/20140343.pdf,source_case_number_and_caption,high,generated
2014-0349,case_order,"[""2014-0349""]",https://www.courts.nh.gov/sites/g/files/ehbemt471/files/documents/2021-09/20140349.pdf,source_case_number_and_caption,high,generated
2014-0351,case_order,"[""2014-0351""]",https://www.courts.nh.gov/sites/g/files/ehbemt471/files/documents/2021-09/20140351.pdf,source_case_number_and_caption,high,generated
2014-0355,case_order,"[""2014-0355""]",https://www.courts.nh.gov/sites/g/files/ehbemt471/files/documents/2021-09/20140355.pdf,source_case_number_and_caption,high,generated
2014-0356,case_order,"[""2014-0356""]",https://www.courts.nh.gov/sites/g/files/ehbemt471/files/documents/2021-09/20140356.pdf,source_case_number_and_caption,high,generated
2014-0357,case_order,"[""2014-0357""]",https://www.courts.nh.gov/sites/g/files/ehbemt471/files/documents/2021-09/20140357.pdf,source_case_number_and_caption,high,generated
2014-0358,case_order,"[""2014-0358""]",https://www.courts.nh.gov/sites/g/files/ehbemt471/files/documents/2021-09/20140358.pdf,source_case_number_and_caption,high,generated
2014-0359,case_order,"[""2014-0359""]",https://www.courts.nh.gov/sites/g/files/ehbemt471/files/documents/2021-09/20140359.pdf,source_case_number_and_caption,high,generated
2014-0363,case_order,"[""2014-0363""]",https://www.courts.nh.gov/sites/g/files/ehbemt471/files/documents/2021-09/20140363.pdf,source_case_number_and_caption,high,generated
2014-0364,case_order,"[""2014-0364""]",https://www.courts.nh.gov/sites/g/files/ehbemt471/files/documents/2021-09/20140364.pdf,source_case_number_and_caption,high,generated
2014-0367,case_order,"[""2014-0367""]",https://www.courts.nh.gov/sites/g/files/ehbemt471/files/documents/2021-09/20140367.pdf,source_case_number_and_caption,high,generated
2014-0369,case_order,"[""2014-0369""]",https://www.courts.nh.gov/sites/g/files/ehbemt471/files/documents/2021-09/20140369.pdf,source_case_number_and_caption,high,generated
2014-0371,case_order,"[""2014-0371""]",https://www.courts.nh.gov/sites/g/files/ehbemt471/files/documents/2021-09/20140371.pdf,source_case_number_and_caption,high,generated
2014-0373,case_order,"[""2014-0373""]",https://www.courts.nh.gov/sites/g/files/ehbemt471/files/documents/2021-09/20140373.pdf,source_case_number_and_caption,high,generated
2014-0379,case_order,"[""2014-0379""]",https://www.courts.nh.gov/sites/g/files/ehbemt471/files/documents/2021-09/20140379.pdf,source_case_number_and_caption,high,generated
2014-0380,case_order,"[""2014-0380""]",https://www.courts.nh.gov/sites/g/files/ehbemt471/files/documents/2021-09/20140380.pdf,source_case_number_and_caption,high,generated
2014-0393,case_order,"[""2014-0393""]",https://www.courts.nh.gov/sites/g/files/ehbemt471/files/documents/2021-09/20140393.pdf,source_case_number_and_caption,high,generated
2014-0396,case_order,"[""2014-0396""]",https://www.courts.nh.gov/sites/g/files/ehbemt471/files/documents/2021-09/20140396.pdf,source_case_number_and_caption,high,generated
2014-0400,case_order,"[""2014-0400""]",https://www.courts.nh.gov/sites/g/files/ehbemt471/files/documents/2021-09/20140400.pdf,source_case_number_and_caption,high,generated
2014-0405,case_order,"[""2014-0405""]",https://www.courts.nh.gov/sites/g/files/ehbemt471/files/documents/2021-09/20140405.pdf,source_case_number_and_caption,high,generated
2014-0410,case_order,"[""2014-0410""]",https://www.courts.nh.gov/sites/g/files/ehbemt471/files/documents/2021-09/20140410.pdf,source_case_number_and_caption,high,generated
2014-0415,case_order,"[""2014-0415""]",https://www.courts.nh.gov/sites/g/files/ehbemt471/files/documents/2021-09/20140415.pdf,source_case_number_and_caption,high,generated
2014-0421,case_order,"[""2014-0421""]",https://www.courts.nh.gov/sites/g/files/ehbemt471/files/documents/2021-09/20140421.pdf,source_case_number_and_caption,high,generated
2014-0424,case_order,"[""2014-0424""]",https://www.courts.nh.gov/sites/g/files/ehbemt471/files/documents/2021-09/20140424.pdf,source_case_number_and_caption,high,generated
2014-0426,case_order,"[""2014-0426""]",https://www.courts.nh.gov/sites/g/files/ehbemt471/files/documents/2021-09/20140426.pdf,source_case_number_and_caption,high,generated
2014-0433,case_order,"[""2014-0433""]",https://www.courts.nh.gov/sites/g/files/ehbemt471/files/documents/2021-09/20140433.pdf,source_case_number_and_caption,high,generated
2014-0440,case_order,"[""2014-0440""]",https://www.courts.nh.gov/sites/g/files/ehbemt471/files/documents/2021-09/20140440.pdf,source_case_number_and_caption,high,generated
2014-0447,case_order,"[""2014-0447""]",https://www.courts.nh.gov/sites/g/files/ehbemt471/files/documents/2021-09/20140447.pdf,source_case_number_and_caption,high,generated
2014-0452,case_order,"[""2014-0452""]",https://www.courts.nh.gov/sites/g/files/ehbemt471/files/documents/2021-09/20140452.pdf,source_case_number_and_caption,high,generated
2014-0459,case_order,"[""2014-0459""]",https://www.courts.nh.gov/sites/g/files/ehbemt471/files/documents/2021-09/20140459.pdf,source_case_number_and_caption,high,generated
2014-0463,case_order,"[""2014-0463""]",https://www.courts.nh.gov/sites/g/files/ehbemt471/files/documents/2021-09/20140463.pdf,source_case_number_and_caption,high,generated
2014-0472,case_order,"[""2014-0472""]",https://www.courts.nh.gov/sites/g/files/ehbemt471/files/documents/2021-09/20140472.pdf,source_case_number_and_caption,high,generated
2014-0505,case_order,"[""2014-0505""]",https://www.courts.nh.gov/sites/g/files/ehbemt471/files/documents/2021-09/20140505.pdf,source_case_number_and_caption,high,generated
2014-0511,case_order,"[""2014-0511""]",https://www.courts.nh.gov/sites/g/files/ehbemt471/files/documents/2021-09/20140511.pdf,source_case_number_and_caption,high,generated
2014-0514,case_order,"[""2014-0514""]",https://www.courts.nh.gov/sites/g/files/ehbemt471/files/documents/2021-09/20140514.pdf,source_case_number_and_caption,high,generated
2014-0516,case_order,"[""2014-0516"", ""2012-0598""]",https://www.courts.nh.gov/sites/g/files/ehbemt471/files/documents/2021-09/20140516.pdf,source_case_number_and_caption,high,generated
2014-0522,case_order,"[""2014-0522""]",https://www.courts.nh.gov/sites/g/files/ehbemt471/files/documents/2021-09/20140522.pdf,source_case_number_and_caption,high,generated
2014-0526,case_order,"[""2014-0526""]",https://www.courts.nh.gov/sites/g/files/ehbemt471/files/documents/2021-09/20140526.pdf,source_case_number_and_caption,high,generated
2014-0529,case_order,"[""2014-0529""]",https://www.courts.nh.gov/sites/g/files/ehbemt471/files/documents/2021-09/20140529.pdf,source_case_number_and_caption,high,generated
2014-0530,case_order,"[""2014-0530""]",https://www.courts.nh.gov/sites/g/files/ehbemt471/files/documents/2021-09/20140530.pdf,source_case_number_and_caption,high,generated
2014-0531,case_order,"[""2014-0531""]",https://www.courts.nh.gov/sites/g/files/ehbemt471/files/documents/2021-09/20140531.pdf,source_case_number_and_caption,high,generated
2014-0537,case_order,"[""2014-0537""]",https://www.courts.nh.gov/sites/g/files/ehbemt471/files/documents/2021-09/20140537.pdf,source_case_number_and_caption,high,generated
2014-0538,case_order,"[""2014-0538""]",https://www.courts.nh.gov/sites/g/files/ehbemt471/files/documents/2021-09/20140538.pdf,source_case_number_and_caption,high,generated
2014-0544,case_order,"[""2014-0544""]",https://www.courts.nh.gov/sites/g/files/ehbemt471/files/documents/2021-09/20140544.pdf,source_case_number_and_caption,high,generated
2014-0548,case_order,"[""2014-0548""]",https://www.courts.nh.gov/sites/g/files/ehbemt471/files/documents/2021-09/20140548.pdf,source_case_number_and_caption,high,generated
2014-0554,case_order,"[""2014-0554""]",https://www.courts.nh.gov/sites/g/files/ehbemt471/files/documents/2021-09/20140554.pdf,source_case_number_and_caption,high,generated
2014-0562,case_order,"[""2014-0562""]",https://www.courts.nh.gov/sites/g/files/ehbemt471/files/documents/2021-09/20140562.pdf,source_case_number_and_caption,high,generated
2014-0565,case_order,"[""2014-0565""]",https://www.courts.nh.gov/sites/g/files/ehbemt471/files/documents/2021-09/20140565.pdf,source_case_number_and_caption,high,generated
2014-0568,case_order,"[""2014-0568""]",https://www.courts.nh.gov/sites/g/files/ehbemt471/files/documents/2021-09/20140568.pdf,source_case_number_and_caption,high,generated
2014-0569,case_order,"[""2014-0569""]",https://www.courts.nh.gov/sites/g/files/ehbemt471/files/documents/2021-09/20140569.pdf,source_case_number_and_caption,high,generated
2014-0572,case_order,"[""2014-0572""]",https://www.courts.nh.gov/sites/g/files/ehbemt471/files/documents/2021-09/20140572.pdf,source_case_number_and_caption,high,generated
2014-0574,case_order,"[""2014-0574""]",https://www.courts.nh.gov/sites/g/files/ehbemt471/files/documents/2021-09/20140574.pdf,source_case_number_and_caption,high,generated
2014-0577,case_order,"[""2014-0577""]",https://www.courts.nh.gov/sites/g/files/ehbemt471/files/documents/2021-09/20140577.pdf,source_case_number_and_caption,high,generated
2014-0587,case_order,"[""2014-0587""]",https://www.courts.nh.gov/sites/g/files/ehbemt471/files/documents/2021-09/20140587.pdf,source_case_number_and_caption,high,generated
2014-0596,case_order,"[""2014-0596""]",https://www.courts.nh.gov/sites/g/files/ehbemt471/files/documents/2021-09/20140596.pdf,source_case_number_and_caption,high,generated
2014-0611,case_order,"[""2014-0611"", ""2013-0362""]",https://www.courts.nh.gov/sites/g/files/ehbemt471/files/documents/2021-09/20140611.pdf,source_case_number_and_caption,high,generated
2014-0614,case_order,"[""2014-0614""]",https://www.courts.nh.gov/sites/g/files/ehbemt471/files/documents/2021-09/20140614.pdf,source_case_number_and_caption,high,generated
2014-0615,case_order,"[""2014-0615""]",https://www.courts.nh.gov/sites/g/files/ehbemt471/files/documents/2021-09/20140615.pdf,source_case_number_and_caption,high,generated
2014-0618,case_order,"[""2014-0618""]",https://www.courts.nh.gov/sites/g/files/ehbemt471/files/documents/2021-09/20140618.pdf,source_case_number_and_caption,high,generated
2014-0624,case_order,"[""2014-0624""]",https://www.courts.nh.gov/sites/g/files/ehbemt471/files/documents/2021-09/20140624_final_order_modified.pdf,source_case_number_and_caption,high,generated
2014-0628,case_order,"[""2014-0628""]",https://www.courts.nh.gov/sites/g/files/ehbemt471/files/documents/2021-09/20140628.pdf,source_case_number_and_caption,high,generated
20140632,case_order,"[""2014-0632"", ""2015-0041""]",https://www.courts.nh.gov/sites/g/files/ehbemt471/files/documents/2021-09/20140632.pdf,caption_text,high,generated
2014-0633,case_order,"[""2014-0633""]",https://www.courts.nh.gov/sites/g/files/ehbemt471/files/documents/2021-09/20140633.pdf,source_case_number_and_caption,high,generated
2014-0637,case_order,"[""2014-0637""]",https://www.courts.nh.gov/sites/g/files/ehbemt471/files/documents/2021-09/20140637.pdf,source_case_number_and_caption,high,generated
2014-0648,case_order,"[""2014-0648""]",https://www.courts.nh.gov/sites/g/files/ehbemt471/files/documents/2021-09/20140648.pdf,source_case_number_and_caption,high,generated
2014-0656,case_order,"[""2014-0656""]",https://www.courts.nh.gov/sites/g/files/ehbemt471/files/documents/2021-09/20140656.pdf,source_case_number_and_caption,high,generated
2014-0658,case_order,"[""2014-0658""]",https://www.courts.nh.gov/sites/g/files/ehbemt471/files/documents/2021-09/20140658.pdf,source_case_number_and_caption,high,generated
2014-0671,case_order,"[""2014-0671""]",https://www.courts.nh.gov/sites/g/files/ehbemt471/files/documents/2021-09/20140671.pdf,source_case_number_and_caption,high,generated
2014-0678,case_order,"[""2014-0678""]",https://www.courts.nh.gov/sites/g/files/ehbemt471/files/documents/2021-09/20140678.pdf,source_case_number_and_caption,high,generated
2014-0684,case_order,"[""2014-0684""]",https://www.courts.nh.gov/sites/g/files/ehbemt471/files/documents/2021-09/20140684.pdf,source_case_number_and_caption,high,generated
2014-0698,case_order,"[""2014-0698""]",https://www.courts.nh.gov/sites/g/files/ehbemt471/files/documents/2021-09/20140698.pdf,source_case_number_and_caption,high,generated
2014-0701,case_order,"[""2014-0701""]",https://www.courts.nh.gov/sites/g/files/ehbemt471/files/documents/2021-09/20140701.pdf,source_case_number_and_caption,high,generated
2014-0704,case_order,"[""2014-0704""]",https://www.courts.nh.gov/sites/g/files/ehbemt471/files/documents/2021-09/20140704.pdf,source_case_number_and_caption,high,generated
2014-0707,case_order,"[""2014-0707""]",https://www.courts.nh.gov/sites/g/files/ehbemt471/files/documents/2021-09/20140707.pdf,source_case_number_and_caption,high,generated
2014-0711,case_order,"[""2014-0711""]",https://www.courts.nh.gov/sites/g/files/ehbemt471/files/documents/2021-09/20140711.pdf,source_case_number_and_caption,high,generated
2014-0712,case_order,"[""2014-0712""]",https://www.courts.nh.gov/sites/g/files/ehbemt471/files/documents/2021-09/20140712.pdf,source_case_number_and_caption,high,generated
2014-0714,case_order,"[""2014-0714""]",https://www.courts.nh.gov/sites/g/files/ehbemt471/files/documents/2021-09/20140714.pdf,source_case_number_and_caption,high,generated
2014-0715,case_order,"[""2014-0715""]",https://www.courts.nh.gov/sites/g/files/ehbemt471/files/documents/2021-09/20140715.pdf,source_case_number_and_caption,high,generated
2014-0723,case_order,"[""2014-0723""]",https://www.courts.nh.gov/sites/g/files/ehbemt471/files/documents/2021-09/20140723.pdf,source_case_number_and_caption,high,generated
2014-0724,case_order,"[""2014-0724""]",https://www.courts.nh.gov/sites/g/files/ehbemt471/files/documents/2021-09/20140724.pdf,source_case_number_and_caption,high,generated
2014-0733,case_order,"[""2014-0733""]",https://www.courts.nh.gov/sites/g/files/ehbemt471/files/documents/2021-09/20140733.pdf,source_case_number_and_caption,high,generated
2014-0734,case_order,"[""2014-0734""]",https://www.courts.nh.gov/sites/g/files/ehbemt471/files/documents/2021-09/20140734.pdf,source_case_number_and_caption,high,generated
2014-0735,case_order,"[""2014-0735""]",https://www.courts.nh.gov/sites/g/files/ehbemt471/files/documents/2021-09/20140735.pdf,source_case_number_and_caption,high,generated
2014-0738,case_order,"[""2014-0738""]",https://www.courts.nh.gov/sites/g/files/ehbemt471/files/documents/2021-09/20140738.pdf,source_case_number_and_caption,high,generated
2014-0747,case_order,"[""2014-0747""]",https://www.courts.nh.gov/sites/g/files/ehbemt471/files/documents/2021-09/20140747.pdf,source_case_number_and_caption,high,generated
2014-0749,case_order,"[""2014-0749""]",https://www.courts.nh.gov/sites/g/files/ehbemt471/files/documents/2021-09/20140749.pdf,source_case_number_and_caption,high,generated
2014-0751,case_order,"[""2014-0751""]",https://www.courts.nh.gov/sites/g/files/ehbemt471/files/documents/2021-09/20140751.pdf,source_case_number_and_caption,high,generated
2014-0752,case_order,"[""2014-0752""]",https://www.courts.nh.gov/sites/g/files/ehbemt471/files/documents/2021-09/20140752.pdf,source_case_number_and_caption,high,generated
2014-0764,case_order,"[""2014-0764""]",https://www.courts.nh.gov/sites/g/files/ehbemt471/files/documents/2021-09/20140764.pdf,source_case_number_and_caption,high,generated
2014-0777,case_order,"[""2014-0777""]",https://www.courts.nh.gov/sites/g/files/ehbemt471/files/documents/2021-09/20140777.pdf,source_case_number_and_caption,high,generated
2014-0778,case_order,"[""2014-0778""]",https://www.courts.nh.gov/sites/g/files/ehbemt471/files/documents/2021-09/20140778.pdf,source_case_number_and_caption,high,generated
2014-0779,case_order,"[""2014-0779""]",https://www.courts.nh.gov/sites/g/files/ehbemt471/files/documents/2021-09/20140779.pdf,source_case_number_and_caption,high,generated
2014-0783,case_order,"[""2014-0783""]",https://www.courts.nh.gov/sites/g/files/ehbemt471/files/documents/2021-09/20140783.pdf,source_case_number_and_caption,high,generated
2014-0792,case_order,"[""2014-0792""]",https://www.courts.nh.gov/sites/g/files/ehbemt471/files/documents/2021-09/20140792.pdf,source_case_number_and_caption,high,generated
2014-0793,case_order,"[""2014-0793""]",https://www.courts.nh.gov/sites/g/files/ehbemt471/files/documents/2021-09/20140793.pdf,source_case_number_and_caption,high,generated
2014-0797,case_order,"[""2014-0797""]",https://www.courts.nh.gov/sites/g/files/ehbemt471/files/documents/2021-09/20140797.pdf,source_case_number_and_caption,high,generated
2014-0798,case_order,"[""2014-0798""]",https://www.courts.nh.gov/sites/g/files/ehbemt471/files/documents/2021-09/20140798.pdf,source_case_number_and_caption,high,generated
2014-0800,case_order,"[""2014-0800""]",https://www.courts.nh.gov/sites/g/files/ehbemt471/files/documents/2021-09/20140800.pdf,source_case_number_and_caption,high,generated
2014-0802,case_order,"[""2014-0802""]",https://www.courts.nh.gov/sites/g/files/ehbemt471/files/documents/2021-09/20140802.pdf,source_case_number_and_caption,high,generated
2014-0815,case_order,"[""2014-0815""]",https://www.courts.nh.gov/sites/g/files/ehbemt471/files/documents/2021-09/20140815.pdf,source_case_number_and_caption,high,generated
2014-0817,case_order,"[""2014-0817""]",https://www.courts.nh.gov/sites/g/files/ehbemt471/files/documents/2021-09/20140817.pdf,source_case_number_and_caption,high,generated
2014-0818,case_order,"[""2014-0818""]",https://www.courts.nh.gov/sites/g/files/ehbemt471/files/documents/2021-09/20140818.pdf,source_case_number_and_caption,high,generated
2014-0820,case_order,"[""2014-0820""]",https://www.courts.nh.gov/sites/g/files/ehbemt471/files/documents/2021-09/20140820.pdf,source_case_number_and_caption,high,generated
2014-0829,case_order,"[""2014-0829""]",https://www.courts.nh.gov/sites/g/files/ehbemt471/files/documents/2021-09/20140829.pdf,source_case_number_and_caption,high,generated
2015-0003,case_order,"[""2015-0003""]",https://www.courts.nh.gov/sites/g/files/ehbemt471/files/documents/2021-09/20150003.pdf,source_case_number_and_caption,high,generated
2015-0005,case_order,"[""2015-0005""]",https://www.courts.nh.gov/sites/g/files/ehbemt471/files/documents/2021-09/20150005.pdf,source_case_number_and_caption,high,generated
2015-0009,case_order,"[""2015-0009""]",https://www.courts.nh.gov/sites/g/files/ehbemt471/files/documents/2021-09/20150009.pdf,source_case_number_and_caption,high,generated
2015-0012,case_order,"[""2015-0012""]",https://www.courts.nh.gov/sites/g/files/ehbemt471/files/documents/2021-09/20150012.pdf,source_case_number_and_caption,high,generated
2015-0013,case_order,"[""2015-0013""]",https://www.courts.nh.gov/sites/g/files/ehbemt471/files/documents/2021-09/20150013.pdf,source_case_number_and_caption,high,generated
2015-0014,case_order,"[""2015-0014""]",https://www.courts.nh.gov/sites/g/files/ehbemt471/files/documents/2021-09/20150014.pdf,source_case_number_and_caption,high,generated
2015-0016,case_order,"[""2015-0016""]",https://www.courts.nh.gov/sites/g/files/ehbemt471/files/documents/2021-09/20150016.pdf,source_case_number_and_caption,high,generated
2015-0028,case_order,"[""2015-0028""]",https://www.courts.nh.gov/sites/g/files/ehbemt471/files/documents/2021-09/20150028.pdf,source_case_number_and_caption,high,generated
2015-0035,case_order,"[""2015-0035""]",https://www.courts.nh.gov/sites/g/files/ehbemt471/files/documents/2021-09/20150035.pdf,source_case_number_and_caption,high,generated
2015-0036,case_order,"[""2015-0036""]",https://www.courts.nh.gov/sites/g/files/ehbemt471/files/documents/2021-09/20150036.pdf,source_case_number_and_caption,high,generated
2015-0037,case_order,"[""2015-0037""]",https://www.courts.nh.gov/sites/g/files/ehbemt471/files/documents/2021-09/20150037.pdf,source_case_number_and_caption,high,generated
2015-0046,case_order,"[""2015-0046""]",https://www.courts.nh.gov/sites/g/files/ehbemt471/files/documents/2021-09/20150046.pdf,source_case_number_and_caption,high,generated
2015-0047,case_order,"[""2015-0047""]",https://www.courts.nh.gov/sites/g/files/ehbemt471/files/documents/2021-09/20150047.pdf,source_case_number_and_caption,high,generated
2015-0049,case_order,"[""2015-0049""]",https://www.courts.nh.gov/sites/g/files/ehbemt471/files/documents/2021-09/20150049.pdf,source_case_number_and_caption,high,generated
2015-0066,case_order,"[""2015-0066""]",https://www.courts.nh.gov/sites/g/files/ehbemt471/files/documents/2021-09/20150066.pdf,source_case_number_and_caption,high,generated
2015-0067,case_order,"[""2015-0067""]",https://www.courts.nh.gov/sites/g/files/ehbemt471/files/documents/2021-09/20150067.pdf,source_case_number_and_caption,high,generated
2015-0073,case_order,"[""2015-0073""]",https://www.courts.nh.gov/sites/g/files/ehbemt471/files/documents/2021-09/20150073.pdf,source_case_number_and_caption,high,generated
2015-0076,case_order,"[""2015-0076""]",https://www.courts.nh.gov/sites/g/files/ehbemt471/files/documents/2021-09/20150076.pdf,source_case_number_and_caption,high,generated
2015-0082,case_order,"[""2015-0082""]",https://www.courts.nh.gov/sites/g/files/ehbemt471/files/documents/2021-09/20150082.pdf,source_case_number_and_caption,high,generated
2015-0090,case_order,"[""2015-0090""]",https://www.courts.nh.gov/sites/g/files/ehbemt471/files/documents/2021-09/20150090.pdf,source_case_number_and_caption,high,generated
2015-0092,case_order,"[""2015-0092""]",https://www.courts.nh.gov/sites/g/files/ehbemt471/files/documents/2021-09/20150092.pdf,source_case_number_and_caption,high,generated
2015-0094,case_order,"[""2015-0094""]",https://www.courts.nh.gov/sites/g/files/ehbemt471/files/documents/2021-09/20150094.pdf,source_case_number_and_caption,high,generated
2015-0096,case_order,"[""2015-0096""]",https://www.courts.nh.gov/sites/g/files/ehbemt471/files/documents/2021-09/20150096.pdf,source_case_number_and_caption,high,generated
2015-0100,case_order,"[""2015-0100""]",https://www.courts.nh.gov/sites/g/files/ehbemt471/files/documents/2021-09/20150100.pdf,source_case_number_and_caption,high,generated
2015-0109,case_order,"[""2015-0109""]",https://www.courts.nh.gov/sites/g/files/ehbemt471/files/documents/2021-09/20150109.pdf,source_case_number_and_caption,high,generated
2015-0112,case_order,"[""2015-0112""]",https://www.courts.nh.gov/sites/g/files/ehbemt471/files/documents/2021-09/20150112.pdf,source_case_number_and_caption,high,generated
2015-0113,case_order,"[""2015-0113""]",https://www.courts.nh.gov/sites/g/files/ehbemt471/files/documents/2021-09/20150113.pdf,source_case_number_and_caption,high,generated
2015-0122,case_order,"[""2015-0122""]",https://www.courts.nh.gov/sites/g/files/ehbemt471/files/documents/2021-09/20150122.pdf,source_case_number_and_caption,high,generated
2015-0132,case_order,"[""2015-0132""]",https://www.courts.nh.gov/sites/g/files/ehbemt471/files/documents/2021-09/20150132.pdf,source_case_number_and_caption,high,generated
2015-0136,case_order,"[""2015-0136""]",https://www.courts.nh.gov/sites/g/files/ehbemt471/files/documents/2021-09/20150136.pdf,source_case_number_and_caption,high,generated
2015-0138,case_order,"[""2015-0138""]",https://www.courts.nh.gov/sites/g/files/ehbemt471/files/documents/2021-09/20150138.pdf,source_case_number_and_caption,high,generated
2015-0140,case_order,"[""2015-0140""]",https://www.courts.nh.gov/sites/g/files/ehbemt471/files/documents/2021-09/20150140.pdf,source_case_number_and_caption,high,generated
2015-0151,case_order,"[""2015-0151""]",https://www.courts.nh.gov/sites/g/files/ehbemt471/files/documents/2021-09/20150151.pdf,source_case_number_and_caption,high,generated
2015-0164,case_order,"[""2015-0164""]",https://www.courts.nh.gov/sites/g/files/ehbemt471/files/documents/2021-09/20150164.pdf,source_case_number_and_caption,high,generated
2015-0177,case_order,"[""2015-0177""]",https://www.courts.nh.gov/sites/g/files/ehbemt471/files/documents/2021-09/20150177.pdf,source_case_number_and_caption,high,generated
2015-0180,case_order,"[""2015-0180""]",https://www.courts.nh.gov/sites/g/files/ehbemt471/files/documents/2021-09/20150180.pdf,source_case_number_and_caption,high,generated
2015-0182,case_order,"[""2015-0182""]",https://www.courts.nh.gov/sites/g/files/ehbemt471/files/documents/2021-09/20150182.pdf,source_case_number_and_caption,high,generated
2015-0183,case_order,"[""2015-0183""]",https://www.courts.nh.gov/sites/g/files/ehbemt471/files/documents/2021-09/20150183.pdf,source_case_number_and_caption,high,generated
2015-0186,case_order,"[""2015-0186""]",https://www.courts.nh.gov/sites/g/files/ehbemt471/files/documents/2021-09/20150186.pdf,source_case_number_and_caption,high,generated
2015-0190,case_order,"[""2015-0190""]",https://www.courts.nh.gov/sites/g/files/ehbemt471/files/documents/2021-09/20150190.pdf,source_case_number_and_caption,high,generated
2015-0208,case_order,"[""2015-0208""]",https://www.courts.nh.gov/sites/g/files/ehbemt471/files/documents/2021-09/20150208.pdf,source_case_number_and_caption,high,generated
2015-0216,case_order,"[""2015-0216""]",https://www.courts.nh.gov/sites/g/files/ehbemt471/files/documents/2021-09/20150216.pdf,source_case_number_and_caption,high,generated
2015-0219,case_order,"[""2015-0219""]",https://www.courts.nh.gov/sites/g/files/ehbemt471/files/documents/2021-09/20150219.pdf,source_case_number_and_caption,high,generated
2015-0230,case_order,"[""2015-0230""]",https://www.courts.nh.gov/sites/g/files/ehbemt471/files/documents/2021-09/20150230.pdf,source_case_number_and_caption,high,generated
2015-0235,case_order,"[""2015-0235""]",https://www.courts.nh.gov/sites/g/files/ehbemt471/files/documents/2021-09/20150235.pdf,source_case_number_and_caption,high,generated
2015-0242,case_order,"[""2015-0242""]",https://www.courts.nh.gov/sites/g/files/ehbemt471/files/documents/2021-09/20150242.pdf,source_case_number_and_caption,high,generated
2015-0250,case_order,"[""2015-0250""]",https://www.courts.nh.gov/sites/g/files/ehbemt471/files/documents/2021-09/20150250.pdf,source_case_number_and_caption,high,generated
2015-0285,case_order,"[""2015-0285""]",https://www.courts.nh.gov/sites/g/files/ehbemt471/files/documents/2021-09/20150285.pdf,source_case_number_and_caption,high,generated
2015-0303,case_order,"[""2015-0303""]",https://www.courts.nh.gov/sites/g/files/ehbemt471/files/documents/2021-09/20150303.pdf,source_case_number_and_caption,high,generated
2015-0309,case_order,"[""2015-0309""]",https://www.courts.nh.gov/sites/g/files/ehbemt471/files/documents/2021-09/20150309.pdf,source_case_number_and_caption,high,generated
2015-0324,case_order,"[""2015-0324""]",https://www.courts.nh.gov/sites/g/files/ehbemt471/files/documents/2021-09/20150324.pdf,source_case_number_and_caption,high,generated
2015-0364,case_order,"[""2015-0364""]",https://www.courts.nh.gov/sites/g/files/ehbemt471/files/documents/2021-09/20150364.pdf,source_case_number_and_caption,high,generated
2015-0371,case_order,"[""2015-0371""]",https://www.courts.nh.gov/sites/g/files/ehbemt471/files/documents/2021-09/20150371.pdf,source_case_number_and_caption,high,generated
2015-0444,case_order,"[""2015-0444""]",https://www.courts.nh.gov/sites/g/files/ehbemt471/files/documents/2021-09/20150444.pdf,source_case_number_and_caption,high,generated
2015-0445,case_order,"[""2015-0445""]",https://www.courts.nh.gov/sites/g/files/ehbemt471/files/documents/2021-09/20150445.pdf,source_case_number_and_caption,high,generated
2015-0566,case_order,"[""2015-0566""]",https://www.courts.nh.gov/sites/g/files/ehbemt471/files/documents/2021-09/20150566.pdf,source_case_number_and_caption,high,generated
2016-0135,case_order,"[""2016-0135""]",https://www.courts.nh.gov/sites/g/files/ehbemt471/files/documents/2021-09/20160135.pdf,source_case_number_and_caption,high,generated
2016-0516,case_order,"[""2016-0516""]",https://www.courts.nh.gov/sites/g/files/ehbemt471/files/documents/2021-09/20160516.pdf,source_case_number_and_caption,high,generated
2016-0032,case_order,"[""2016-0032""]",https://www.courts.nh.gov/sites/g/files/ehbemt471/files/documents/2021-09/20160032.pdf,source_case_number_and_caption,high,generated
2016-0298,case_order,"[""2016-0298""]",https://www.courts.nh.gov/sites/g/files/ehbemt471/files/documents/2021-09/20160298.pdf,source_case_number_and_caption,high,generated
2015-0537,case_order,"[""2015-0537""]",https://www.courts.nh.gov/sites/g/files/ehbemt471/files/documents/2021-09/20150537.pdf,source_case_number_and_caption,high,generated
2016-0157,case_order,"[""2016-0157""]",https://www.courts.nh.gov/sites/g/files/ehbemt471/files/documents/2021-09/20160157.pdf,source_case_number_and_caption,high,generated
2015-0720,case_order,"[""2015-0720""]",https://www.courts.nh.gov/sites/g/files/ehbemt471/files/documents/2021-09/20150720.pdf,source_case_number_and_caption,high,generated
2016-0230,case_order,"[""2016-0230""]",https://www.courts.nh.gov/sites/g/files/ehbemt471/files/documents/2021-09/20160230.pdf,source_case_number_and_caption,high,generated
2016-0375,case_order,"[""2016-0375""]",https://www.courts.nh.gov/sites/g/files/ehbemt471/files/documents/2021-09/20160375.pdf,source_case_number_and_caption,high,generated
2016-0011,case_order,"[""2016-0011""]",https://www.courts.nh.gov/sites/g/files/ehbemt471/files/documents/2021-09/20160011.pdf,source_case_number_and_caption,high,generated
2016-0320,case_order,"[""2016-0320""]",https://www.courts.nh.gov/sites/g/files/ehbemt471/files/documents/2021-09/20160320.pdf,source_case_number_and_caption,high,generated
2016-0131,case_order,"[""2016-0131""]",https://www.courts.nh.gov/sites/g/files/ehbemt471/files/documents/2021-09/20160131.pdf,source_case_number_and_caption,high,generated
2016-0351,case_order,"[""2016-0351""]",https://www.courts.nh.gov/sites/g/files/ehbemt471/files/documents/2021-09/20160351.pdf,source_case_number_and_caption,high,generated
2016-0198,case_order,"[""2016-0198""]",https://www.courts.nh.gov/sites/g/files/ehbemt471/files/documents/2021-09/20160198.pdf,source_case_number_and_caption,high,generated
2016-0062,case_order,"[""2016-0062""]",https://www.courts.nh.gov/sites/g/files/ehbemt471/files/documents/2021-09/20160062.pdf,source_case_number_and_caption,high,generated
2016-0108,case_order,"[""2016-0108""]",https://www.courts.nh.gov/sites/g/files/ehbemt471/files/documents/2021-09/20160108.pdf,source_case_number_and_caption,high,generated
2016-0126,case_order,"[""2016-0126""]",https://www.courts.nh.gov/sites/g/files/ehbemt471/files/documents/2021-09/20160126.pdf,source_case_number_and_caption,high,generated
2014-0589,case_order,"[""2014-0589""]",https://www.courts.nh.gov/sites/g/files/ehbemt471/files/documents/2021-09/20140589.pdf,source_case_number_and_caption,high,generated
2016-0090,case_order,"[""2016-0090""]",https://www.courts.nh.gov/sites/g/files/ehbemt471/files/documents/2021-09/20160090.pdf,source_case_number_and_caption,high,generated
2015-0750,case_order,"[""2015-0750""]",https://www.courts.nh.gov/sites/g/files/ehbemt471/files/documents/2021-09/20150750.pdf,source_case_number_and_caption,high,generated
2015-0451,case_order,"[""2015-0451""]",https://www.courts.nh.gov/sites/g/files/ehbemt471/files/documents/2021-09/20150451.pdf,source_case_number_and_caption,high,generated
2016-0104,case_order,"[""2016-0104""]",https://www.courts.nh.gov/sites/g/files/ehbemt471/files/documents/2021-09/20160104.pdf,source_case_number_and_caption,high,generated
2016-0093,case_order,"[""2016-0093""]",https://www.courts.nh.gov/sites/g/files/ehbemt471/files/documents/2021-09/20160093.pdf,source_case_number_and_caption,high,generated
2016-0392,case_order,"[""2016-0392""]",https://www.courts.nh.gov/sites/g/files/ehbemt471/files/documents/2021-09/20160392.pdf,source_case_number_and_caption,high,generated
2016-0024,case_order,"[""2016-0024""]",https://www.courts.nh.gov/sites/g/files/ehbemt471/files/documents/2021-09/20160024.pdf,source_case_number_and_caption,high,generated
2016-0293,case_order,"[""2016-0293""]",https://www.courts.nh.gov/sites/g/files/ehbemt471/files/documents/2021-09/20160293.pdf,source_case_number_and_caption,high,generated
2015-0185,case_order,"[""2015-0185""]",https://www.courts.nh.gov/sites/g/files/ehbemt471/files/documents/2021-09/20150185.pdf,source_case_number_and_caption,high,generated
2015-0751,case_order,"[""2015-0751""]",https://www.courts.nh.gov/sites/g/files/ehbemt471/files/documents/2021-09/20150751.pdf,source_case_number_and_caption,high,generated
2016-0050,case_order,"[""2016-0050""]",https://www.courts.nh.gov/sites/g/files/ehbemt471/files/documents/2021-09/20160050.pdf,source_case_number_and_caption,high,generated
2016-0071,case_order,"[""2016-0071""]",https://www.courts.nh.gov/sites/g/files/ehbemt471/files/documents/2021-09/20160071.pdf,source_case_number_and_caption,high,generated
2016-0277,case_order,"[""2016-0277""]",https://www.courts.nh.gov/sites/g/files/ehbemt471/files/documents/2021-09/20160277.pdf,source_case_number_and_caption,high,generated
2015-0717,case_order,"[""2015-0717""]",https://www.courts.nh.gov/sites/g/files/ehbemt471/files/documents/2021-09/20150717.pdf,source_case_number_and_caption,high,generated
2015-0286,case_order,"[""2015-0286""]",https://www.courts.nh.gov/sites/g/files/ehbemt471/files/documents/2021-09/20150286.pdf,source_case_number_and_caption,high,generated
2016-0285,case_order,"[""2016-0285""]",https://www.courts.nh.gov/sites/g/files/ehbemt471/files/documents/2021-09/20160285.pdf,source_case_number_and_caption,high,generated
2016-0095,case_order,"[""2016-0095""]",https://www.courts.nh.gov/sites/g/files/ehbemt471/files/documents/2021-09/20160095.pdf,source_case_number_and_caption,high,generated
2015-0556,case_order,"[""2015-0556""]",https://www.courts.nh.gov/sites/g/files/ehbemt471/files/documents/2021-09/20150556.pdf,source_case_number_and_caption,high,generated
2016-0161,case_order,"[""2016-0161""]",https://www.courts.nh.gov/sites/g/files/ehbemt471/files/documents/2021-09/20160161.pdf,source_case_number_and_caption,high,generated
2016-0030,case_order,"[""2016-0030""]",https://www.courts.nh.gov/sites/g/files/ehbemt471/files/documents/2021-09/20160030.pdf,source_case_number_and_caption,high,generated
2015-0690,case_order,"[""2015-0690""]",https://www.courts.nh.gov/sites/g/files/ehbemt471/files/documents/2021-09/20150690.pdf,source_case_number_and_caption,high,generated
2016-0146,case_order,"[""2016-0146""]",https://www.courts.nh.gov/sites/g/files/ehbemt471/files/documents/2021-09/20160146.pdf,source_case_number_and_caption,high,generated
2015-0280,case_order,"[""2015-0280""]",https://www.courts.nh.gov/sites/g/files/ehbemt471/files/documents/2021-09/20150280.pdf,source_case_number_and_caption,high,generated
2016-0119,case_order,"[""2016-0119""]",https://www.courts.nh.gov/sites/g/files/ehbemt471/files/documents/2021-09/20160119.pdf,source_case_number_and_caption,high,generated
2016-0036,case_order,"[""2016-0036""]",https://www.courts.nh.gov/sites/g/files/ehbemt471/files/documents/2021-09/20160036.pdf,source_case_number_and_caption,high,generated
2016-0142,case_order,"[""2016-0142""]",https://www.courts.nh.gov/sites/g/files/ehbemt471/files/documents/2021-09/20160142.pdf,source_case_number_and_caption,high,generated
2016-0190,case_order,"[""2016-0190""]",https://www.courts.nh.gov/sites/g/files/ehbemt471/files/documents/2021-09/20160190.pdf,source_case_number_and_caption,high,generated
2016-0158,case_order,"[""2016-0158""]",https://www.courts.nh.gov/sites/g/files/ehbemt471/files/documents/2021-09/20160158.pdf,source_case_number_and_caption,high,generated
2016-0220,case_order,"[""2016-0220""]",https://www.courts.nh.gov/sites/g/files/ehbemt471/files/documents/2021-09/20160220.pdf,source_case_number_and_caption,high,generated
2015-0460,case_order,"[""2015-0460""]",https://www.courts.nh.gov/sites/g/files/ehbemt471/files/documents/2021-09/20150460.pdf,source_case_number_and_caption,high,generated
2016-0031,case_order,"[""2016-0031""]",https://www.courts.nh.gov/sites/g/files/ehbemt471/files/documents/2021-09/20160031.pdf,source_case_number_and_caption,high,generated
2014-0477,case_order,"[""2014-0477""]",https://www.courts.nh.gov/sites/g/files/ehbemt471/files/documents/2021-09/20140477.pdf,source_case_number_and_caption,high,generated
2015-0728,case_order,"[""2015-0728""]",https://www.courts.nh.gov/sites/g/files/ehbemt471/files/documents/2021-09/20150728.pdf,source_case_number_and_caption,high,generated
2015-0586,case_order,"[""2015-0586""]",https://www.courts.nh.gov/sites/g/files/ehbemt471/files/documents/2021-09/20150586.pdf,source_case_number_and_caption,high,generated
2016-0035,case_order,"[""2016-0035""]",https://www.courts.nh.gov/sites/g/files/ehbemt471/files/documents/2021-09/20160035.pdf,source_case_number_and_caption,high,generated
2015-0488,case_order,"[""2015-0488""]",https://www.courts.nh.gov/sites/g/files/ehbemt471/files/documents/2021-09/20150488.pdf,source_case_number_and_caption,high,generated
2016-0054,case_order,"[""2016-0054""]",https://www.courts.nh.gov/sites/g/files/ehbemt471/files/documents/2021-09/20160054.pdf,source_case_number_and_caption,high,generated
2015-0623,case_order,"[""2015-0623""]",https://www.courts.nh.gov/sites/g/files/ehbemt471/files/documents/2021-09/20150623.pdf,source_case_number_and_caption,high,generated
2016-0069,case_order,"[""2016-0069""]",https://www.courts.nh.gov/sites/g/files/ehbemt471/files/documents/2021-09/20160069.pdf,source_case_number_and_caption,high,generated
2016-0217,case_order,"[""2016-0217""]",https://www.courts.nh.gov/sites/g/files/ehbemt471/files/documents/2021-09/20160217.pdf,source_case_number_and_caption,high,generated
2016-0129,case_order,"[""2016-0129""]",https://www.courts.nh.gov/sites/g/files/ehbemt471/files/documents/2021-09/20160129.pdf,source_case_number_and_caption,high,generated
2015-0666,case_order,"[""2015-0666""]",https://www.courts.nh.gov/sites/g/files/ehbemt471/files/documents/2021-09/20150666.pdf,source_case_number_and_caption,high,generated
2015-0655,case_order,"[""2015-0655""]",https://www.courts.nh.gov/sites/g/files/ehbemt471/files/documents/2021-09/20150655.pdf,source_case_number_and_caption,high,generated
2015-0716,case_order,"[""2015-0716"", ""2014-0263""]",https://www.courts.nh.gov/sites/g/files/ehbemt471/files/documents/2021-09/20150716.pdf,source_case_number_and_caption,high,generated
2015-0558,case_order,"[""2015-0558""]",https://www.courts.nh.gov/sites/g/files/ehbemt471/files/documents/2021-09/20150558.pdf,source_case_number_and_caption,high,generated
2015-0698,case_order,"[""2015-0698""]",https://www.courts.nh.gov/sites/g/files/ehbemt471/files/documents/2021-09/20150698.pdf,source_case_number_and_caption,high,generated
2016-0202,case_order,"[""2016-0202""]",https://www.courts.nh.gov/sites/g/files/ehbemt471/files/documents/2021-09/20160202.pdf,source_case_number_and_caption,high,generated
2015-0521,case_order,"[""2015-0521""]",https://www.courts.nh.gov/sites/g/files/ehbemt471/files/documents/2021-09/20150521.pdf,source_case_number_and_caption,high,generated
2015-0718,case_order,"[""2015-0718""]",https://www.courts.nh.gov/sites/g/files/ehbemt471/files/documents/2021-09/20150718.pdf,source_case_number_and_caption,high,generated
2015-0627,case_order,"[""2015-0627""]",https://www.courts.nh.gov/sites/g/files/ehbemt471/files/documents/2021-09/20150627.pdf,source_case_number_and_caption,high,generated
2016-0066,case_order,"[""2016-0066""]",https://www.courts.nh.gov/sites/g/files/ehbemt471/files/documents/2021-09/20160066.pdf,source_case_number_and_caption,high,generated
2015-0398,case_order,"[""2015-0398"", ""2015-0533""]",https://www.courts.nh.gov/sites/g/files/ehbemt471/files/documents/2021-09/20150398.pdf,source_case_number_and_caption,high,generated
2015-0702,case_order,"[""2015-0702""]",https://www.courts.nh.gov/sites/g/files/ehbemt471/files/documents/2021-09/20150702.pdf,source_case_number_and_caption,high,generated
2015-0539,case_order,"[""2015-0539""]",https://www.courts.nh.gov/sites/g/files/ehbemt471/files/documents/2021-09/20150539.pdf,source_case_number_and_caption,high,generated
2016-0052,case_order,"[""2016-0052""]",https://www.courts.nh.gov/sites/g/files/ehbemt471/files/documents/2021-09/20160052.pdf,source_case_number_and_caption,high,generated
2015-0054,case_order,"[""2015-0054""]",https://www.courts.nh.gov/sites/g/files/ehbemt471/files/documents/2021-09/20150054.pdf,source_case_number_and_caption,high,generated
2015-0682,case_order,"[""2015-0682""]",https://www.courts.nh.gov/sites/g/files/ehbemt471/files/documents/2021-09/20150682.pdf,source_case_number_and_caption,high,generated
2014-0536,case_order,"[""2014-0536""]",https://www.courts.nh.gov/sites/g/files/ehbemt471/files/documents/2021-09/20140536.pdf,source_case_number_and_caption,high,generated
2014-0693,case_order,"[""2014-0693""]",https://www.courts.nh.gov/sites/g/files/ehbemt471/files/documents/2021-09/20140693_0.pdf,source_case_number_and_caption,high,generated
20150633,case_order,"[""2015-0633"", ""2016-0061""]",https://www.courts.nh.gov/sites/g/files/ehbemt471/files/documents/2021-09/20150633.pdf,caption_text,high,generated
2015-0472,case_order,"[""2015-0472""]",https://www.courts.nh.gov/sites/g/files/ehbemt471/files/documents/2021-09/20150742.pdf,source_case_number_and_caption,high,generated
2016-0055,case_order,"[""2016-0055""]",https://www.courts.nh.gov/sites/g/files/ehbemt471/files/documents/2021-09/20160055.pdf,source_case_number_and_caption,high,generated
2014-0729,case_order,"[""2014-0729""]",https://www.courts.nh.gov/sites/g/files/ehbemt471/files/documents/2021-09/20140729.pdf,source_case_number_and_caption,high,generated
2016-0017,case_order,"[""2016-0017""]",https://www.courts.nh.gov/sites/g/files/ehbemt471/files/documents/2021-09/20160017.pdf,source_case_number_and_caption,high,generated
2015-0522,case_order,"[""2015-0522""]",https://www.courts.nh.gov/sites/g/files/ehbemt471/files/documents/2021-09/20150522.pdf,source_case_number_and_caption,high,generated
2015-0611,case_order,"[""2015-0611""]",https://www.courts.nh.gov/sites/g/files/ehbemt471/files/documents/2021-09/20150611.pdf,source_case_number_and_caption,high,generated
2015-0571,case_order,"[""2015-0571""]",https://www.courts.nh.gov/sites/g/files/ehbemt471/files/documents/2021-09/20150571.pdf,source_case_number_and_caption,high,generated
2015-0668,case_order,"[""2015-0668""]",https://www.courts.nh.gov/sites/g/files/ehbemt471/files/documents/2021-09/20150668.pdf,source_case_number_and_caption,high,generated
2015-0727,case_order,"[""2015-0727""]",https://www.courts.nh.gov/sites/g/files/ehbemt471/files/documents/2021-09/20150727.pdf,source_case_number_and_caption,high,generated
2015-0709,case_order,"[""2015-0709""]",https://www.courts.nh.gov/sites/g/files/ehbemt471/files/documents/2021-09/20150709.pdf,source_case_number_and_caption,high,generated
2015-0629,case_order,"[""2015-0629""]",https://www.courts.nh.gov/sites/g/files/ehbemt471/files/documents/2021-09/20150629.pdf,source_case_number_and_caption,high,generated
20150434,case_order,"[""2015-0434"", ""2015-0516""]",https://www.courts.nh.gov/sites/g/files/ehbemt471/files/documents/2021-09/20150434.pdf,caption_text,high,generated
2015-0617,case_order,"[""2015-0617""]",https://www.courts.nh.gov/sites/g/files/ehbemt471/files/documents/2021-09/20150617.pdf,source_case_number_and_caption,high,generated
2015-0415,case_order,"[""2015-0415""]",https://www.courts.nh.gov/sites/g/files/ehbemt471/files/documents/2021-09/20150415.pdf,source_case_number_and_caption,high,generated
2016-0003,case_order,"[""2016-0003""]",https://www.courts.nh.gov/sites/g/files/ehbemt471/files/documents/2021-09/20160003.pdf,source_case_number_and_caption,high,generated
2015-0424,case_order,"[""2015-0424""]",https://www.courts.nh.gov/sites/g/files/ehbemt471/files/documents/2021-09/20150424.pdf,source_case_number_and_caption,high,generated
2016-0019,case_order,"[""2016-0019""]",https://www.courts.nh.gov/sites/g/files/ehbemt471/files/documents/2021-09/20160019.pdf,source_case_number_and_caption,high,generated
2014-0720,case_order,"[""2014-0720""]",https://www.courts.nh.gov/sites/g/files/ehbemt471/files/documents/2021-09/20140720.pdf,source_case_number_and_caption,high,generated
2015-0443,case_order,"[""2015-0443""]",https://www.courts.nh.gov/sites/g/files/ehbemt471/files/documents/2021-09/20150443.pdf,source_case_number_and_caption,high,generated
2015-0544,case_order,"[""2015-0544""]",https://www.courts.nh.gov/sites/g/files/ehbemt471/files/documents/2021-09/20150544.pdf,source_case_number_and_caption,high,generated
2015-0642,case_order,"[""2015-0642""]",https://www.courts.nh.gov/sites/g/files/ehbemt471/files/documents/2021-09/20150642.pdf,source_case_number_and_caption,high,generated
2015-0581,case_order,"[""2015-0581""]",https://www.courts.nh.gov/sites/g/files/ehbemt471/files/documents/2021-09/20150581.pdf,source_case_number_and_caption,high,generated
2015-0663,case_order,"[""2015-0663""]",https://www.courts.nh.gov/sites/g/files/ehbemt471/files/documents/2021-09/20150663.pdf,source_case_number_and_caption,high,generated
2015-0509,case_order,"[""2015-0509""]",https://www.courts.nh.gov/sites/g/files/ehbemt471/files/documents/2021-09/20150509.pdf,source_case_number_and_caption,high,generated
2015-0688,case_order,"[""2015-0688""]",https://www.courts.nh.gov/sites/g/files/ehbemt471/files/documents/2021-09/20150688.pdf,source_case_number_and_caption,high,generated
2015-0279,case_order,"[""2015-0279""]",https://www.courts.nh.gov/sites/g/files/ehbemt471/files/documents/2021-09/20150279.pdf,source_case_number_and_caption,high,generated
2015-0680,case_order,"[""2015-0680""]",https://www.courts.nh.gov/sites/g/files/ehbemt471/files/documents/2021-09/20150680.pdf,source_case_number_and_caption,high,generated
2014-0811,case_order,"[""2014-0811""]",https://www.courts.nh.gov/sites/g/files/ehbemt471/files/documents/2021-09/20140811.pdf,source_case_number_and_caption,high,generated
2015-0557,case_order,"[""2015-0557""]",https://www.courts.nh.gov/sites/g/files/ehbemt471/files/documents/2021-09/20150557.pdf,source_case_number_and_caption,high,generated
2015-0618,case_order,"[""2015-0618""]",https://www.courts.nh.gov/sites/g/files/ehbemt471/files/documents/2021-09/20150618.pdf,source_case_number_and_caption,high,generated
2015-0382,case_order,"[""2015-0382""]",https://www.courts.nh.gov/sites/g/files/ehbemt471/files/documents/2021-09/20150382.pdf,source_case_number_and_caption,high,generated
2015-0478,case_order,"[""2015-0478""]",https://www.courts.nh.gov/sites/g/files/ehbemt471/files/documents/2021-09/20150478.pdf,source_case_number_and_caption,high,generated
2015-0542,case_order,"[""2015-0542""]",https://www.courts.nh.gov/sites/g/files/ehbemt471/files/documents/2021-09/20150542.pdf,source_case_number_and_caption,high,generated
2015-0540,case_order,"[""2015-0540""]",https://www.courts.nh.gov/sites/g/files/ehbemt471/files/documents/2021-09/20150540.pdf,source_case_number_and_caption,high,generated
2015-0545,case_order,"[""2015-0545"", ""2014-0413"", ""2013-0244""]",https://www.courts.nh.gov/sites/g/files/ehbemt471/files/documents/2021-09/20150545.pdf,source_case_number_and_caption,high,generated
2015-0390,case_order,"[""2015-0390""]",https://www.courts.nh.gov/sites/g/files/ehbemt471/files/documents/2021-09/20150390.pdf,source_case_number_and_caption,high,generated
2015-0607,case_order,"[""2015-0607""]",https://www.courts.nh.gov/sites/g/files/ehbemt471/files/documents/2021-09/20150607.pdf,source_case_number_and_caption,high,generated
2015-0529,case_order,"[""2015-0529""]",https://www.courts.nh.gov/sites/g/files/ehbemt471/files/documents/2021-09/20150529.pdf,source_case_number_and_caption,high,generated
2015-0252,case_order,"[""2015-0252""]",https://www.courts.nh.gov/sites/g/files/ehbemt471/files/documents/2021-09/20150252.pdf,source_case_number_and_caption,high,generated
2015-0580,case_order,"[""2015-0580""]",https://www.courts.nh.gov/sites/g/files/ehbemt471/files/documents/2021-09/20150580.pdf,source_case_number_and_caption,high,generated
2015-0403,case_order,"[""2015-0403""]",https://www.courts.nh.gov/sites/g/files/ehbemt471/files/documents/2021-09/20150403.pdf,source_case_number_and_caption,high,generated
2015-0677,case_order,"[""2015-0677""]",https://www.courts.nh.gov/sites/g/files/ehbemt471/files/documents/2021-09/20150677.pdf,source_case_number_and_caption,high,generated
2015-0555,case_order,"[""2015-0555""]",https://www.courts.nh.gov/sites/g/files/ehbemt471/files/documents/2021-09/20150555.pdf,source_case_number_and_caption,high,generated
2015-0369,case_order,"[""2015-0369""]",https://www.courts.nh.gov/sites/g/files/ehbemt471/files/documents/2021-09/20150369.pdf,source_case_number_and_caption,high,generated
2015-0606,case_order,"[""2015-0606""]",https://www.courts.nh.gov/sites/g/files/ehbemt471/files/documents/2021-09/20150606.pdf,source_case_number_and_caption,high,generated
2015-0493,case_order,"[""2015-0493"", ""2011-0051""]",https://www.courts.nh.gov/sites/g/files/ehbemt471/files/documents/2021-09/20150493.pdf,source_case_number_and_caption,high,generated
2015-0704,case_order,"[""2015-0704""]",https://www.courts.nh.gov/sites/g/files/ehbemt471/files/documents/2021-09/20150704.pdf,source_case_number_and_caption,high,generated
2015-0227,case_order,"[""2015-0227""]",https://www.courts.nh.gov/sites/g/files/ehbemt471/files/documents/2021-09/20150227.pdf,source_case_number_and_caption,high,generated
2015-0562,case_order,"[""2015-0562""]",https://www.courts.nh.gov/sites/g/files/ehbemt471/files/documents/2021-09/20150562.pdf,source_case_number_and_caption,high,generated
2015-0538,case_order,"[""2015-0538""]",https://www.courts.nh.gov/sites/g/files/ehbemt471/files/documents/2021-09/20150538.pdf,source_case_number_and_caption,high,generated
2015-0661,case_order,"[""2015-0661""]",https://www.courts.nh.gov/sites/g/files/ehbemt471/files/documents/2021-09/20150661.pdf,source_case_number_and_caption,high,generated
2015-0582,case_order,"[""2015-0582""]",https://www.courts.nh.gov/sites/g/files/ehbemt471/files/documents/2021-09/20150582.pdf,source_case_number_and_caption,high,generated
2015-0674,case_order,"[""2015-0674""]",https://www.courts.nh.gov/sites/g/files/ehbemt471/files/documents/2021-09/20150674.pdf,source_case_number_and_caption,high,generated
2015-0500,case_order,"[""2015-0500""]",https://www.courts.nh.gov/sites/g/files/ehbemt471/files/documents/2021-09/20150500.pdf,source_case_number_and_caption,high,generated
2015-0546,case_order,"[""2015-0546""]",https://www.courts.nh.gov/sites/g/files/ehbemt471/files/documents/2021-09/20150546.pdf,source_case_number_and_caption,high,generated
2015-0270,case_order,"[""2015-0270""]",https://www.courts.nh.gov/sites/g/files/ehbemt471/files/documents/2021-09/20150270.pdf,source_case_number_and_caption,high,generated
2015-0590,case_order,"[""2015-0590""]",https://www.courts.nh.gov/sites/g/files/ehbemt471/files/documents/2021-09/20150590.pdf,source_case_number_and_caption,high,generated
2015-0497,case_order,"[""2015-0497""]",https://www.courts.nh.gov/sites/g/files/ehbemt471/files/documents/2021-09/20150497.pdf,source_case_number_and_caption,high,generated
2015-0433,case_order,"[""2015-0433""]",https://www.courts.nh.gov/sites/g/files/ehbemt471/files/documents/2021-09/20150433.pdf,source_case_number_and_caption,high,generated
2015-0643,case_order,"[""2015-0643""]",https://www.courts.nh.gov/sites/g/files/ehbemt471/files/documents/2021-09/20150643.pdf,source_case_number_and_caption,high,generated
2015-0350,case_order,"[""2015-0350""]",https://www.courts.nh.gov/sites/g/files/ehbemt471/files/documents/2021-09/20150350.pdf,source_case_number_and_caption,high,generated
2014-0744,case_order,"[""2014-0744""]",https://www.courts.nh.gov/sites/g/files/ehbemt471/files/documents/2021-09/20140744.pdf,source_case_number_and_caption,high,generated
2015-0495,case_order,"[""2015-0495""]",https://www.courts.nh.gov/sites/g/files/ehbemt471/files/documents/2021-09/20150495.pdf,source_case_number_and_caption,high,generated
2015-0239,case_order,"[""2015-0239""]",https://www.courts.nh.gov/sites/g/files/ehbemt471/files/documents/2021-09/20150239.pdf,source_case_number_and_caption,high,generated
2015-0619,case_order,"[""2015-0619""]",https://www.courts.nh.gov/sites/g/files/ehbemt471/files/documents/2021-09/20150619.pdf,source_case_number_and_caption,high,generated
2015-0327,case_order,"[""2015-0327""]",https://www.courts.nh.gov/sites/g/files/ehbemt471/files/documents/2021-09/20150327.pdf,source_case_number_and_caption,high,generated
2015-0648,case_order,"[""2015-0648""]",https://www.courts.nh.gov/sites/g/files/ehbemt471/files/documents/2021-09/20150648.pdf,source_case_number_and_caption,high,generated
2014-0745,case_order,"[""2014-0745""]",https://www.courts.nh.gov/sites/g/files/ehbemt471/files/documents/2021-09/20140745.pdf,source_case_number_and_caption,high,generated
2015-0312,case_order,"[""2015-0312""]",https://www.courts.nh.gov/sites/g/files/ehbemt471/files/documents/2021-09/20150312.pdf,source_case_number_and_caption,high,generated
2015-0162,case_order,"[""2015-0162""]",https://www.courts.nh.gov/sites/g/files/ehbemt471/files/documents/2021-09/20150162.pdf,source_case_number_and_caption,high,generated
2015-0386,case_order,"[""2015-0386""]",https://www.courts.nh.gov/sites/g/files/ehbemt471/files/documents/2021-09/20150386.pdf,source_case_number_and_caption,high,generated
2015-0263,case_order,"[""2015-0263""]",https://www.courts.nh.gov/sites/g/files/ehbemt471/files/documents/2021-09/20150263.pdf,source_case_number_and_caption,high,generated
2015-0209,case_order,"[""2015-0209""]",https://www.courts.nh.gov/sites/g/files/ehbemt471/files/documents/2021-09/20150209.pdf,source_case_number_and_caption,high,generated
2014-0825,case_order,"[""2014-0825""]",https://www.courts.nh.gov/sites/g/files/ehbemt471/files/documents/2021-09/20140825.pdf,source_case_number_and_caption,high,generated
2015-0261,case_order,"[""2015-0261""]",https://www.courts.nh.gov/sites/g/files/ehbemt471/files/documents/2021-09/20150261.pdf,source_case_number_and_caption,high,generated
2015-0217,case_order,"[""2015-0217""]",https://www.courts.nh.gov/sites/g/files/ehbemt471/files/documents/2021-09/20150217.pdf,source_case_number_and_caption,high,generated
2015-0408,case_order,"[""2015-0408""]",https://www.courts.nh.gov/sites/g/files/ehbemt471/files/documents/2021-09/20150408.pdf,source_case_number_and_caption,high,generated
2015-0249,case_order,"[""2015-0249""]",https://www.courts.nh.gov/sites/g/files/ehbemt471/files/documents/2021-09/20150249.pdf,source_case_number_and_caption,high,generated
2015-0064,case_order,"[""2015-0064""]",https://www.courts.nh.gov/sites/g/files/ehbemt471/files/documents/2021-09/20150064.pdf,source_case_number_and_caption,high,generated
2015-0355,case_order,"[""2015-0355""]",https://www.courts.nh.gov/sites/g/files/ehbemt471/files/documents/2021-09/20150355.pdf,source_case_number_and_caption,high,generated
2015-0225,case_order,"[""2015-0225""]",https://www.courts.nh.gov/sites/g/files/ehbemt471/files/documents/2021-09/20150225.pdf,source_case_number_and_caption,high,generated
2015-0306,case_order,"[""2015-0306""]",https://www.courts.nh.gov/sites/g/files/ehbemt471/files/documents/2021-09/20150306.pdf,source_case_number_and_caption,high,generated
2015-0378,case_order,"[""2015-0378""]",https://www.courts.nh.gov/sites/g/files/ehbemt471/files/documents/2021-09/20150378.pdf,source_case_number_and_caption,high,generated
2015-0354,case_order,"[""2015-0354""]",https://www.courts.nh.gov/sites/g/files/ehbemt471/files/documents/2021-09/20150354.pdf,source_case_number_and_caption,high,generated
2015-0068,case_order,"[""2015-0068""]",https://www.courts.nh.gov/sites/g/files/ehbemt471/files/documents/2021-09/20150068.pdf,source_case_number_and_caption,high,generated
2015-0360,case_order,"[""2015-0360""]",https://www.courts.nh.gov/sites/g/files/ehbemt471/files/documents/2021-09/20150360.pdf,source_case_number_and_caption,high,generated
2015-0337,case_order,"[""2015-0337""]",https://www.courts.nh.gov/sites/g/files/ehbemt471/files/documents/2021-09/20150337.pdf,source_case_number_and_caption,high,generated
2015-0313,case_order,"[""2015-0313""]",https://www.courts.nh.gov/sites/g/files/ehbemt471/files/documents/2021-09/20150313.pdf,source_case_number_and_caption,high,generated
2015-0549,case_order,"[""2015-0549""]",https://www.courts.nh.gov/sites/g/files/ehbemt471/files/documents/2021-09/20150549.pdf,source_case_number_and_caption,high,generated
2015-0119,case_order,"[""2015-0119""]",https://www.courts.nh.gov/sites/g/files/ehbemt471/files/documents/2021-09/20150119.pdf,source_case_number_and_caption,high,generated
2015-0376,case_order,"[""2015-0376""]",https://www.courts.nh.gov/sites/g/files/ehbemt471/files/documents/2021-09/20150376.pdf,source_case_number_and_caption,high,generated
2015-0156,case_order,"[""2015-0156""]",https://www.courts.nh.gov/sites/g/files/ehbemt471/files/documents/2021-09/20150156.pdf,source_case_number_and_caption,high,generated
2015-0393,case_order,"[""2015-0393""]",https://www.courts.nh.gov/sites/g/files/ehbemt471/files/documents/2021-09/20150393.pdf,source_case_number_and_caption,high,generated
2015-0394,case_order,"[""2015-0394"", ""2014-0113""]",https://www.courts.nh.gov/sites/g/files/ehbemt471/files/documents/2021-09/20150394.pdf,source_case_number_and_caption,high,generated
2015-0323,case_order,"[""2015-0323""]",https://www.courts.nh.gov/sites/g/files/ehbemt471/files/documents/2021-09/20150323.pdf,source_case_number_and_caption,high,generated
2015-0450,case_order,"[""2015-0450""]",https://www.courts.nh.gov/sites/g/files/ehbemt471/files/documents/2021-09/20150450.pdf,source_case_number_and_caption,high,generated
2015-0487,case_order,"[""2015-0487""]",https://www.courts.nh.gov/sites/g/files/ehbemt471/files/documents/2021-09/20150487.pdf,source_case_number_and_caption,high,generated
2015-0231,case_order,"[""2015-0231""]",https://www.courts.nh.gov/sites/g/files/ehbemt471/files/documents/2021-09/20150231.pdf,source_case_number_and_caption,high,generated
2015-0464,case_order,"[""2015-0464""]",https://www.courts.nh.gov/sites/g/files/ehbemt471/files/documents/2021-09/20150464.pdf,source_case_number_and_caption,high,generated
2015-0314,case_order,"[""2015-0314""]",https://www.courts.nh.gov/sites/g/files/ehbemt471/files/documents/2021-09/20150314.pdf,source_case_number_and_caption,high,generated
2015-0511,case_order,"[""2015-0511""]",https://www.courts.nh.gov/sites/g/files/ehbemt471/files/documents/2021-09/20150511.pdf,source_case_number_and_caption,high,generated
2015-0405,case_order,"[""2015-0405""]",https://www.courts.nh.gov/sites/g/files/ehbemt471/files/documents/2021-09/20150405.pdf,source_case_number_and_caption,high,generated
2014-0807,case_order,"[""2014-0807""]",https://www.courts.nh.gov/sites/g/files/ehbemt471/files/documents/2021-09/20140807.pdf,source_case_number_and_caption,high,generated
2015-0467,case_order,"[""2015-0467""]",https://www.courts.nh.gov/sites/g/files/ehbemt471/files/documents/2021-09/20150467.pdf,source_case_number_and_caption,high,generated
2015-0229,case_order,"[""2015-0229""]",https://www.courts.nh.gov/sites/g/files/ehbemt471/files/documents/2021-09/20150229.pdf,source_case_number_and_caption,high,generated
2015-0359,case_order,"[""2015-0359""]",https://www.courts.nh.gov/sites/g/files/ehbemt471/files/documents/2021-09/20150359.pdf,source_case_number_and_caption,high,generated
2014-0816,case_order,"[""2014-0816""]",https://www.courts.nh.gov/sites/g/files/ehbemt471/files/documents/2021-09/20140816.pdf,source_case_number_and_caption,high,generated
2015-0397,case_order,"[""2015-0397""]",https://www.courts.nh.gov/sites/g/files/ehbemt471/files/documents/2021-09/20150397.pdf,source_case_number_and_caption,high,generated
2015-0448,case_order,"[""2015-0448""]",https://www.courts.nh.gov/sites/g/files/ehbemt471/files/documents/2021-09/20150448.pdf,source_case_number_and_caption,high,generated
2015-0257,case_order,"[""2015-0257""]",https://www.courts.nh.gov/sites/g/files/ehbemt471/files/documents/2021-09/20150257.pdf,source_case_number_and_caption,high,generated
2014-0682,case_order,"[""2014-0682""]",https://www.courts.nh.gov/sites/g/files/ehbemt471/files/documents/2021-09/20140682.pdf,source_case_number_and_caption,high,generated
2015-0422,case_order,"[""2015-0422""]",https://www.courts.nh.gov/sites/g/files/ehbemt471/files/documents/2021-09/20150422.pdf,source_case_number_and_caption,high,generated
2016-0015,case_order,"[""2016-0015""]",https://www.courts.nh.gov/sites/g/files/ehbemt471/files/documents/2021-09/20160015.pdf,source_case_number_and_caption,high,generated
2017-0070,case_order,"[""2017-0070""]",https://www.courts.nh.gov/sites/g/files/ehbemt471/files/documents/2021-09/20170070.pdf,source_case_number_and_caption,high,generated
2017-0356,case_order,"[""2017-0356""]",https://www.courts.nh.gov/sites/g/files/ehbemt471/files/documents/2021-09/20170356.pdf,source_case_number_and_caption,high,generated
2016-0583,case_order,"[""2016-0583""]",https://www.courts.nh.gov/sites/g/files/ehbemt471/files/documents/2021-09/20160583.pdf,source_case_number_and_caption,high,generated
2016-0687,case_order,"[""2016-0687""]",https://www.courts.nh.gov/sites/g/files/ehbemt471/files/documents/2021-09/20160687.pdf,source_case_number_and_caption,high,generated
2016-0289,case_order,"[""2016-0289""]",https://www.courts.nh.gov/sites/g/files/ehbemt471/files/documents/2021-09/20160289.pdf,source_case_number_and_caption,high,generated
2017-0134,case_order,"[""2017-0134""]",https://www.courts.nh.gov/sites/g/files/ehbemt471/files/documents/2021-09/20170134.pdf,source_case_number_and_caption,high,generated
2017-0345,case_order,"[""2017-0345""]",https://www.courts.nh.gov/sites/g/files/ehbemt471/files/documents/2021-09/20170345.pdf,source_case_number_and_caption,high,generated
2016-0649,case_order,"[""2016-0649"", ""2008-2009""]",https://www.courts.nh.gov/sites/g/files/ehbemt471/files/documents/2021-09/20160649.pdf,source_case_number_and_caption,high,generated
2017-0235,case_order,"[""2017-0235""]",https://www.courts.nh.gov/sites/g/files/ehbemt471/files/documents/2021-09/20170235.pdf,source_case_number_and_caption,high,generated
2017-0282,case_order,"[""2017-0282""]",https://www.courts.nh.gov/sites/g/files/ehbemt471/files/documents/2021-09/20170282.pdf,source_case_number_and_caption,high,generated
2017-0068,case_order,"[""2017-0068""]",https://www.courts.nh.gov/sites/g/files/ehbemt471/files/documents/2021-09/20170068.pdf,source_case_number_and_caption,high,generated
2016-0582,case_order,"[""2016-0582"", ""2009-2013"", ""2015-2018""]",https://www.courts.nh.gov/sites/g/files/ehbemt471/files/documents/2021-09/20160582.pdf,source_case_number_and_caption,high,generated
2017-0148,case_order,"[""2017-0148""]",https://www.courts.nh.gov/sites/g/files/ehbemt471/files/documents/2021-09/20170148.pdf,source_case_number_and_caption,high,generated
2017-0281,case_order,"[""2017-0281""]",https://www.courts.nh.gov/sites/g/files/ehbemt471/files/documents/2021-09/20170281.pdf,source_case_number_and_caption,high,generated
2017-0348,case_order,"[""2017-0348""]",https://www.courts.nh.gov/sites/g/files/ehbemt471/files/documents/2021-09/20170348.pdf,source_case_number_and_caption,high,generated
2017-0290,case_order,"[""2017-0290""]",https://www.courts.nh.gov/sites/g/files/ehbemt471/files/documents/2021-09/20170290.pdf,source_case_number_and_caption,high,generated
2016-0679,case_order,"[""2016-0679""]",https://www.courts.nh.gov/sites/g/files/ehbemt471/files/documents/2021-09/20160679.pdf,source_case_number_and_caption,high,generated
2016-0565,case_order,"[""2016-0565""]",https://www.courts.nh.gov/sites/g/files/ehbemt471/files/documents/2021-09/20160565.pdf,source_case_number_and_caption,high,generated
2017-0165,case_order,"[""2017-0165""]",https://www.courts.nh.gov/sites/g/files/ehbemt471/files/documents/2021-09/20170165.pdf,source_case_number_and_caption,high,generated
2016-0569,case_order,"[""2016-0569""]",https://www.courts.nh.gov/sites/g/files/ehbemt471/files/documents/2021-09/20160569.pdf,source_case_number_and_caption,high,generated
2017-0189,case_order,"[""2017-0189""]",https://www.courts.nh.gov/sites/g/files/ehbemt471/files/documents/2021-09/20170189.pdf,source_case_number_and_caption,high,generated
2016-0658,case_order,"[""2016-0658""]",https://www.courts.nh.gov/sites/g/files/ehbemt471/files/documents/2021-09/20160658.pdf,source_case_number_and_caption,high,generated
2016-0620,case_order,"[""2016-0620""]",https://www.courts.nh.gov/sites/g/files/ehbemt471/files/documents/2021-09/20160620.pdf,source_case_number_and_caption,high,generated
2017-0067,case_order,"[""2017-0067""]",https://www.courts.nh.gov/sites/g/files/ehbemt471/files/documents/2021-09/20170067.pdf,source_case_number_and_caption,high,generated
2016-0619,case_order,"[""2016-0619""]",https://www.courts.nh.gov/sites/g/files/ehbemt471/files/documents/2021-09/20160619.pdf,source_case_number_and_caption,high,generated
2017-0072,case_order,"[""2017-0072""]",https://www.courts.nh.gov/sites/g/files/ehbemt471/files/documents/2021-09/20170072.pdf,source_case_number_and_caption,high,generated
2016-0697,case_order,"[""2016-0697""]",https://www.courts.nh.gov/sites/g/files/ehbemt471/files/documents/2021-09/20160697.pdf,source_case_number_and_caption,high,generated
2017-0118,case_order,"[""2017-0118""]",https://www.courts.nh.gov/sites/g/files/ehbemt471/files/documents/2021-09/20170118.pdf,source_case_number_and_caption,high,generated
2017-0023,case_order,"[""2017-0023""]",https://www.courts.nh.gov/sites/g/files/ehbemt471/files/documents/2021-09/20170023.pdf,source_case_number_and_caption,high,generated
2016-0543,case_order,"[""2016-0543""]",https://www.courts.nh.gov/sites/g/files/ehbemt471/files/documents/2021-09/20160543.pdf,source_case_number_and_caption,high,generated
2017-0179,case_order,"[""2017-0179""]",https://www.courts.nh.gov/sites/g/files/ehbemt471/files/documents/2021-09/20170179.pdf,source_case_number_and_caption,high,generated
2016-0328,case_order,"[""2016-0328""]",https://www.courts.nh.gov/sites/g/files/ehbemt471/files/documents/2021-09/20160328.pdf,source_case_number_and_caption,high,generated
2016-0645,case_order,"[""2016-0645""]",https://www.courts.nh.gov/sites/g/files/ehbemt471/files/documents/2021-09/20160645.pdf,source_case_number_and_caption,high,generated
2016-0589,case_order,"[""2016-0589""]",https://www.courts.nh.gov/sites/g/files/ehbemt471/files/documents/2021-09/20160589.pdf,source_case_number_and_caption,high,generated
2017-0117,case_order,"[""2017-0117""]",https://www.courts.nh.gov/sites/g/files/ehbemt471/files/documents/2021-09/20170117.pdf,source_case_number_and_caption,high,generated
2016-0628,case_order,"[""2016-0628""]",https://www.courts.nh.gov/sites/g/files/ehbemt471/files/documents/2021-09/20160628.pdf,source_case_number_and_caption,high,generated
2016-0488,case_order,"[""2016-0488""]",https://www.courts.nh.gov/sites/g/files/ehbemt471/files/documents/2021-09/20160488.pdf,source_case_number_and_caption,high,generated
2016-0666,case_order,"[""2016-0666""]",https://www.courts.nh.gov/sites/g/files/ehbemt471/files/documents/2021-09/20160666.pdf,source_case_number_and_caption,high,generated
2016-0353,case_order,"[""2016-0353""]",https://www.courts.nh.gov/sites/g/files/ehbemt471/files/documents/2021-09/20160353.pdf,source_case_number_and_caption,high,generated
2017-0126,case_order,"[""2017-0126""]",https://www.courts.nh.gov/sites/g/files/ehbemt471/files/documents/2021-09/20170126.pdf,source_case_number_and_caption,high,generated
2016-0191,case_order,"[""2016-0191""]",https://www.courts.nh.gov/sites/g/files/ehbemt471/files/documents/2021-09/20160191.pdf,source_case_number_and_caption,high,generated
2017-0109,case_order,"[""2017-0109""]",https://www.courts.nh.gov/sites/g/files/ehbemt471/files/documents/2021-09/20170109.pdf,source_case_number_and_caption,high,generated
2016-0306,case_order,"[""2016-0306""]",https://www.courts.nh.gov/sites/g/files/ehbemt471/files/documents/2021-09/20160306.pdf,source_case_number_and_caption,high,generated
2016-0549,case_order,"[""2016-0549""]",https://www.courts.nh.gov/sites/g/files/ehbemt471/files/documents/2021-09/20160549.pdf,source_case_number_and_caption,high,generated
2017-0052,case_order,"[""2017-0052""]",https://www.courts.nh.gov/sites/g/files/ehbemt471/files/documents/2021-09/20170052.pdf,source_case_number_and_caption,high,generated
2016-0231,case_order,"[""2016-0231""]",https://www.courts.nh.gov/sites/g/files/ehbemt471/files/documents/2021-09/20160231.pdf,source_case_number_and_caption,high,generated
2017-0196,case_order,"[""2017-0196""]",https://www.courts.nh.gov/sites/g/files/ehbemt471/files/documents/2021-09/20170196.pdf,source_case_number_and_caption,high,generated
2016-0550,case_order,"[""2016-0550""]",https://www.courts.nh.gov/sites/g/files/ehbemt471/files/documents/2021-09/20160550.pdf,source_case_number_and_caption,high,generated
2017-0100,case_order,"[""2017-0100""]",https://www.courts.nh.gov/sites/g/files/ehbemt471/files/documents/2021-09/20170100.pdf,source_case_number_and_caption,high,generated
2016-0642,case_order,"[""2016-0642""]",https://www.courts.nh.gov/sites/g/files/ehbemt471/files/documents/2021-09/20160642.pdf,source_case_number_and_caption,high,generated
2016-0494,case_order,"[""2016-0494""]",https://www.courts.nh.gov/sites/g/files/ehbemt471/files/documents/2021-09/20160494.pdf,source_case_number_and_caption,high,generated
2016-0643,case_order,"[""2016-0643""]",https://www.courts.nh.gov/sites/g/files/ehbemt471/files/documents/2021-09/20160643.pdf,source_case_number_and_caption,high,generated
2016-0572,case_order,"[""2016-0572""]",https://www.courts.nh.gov/sites/g/files/ehbemt471/files/documents/2021-09/20160572_0.pdf,source_case_number_and_caption,high,generated
2017-0069,case_order,"[""2017-0069""]",https://www.courts.nh.gov/sites/g/files/ehbemt471/files/documents/2021-09/20170069.pdf,source_case_number_and_caption,high,generated
2017-0234,case_order,"[""2017-0234""]",https://www.courts.nh.gov/sites/g/files/ehbemt471/files/documents/2021-09/20170234.pdf,source_case_number_and_caption,high,generated
2016-0501,case_order,"[""2016-0501""]",https://www.courts.nh.gov/sites/g/files/ehbemt471/files/documents/2021-09/20160501.pdf,source_case_number_and_caption,high,generated
2016-0458,case_order,"[""2016-0458""]",https://www.courts.nh.gov/sites/g/files/ehbemt471/files/documents/2021-09/20160458.pdf,source_case_number_and_caption,high,generated
2016-0607,case_order,"[""2016-0607""]",https://www.courts.nh.gov/sites/g/files/ehbemt471/files/documents/2021-09/20160607.pdf,source_case_number_and_caption,high,generated
2016-0657,case_order,"[""2016-0657""]",https://www.courts.nh.gov/sites/g/files/ehbemt471/files/documents/2021-09/20160657.pdf,source_case_number_and_caption,high,generated
2016-0369,case_order,"[""2016-0369""]",https://www.courts.nh.gov/sites/g/files/ehbemt471/files/documents/2021-09/20160369.pdf,source_case_number_and_caption,high,generated
2017-0043,case_order,"[""2017-0043""]",https://www.courts.nh.gov/sites/g/files/ehbemt471/files/documents/2021-09/20170043.pdf,source_case_number_and_caption,high,generated
2017-0144,case_order,"[""2017-0144""]",https://www.courts.nh.gov/sites/g/files/ehbemt471/files/documents/2021-09/20170144.pdf,source_case_number_and_caption,high,generated
2016-0271,case_order,"[""2016-0271""]",https://www.courts.nh.gov/sites/g/files/ehbemt471/files/documents/2021-09/20160271.pdf,source_case_number_and_caption,high,generated
2016-0559,case_order,"[""2016-0559""]",https://www.courts.nh.gov/sites/g/files/ehbemt471/files/documents/2021-09/20160559.pdf,source_case_number_and_caption,high,generated
2016-0449,case_order,"[""2016-0449""]",https://www.courts.nh.gov/sites/g/files/ehbemt471/files/documents/2021-09/20160449.pdf,source_case_number_and_caption,high,generated
2016-0425,case_order,"[""2016-0425""]",https://www.courts.nh.gov/sites/g/files/ehbemt471/files/documents/2021-09/20160425.pdf,source_case_number_and_caption,high,generated
2017-0065,case_order,"[""2017-0065""]",https://www.courts.nh.gov/sites/g/files/ehbemt471/files/documents/2021-09/20170065.pdf,source_case_number_and_caption,high,generated
2017-0139,case_order,"[""2017-0139""]",https://www.courts.nh.gov/sites/g/files/ehbemt471/files/documents/2021-09/20170139.pdf,source_case_number_and_caption,high,generated
2015-0271,case_order,"[""2015-0271""]",https://www.courts.nh.gov/sites/g/files/ehbemt471/files/documents/2021-09/20150271.pdf,source_case_number_and_caption,high,generated
2016-0490,case_order,"[""2016-0490""]",https://www.courts.nh.gov/sites/g/files/ehbemt471/files/documents/2021-09/20160490.pdf,source_case_number_and_caption,high,generated
2016-0201,case_order,"[""2016-0201""]",https://www.courts.nh.gov/sites/g/files/ehbemt471/files/documents/2021-09/20160201.pdf,source_case_number_and_caption,high,generated
2016-0614,case_order,"[""2016-0614""]",https://www.courts.nh.gov/sites/g/files/ehbemt471/files/documents/2021-09/20160614.pdf,source_case_number_and_caption,high,generated
2016-0209,case_order,"[""2016-0209""]",https://www.courts.nh.gov/sites/g/files/ehbemt471/files/documents/2021-09/20160209.pdf,source_case_number_and_caption,high,generated
2016-0088,case_order,"[""2016-0088""]",https://www.courts.nh.gov/sites/g/files/ehbemt471/files/documents/2021-09/20160088.pdf,source_case_number_and_caption,high,generated
2017-0075,case_order,"[""2017-0075""]",https://www.courts.nh.gov/sites/g/files/ehbemt471/files/documents/2021-09/20170075.pdf,source_case_number_and_caption,high,generated
2016-0423,case_order,"[""2016-0423""]",https://www.courts.nh.gov/sites/g/files/ehbemt471/files/documents/2021-09/20160423.pdf,source_case_number_and_caption,high,generated
2017-0071,case_order,"[""2017-0071""]",https://www.courts.nh.gov/sites/g/files/ehbemt471/files/documents/2021-09/20170071.pdf,source_case_number_and_caption,high,generated
2017-0045,case_order,"[""2017-0045""]",https://www.courts.nh.gov/sites/g/files/ehbemt471/files/documents/2021-09/20170045.pdf,source_case_number_and_caption,high,generated
2016-0219,case_order,"[""2016-0219""]",https://www.courts.nh.gov/sites/g/files/ehbemt471/files/documents/2021-09/20160219.pdf,source_case_number_and_caption,high,generated
2015-0510,case_order,"[""2015-0510""]",https://www.courts.nh.gov/sites/g/files/ehbemt471/files/documents/2021-09/20150510.pdf,source_case_number_and_caption,high,generated
2016-0564,case_order,"[""2016-0564""]",https://www.courts.nh.gov/sites/g/files/ehbemt471/files/documents/2021-09/20160564.pdf,source_case_number_and_caption,high,generated
2017-0021,case_order,"[""2017-0021""]",https://www.courts.nh.gov/sites/g/files/ehbemt471/files/documents/2021-09/20170021.pdf,source_case_number_and_caption,high,generated
2016-0606,case_order,"[""2016-0606""]",https://www.courts.nh.gov/sites/g/files/ehbemt471/files/documents/2021-09/20160606.pdf,source_case_number_and_caption,high,generated
2016-0415,case_order,"[""2016-0415""]",https://www.courts.nh.gov/sites/g/files/ehbemt471/files/documents/2021-09/20160415.pdf,source_case_number_and_caption,high,generated
2016-0681,case_order,"[""2016-0681""]",https://www.courts.nh.gov/sites/g/files/ehbemt471/files/documents/2021-09/20160681.pdf,source_case_number_and_caption,high,generated
2016-0410,case_order,"[""2016-0410""]",https://www.courts.nh.gov/sites/g/files/ehbemt471/files/documents/2021-09/20160410.pdf,source_case_number_and_caption,high,generated
2016-0597,case_order,"[""2016-0597""]",https://www.courts.nh.gov/sites/g/files/ehbemt471/files/documents/2021-09/20160597.pdf,source_case_number_and_caption,high,generated
2016-0480,case_order,"[""2016-0480""]",https://www.courts.nh.gov/sites/g/files/ehbemt471/files/documents/2021-09/20160480.pdf,source_case_number_and_caption,high,generated
2016-0453,case_order,"[""2016-0453""]",https://www.courts.nh.gov/sites/g/files/ehbemt471/files/documents/2021-09/20160453.pdf,source_case_number_and_caption,high,generated
2016-0444,case_order,"[""2016-0444""]",https://www.courts.nh.gov/sites/g/files/ehbemt471/files/documents/2021-09/20160444.pdf,source_case_number_and_caption,high,generated
2016-0673,case_order,"[""2016-0673""]",https://www.courts.nh.gov/sites/g/files/ehbemt471/files/documents/2021-09/20160673.pdf,source_case_number_and_caption,high,generated
2016-0476,case_order,"[""2016-0476""]",https://www.courts.nh.gov/sites/g/files/ehbemt471/files/documents/2021-09/20160476.pdf,source_case_number_and_caption,high,generated
2016-0313,case_order,"[""2016-0313""]",https://www.courts.nh.gov/sites/g/files/ehbemt471/files/documents/2021-09/20160313.pdf,source_case_number_and_caption,high,generated
2016-0574,case_order,"[""2016-0574""]",https://www.courts.nh.gov/sites/g/files/ehbemt471/files/documents/2021-09/20160574.pdf,source_case_number_and_caption,high,generated
2016-0394,case_order,"[""2016-0394""]",https://www.courts.nh.gov/sites/g/files/ehbemt471/files/documents/2021-09/20160394.pdf,source_case_number_and_caption,high,generated
2016-0579,case_order,"[""2016-0579""]",https://www.courts.nh.gov/sites/g/files/ehbemt471/files/documents/2021-09/20160579.pdf,source_case_number_and_caption,high,generated
2015-0368,case_order,"[""2015-0368""]",https://www.courts.nh.gov/sites/g/files/ehbemt471/files/documents/2021-09/20150368.pdf,source_case_number_and_caption,high,generated
2016-0479,case_order,"[""2016-0479""]",https://www.courts.nh.gov/sites/g/files/ehbemt471/files/documents/2021-09/20160479.pdf,source_case_number_and_caption,high,generated
ld20160018,case_order,"[""2016-0018""]",https://www.courts.nh.gov/sites/g/files/ehbemt471/files/documents/2021-09/ld20160018.pdf,caption_text,high,generated
2016-0409,case_order,"[""2016-0409""]",https://www.courts.nh.gov/sites/g/files/ehbemt471/files/documents/2021-09/20160409.pdf,source_case_number_and_caption,high,generated
2016-0248,case_order,"[""2016-0248""]",https://www.courts.nh.gov/sites/g/files/ehbemt471/files/documents/2021-09/20160248.pdf,source_case_number_and_caption,high,generated
2016-0330,case_order,"[""2016-0330""]",https://www.courts.nh.gov/sites/g/files/ehbemt471/files/documents/2021-09/20160330.pdf,source_case_number_and_caption,high,generated
2016-0084,case_order,"[""2016-0084""]",https://www.courts.nh.gov/sites/g/files/ehbemt471/files/documents/2021-09/20160084.pdf,source_case_number_and_caption,high,generated
2016-0242,case_order,"[""2016-0242""]",https://www.courts.nh.gov/sites/g/files/ehbemt471/files/documents/2021-09/20160242.pdf,source_case_number_and_caption,high,generated
2016-0334,case_order,"[""2016-0334""]",https://www.courts.nh.gov/sites/g/files/ehbemt471/files/documents/2021-09/20160334.pdf,source_case_number_and_caption,high,generated
2015-0116,case_order,"[""2015-0116""]",https://www.courts.nh.gov/sites/g/files/ehbemt471/files/documents/2021-09/20150116.pdf,source_case_number_and_caption,high,generated
2016-0430,case_order,"[""2016-0430""]",https://www.courts.nh.gov/sites/g/files/ehbemt471/files/documents/2021-09/20160430.pdf,source_case_number_and_caption,high,generated
2016-0520,case_order,"[""2016-0520""]",https://www.courts.nh.gov/sites/g/files/ehbemt471/files/documents/2021-09/20160520.pdf,source_case_number_and_caption,high,generated
2016-0310,case_order,"[""2016-0310"", ""2011-0773""]",https://www.courts.nh.gov/sites/g/files/ehbemt471/files/documents/2021-09/20160310.pdf,source_case_number_and_caption,high,generated
2016-0519,case_order,"[""2016-0519""]",https://www.courts.nh.gov/sites/g/files/ehbemt471/files/documents/2021-09/20160519.pdf,source_case_number_and_caption,high,generated
2016-0345,case_order,"[""2016-0345""]",https://www.courts.nh.gov/sites/g/files/ehbemt471/files/documents/2021-09/20160345.pdf,source_case_number_and_caption,high,generated
2016-0416,case_order,"[""2016-0416""]",https://www.courts.nh.gov/sites/g/files/ehbemt471/files/documents/2021-09/20160416.pdf,source_case_number_and_caption,high,generated
2016-0596,case_order,"[""2016-0596"", ""2016-0217""]",https://www.courts.nh.gov/sites/g/files/ehbemt471/files/documents/2021-09/20160596.pdf,source_case_number_and_caption,high,generated
2016-0308,case_order,"[""2016-0308""]",https://www.courts.nh.gov/sites/g/files/ehbemt471/files/documents/2021-09/20160308.pdf,source_case_number_and_caption,high,generated
2016-0246,case_order,"[""2016-0246""]",https://www.courts.nh.gov/sites/g/files/ehbemt471/files/documents/2021-09/20160246.pdf,source_case_number_and_caption,high,generated
2016-0493,case_order,"[""2016-0493""]",https://www.courts.nh.gov/sites/g/files/ehbemt471/files/documents/2021-09/20160493.pdf,source_case_number_and_caption,high,generated
2016-0652,case_order,"[""2016-0652""]",https://www.courts.nh.gov/sites/g/files/ehbemt471/files/documents/2021-09/20160652.pdf,source_case_number_and_caption,high,generated
2016-0393,case_order,"[""2016-0393""]",https://www.courts.nh.gov/sites/g/files/ehbemt471/files/documents/2021-09/20160393.pdf,source_case_number_and_caption,high,generated
2016-0560,case_order,"[""2016-0560""]",https://www.courts.nh.gov/sites/g/files/ehbemt471/files/documents/2021-09/20160560.pdf,source_case_number_and_caption,high,generated
2016-0049,case_order,"[""2016-0049"", ""2013-0558"", ""2015-0092""]",https://www.courts.nh.gov/sites/g/files/ehbemt471/files/documents/2021-09/20160049.pdf,source_case_number_and_caption,high,generated
2016-0578,case_order,"[""2016-0578""]",https://www.courts.nh.gov/sites/g/files/ehbemt471/files/documents/2021-09/20160578.pdf,source_case_number_and_caption,high,generated
2016-0388,case_order,"[""2016-0388""]",https://www.courts.nh.gov/sites/g/files/ehbemt471/files/documents/2021-09/20160388.pdf,source_case_number_and_caption,high,generated
2016-0253,case_order,"[""2016-0253""]",https://www.courts.nh.gov/sites/g/files/ehbemt471/files/documents/2021-09/20160253.pdf,source_case_number_and_caption,high,generated
2016-0465,case_order,"[""2016-0465""]",https://www.courts.nh.gov/sites/g/files/ehbemt471/files/documents/2021-09/20160465.pdf,source_case_number_and_caption,high,generated
2016-0554,case_order,"[""2016-0554""]",https://www.courts.nh.gov/sites/g/files/ehbemt471/files/documents/2021-09/20160554.pdf,source_case_number_and_caption,high,generated
2016-0463,case_order,"[""2016-0463""]",https://www.courts.nh.gov/sites/g/files/ehbemt471/files/documents/2021-09/20160463.pdf,source_case_number_and_caption,high,generated
2016-0539,case_order,"[""2016-0539""]",https://www.courts.nh.gov/sites/g/files/ehbemt471/files/documents/2021-09/20160539.pdf,source_case_number_and_caption,high,generated
2016-0356,case_order,"[""2016-0356""]",https://www.courts.nh.gov/sites/g/files/ehbemt471/files/documents/2021-09/20160356.pdf,source_case_number_and_caption,high,generated
2016-0064,case_order,"[""2016-0064""]",https://www.courts.nh.gov/sites/g/files/ehbemt471/files/documents/2021-09/20160064.pdf,source_case_number_and_caption,high,generated
2016-0249,case_order,"[""2016-0249""]",https://www.courts.nh.gov/sites/g/files/ehbemt471/files/documents/2021-09/20160249.pdf,source_case_number_and_caption,high,generated
2016-0383,case_order,"[""2016-0383""]",https://www.courts.nh.gov/sites/g/files/ehbemt471/files/documents/2021-09/20160383.pdf,source_case_number_and_caption,high,generated
2015-0588,case_order,"[""2015-0588""]",https://www.courts.nh.gov/sites/g/files/ehbemt471/files/documents/2021-09/20150588.pdf,source_case_number_and_caption,high,generated
2016-0284,case_order,"[""2016-0284""]",https://www.courts.nh.gov/sites/g/files/ehbemt471/files/documents/2021-09/20160284.pdf,source_case_number_and_caption,high,generated
2016-0459,case_order,"[""2016-0459""]",https://www.courts.nh.gov/sites/g/files/ehbemt471/files/documents/2021-09/20160459.pdf,source_case_number_and_caption,high,generated
2016-0457,case_order,"[""2016-0457""]",https://www.courts.nh.gov/sites/g/files/ehbemt471/files/documents/2021-09/20160457.pdf,source_case_number_and_caption,high,generated
2016-0484,case_order,"[""2016-0484""]",https://www.courts.nh.gov/sites/g/files/ehbemt471/files/documents/2021-09/20160484.pdf,source_case_number_and_caption,high,generated
2016-0262,case_order,"[""2016-0262""]",https://www.courts.nh.gov/sites/g/files/ehbemt471/files/documents/2021-09/20160262.pdf,source_case_number_and_caption,high,generated
2016-0200,case_order,"[""2016-0200""]",https://www.courts.nh.gov/sites/g/files/ehbemt471/files/documents/2021-09/20160200.pdf,source_case_number_and_caption,high,generated
2016-0389,case_order,"[""2016-0389""]",https://www.courts.nh.gov/sites/g/files/ehbemt471/files/documents/2021-09/20160389.pdf,source_case_number_and_caption,high,generated
2015-0228,case_order,"[""2015-0228""]",https://www.courts.nh.gov/sites/g/files/ehbemt471/files/documents/2021-09/20150228.pdf,source_case_number_and_caption,high,generated
2016-0087,case_order,"[""2016-0087""]",https://www.courts.nh.gov/sites/g/files/ehbemt471/files/documents/2021-09/20160087.pdf,source_case_number_and_caption,high,generated
2016-0115,case_order,"[""2016-0115""]",https://www.courts.nh.gov/sites/g/files/ehbemt471/files/documents/2021-09/20160115.pdf,source_case_number_and_caption,high,generated
2016-0292,case_order,"[""2016-0292""]",https://www.courts.nh.gov/sites/g/files/ehbemt471/files/documents/2021-09/20160292.pdf,source_case_number_and_caption,high,generated
2016-0218,case_order,"[""2016-0218""]",https://www.courts.nh.gov/sites/g/files/ehbemt471/files/documents/2021-09/20160218.pdf,source_case_number_and_caption,high,generated
2016-0281,case_order,"[""2016-0281""]",https://www.courts.nh.gov/sites/g/files/ehbemt471/files/documents/2021-09/20160281.pdf,source_case_number_and_caption,high,generated
2016-0098,case_order,"[""2016-0098"", ""2014-0682""]",https://www.courts.nh.gov/sites/g/files/ehbemt471/files/documents/2021-09/20160098.pdf,source_case_number_and_caption,high,generated
2016-0434,case_order,"[""2016-0434""]",https://www.courts.nh.gov/sites/g/files/ehbemt471/files/documents/2021-09/20160434.pdf,source_case_number_and_caption,high,generated
2016-0240,case_order,"[""2016-0240""]",https://www.courts.nh.gov/sites/g/files/ehbemt471/files/documents/2021-09/20160240.pdf,source_case_number_and_caption,high,generated
2016-0113,case_order,"[""2016-0113""]",https://www.courts.nh.gov/sites/g/files/ehbemt471/files/documents/2021-09/20160113.pdf,source_case_number_and_caption,high,generated
2016-0216,case_order,"[""2016-0216""]",https://www.courts.nh.gov/sites/g/files/ehbemt471/files/documents/2021-09/20160216.pdf,source_case_number_and_caption,high,generated
2016-0286,case_order,"[""2016-0286""]",https://www.courts.nh.gov/sites/g/files/ehbemt471/files/documents/2021-09/20160286.pdf,source_case_number_and_caption,high,generated
2016-0322,case_order,"[""2016-0322""]",https://www.courts.nh.gov/sites/g/files/ehbemt471/files/documents/2021-09/20160322.pdf,source_case_number_and_caption,high,generated
2016-0278,case_order,"[""2016-0278""]",https://www.courts.nh.gov/sites/g/files/ehbemt471/files/documents/2021-09/20160278.pdf,source_case_number_and_caption,high,generated
2016-0077,case_order,"[""2016-0077""]",https://www.courts.nh.gov/sites/g/files/ehbemt471/files/documents/2021-09/20160077.pdf,source_case_number_and_caption,high,generated
2016-0189,case_order,"[""2016-0189""]",https://www.courts.nh.gov/sites/g/files/ehbemt471/files/documents/2021-09/20160189.pdf,source_case_number_and_caption,high,generated
2016-0355,case_order,"[""2016-0355""]",https://www.courts.nh.gov/sites/g/files/ehbemt471/files/documents/2021-09/20160355.pdf,source_case_number_and_caption,high,generated
2016-0021,case_order,"[""2016-0021""]",https://www.courts.nh.gov/sites/g/files/ehbemt471/files/documents/2021-09/20160021.pdf,source_case_number_and_caption,high,generated
2016-0412,case_order,"[""2016-0412""]",https://www.courts.nh.gov/sites/g/files/ehbemt471/files/documents/2021-09/20160412.pdf,source_case_number_and_caption,high,generated
2016-0343,case_order,"[""2016-0343""]",https://www.courts.nh.gov/sites/g/files/ehbemt471/files/documents/2021-09/20160343.pdf,source_case_number_and_caption,high,generated
2016-0378,case_order,"[""2016-0378""]",https://www.courts.nh.gov/sites/g/files/ehbemt471/files/documents/2021-09/20160378.pdf,source_case_number_and_caption,high,generated
2016-0256,case_order,"[""2016-0256""]",https://www.courts.nh.gov/sites/g/files/ehbemt471/files/documents/2021-09/20160256.pdf,source_case_number_and_caption,high,generated
20140454,case_order,"[""2014-0454"", ""2015-0501""]",https://www.courts.nh.gov/sites/g/files/ehbemt471/files/documents/2021-09/20140454.pdf,caption_text,high,generated
2016-0110,case_order,"[""2016-0110""]",https://www.courts.nh.gov/sites/g/files/ehbemt471/files/documents/2021-09/20160110.pdf,source_case_number_and_caption,high,generated
2016-0314,case_order,"[""2016-0314""]",https://www.courts.nh.gov/sites/g/files/ehbemt471/files/documents/2021-09/20160314.pdf,source_case_number_and_caption,high,generated
2018-0203,case_order,"[""2018-0203""]",https://www.courts.nh.gov/sites/g/files/ehbemt471/files/documents/2021-09/20180203.pdf,source_case_number_and_caption,high,generated
2017-0414,case_order,"[""2017-0414""]",https://www.courts.nh.gov/sites/g/files/ehbemt471/files/documents/2021-09/20170414.pdf,source_case_number_and_caption,high,generated
2018-0167,case_order,"[""2018-0167""]",https://www.courts.nh.gov/sites/g/files/ehbemt471/files/documents/2021-09/20180167.pdf,source_case_number_and_caption,high,generated
2017-0180,case_order,"[""2017-0180""]",https://www.courts.nh.gov/sites/g/files/ehbemt471/files/documents/2021-09/20170180.pdf,source_case_number_and_caption,high,generated
2017-0719,case_order,"[""2017-0719""]",https://www.courts.nh.gov/sites/g/files/ehbemt471/files/documents/2021-09/20170719.pdf,source_case_number_and_caption,high,generated
2018-0004,case_order,"[""2018-0004""]",https://www.courts.nh.gov/sites/g/files/ehbemt471/files/documents/2021-09/20180004.pdf,source_case_number_and_caption,high,generated
2018-0206,case_order,"[""2018-0206""]",https://www.courts.nh.gov/sites/g/files/ehbemt471/files/documents/2021-09/20180206.pdf,source_case_number_and_caption,high,generated
2018-0042,case_order,"[""2018-0042""]",https://www.courts.nh.gov/sites/g/files/ehbemt471/files/documents/2021-09/20180042.pdf,source_case_number_and_caption,high,generated
2018-0159,case_order,"[""2018-0159""]",https://www.courts.nh.gov/sites/g/files/ehbemt471/files/documents/2021-09/20180159.pdf,source_case_number_and_caption,high,generated
2018-0191,case_order,"[""2018-0191""]",https://www.courts.nh.gov/sites/g/files/ehbemt471/files/documents/2021-09/20180191.pdf,source_case_number_and_caption,high,generated
2018-0083,case_order,"[""2018-0083""]",https://www.courts.nh.gov/sites/g/files/ehbemt471/files/documents/2021-09/20180083.pdf,source_case_number_and_caption,high,generated
2018-0160,case_order,"[""2018-0160""]",https://www.courts.nh.gov/sites/g/files/ehbemt471/files/documents/2021-09/20180160.pdf,source_case_number_and_caption,high,generated
2018-0230,case_order,"[""2018-0230""]",https://www.courts.nh.gov/sites/g/files/ehbemt471/files/documents/2021-09/20180230.pdf,source_case_number_and_caption,high,generated
2018-0032,case_order,"[""2018-0032""]",https://www.courts.nh.gov/sites/g/files/ehbemt471/files/documents/2021-09/20180032.pdf,source_case_number_and_caption,high,generated
2018-0183,case_order,"[""2018-0183""]",https://www.courts.nh.gov/sites/g/files/ehbemt471/files/documents/2021-09/20180183.pdf,source_case_number_and_caption,high,generated
2017-0647,case_order,"[""2017-0647""]",https://www.courts.nh.gov/sites/g/files/ehbemt471/files/documents/2021-09/20170647.pdf,source_case_number_and_caption,high,generated
2017-0733,case_order,"[""2017-0733""]",https://www.courts.nh.gov/sites/g/files/ehbemt471/files/documents/2021-09/20170733.pdf,source_case_number_and_caption,high,generated
2017-0439,case_order,"[""2017-0439""]",https://www.courts.nh.gov/sites/g/files/ehbemt471/files/documents/2021-09/20170439.pdf,source_case_number_and_caption,high,generated
2017-0652,case_order,"[""2017-0652""]",https://www.courts.nh.gov/sites/g/files/ehbemt471/files/documents/2021-09/20170652.pdf,source_case_number_and_caption,high,generated
2017-0417,case_order,"[""2017-0417""]",https://www.courts.nh.gov/sites/g/files/ehbemt471/files/documents/2021-09/20170417.pdf,source_case_number_and_caption,high,generated
2018-0041,case_order,"[""2018-0041""]",https://www.courts.nh.gov/sites/g/files/ehbemt471/files/documents/2021-09/20180041.pdf,source_case_number_and_caption,high,generated
2018-0055,case_order,"[""2018-0055""]",https://www.courts.nh.gov/sites/g/files/ehbemt471/files/documents/2021-09/20180055.pdf,source_case_number_and_caption,high,generated
2017-0688,case_order,"[""2017-0688""]",https://www.courts.nh.gov/sites/g/files/ehbemt471/files/documents/2021-09/20170688.pdf,source_case_number_and_caption,high,generated
2018-0014,case_order,"[""2018-0014""]",https://www.courts.nh.gov/sites/g/files/ehbemt471/files/documents/2021-09/20180014.pdf,source_case_number_and_caption,high,generated
2018-0059,case_order,"[""2018-0059""]",https://www.courts.nh.gov/sites/g/files/ehbemt471/files/documents/2021-09/20180059.pdf,source_case_number_and_caption,high,generated
2017-0519,case_order,"[""2017-0519"", ""2017-0501""]",https://www.courts.nh.gov/sites/g/files/ehbemt471/files/documents/2021-09/20170519.pdf,source_case_number_and_caption,high,generated
2018-0168,case_order,"[""2018-0168""]",https://www.courts.nh.gov/sites/g/files/ehbemt471/files/documents/2021-09/20180168.pdf,source_case_number_and_caption,high,generated
2018-0039,case_order,"[""2018-0039""]",https://www.courts.nh.gov/sites/g/files/ehbemt471/files/documents/2021-09/20180039.pdf,source_case_number_and_caption,high,generated
2017-0164,case_order,"[""2017-0164""]",https://www.courts.nh.gov/sites/g/files/ehbemt471/files/documents/2021-09/20170164.pdf,source_case_number_and_caption,high,generated
2017-0412,case_order,"[""2017-0412""]",https://www.courts.nh.gov/sites/g/files/ehbemt471/files/documents/2021-09/20170412.pdf,source_case_number_and_caption,high,generated
2017-0731,case_order,"[""2017-0731""]",https://www.courts.nh.gov/sites/g/files/ehbemt471/files/documents/2021-09/20170731.pdf,source_case_number_and_caption,high,generated
2017-0732,case_order,"[""2017-0732""]",https://www.courts.nh.gov/sites/g/files/ehbemt471/files/documents/2021-09/20170732.pdf,source_case_number_and_caption,high,generated
2017-0631,case_order,"[""2017-0631""]",https://www.courts.nh.gov/sites/g/files/ehbemt471/files/documents/2021-09/20170631.pdf,source_case_number_and_caption,high,generated
2017-0257,case_order,"[""2017-0257""]",https://www.courts.nh.gov/sites/g/files/ehbemt471/files/documents/2021-09/20170257.pdf,source_case_number_and_caption,high,generated
2017-0716,case_order,"[""2017-0716""]",https://www.courts.nh.gov/sites/g/files/ehbemt471/files/documents/2021-09/20170716.pdf,source_case_number_and_caption,high,generated
2017-0366,case_order,"[""2017-0366""]",https://www.courts.nh.gov/sites/g/files/ehbemt471/files/documents/2021-09/20170366.pdf,source_case_number_and_caption,high,generated
2017-0675,case_order,"[""2017-0675""]",https://www.courts.nh.gov/sites/g/files/ehbemt471/files/documents/2021-09/20170675.pdf,source_case_number_and_caption,high,generated
2017-0073,case_order,"[""2017-0073""]",https://www.courts.nh.gov/sites/g/files/ehbemt471/files/documents/2021-09/20170073.pdf,source_case_number_and_caption,high,generated
2017-0645,case_order,"[""2017-0645""]",https://www.courts.nh.gov/sites/g/files/ehbemt471/files/documents/2021-09/20170645.pdf,source_case_number_and_caption,high,generated
2017-0604,case_order,"[""2017-0604""]",https://www.courts.nh.gov/sites/g/files/ehbemt471/files/documents/2021-09/20170604.pdf,source_case_number_and_caption,high,generated
2017-0711,case_order,"[""2017-0711""]",https://www.courts.nh.gov/sites/g/files/ehbemt471/files/documents/2021-09/20170711.pdf,source_case_number_and_caption,high,generated
2017-0509,case_order,"[""2017-0509""]",https://www.courts.nh.gov/sites/g/files/ehbemt471/files/documents/2021-09/20170509.pdf,source_case_number_and_caption,high,generated
2018-0133,case_order,"[""2018-0133""]",https://www.courts.nh.gov/sites/g/files/ehbemt471/files/documents/2021-09/20180133.pdf,source_case_number_and_caption,high,generated
2017-0684,case_order,"[""2017-0684""]",https://www.courts.nh.gov/sites/g/files/ehbemt471/files/documents/2021-09/20170684.pdf,source_case_number_and_caption,high,generated
2018-0063,case_order,"[""2018-0063"", ""2014-0720""]",https://www.courts.nh.gov/sites/g/files/ehbemt471/files/documents/2021-09/20180063.pdf,source_case_number_and_caption,high,generated
2017-0048,case_order,"[""2017-0048""]",https://www.courts.nh.gov/sites/g/files/ehbemt471/files/documents/2021-09/20170048.pdf,source_case_number_and_caption,high,generated
2017-0696,case_order,"[""2017-0696""]",https://www.courts.nh.gov/sites/g/files/ehbemt471/files/documents/2021-09/20170696.pdf,source_case_number_and_caption,high,generated
2017-0426,case_order,"[""2017-0426""]",https://www.courts.nh.gov/sites/g/files/ehbemt471/files/documents/2021-09/20170426.pdf,source_case_number_and_caption,high,generated
2017-0535,case_order,"[""2017-0535""]",https://www.courts.nh.gov/sites/g/files/ehbemt471/files/documents/2021-09/20170535.pdf,source_case_number_and_caption,high,generated
2017-0653,case_order,"[""2017-0653""]",https://www.courts.nh.gov/sites/g/files/ehbemt471/files/documents/2021-09/20170653.pdf,source_case_number_and_caption,high,generated
2017-0240,case_order,"[""2017-0240""]",https://www.courts.nh.gov/sites/g/files/ehbemt471/files/documents/2021-09/20170240.pdf,source_case_number_and_caption,high,generated
2017-0404,case_order,"[""2017-0404""]",https://www.courts.nh.gov/sites/g/files/ehbemt471/files/documents/2021-09/20170404.pdf,source_case_number_and_caption,high,generated
2018-0012,case_order,"[""2018-0012""]",https://www.courts.nh.gov/sites/g/files/ehbemt471/files/documents/2021-09/20180012.pdf,source_case_number_and_caption,high,generated
2017-0277,case_order,"[""2017-0277""]",https://www.courts.nh.gov/sites/g/files/ehbemt471/files/documents/2021-09/20170277.pdf,source_case_number_and_caption,high,generated
2017-0261,case_order,"[""2017-0261""]",https://www.courts.nh.gov/sites/g/files/ehbemt471/files/documents/2021-09/20170261.pdf,source_case_number_and_caption,high,generated
2017-0635,case_order,"[""2017-0635""]",https://www.courts.nh.gov/sites/g/files/ehbemt471/files/documents/2021-09/20170635.pdf,source_case_number_and_caption,high,generated
2017-0656,case_order,"[""2017-0656""]",https://www.courts.nh.gov/sites/g/files/ehbemt471/files/documents/2021-09/20170656.pdf,source_case_number_and_caption,high,generated
2017-0672,case_order,"[""2017-0672"", ""2017-0695"", ""2017-0694""]",https://www.courts.nh.gov/sites/g/files/ehbemt471/files/documents/2021-09/20170672.pdf,source_case_number_and_caption,high,generated
2017-0056,case_order,"[""2017-0056""]",https://www.courts.nh.gov/sites/g/files/ehbemt471/files/documents/2021-09/20170056.pdf,source_case_number_and_caption,high,generated
2017-0561,case_order,"[""2017-0561""]",https://www.courts.nh.gov/sites/g/files/ehbemt471/files/documents/2021-09/20170561.pdf,source_case_number_and_caption,high,generated
2017-0727,case_order,"[""2017-0727""]",https://www.courts.nh.gov/sites/g/files/ehbemt471/files/documents/2021-09/20170727.pdf,source_case_number_and_caption,high,generated
2017-0589,case_order,"[""2017-0589""]",https://www.courts.nh.gov/sites/g/files/ehbemt471/files/documents/2021-09/20170589.pdf,source_case_number_and_caption,high,generated
2017-0579,case_order,"[""2017-0579""]",https://www.courts.nh.gov/sites/g/files/ehbemt471/files/documents/2021-09/20170579.pdf,source_case_number_and_caption,high,generated
2018-0027,case_order,"[""2018-0027""]",https://www.courts.nh.gov/sites/g/files/ehbemt471/files/documents/2021-09/20180027.pdf,source_case_number_and_caption,high,generated
2017-0544,case_order,"[""2017-0544""]",https://www.courts.nh.gov/sites/g/files/ehbemt471/files/documents/2021-09/20170544.pdf,source_case_number_and_caption,high,generated
2017-0451,case_order,"[""2017-0451""]",https://www.courts.nh.gov/sites/g/files/ehbemt471/files/documents/2021-09/20170451.pdf,source_case_number_and_caption,high,generated
2017-0549,case_order,"[""2017-0549""]",https://www.courts.nh.gov/sites/g/files/ehbemt471/files/documents/2021-09/20170549.pdf,source_case_number_and_caption,high,generated
2017-0405,case_order,"[""2017-0405""]",https://www.courts.nh.gov/sites/g/files/ehbemt471/files/documents/2021-09/20170405.pdf,source_case_number_and_caption,high,generated
2017-0551,case_order,"[""2017-0551"", ""2016-0434""]",https://www.courts.nh.gov/sites/g/files/ehbemt471/files/documents/2021-09/20170551.pdf,source_case_number_and_caption,high,generated
2017-0529,case_order,"[""2017-0529""]",https://www.courts.nh.gov/sites/g/files/ehbemt471/files/documents/2021-09/20170529.pdf,source_case_number_and_caption,high,generated
2018-0016,case_order,"[""2018-0016""]",https://www.courts.nh.gov/sites/g/files/ehbemt471/files/documents/2021-09/20180016.pdf,source_case_number_and_caption,high,generated
2017-0650,case_order,"[""2017-0650""]",https://www.courts.nh.gov/sites/g/files/ehbemt471/files/documents/2021-09/20170650.pdf,source_case_number_and_caption,high,generated
2017-0540,case_order,"[""2017-0540""]",https://www.courts.nh.gov/sites/g/files/ehbemt471/files/documents/2021-09/20170540.pdf,source_case_number_and_caption,high,generated
2017-0648,case_order,"[""2017-0648""]",https://www.courts.nh.gov/sites/g/files/ehbemt471/files/documents/2021-09/20170648.pdf,source_case_number_and_caption,high,generated
2018-0002,case_order,"[""2018-0002"", ""2016-0217"", ""2016-0596""]",https://www.courts.nh.gov/sites/g/files/ehbemt471/files/documents/2021-09/20180002.pdf,source_case_number_and_caption,high,generated
2017-0565,case_order,"[""2017-0565""]",https://www.courts.nh.gov/sites/g/files/ehbemt471/files/documents/2021-09/20170565.pdf,source_case_number_and_caption,high,generated
2017-0707,case_order,"[""2017-0707""]",https://www.courts.nh.gov/sites/g/files/ehbemt471/files/documents/2021-09/20170707.pdf,source_case_number_and_caption,high,generated
2017-0488,case_order,"[""2017-0488""]",https://www.courts.nh.gov/sites/g/files/ehbemt471/files/documents/2021-09/20170488.pdf,source_case_number_and_caption,high,generated
2017-0120,case_order,"[""2017-0120""]",https://www.courts.nh.gov/sites/g/files/ehbemt471/files/documents/2021-09/20170120.pdf,source_case_number_and_caption,high,generated
2017-0378,case_order,"[""2017-0378""]",https://www.courts.nh.gov/sites/g/files/ehbemt471/files/documents/2021-09/20170378.pdf,source_case_number_and_caption,high,generated
2017-0331,case_order,"[""2017-0331""]",https://www.courts.nh.gov/sites/g/files/ehbemt471/files/documents/2021-09/20170331.pdf,source_case_number_and_caption,high,generated
2017-0113,case_order,"[""2017-0113""]",https://www.courts.nh.gov/sites/g/files/ehbemt471/files/documents/2021-09/20170113.pdf,source_case_number_and_caption,high,generated
2017-0053,case_order,"[""2017-0053"", ""2017-0241""]",https://www.courts.nh.gov/sites/g/files/ehbemt471/files/documents/2021-09/20170053.pdf,source_case_number_and_caption,high,generated
2017-0499,case_order,"[""2017-0499""]",https://www.courts.nh.gov/sites/g/files/ehbemt471/files/documents/2021-09/20170499.pdf,source_case_number_and_caption,high,generated
2017-0301,case_order,"[""2017-0301""]",https://www.courts.nh.gov/sites/g/files/ehbemt471/files/documents/2021-09/20170301.pdf,source_case_number_and_caption,high,generated
2017-0316,case_order,"[""2017-0316""]",https://www.courts.nh.gov/sites/g/files/ehbemt471/files/documents/2021-09/20170316.pdf,source_case_number_and_caption,high,generated
2017-0372,case_order,"[""2017-0372""]",https://www.courts.nh.gov/sites/g/files/ehbemt471/files/documents/2021-09/20170372.pdf,source_case_number_and_caption,high,generated
2017-0302,case_order,"[""2017-0302""]",https://www.courts.nh.gov/sites/g/files/ehbemt471/files/documents/2021-09/20170302.pdf,source_case_number_and_caption,high,generated
2017-0489,case_order,"[""2017-0489""]",https://www.courts.nh.gov/sites/g/files/ehbemt471/files/documents/2021-09/20170489.pdf,source_case_number_and_caption,high,generated
2017-0468,case_order,"[""2017-0468""]",https://www.courts.nh.gov/sites/g/files/ehbemt471/files/documents/2021-09/20170468.pdf,source_case_number_and_caption,high,generated
2017-0135,case_order,"[""2017-0135""]",https://www.courts.nh.gov/sites/g/files/ehbemt471/files/documents/2021-09/20170135.pdf,source_case_number_and_caption,high,generated
2017-0379,case_order,"[""2017-0379""]",https://www.courts.nh.gov/sites/g/files/ehbemt471/files/documents/2021-09/20170379.pdf,source_case_number_and_caption,high,generated
2017-0276,case_order,"[""2017-0276""]",https://www.courts.nh.gov/sites/g/files/ehbemt471/files/documents/2021-09/20170276.pdf,source_case_number_and_caption,high,generated
2017-0588,case_order,"[""2017-0588""]",https://www.courts.nh.gov/sites/g/files/ehbemt471/files/documents/2021-09/20170588.pdf,source_case_number_and_caption,high,generated
2017-0226,case_order,"[""2017-0226""]",https://www.courts.nh.gov/sites/g/files/ehbemt471/files/documents/2021-09/20170226.pdf,source_case_number_and_caption,high,generated
2017-0485,case_order,"[""2017-0485""]",https://www.courts.nh.gov/sites/g/files/ehbemt471/files/documents/2021-09/20170485.pdf,source_case_number_and_caption,high,generated
2017-0305,case_order,"[""2017-0305""]",https://www.courts.nh.gov/sites/g/files/ehbemt471/files/documents/2021-09/20170305.pdf,source_case_number_and_caption,high,generated
2017-0455,case_order,"[""2017-0455""]",https://www.courts.nh.gov/sites/g/files/ehbemt471/files/documents/2021-09/20170455.pdf,source_case_number_and_caption,high,generated
2016-0655,case_order,"[""2016-0655""]",https://www.courts.nh.gov/sites/g/files/ehbemt471/files/documents/2021-09/20160655.pdf,source_case_number_and_caption,high,generated
2017-0434,case_order,"[""2017-0434""]",https://www.courts.nh.gov/sites/g/files/ehbemt471/files/documents/2021-09/20170434.pdf,source_case_number_and_caption,high,generated
2016-0654,case_order,"[""2016-0654""]",https://www.courts.nh.gov/sites/g/files/ehbemt471/files/documents/2021-09/20160654.pdf,source_case_number_and_caption,high,generated
2017-0570,case_order,"[""2017-0570""]",https://www.courts.nh.gov/sites/g/files/ehbemt471/files/documents/2021-09/20170570.pdf,source_case_number_and_caption,high,generated
2017-0314,case_order,"[""2017-0314"", ""2005-2006""]",https://www.courts.nh.gov/sites/g/files/ehbemt471/files/documents/2021-09/20170314.pdf,source_case_number_and_caption,high,generated
2017-0203,case_order,"[""2017-0203""]",https://www.courts.nh.gov/sites/g/files/ehbemt471/files/documents/2021-09/20170203.pdf,source_case_number_and_caption,high,generated
2017-0457,case_order,"[""2017-0457""]",https://www.courts.nh.gov/sites/g/files/ehbemt471/files/documents/2021-09/20170457.pdf,source_case_number_and_caption,high,generated
2017-0436,case_order,"[""2017-0436""]",https://www.courts.nh.gov/sites/g/files/ehbemt471/files/documents/2021-09/20170436.pdf,source_case_number_and_caption,high,generated
2016-0694,case_order,"[""2016-0694""]",https://www.courts.nh.gov/sites/g/files/ehbemt471/files/documents/2021-09/20160694.pdf,source_case_number_and_caption,high,generated
2017-0615,case_order,"[""2017-0615""]",https://www.courts.nh.gov/sites/g/files/ehbemt471/files/documents/2021-09/20170615.pdf,source_case_number_and_caption,high,generated
2017-0427,case_order,"[""2017-0427""]",https://www.courts.nh.gov/sites/g/files/ehbemt471/files/documents/2021-09/20170427.pdf,source_case_number_and_caption,high,generated
2017-0250,case_order,"[""2017-0250""]",https://www.courts.nh.gov/sites/g/files/ehbemt471/files/documents/2021-09/20170250.pdf,source_case_number_and_caption,high,generated
2017-0228,case_order,"[""2017-0228""]",https://www.courts.nh.gov/sites/g/files/ehbemt471/files/documents/2021-09/20170228.pdf,source_case_number_and_caption,high,generated
2017-0358,case_order,"[""2017-0358""]",https://www.courts.nh.gov/sites/g/files/ehbemt471/files/documents/2021-09/20170358.pdf,source_case_number_and_caption,high,generated
2017-0088,case_order,"[""2017-0088""]",https://www.courts.nh.gov/sites/g/files/ehbemt471/files/documents/2021-09/20170088.pdf,source_case_number_and_caption,high,generated
2017-0140,case_order,"[""2017-0140""]",https://www.courts.nh.gov/sites/g/files/ehbemt471/files/documents/2021-09/20170140.pdf,source_case_number_and_caption,high,generated
2017-0408,case_order,"[""2017-0408""]",https://www.courts.nh.gov/sites/g/files/ehbemt471/files/documents/2021-09/20170408.pdf,source_case_number_and_caption,high,generated
2016-0641,case_order,"[""2016-0641""]",https://www.courts.nh.gov/sites/g/files/ehbemt471/files/documents/2021-09/20160641.pdf,source_case_number_and_caption,high,generated
2017-0360,case_order,"[""2017-0360""]",https://www.courts.nh.gov/sites/g/files/ehbemt471/files/documents/2021-09/20170360.pdf,source_case_number_and_caption,high,generated
2017-0130,case_order,"[""2017-0130"", ""2017-0133""]",https://www.courts.nh.gov/sites/g/files/ehbemt471/files/documents/2021-09/20170130.pdf,source_case_number_and_caption,high,generated
2017-0384,case_order,"[""2017-0384""]",https://www.courts.nh.gov/sites/g/files/ehbemt471/files/documents/2021-09/20170384.pdf,source_case_number_and_caption,high,generated
2017-0097,case_order,"[""2017-0097""]",https://www.courts.nh.gov/sites/g/files/ehbemt471/files/documents/2021-09/20170097.pdf,source_case_number_and_caption,high,generated
2017-0252,case_order,"[""2017-0252"", ""2016-0698""]",https://www.courts.nh.gov/sites/g/files/ehbemt471/files/documents/2021-09/20170252.pdf,source_case_number_and_caption,high,generated
2017-0081,case_order,"[""2017-0081""]",https://www.courts.nh.gov/sites/g/files/ehbemt471/files/documents/2021-09/20170081.pdf,source_case_number_and_caption,high,generated
2017-0216,case_order,"[""2017-0216""]",https://www.courts.nh.gov/sites/g/files/ehbemt471/files/documents/2021-09/20170216.pdf,source_case_number_and_caption,high,generated
2017-0471,case_order,"[""2017-0471""]",https://www.courts.nh.gov/sites/g/files/ehbemt471/files/documents/2021-09/20170471.pdf,source_case_number_and_caption,high,generated
2017-0215,case_order,"[""2017-0215""]",https://www.courts.nh.gov/sites/g/files/ehbemt471/files/documents/2021-09/20170215.pdf,source_case_number_and_caption,high,generated
2017-0171,case_order,"[""2017-0171""]",https://www.courts.nh.gov/sites/g/files/ehbemt471/files/documents/2021-09/20170171.pdf,source_case_number_and_caption,high,generated
2017-0454,case_order,"[""2017-0454""]",https://www.courts.nh.gov/sites/g/files/ehbemt471/files/documents/2021-09/20170454.pdf,source_case_number_and_caption,high,generated
2017-0177,case_order,"[""2017-0177""]",https://www.courts.nh.gov/sites/g/files/ehbemt471/files/documents/2021-09/20170177.pdf,source_case_number_and_caption,high,generated
2017-0101,case_order,"[""2017-0101""]",https://www.courts.nh.gov/sites/g/files/ehbemt471/files/documents/2021-09/20170101.pdf,source_case_number_and_caption,high,generated
2017-0325,case_order,"[""2017-0325""]",https://www.courts.nh.gov/sites/g/files/ehbemt471/files/documents/2021-09/20170325.pdf,source_case_number_and_caption,high,generated
2017-0003,case_order,"[""2017-0003""]",https://www.courts.nh.gov/sites/g/files/ehbemt471/files/documents/2021-09/20170003.pdf,source_case_number_and_caption,high,generated
2016-0634,case_order,"[""2016-0634""]",https://www.courts.nh.gov/sites/g/files/ehbemt471/files/documents/2021-09/20160634.pdf,source_case_number_and_caption,high,generated
2017-0166,case_order,"[""2017-0166""]",https://www.courts.nh.gov/sites/g/files/ehbemt471/files/documents/2021-09/20170166.pdf,source_case_number_and_caption,high,generated
2016-0630,case_order,"[""2016-0630""]",https://www.courts.nh.gov/sites/g/files/ehbemt471/files/documents/2021-09/20160630.pdf,source_case_number_and_caption,high,generated
2019-0004,case_order,"[""2019-0004""]",https://www.courts.nh.gov/sites/g/files/ehbemt471/files/documents/2021-09/20190004.pdf,source_case_number_and_caption,high,generated
2019-0117,case_order,"[""2019-0117""]",https://www.courts.nh.gov/sites/g/files/ehbemt471/files/documents/2021-09/20190117.pdf,source_case_number_and_caption,high,generated
2019-0218,case_order,"[""2019-0218""]",https://www.courts.nh.gov/sites/g/files/ehbemt471/files/documents/2021-09/20190218.pdf,source_case_number_and_caption,high,generated
2018-0423,case_order,"[""2018-0423""]",https://www.courts.nh.gov/sites/g/files/ehbemt471/files/documents/2021-09/20180423.pdf,source_case_number_and_caption,high,generated
2019-0009,case_order,"[""2019-0009""]",https://www.courts.nh.gov/sites/g/files/ehbemt471/files/documents/2021-09/20190009.pdf,source_case_number_and_caption,high,generated
2019-0148,case_order,"[""2019-0148""]",https://www.courts.nh.gov/sites/g/files/ehbemt471/files/documents/2021-09/20190148.pdf,source_case_number_and_caption,high,generated
2019-0100,case_order,"[""2019-0100""]",https://www.courts.nh.gov/sites/g/files/ehbemt471/files/documents/2021-09/20190100.pdf,source_case_number_and_caption,high,generated
2018-0674,case_order,"[""2018-0674""]",https://www.courts.nh.gov/sites/g/files/ehbemt471/files/documents/2021-09/20180674.pdf,source_case_number_and_caption,high,generated
2018-0545,case_order,"[""2018-0545""]",https://www.courts.nh.gov/sites/g/files/ehbemt471/files/documents/2021-09/20180545.pdf,source_case_number_and_caption,high,generated
2019-0324,case_order,"[""2019-0324""]",https://www.courts.nh.gov/sites/g/files/ehbemt471/files/documents/2021-09/20190324.pdf,source_case_number_and_caption,high,generated
2018-0683,case_order,"[""2018-0683""]",https://www.courts.nh.gov/sites/g/files/ehbemt471/files/documents/2021-09/20180683.pdf,source_case_number_and_caption,high,generated
2018-0617,case_order,"[""2018-0617""]",https://www.courts.nh.gov/sites/g/files/ehbemt471/files/documents/2021-09/20180617.pdf,source_case_number_and_caption,high,generated
2019-0095,case_order,"[""2019-0095""]",https://www.courts.nh.gov/sites/g/files/ehbemt471/files/documents/2021-09/20190095.pdf,source_case_number_and_caption,high,generated
2019-0207,case_order,"[""2019-0207""]",https://www.courts.nh.gov/sites/g/files/ehbemt471/files/documents/2021-09/20190207.pdf,source_case_number_and_caption,high,generated
2019-0159,case_order,"[""2019-0159""]",https://www.courts.nh.gov/sites/g/files/ehbemt471/files/documents/2021-09/20190159.pdf,source_case_number_and_caption,high,generated
2019-0209,case_order,"[""2019-0209""]",https://www.courts.nh.gov/sites/g/files/ehbemt471/files/documents/2021-09/20190209.pdf,source_case_number_and_caption,high,generated
2019-0163,case_order,"[""2019-0163""]",https://www.courts.nh.gov/sites/g/files/ehbemt471/files/documents/2021-09/20190163.pdf,source_case_number_and_caption,high,generated
2019-0295,case_order,"[""2019-0295""]",https://www.courts.nh.gov/sites/g/files/ehbemt471/files/documents/2021-09/20190295.pdf,source_case_number_and_caption,high,generated
2019-0133,case_order,"[""2019-0133""]",https://www.courts.nh.gov/sites/g/files/ehbemt471/files/documents/2021-09/20190133.pdf,source_case_number_and_caption,high,generated
2019-0048,case_order,"[""2019-0048""]",https://www.courts.nh.gov/sites/g/files/ehbemt471/files/documents/2021-09/20190048.pdf,source_case_number_and_caption,high,generated
2019-0108,case_order,"[""2019-0108""]",https://www.courts.nh.gov/sites/g/files/ehbemt471/files/documents/2021-09/20190108.pdf,source_case_number_and_caption,high,generated
2018-0615,case_order,"[""2018-0615""]",https://www.courts.nh.gov/sites/g/files/ehbemt471/files/documents/2021-09/20180615.pdf,source_case_number_and_caption,high,generated
2019-0042,case_order,"[""2019-0042""]",https://www.courts.nh.gov/sites/g/files/ehbemt471/files/documents/2021-09/20190042.pdf,source_case_number_and_caption,high,generated
2018-0229,case_order,"[""2018-0229""]",https://www.courts.nh.gov/sites/g/files/ehbemt471/files/documents/2021-09/20180229.pdf,source_case_number_and_caption,high,generated
2019-0191,case_order,"[""2019-0191"", ""2018-0014""]",https://www.courts.nh.gov/sites/g/files/ehbemt471/files/documents/2021-09/20190191.pdf,source_case_number_and_caption,high,generated
2019-0182,case_order,"[""2019-0182""]",https://www.courts.nh.gov/sites/g/files/ehbemt471/files/documents/2021-09/20190182.pdf,source_case_number_and_caption,high,generated
2019-0187,case_order,"[""2019-0187""]",https://www.courts.nh.gov/sites/g/files/ehbemt471/files/documents/2021-09/20190187.pdf,source_case_number_and_caption,high,generated
2019-0170,case_order,"[""2019-0170""]",https://www.courts.nh.gov/sites/g/files/ehbemt471/files/documents/2021-09/20190170.pdf,source_case_number_and_caption,high,generated
2019-0038,case_order,"[""2019-0038""]",https://www.courts.nh.gov/sites/g/files/ehbemt471/files/documents/2021-09/20190038.pdf,source_case_number_and_caption,high,generated
2019-0063,case_order,"[""2019-0063""]",https://www.courts.nh.gov/sites/g/files/ehbemt471/files/documents/2021-09/20190063.pdf,source_case_number_and_caption,high,generated
2018-0677,case_order,"[""2018-0677""]",https://www.courts.nh.gov/sites/g/files/ehbemt471/files/documents/2021-09/20180677.pdf,source_case_number_and_caption,high,generated
2018-0707,case_order,"[""2018-0707""]",https://www.courts.nh.gov/sites/g/files/ehbemt471/files/documents/2021-09/20180707.pdf,source_case_number_and_caption,high,generated
2019-0093,case_order,"[""2019-0093""]",https://www.courts.nh.gov/sites/g/files/ehbemt471/files/documents/2021-09/20190093.pdf,source_case_number_and_caption,high,generated
2019-0127,case_order,"[""2019-0127""]",https://www.courts.nh.gov/sites/g/files/ehbemt471/files/documents/2021-09/20190127.pdf,source_case_number_and_caption,high,generated
2018-0580,case_order,"[""2018-0580""]",https://www.courts.nh.gov/sites/g/files/ehbemt471/files/documents/2021-09/20180580.pdf,source_case_number_and_caption,high,generated
2019-0026,case_order,"[""2019-0026""]",https://www.courts.nh.gov/sites/g/files/ehbemt471/files/documents/2021-09/20190026.pdf,source_case_number_and_caption,high,generated
2018-0419,case_order,"[""2018-0419""]",https://www.courts.nh.gov/sites/g/files/ehbemt471/files/documents/2021-09/20180419.pdf,source_case_number_and_caption,high,generated
2019-0146,case_order,"[""2019-0146""]",https://www.courts.nh.gov/sites/g/files/ehbemt471/files/documents/2021-09/20190146.pdf,source_case_number_and_caption,high,generated
2018-0694,case_order,"[""2018-0694""]",https://www.courts.nh.gov/sites/g/files/ehbemt471/files/documents/2021-09/20180694.pdf,source_case_number_and_caption,high,generated
2019-0069,case_order,"[""2019-0069""]",https://www.courts.nh.gov/sites/g/files/ehbemt471/files/documents/2021-09/20190069.pdf,source_case_number_and_caption,high,generated
2018-0469,case_order,"[""2018-0469""]",https://www.courts.nh.gov/sites/g/files/ehbemt471/files/documents/2021-09/20180469.pdf,source_case_number_and_caption,high,generated
2018-0705,case_order,"[""2018-0705""]",https://www.courts.nh.gov/sites/g/files/ehbemt471/files/documents/2021-09/20180705.pdf,source_case_number_and_caption,high,generated
2018-0712,case_order,"[""2018-0712""]",https://www.courts.nh.gov/sites/g/files/ehbemt471/files/documents/2021-09/20180712.pdf,source_case_number_and_caption,high,generated
2019-0155,case_order,"[""2019-0155""]",https://www.courts.nh.gov/sites/g/files/ehbemt471/files/documents/2021-09/20190155.pdf,source_case_number_and_caption,high,generated
2019-0073,case_order,"[""2019-0073""]",https://www.courts.nh.gov/sites/g/files/ehbemt471/files/documents/2021-09/20190073.pdf,source_case_number_and_caption,high,generated
2019-0183,case_order,"[""2019-0183""]",https://www.courts.nh.gov/sites/g/files/ehbemt471/files/documents/2021-09/20190183.pdf,source_case_number_and_caption,high,generated
2018-0573,case_order,"[""2018-0573""]",https://www.courts.nh.gov/sites/g/files/ehbemt471/files/documents/2021-09/20180573.pdf,source_case_number_and_caption,high,generated
2019-0089,case_order,"[""2019-0089""]",https://www.courts.nh.gov/sites/g/files/ehbemt471/files/documents/2021-09/20190089.pdf,source_case_number_and_caption,high,generated
2019-0201,case_order,"[""2019-0201""]",https://www.courts.nh.gov/sites/g/files/ehbemt471/files/documents/2021-09/20190201.pdf,source_case_number_and_caption,high,generated
2019-0102,case_order,"[""2019-0102""]",https://www.courts.nh.gov/sites/g/files/ehbemt471/files/documents/2021-09/20190102.pdf,source_case_number_and_caption,high,generated
2018-0596,case_order,"[""2018-0596""]",https://www.courts.nh.gov/sites/g/files/ehbemt471/files/documents/2021-09/20180596.pdf,source_case_number_and_caption,high,generated
2018-0682,case_order,"[""2018-0682""]",https://www.courts.nh.gov/sites/g/files/ehbemt471/files/documents/2021-09/20180682.pdf,source_case_number_and_caption,high,generated
2018-0347,case_order,"[""2018-0347""]",https://www.courts.nh.gov/sites/g/files/ehbemt471/files/documents/2021-09/20180347.pdf,source_case_number_and_caption,high,generated
2018-0310,case_order,"[""2018-0310""]",https://www.courts.nh.gov/sites/g/files/ehbemt471/files/documents/2021-09/20180310.pdf,source_case_number_and_caption,high,generated
2018-0154,case_order,"[""2018-0154""]",https://www.courts.nh.gov/sites/g/files/ehbemt471/files/documents/2021-09/20180154.pdf,source_case_number_and_caption,high,generated
2018-0612,case_order,"[""2018-0612""]",https://www.courts.nh.gov/sites/g/files/ehbemt471/files/documents/2021-09/20180612.pdf,source_case_number_and_caption,high,generated
2019-0029,case_order,"[""2019-0029""]",https://www.courts.nh.gov/sites/g/files/ehbemt471/files/documents/2021-09/20190029.pdf,source_case_number_and_caption,high,generated
2018-0690,case_order,"[""2018-0690""]",https://www.courts.nh.gov/sites/g/files/ehbemt471/files/documents/2021-09/20180690.pdf,source_case_number_and_caption,high,generated
2018-0155,case_order,"[""2018-0155""]",https://www.courts.nh.gov/sites/g/files/ehbemt471/files/documents/2021-09/20180155.pdf,source_case_number_and_caption,high,generated
2018-0080,case_order,"[""2018-0080""]",https://www.courts.nh.gov/sites/g/files/ehbemt471/files/documents/2021-09/20180080.pdf,source_case_number_and_caption,high,generated
2018-0561,case_order,"[""2018-0561""]",https://www.courts.nh.gov/sites/g/files/ehbemt471/files/documents/2021-09/20180561.pdf,source_case_number_and_caption,high,generated
2018-0595,case_order,"[""2018-0595""]",https://www.courts.nh.gov/sites/g/files/ehbemt471/files/documents/2021-09/20180595.pdf,source_case_number_and_caption,high,generated
2018-0534,case_order,"[""2018-0534""]",https://www.courts.nh.gov/sites/g/files/ehbemt471/files/documents/2021-09/20180534.pdf,source_case_number_and_caption,high,generated
2018-0660,case_order,"[""2018-0660""]",https://www.courts.nh.gov/sites/g/files/ehbemt471/files/documents/2021-09/20180660.pdf,source_case_number_and_caption,high,generated
2017-0219,case_order,"[""2017-0219""]",https://www.courts.nh.gov/sites/g/files/ehbemt471/files/documents/2021-09/20170219.pdf,source_case_number_and_caption,high,generated
2018-0642,case_order,"[""2018-0642""]",https://www.courts.nh.gov/sites/g/files/ehbemt471/files/documents/2021-09/20180642.pdf,source_case_number_and_caption,high,generated
2017-0721,case_order,"[""2017-0721""]",https://www.courts.nh.gov/sites/g/files/ehbemt471/files/documents/2021-09/20170721.pdf,source_case_number_and_caption,high,generated
2019-0253,case_order,"[""2019-0253""]",https://www.courts.nh.gov/sites/g/files/ehbemt471/files/documents/2021-09/20190253.pdf,source_case_number_and_caption,high,generated
2018-0359,case_order,"[""2018-0359""]",https://www.courts.nh.gov/sites/g/files/ehbemt471/files/documents/2021-09/20180359.pdf,source_case_number_and_caption,high,generated
2019-0030,case_order,"[""2019-0030""]",https://www.courts.nh.gov/sites/g/files/ehbemt471/files/documents/2021-09/20190030.pdf,source_case_number_and_caption,high,generated
2018-0437,case_order,"[""2018-0437""]",https://www.courts.nh.gov/sites/g/files/ehbemt471/files/documents/2021-09/20180437.pdf,source_case_number_and_caption,high,generated
2018-0515,case_order,"[""2018-0515""]",https://www.courts.nh.gov/sites/g/files/ehbemt471/files/documents/2021-09/20180515.pdf,source_case_number_and_caption,high,generated
2018-0442,case_order,"[""2018-0442""]",https://www.courts.nh.gov/sites/g/files/ehbemt471/files/documents/2021-09/20180442.pdf,source_case_number_and_caption,high,generated
2018-0569,case_order,"[""2018-0569""]",https://www.courts.nh.gov/sites/g/files/ehbemt471/files/documents/2021-09/20180569.pdf,source_case_number_and_caption,high,generated
2018-0274,case_order,"[""2018-0274""]",https://www.courts.nh.gov/sites/g/files/ehbemt471/files/documents/2021-09/20180274.pdf,source_case_number_and_caption,high,generated
2018-0630,case_order,"[""2018-0630""]",https://www.courts.nh.gov/sites/g/files/ehbemt471/files/documents/2021-09/20180630.pdf,source_case_number_and_caption,high,generated
2018-0543,case_order,"[""2018-0543""]",https://www.courts.nh.gov/sites/g/files/ehbemt471/files/documents/2021-09/20180543.pdf,source_case_number_and_caption,high,generated
2018-0244,case_order,"[""2018-0244""]",https://www.courts.nh.gov/sites/g/files/ehbemt471/files/documents/2021-09/20180244.pdf,source_case_number_and_caption,high,generated
2018-0605,case_order,"[""2018-0605""]",https://www.courts.nh.gov/sites/g/files/ehbemt471/files/documents/2021-09/20180605.pdf,source_case_number_and_caption,high,generated
2018-0255,case_order,"[""2018-0255""]",https://www.courts.nh.gov/sites/g/files/ehbemt471/files/documents/2021-09/20180255.pdf,source_case_number_and_caption,high,generated
2018-0487,case_order,"[""2018-0487""]",https://www.courts.nh.gov/sites/g/files/ehbemt471/files/documents/2021-09/20180487.pdf,source_case_number_and_caption,high,generated
2018-0445,case_order,"[""2018-0445""]",https://www.courts.nh.gov/sites/g/files/ehbemt471/files/documents/2021-09/20180445.pdf,source_case_number_and_caption,high,generated
2018-0663,case_order,"[""2018-0663""]",https://www.courts.nh.gov/sites/g/files/ehbemt471/files/documents/2021-09/20180663.pdf,source_case_number_and_caption,high,generated
2018-0378,case_order,"[""2018-0378""]",https://www.courts.nh.gov/sites/g/files/ehbemt471/files/documents/2021-09/20180378.pdf,source_case_number_and_caption,high,generated
2018-0458,case_order,"[""2018-0458""]",https://www.courts.nh.gov/sites/g/files/ehbemt471/files/documents/2021-09/20180458.pdf,source_case_number_and_caption,high,generated
2018-0641,case_order,"[""2018-0641""]",https://www.courts.nh.gov/sites/g/files/ehbemt471/files/documents/2021-09/20180641.pdf,source_case_number_and_caption,high,generated
2018-0377,case_order,"[""2018-0377""]",https://www.courts.nh.gov/sites/g/files/ehbemt471/files/documents/2021-09/20180377.pdf,source_case_number_and_caption,high,generated
2018-0328,case_order,"[""2018-0328""]",https://www.courts.nh.gov/sites/g/files/ehbemt471/files/documents/2021-09/20180328.pdf,source_case_number_and_caption,high,generated
2018-0239,case_order,"[""2018-0239""]",https://www.courts.nh.gov/sites/g/files/ehbemt471/files/documents/2021-09/20180239.pdf,source_case_number_and_caption,high,generated
2018-0456,case_order,"[""2018-0456""]",https://www.courts.nh.gov/sites/g/files/ehbemt471/files/documents/2021-09/20180456.pdf,source_case_number_and_caption,high,generated
2018-0494,case_order,"[""2018-0494""]",https://www.courts.nh.gov/sites/g/files/ehbemt471/files/documents/2021-09/20180494.pdf,source_case_number_and_caption,high,generated
2018-0559,case_order,"[""2018-0559""]",https://www.courts.nh.gov/sites/g/files/ehbemt471/files/documents/2021-09/20180559.pdf,source_case_number_and_caption,high,generated
2018-0351,case_order,"[""2018-0351""]",https://www.courts.nh.gov/sites/g/files/ehbemt471/files/documents/2021-09/20180351.pdf,source_case_number_and_caption,high,generated
2018-0576,case_order,"[""2018-0576""]",https://www.courts.nh.gov/sites/g/files/ehbemt471/files/documents/2021-09/20180576.pdf,source_case_number_and_caption,high,generated
2018-0370,case_order,"[""2018-0370""]",https://www.courts.nh.gov/sites/g/files/ehbemt471/files/documents/2021-09/20180370.pdf,source_case_number_and_caption,high,generated
2018-0656,case_order,"[""2018-0656""]",https://www.courts.nh.gov/sites/g/files/ehbemt471/files/documents/2021-09/20180656.pdf,source_case_number_and_caption,high,generated
2018-0401,case_order,"[""2018-0401""]",https://www.courts.nh.gov/sites/g/files/ehbemt471/files/documents/2021-09/20180401.pdf,source_case_number_and_caption,high,generated
2018-0668,case_order,"[""2018-0668""]",https://www.courts.nh.gov/sites/g/files/ehbemt471/files/documents/2021-09/20180668.pdf,source_case_number_and_caption,high,generated
2018-0173,case_order,"[""2018-0173""]",https://www.courts.nh.gov/sites/g/files/ehbemt471/files/documents/2021-09/20180173.pdf,source_case_number_and_caption,high,generated
2018-0482,case_order,"[""2018-0482""]",https://www.courts.nh.gov/sites/g/files/ehbemt471/files/documents/2021-09/20180482.pdf,source_case_number_and_caption,high,generated
2018-0460,case_order,"[""2018-0460""]",https://www.courts.nh.gov/sites/g/files/ehbemt471/files/documents/2021-09/20180460.pdf,source_case_number_and_caption,high,generated
2018-0368,case_order,"[""2018-0368""]",https://www.courts.nh.gov/sites/g/files/ehbemt471/files/documents/2021-09/20180368.pdf,source_case_number_and_caption,high,generated
2018-0552,case_order,"[""2018-0552""]",https://www.courts.nh.gov/sites/g/files/ehbemt471/files/documents/2021-09/20180552.pdf,source_case_number_and_caption,high,generated
2018-0145,case_order,"[""2018-0145""]",https://www.courts.nh.gov/sites/g/files/ehbemt471/files/documents/2021-09/20180145.pdf,source_case_number_and_caption,high,generated
2018-0484,case_order,"[""2018-0484""]",https://www.courts.nh.gov/sites/g/files/ehbemt471/files/documents/2021-09/20180484.pdf,source_case_number_and_caption,high,generated
2018-0134,case_order,"[""2018-0134""]",https://www.courts.nh.gov/sites/g/files/ehbemt471/files/documents/2021-09/20180134.pdf,source_case_number_and_caption,high,generated
2018-0276,case_order,"[""2018-0276""]",https://www.courts.nh.gov/sites/g/files/ehbemt471/files/documents/2021-09/20180276.pdf,source_case_number_and_caption,high,generated
2018-0443,case_order,"[""2018-0443""]",https://www.courts.nh.gov/sites/g/files/ehbemt471/files/documents/2021-09/20180443.pdf,source_case_number_and_caption,high,generated
2018-0353,case_order,"[""2018-0353""]",https://www.courts.nh.gov/sites/g/files/ehbemt471/files/documents/2021-09/20180353.pdf,source_case_number_and_caption,high,generated
2018-0384,case_order,"[""2018-0384""]",https://www.courts.nh.gov/sites/g/files/ehbemt471/files/documents/2021-09/20180384.pdf,source_case_number_and_caption,high,generated
2018-0299,case_order,"[""2018-0299""]",https://www.courts.nh.gov/sites/g/files/ehbemt471/files/documents/2021-09/20180299.pdf,source_case_number_and_caption,high,generated
2018-0389,case_order,"[""2018-0389""]",https://www.courts.nh.gov/sites/g/files/ehbemt471/files/documents/2021-09/20180389.pdf,source_case_number_and_caption,high,generated
2018-0379,case_order,"[""2018-0379""]",https://www.courts.nh.gov/sites/g/files/ehbemt471/files/documents/2021-09/20180379.pdf,source_case_number_and_caption,high,generated
2018-0560,case_order,"[""2018-0560""]",https://www.courts.nh.gov/sites/g/files/ehbemt471/files/documents/2021-09/20180560.pdf,source_case_number_and_caption,high,generated
2018-0317,case_order,"[""2018-0317""]",https://www.courts.nh.gov/sites/g/files/ehbemt471/files/documents/2021-09/20180317.pdf,source_case_number_and_caption,high,generated
2018-0138,case_order,"[""2018-0138""]",https://www.courts.nh.gov/sites/g/files/ehbemt471/files/documents/2021-09/20180138.pdf,source_case_number_and_caption,high,generated
2018-0311,case_order,"[""2018-0311""]",https://www.courts.nh.gov/sites/g/files/ehbemt471/files/documents/2021-09/20180311.pdf,source_case_number_and_caption,high,generated
2018-0338,case_order,"[""2018-0338""]",https://www.courts.nh.gov/sites/g/files/ehbemt471/files/documents/2021-09/20180388.pdf,source_case_number_and_caption,high,generated
2018-0400,case_order,"[""2018-0400""]",https://www.courts.nh.gov/sites/g/files/ehbemt471/files/documents/2021-09/20180400.pdf,source_case_number_and_caption,high,generated
2018-0098,case_order,"[""2018-0098""]",https://www.courts.nh.gov/sites/g/files/ehbemt471/files/documents/2021-09/20180098.pdf,source_case_number_and_caption,high,generated
2018-0475,case_order,"[""2018-0475""]",https://www.courts.nh.gov/sites/g/files/ehbemt471/files/documents/2021-09/20180475.pdf,source_case_number_and_caption,high,generated
2018-0288,case_order,"[""2018-0288""]",https://www.courts.nh.gov/sites/g/files/ehbemt471/files/documents/2021-09/20180288.pdf,source_case_number_and_caption,high,generated
2018-0381,case_order,"[""2018-0381""]",https://www.courts.nh.gov/sites/g/files/ehbemt471/files/documents/2021-09/20180381.pdf,source_case_number_and_caption,high,generated
20180301_20180395,case_order,"[""2018-0301"", ""2018-0395""]",https://www.courts.nh.gov/sites/g/files/ehbemt471/files/documents/2021-09/20180301_20180395.pdf,caption_text,high,generated
2018-0411,case_order,"[""2018-0411""]",https://www.courts.nh.gov/sites/g/files/ehbemt471/files/documents/2021-09/20180411.pdf,source_case_number_and_caption,high,generated
2018-0342,case_order,"[""2018-0342""]",https://www.courts.nh.gov/sites/g/files/ehbemt471/files/documents/2021-09/20180342.pdf,source_case_number_and_caption,high,generated
2018-0075,case_order,"[""2018-0075""]",https://www.courts.nh.gov/sites/g/files/ehbemt471/files/documents/2021-09/20180075_0.pdf,source_case_number_and_caption,high,generated
2018-0065,case_order,"[""2018-0065""]",https://www.courts.nh.gov/sites/g/files/ehbemt471/files/documents/2021-09/20180065_0.pdf,source_case_number_and_caption,high,generated
2018-0119,case_order,"[""2018-0119""]",https://www.courts.nh.gov/sites/g/files/ehbemt471/files/documents/2021-09/20180119.pdf,source_case_number_and_caption,high,generated
2018-0344,case_order,"[""2018-0344""]",https://www.courts.nh.gov/sites/g/files/ehbemt471/files/documents/2021-09/20180344.pdf,source_case_number_and_caption,high,generated
2018-0231,case_order,"[""2018-0231""]",https://www.courts.nh.gov/sites/g/files/ehbemt471/files/documents/2021-09/20180231.pdf,source_case_number_and_caption,high,generated
2018-0091,case_order,"[""2018-0091""]",https://www.courts.nh.gov/sites/g/files/ehbemt471/files/documents/2021-09/20180091_0.pdf,source_case_number_and_caption,high,generated
2017-0402,case_order,"[""2017-0402""]",https://www.courts.nh.gov/sites/g/files/ehbemt471/files/documents/2021-09/20170402.pdf,source_case_number_and_caption,high,generated
2018-0232,case_order,"[""2018-0232""]",https://www.courts.nh.gov/sites/g/files/ehbemt471/files/documents/2021-09/20180232.pdf,source_case_number_and_caption,high,generated
2018-0233,case_order,"[""2018-0233""]",https://www.courts.nh.gov/sites/g/files/ehbemt471/files/documents/2021-09/20180233.pdf,source_case_number_and_caption,high,generated
2018-0090,case_order,"[""2018-0090""]",https://www.courts.nh.gov/sites/g/files/ehbemt471/files/documents/2021-09/20180090.pdf,source_case_number_and_caption,high,generated
2018-0289,case_order,"[""2018-0289""]",https://www.courts.nh.gov/sites/g/files/ehbemt471/files/documents/2021-09/20180289.pdf,source_case_number_and_caption,high,generated
2018-0043,case_order,"[""2018-0043""]",https://www.courts.nh.gov/sites/g/files/ehbemt471/files/documents/2021-09/20180043.pdf,source_case_number_and_caption,high,generated
2018-0166,case_order,"[""2018-0166""]",https://www.courts.nh.gov/sites/g/files/ehbemt471/files/documents/2021-09/20180166.pdf,source_case_number_and_caption,high,generated
2018-0209,case_order,"[""2018-0209""]",https://www.courts.nh.gov/sites/g/files/ehbemt471/files/documents/2021-09/20180209.pdf,source_case_number_and_caption,high,generated
2018-0236,case_order,"[""2018-0236""]",https://www.courts.nh.gov/sites/g/files/ehbemt471/files/documents/2021-09/20180236.pdf,source_case_number_and_caption,high,generated
2018-0195,case_order,"[""2018-0195""]",https://www.courts.nh.gov/sites/g/files/ehbemt471/files/documents/2021-09/20180195.pdf,source_case_number_and_caption,high,generated
2017-0710,case_order,"[""2017-0710""]",https://www.courts.nh.gov/sites/g/files/ehbemt471/files/documents/2021-09/20170710.pdf,source_case_number_and_caption,high,generated
2016-0429,case_order,"[""2016-0429""]",https://www.courts.nh.gov/sites/g/files/ehbemt471/files/documents/2021-09/20160429.pdf,source_case_number_and_caption,high,generated
2018-0254,case_order,"[""2018-0254""]",https://www.courts.nh.gov/sites/g/files/ehbemt471/files/documents/2021-09/20180254.pdf,source_case_number_and_caption,high,generated
2018-0193,case_order,"[""2018-0193""]",https://www.courts.nh.gov/sites/g/files/ehbemt471/files/documents/2021-09/20180193.pdf,source_case_number_and_caption,high,generated
2017-0459,case_order,"[""2017-0459""]",https://www.courts.nh.gov/sites/g/files/ehbemt471/files/documents/2021-09/20170459.pdf,source_case_number_and_caption,high,generated
2018-0253,case_order,"[""2018-0253""]",https://www.courts.nh.gov/sites/g/files/ehbemt471/files/documents/2021-09/201800253.pdf,source_case_number_and_caption,high,generated
2020-0193,case_order,"[""2020-0193""]",https://www.courts.nh.gov/sites/g/files/ehbemt471/files/documents/2021-08/20200193.pdf,source_case_number_and_caption,high,generated
2019-0623,case_order,"[""2019-0623""]",https://www.courts.nh.gov/sites/g/files/ehbemt471/files/documents/2021-08/20190623.pdf,source_case_number_and_caption,high,generated
2019-0522,case_order,"[""2019-0522""]",https://www.courts.nh.gov/sites/g/files/ehbemt471/files/documents/2021-08/20190522.pdf,source_case_number_and_caption,high,generated
2020-0260,case_order,"[""2020-0260""]",https://www.courts.nh.gov/sites/g/files/ehbemt471/files/documents/2021-08/20200260.pdf,source_case_number_and_caption,high,generated
2019-0739,case_order,"[""2019-0739""]",https://www.courts.nh.gov/sites/g/files/ehbemt471/files/documents/2021-08/20190739.pdf,source_case_number_and_caption,high,generated
2020-0033,case_order,"[""2020-0033""]",https://www.courts.nh.gov/sites/g/files/ehbemt471/files/documents/2021-08/20200033.pdf,source_case_number_and_caption,high,generated
2020-0021,case_order,"[""2020-0021""]",https://www.courts.nh.gov/sites/g/files/ehbemt471/files/documents/2021-08/20200021.pdf,source_case_number_and_caption,high,generated
2020-0066,case_order,"[""2020-0066""]",https://www.courts.nh.gov/sites/g/files/ehbemt471/files/documents/2021-08/20200066.pdf,source_case_number_and_caption,high,generated
2020-0146,case_order,"[""2020-0146""]",https://www.courts.nh.gov/sites/g/files/ehbemt471/files/documents/2021-08/20200146.pdf,source_case_number_and_caption,high,generated
2020-0365,case_order,"[""2020-0365""]",https://www.courts.nh.gov/sites/g/files/ehbemt471/files/documents/2021-08/20200365.pdf,source_case_number_and_caption,high,generated
2020-0190,case_order,"[""2020-0190""]",https://www.courts.nh.gov/sites/g/files/ehbemt471/files/documents/2021-08/20200190.pdf,source_case_number_and_caption,high,generated
2019-0689,case_order,"[""2019-0689""]",https://www.courts.nh.gov/sites/g/files/ehbemt471/files/documents/2021-08/20190689.pdf,source_case_number_and_caption,high,generated
2019-0654,case_order,"[""2019-0654""]",https://www.courts.nh.gov/sites/g/files/ehbemt471/files/documents/2021-08/20190654.pdf,source_case_number_and_caption,high,generated
2019-0634,case_order,"[""2019-0634""]",https://www.courts.nh.gov/sites/g/files/ehbemt471/files/documents/2021-08/20190634.pdf,source_case_number_and_caption,high,generated
2019-0396,case_order,"[""2019-0396""]",https://www.courts.nh.gov/sites/g/files/ehbemt471/files/documents/2021-08/20190396.pdf,source_case_number_and_caption,high,generated
2019-0751,case_order,"[""2019-0751""]",https://www.courts.nh.gov/sites/g/files/ehbemt471/files/documents/2021-08/20190751.pdf,source_case_number_and_caption,high,generated
2019-0642,case_order,"[""2019-0642""]",https://www.courts.nh.gov/sites/g/files/ehbemt471/files/documents/2021-08/20190642.pdf,source_case_number_and_caption,high,generated
2019-0747,case_order,"[""2019-0747""]",https://www.courts.nh.gov/sites/g/files/ehbemt471/files/documents/2021-08/20190747.pdf,source_case_number_and_caption,high,generated
2019-0461,case_order,"[""2019-0461""]",https://www.courts.nh.gov/sites/g/files/ehbemt471/files/documents/2021-08/20190461.pdf,source_case_number_and_caption,high,generated
2020-0042,case_order,"[""2020-0042""]",https://www.courts.nh.gov/sites/g/files/ehbemt471/files/documents/2021-08/20200042.pdf,source_case_number_and_caption,high,generated
2020-0072,case_order,"[""2020-0072""]",https://www.courts.nh.gov/sites/g/files/ehbemt471/files/documents/2021-08/20200072.pdf,source_case_number_and_caption,high,generated
2020-0169,case_order,"[""2020-0169""]",https://www.courts.nh.gov/sites/g/files/ehbemt471/files/documents/2021-08/20200169.pdf,source_case_number_and_caption,high,generated
2019-0735,case_order,"[""2019-0735""]",https://www.courts.nh.gov/sites/g/files/ehbemt471/files/documents/2021-08/20190735.pdf,source_case_number_and_caption,high,generated
2020-0011,case_order,"[""2020-0011""]",https://www.courts.nh.gov/sites/g/files/ehbemt471/files/documents/2021-08/20200011.pdf,source_case_number_and_caption,high,generated
2020-0032,case_order,"[""2020-0032""]",https://www.courts.nh.gov/sites/g/files/ehbemt471/files/documents/2021-08/20200032.pdf,source_case_number_and_caption,high,generated
2019-0712,case_order,"[""2019-0712""]",https://www.courts.nh.gov/sites/g/files/ehbemt471/files/documents/2021-08/20190712.pdf,source_case_number_and_caption,high,generated
2019-0722,case_order,"[""2019-0722""]",https://www.courts.nh.gov/sites/g/files/ehbemt471/files/documents/2021-08/20190722.pdf,source_case_number_and_caption,high,generated
2019-0732,case_order,"[""2019-0732""]",https://www.courts.nh.gov/sites/g/files/ehbemt471/files/documents/2021-08/20190732.pdf,source_case_number_and_caption,high,generated
2020-0133,case_order,"[""2020-0133""]",https://www.courts.nh.gov/sites/g/files/ehbemt471/files/documents/2021-08/20200133.pdf,source_case_number_and_caption,high,generated
2020-0155,case_order,"[""2020-0155""]",https://www.courts.nh.gov/sites/g/files/ehbemt471/files/documents/2021-08/20200155.pdf,source_case_number_and_caption,high,generated
2019-0641,case_order,"[""2019-0641""]",https://www.courts.nh.gov/sites/g/files/ehbemt471/files/documents/2021-08/20190641.pdf,source_case_number_and_caption,high,generated
2020-0195,case_order,"[""2020-0195""]",https://www.courts.nh.gov/sites/g/files/ehbemt471/files/documents/2021-08/20200195.pdf,source_case_number_and_caption,high,generated
2020-0014,case_order,"[""2020-0014""]",https://www.courts.nh.gov/sites/g/files/ehbemt471/files/documents/2021-08/20200014.pdf,source_case_number_and_caption,high,generated
2020-0039,case_order,"[""2020-0039""]",https://www.courts.nh.gov/sites/g/files/ehbemt471/files/documents/2021-08/20200039.pdf,source_case_number_and_caption,high,generated
2019-0200,case_order,"[""2019-0200""]",https://www.courts.nh.gov/sites/g/files/ehbemt471/files/documents/2021-08/20190200.pdf,source_case_number_and_caption,high,generated
2019-0717,case_order,"[""2019-0717""]",https://www.courts.nh.gov/sites/g/files/ehbemt471/files/documents/2021-08/20190717.pdf,source_case_number_and_caption,high,generated
2019-0750,case_order,"[""2019-0750""]",https://www.courts.nh.gov/sites/g/files/ehbemt471/files/documents/2021-08/20190750.pdf,source_case_number_and_caption,high,generated
2019-0718,case_order,"[""2019-0718""]",https://www.courts.nh.gov/sites/g/files/ehbemt471/files/documents/2021-08/20190718.pdf,source_case_number_and_caption,high,generated
2019-0346,case_order,"[""2019-0346""]",https://www.courts.nh.gov/sites/g/files/ehbemt471/files/documents/2021-08/20190346.pdf,source_case_number_and_caption,high,generated
2019-0493,case_order,"[""2019-0493""]",https://www.courts.nh.gov/sites/g/files/ehbemt471/files/documents/2021-08/20190493.pdf,source_case_number_and_caption,high,generated
2019-0335,case_order,"[""2019-0335""]",https://www.courts.nh.gov/sites/g/files/ehbemt471/files/documents/2021-08/20190335.pdf,source_case_number_and_caption,high,generated
2019-0749,case_order,"[""2019-0749"", ""2018-2019"", ""2019-2020""]",https://www.courts.nh.gov/sites/g/files/ehbemt471/files/documents/2021-08/20190749.pdf,source_case_number_and_caption,high,generated
2019-0665,case_order,"[""2019-0665""]",https://www.courts.nh.gov/sites/g/files/ehbemt471/files/documents/2021-08/20190665.pdf,source_case_number_and_caption,high,generated
2019-0399,case_order,"[""2019-0399""]",https://www.courts.nh.gov/sites/g/files/ehbemt471/files/documents/2021-08/20190399.pdf,source_case_number_and_caption,high,generated
2019-0636,case_order,"[""2019-0636""]",https://www.courts.nh.gov/sites/g/files/ehbemt471/files/documents/2021-08/20190636.pdf,source_case_number_and_caption,high,generated
2020-0006,case_order,"[""2020-0006""]",https://www.courts.nh.gov/sites/g/files/ehbemt471/files/documents/2021-08/20200006.pdf,source_case_number_and_caption,high,generated
2019-0596,case_order,"[""2019-0596""]",https://www.courts.nh.gov/sites/g/files/ehbemt471/files/documents/2021-08/20190596.pdf,source_case_number_and_caption,high,generated
2019-0310,case_order,"[""2019-0310""]",https://www.courts.nh.gov/sites/g/files/ehbemt471/files/documents/2021-08/20190310.pdf,source_case_number_and_caption,high,generated
2019-0558,case_order,"[""2019-0558""]",https://www.courts.nh.gov/sites/g/files/ehbemt471/files/documents/2021-08/20190558.pdf,source_case_number_and_caption,high,generated
2019-0481,case_order,"[""2019-0481""]",https://www.courts.nh.gov/sites/g/files/ehbemt471/files/documents/2021-08/20190481.pdf,source_case_number_and_caption,high,generated
2020-0102,case_order,"[""2020-0102""]",https://www.courts.nh.gov/sites/g/files/ehbemt471/files/documents/2021-09/20200102.pdf,source_case_number_and_caption,high,generated
2019-0526,case_order,"[""2019-0526""]",https://www.courts.nh.gov/sites/g/files/ehbemt471/files/documents/2021-08/20190526.pdf,source_case_number_and_caption,high,generated
2019-0655,case_order,"[""2019-0655""]",https://www.courts.nh.gov/sites/g/files/ehbemt471/files/documents/2021-09/20190655.pdf,source_case_number_and_caption,high,generated
2019-0721,case_order,"[""2019-0721""]",https://www.courts.nh.gov/sites/g/files/ehbemt471/files/documents/2021-09/20190721.pdf,source_case_number_and_caption,high,generated
2019-0433,case_order,"[""2019-0433""]",https://www.courts.nh.gov/sites/g/files/ehbemt471/files/documents/2021-09/20190433.pdf,source_case_number_and_caption,high,generated
2019-0629,case_order,"[""2019-0629""]",https://www.courts.nh.gov/sites/g/files/ehbemt471/files/documents/2021-09/20190629.pdf,source_case_number_and_caption,high,generated
2020-0018,case_order,"[""2020-0018""]",https://www.courts.nh.gov/sites/g/files/ehbemt471/files/documents/2021-09/20200018.pdf,source_case_number_and_caption,high,generated
2020-0078,case_order,"[""2020-0078""]",https://www.courts.nh.gov/sites/g/files/ehbemt471/files/documents/2021-09/20200078.pdf,source_case_number_and_caption,high,generated
2019-0697,case_order,"[""2019-0697""]",https://www.courts.nh.gov/sites/g/files/ehbemt471/files/documents/2021-09/20190697.pdf,source_case_number_and_caption,high,generated
2019-0705,case_order,"[""2019-0705""]",https://www.courts.nh.gov/sites/g/files/ehbemt471/files/documents/2021-09/20190705.pdf,source_case_number_and_caption,high,generated
2019-0645,case_order,"[""2019-0645"", ""2017-0487""]",https://www.courts.nh.gov/sites/g/files/ehbemt471/files/documents/2021-09/20190645.pdf,source_case_number_and_caption,high,generated
2019-0564,case_order,"[""2019-0564""]",https://www.courts.nh.gov/sites/g/files/ehbemt471/files/documents/2021-09/20190564.pdf,source_case_number_and_caption,high,generated
2019-0584,case_order,"[""2019-0584""]",https://www.courts.nh.gov/sites/g/files/ehbemt471/files/documents/2021-09/20190584.pdf,source_case_number_and_caption,high,generated
2019-0474,case_order,"[""2019-0474""]",https://www.courts.nh.gov/sites/g/files/ehbemt471/files/documents/2021-09/20190474.pdf,source_case_number_and_caption,high,generated
2019-0508,case_order,"[""2019-0508""]",https://www.courts.nh.gov/sites/g/files/ehbemt471/files/documents/2021-09/20190508.pdf,source_case_number_and_caption,high,generated
2019-0679,case_order,"[""2019-0679""]",https://www.courts.nh.gov/sites/g/files/ehbemt471/files/documents/2021-09/20190679.pdf,source_case_number_and_caption,high,generated
2019-0376,case_order,"[""2019-0376""]",https://www.courts.nh.gov/sites/g/files/ehbemt471/files/documents/2021-09/20190376.pdf,source_case_number_and_caption,high,generated
2019-0466,case_order,"[""2019-0466""]",https://www.courts.nh.gov/sites/g/files/ehbemt471/files/documents/2021-09/20190466.pdf,source_case_number_and_caption,high,generated
2019-0694,case_order,"[""2019-0694""]",https://www.courts.nh.gov/sites/g/files/ehbemt471/files/documents/2021-09/20190694.pdf,source_case_number_and_caption,high,generated
2019-0172,case_order,"[""2019-0172""]",https://www.courts.nh.gov/sites/g/files/ehbemt471/files/documents/2021-09/20190172.pdf,source_case_number_and_caption,high,generated
2019-0211,case_order,"[""2019-0211""]",https://www.courts.nh.gov/sites/g/files/ehbemt471/files/documents/2021-09/20190211.pdf,source_case_number_and_caption,high,generated
2019-0372,case_order,"[""2019-0372""]",https://www.courts.nh.gov/sites/g/files/ehbemt471/files/documents/2021-09/20190372.pdf,source_case_number_and_caption,high,generated
2019-0667,case_order,"[""2019-0667""]",https://www.courts.nh.gov/sites/g/files/ehbemt471/files/documents/2021-09/20190667.pdf,source_case_number_and_caption,high,generated
2019-0473,case_order,"[""2019-0473""]",https://www.courts.nh.gov/sites/g/files/ehbemt471/files/documents/2021-09/20190473.pdf,source_case_number_and_caption,high,generated
2019-0579,case_order,"[""2019-0579""]",https://www.courts.nh.gov/sites/g/files/ehbemt471/files/documents/2021-09/20190579.pdf,source_case_number_and_caption,high,generated
2019-0358,case_order,"[""2019-0358""]",https://www.courts.nh.gov/sites/g/files/ehbemt471/files/documents/2021-09/20190358.pdf,source_case_number_and_caption,high,generated
2019-0278,case_order,"[""2019-0278""]",https://www.courts.nh.gov/sites/g/files/ehbemt471/files/documents/2021-09/20190278.pdf,source_case_number_and_caption,high,generated
2019-0217,case_order,"[""2019-0217""]",https://www.courts.nh.gov/sites/g/files/ehbemt471/files/documents/2021-09/20190217.pdf,source_case_number_and_caption,high,generated
2019-0277,case_order,"[""2019-0277""]",https://www.courts.nh.gov/sites/g/files/ehbemt471/files/documents/2021-09/20190277.pdf,source_case_number_and_caption,high,generated
2019-0391,case_order,"[""2019-0391""]",https://www.courts.nh.gov/sites/g/files/ehbemt471/files/documents/2021-09/20190391.pdf,source_case_number_and_caption,high,generated
20180632-20190555,case_order,"[""2018-0632"", ""2019-0555""]",https://www.courts.nh.gov/sites/g/files/ehbemt471/files/documents/2021-09/20180632-20190555.pdf,caption_text,high,generated
2019-0309,case_order,"[""2019-0309""]",https://www.courts.nh.gov/sites/g/files/ehbemt471/files/documents/2021-09/20190309.pdf,source_case_number_and_caption,high,generated
2019-0227,case_order,"[""2019-0227""]",https://www.courts.nh.gov/sites/g/files/ehbemt471/files/documents/2021-09/20190227.pdf,source_case_number_and_caption,high,generated
2019-0570,case_order,"[""2019-0570""]",https://www.courts.nh.gov/sites/g/files/ehbemt471/files/documents/2021-09/20190570.pdf,source_case_number_and_caption,high,generated
2018-0197,case_order,"[""2018-0197""]",https://www.courts.nh.gov/sites/g/files/ehbemt471/files/documents/2021-09/20180197.pdf,source_case_number_and_caption,high,generated
2019-0220,case_order,"[""2019-0220""]",https://www.courts.nh.gov/sites/g/files/ehbemt471/files/documents/2021-09/20190220.pdf,source_case_number_and_caption,high,generated
2018-0709,case_order,"[""2018-0709""]",https://www.courts.nh.gov/sites/g/files/ehbemt471/files/documents/2021-09/20180709.pdf,source_case_number_and_caption,high,generated
2018-0481,case_order,"[""2018-0481""]",https://www.courts.nh.gov/sites/g/files/ehbemt471/files/documents/2026-05/20180481.pdf,source_case_number_and_caption,high,generated
2019-0395,case_order,"[""2019-0395""]",https://www.courts.nh.gov/sites/g/files/ehbemt471/files/documents/2021-09/20190395.pdf,source_case_number_and_caption,high,generated
2019-0523,case_order,"[""2019-0523""]",https://www.courts.nh.gov/sites/g/files/ehbemt471/files/documents/2021-09/20190523.pdf,source_case_number_and_caption,high,generated
2019-0479,case_order,"[""2019-0479""]",https://www.courts.nh.gov/sites/g/files/ehbemt471/files/documents/2021-09/20190479.pdf,source_case_number_and_caption,high,generated
2019-0506,case_order,"[""2019-0506""]",https://www.courts.nh.gov/sites/g/files/ehbemt471/files/documents/2021-09/20190506.pdf,source_case_number_and_caption,high,generated
2019-0450,case_order,"[""2019-0450""]",https://www.courts.nh.gov/sites/g/files/ehbemt471/files/documents/2021-09/20190450.pdf,source_case_number_and_caption,high,generated
2019-0398,case_order,"[""2019-0398""]",https://www.courts.nh.gov/sites/g/files/ehbemt471/files/documents/2021-09/20190398.pdf,source_case_number_and_caption,high,generated
2019-0388,case_order,"[""2019-0388""]",https://www.courts.nh.gov/sites/g/files/ehbemt471/files/documents/2021-09/20190388.pdf,source_case_number_and_caption,high,generated
2019-0303,case_order,"[""2019-0303""]",https://www.courts.nh.gov/sites/g/files/ehbemt471/files/documents/2021-09/20190303.pdf,source_case_number_and_caption,high,generated
2019-0355,case_order,"[""2019-0355""]",https://www.courts.nh.gov/sites/g/files/ehbemt471/files/documents/2021-09/20190355.pdf,source_case_number_and_caption,high,generated
2019-0601,case_order,"[""2019-0601""]",https://www.courts.nh.gov/sites/g/files/ehbemt471/files/documents/2021-09/20190601.pdf,source_case_number_and_caption,high,generated
2019-0378,case_order,"[""2019-0378""]",https://www.courts.nh.gov/sites/g/files/ehbemt471/files/documents/2021-09/20190378.pdf,source_case_number_and_caption,high,generated
2019-0646,case_order,"[""2019-0646""]",https://www.courts.nh.gov/sites/g/files/ehbemt471/files/documents/2021-09/20190646.pdf,source_case_number_and_caption,high,generated
2019-0475,case_order,"[""2019-0475""]",https://www.courts.nh.gov/sites/g/files/ehbemt471/files/documents/2021-09/20190475.pdf,source_case_number_and_caption,high,generated
2019-0326,case_order,"[""2019-0326""]",https://www.courts.nh.gov/sites/g/files/ehbemt471/files/documents/2021-09/20190326.pdf,source_case_number_and_caption,high,generated
2019-0635,case_order,"[""2019-0635""]",https://www.courts.nh.gov/sites/g/files/ehbemt471/files/documents/2021-09/20190635.pdf,source_case_number_and_caption,high,generated
2019-0465,case_order,"[""2019-0465""]",https://www.courts.nh.gov/sites/g/files/ehbemt471/files/documents/2021-09/20190465.pdf,source_case_number_and_caption,high,generated
2019-0470,case_order,"[""2019-0470""]",https://www.courts.nh.gov/sites/g/files/ehbemt471/files/documents/2021-09/20190470.pdf,source_case_number_and_caption,high,generated
2019-0343,case_order,"[""2019-0343""]",https://www.courts.nh.gov/sites/g/files/ehbemt471/files/documents/2021-09/20190343.pdf,source_case_number_and_caption,high,generated
2019-0451,case_order,"[""2019-0451""]",https://www.courts.nh.gov/sites/g/files/ehbemt471/files/documents/2021-09/20190451.pdf,source_case_number_and_caption,high,generated
2019-0410,case_order,"[""2019-0410""]",https://www.courts.nh.gov/sites/g/files/ehbemt471/files/documents/2021-09/20190410.pdf,source_case_number_and_caption,high,generated
2019-0404,case_order,"[""2019-0404""]",https://www.courts.nh.gov/sites/g/files/ehbemt471/files/documents/2021-09/20190404.pdf,source_case_number_and_caption,high,generated
2019-0189,case_order,"[""2019-0189""]",https://www.courts.nh.gov/sites/g/files/ehbemt471/files/documents/2021-09/20190189.pdf,source_case_number_and_caption,high,generated
2019-0455,case_order,"[""2019-0455""]",https://www.courts.nh.gov/sites/g/files/ehbemt471/files/documents/2021-09/20190455.pdf,source_case_number_and_caption,high,generated
2019-0269,case_order,"[""2019-0269""]",https://www.courts.nh.gov/sites/g/files/ehbemt471/files/documents/2021-09/20190269.pdf,source_case_number_and_caption,high,generated
2019-0434,case_order,"[""2019-0434""]",https://www.courts.nh.gov/sites/g/files/ehbemt471/files/documents/2021-09/20190434.pdf,source_case_number_and_caption,high,generated
2019-0452,case_order,"[""2019-0452""]",https://www.courts.nh.gov/sites/g/files/ehbemt471/files/documents/2021-09/20190452.pdf,source_case_number_and_caption,high,generated
2019-0273,case_order,"[""2019-0273""]",https://www.courts.nh.gov/sites/g/files/ehbemt471/files/documents/2021-09/20190273.pdf,source_case_number_and_caption,high,generated
2019-0562,case_order,"[""2019-0562""]",https://www.courts.nh.gov/sites/g/files/ehbemt471/files/documents/2021-09/20190562.pdf,source_case_number_and_caption,high,generated
2019-0305,case_order,"[""2019-0305""]",https://www.courts.nh.gov/sites/g/files/ehbemt471/files/documents/2021-09/20190305.pdf,source_case_number_and_caption,high,generated
2019-0205,case_order,"[""2019-0205""]",https://www.courts.nh.gov/sites/g/files/ehbemt471/files/documents/2021-09/20190205.pdf,source_case_number_and_caption,high,generated
2019-0344,case_order,"[""2019-0344""]",https://www.courts.nh.gov/sites/g/files/ehbemt471/files/documents/2021-09/20190344.pdf,source_case_number_and_caption,high,generated
2019-0241,case_order,"[""2019-0241""]",https://www.courts.nh.gov/sites/g/files/ehbemt471/files/documents/2021-09/20190241.pdf,source_case_number_and_caption,high,generated
2019-0445,case_order,"[""2019-0445""]",https://www.courts.nh.gov/sites/g/files/ehbemt471/files/documents/2021-09/20190445.pdf,source_case_number_and_caption,high,generated
2019-0229,case_order,"[""2019-0229""]",https://www.courts.nh.gov/sites/g/files/ehbemt471/files/documents/2021-09/20190229.pdf,source_case_number_and_caption,high,generated
2018-0369,case_order,"[""2018-0369""]",https://www.courts.nh.gov/sites/g/files/ehbemt471/files/documents/2021-09/20180369.pdf,source_case_number_and_caption,high,generated
2019-0351,case_order,"[""2019-0351""]",https://www.courts.nh.gov/sites/g/files/ehbemt471/files/documents/2021-09/20190351.pdf,source_case_number_and_caption,high,generated
2019-0096,case_order,"[""2019-0096""]",https://www.courts.nh.gov/sites/g/files/ehbemt471/files/documents/2021-09/20190096.pdf,source_case_number_and_caption,high,generated
2019-0188,case_order,"[""2019-0188""]",https://www.courts.nh.gov/sites/g/files/ehbemt471/files/documents/2021-09/20190188.pdf,source_case_number_and_caption,high,generated
2018-0548,case_order,"[""2018-0548""]",https://www.courts.nh.gov/sites/g/files/ehbemt471/files/documents/2021-09/20180548.pdf,source_case_number_and_caption,high,generated
2019-0088,case_order,"[""2019-0088""]",https://www.courts.nh.gov/sites/g/files/ehbemt471/files/documents/2021-09/20190088.pdf,source_case_number_and_caption,high,generated
2019-0341,case_order,"[""2019-0341""]",https://www.courts.nh.gov/sites/g/files/ehbemt471/files/documents/2021-09/20190341.pdf,source_case_number_and_caption,high,generated
2019-0374,case_order,"[""2019-0374""]",https://www.courts.nh.gov/sites/g/files/ehbemt471/files/documents/2021-09/20190374.pdf,source_case_number_and_caption,high,generated
2019-0261,case_order,"[""2019-0261""]",https://www.courts.nh.gov/sites/g/files/ehbemt471/files/documents/2021-09/20190261.pdf,source_case_number_and_caption,high,generated
2019-0140,case_order,"[""2019-0140""]",https://www.courts.nh.gov/sites/g/files/ehbemt471/files/documents/2021-09/20190140.pdf,source_case_number_and_caption,high,generated
2018-0620,case_order,"[""2018-0620""]",https://www.courts.nh.gov/sites/g/files/ehbemt471/files/documents/2021-09/20180620.pdf,source_case_number_and_caption,high,generated
2019-0238,case_order,"[""2019-0238""]",https://www.courts.nh.gov/sites/g/files/ehbemt471/files/documents/2021-09/20190238.pdf,source_case_number_and_caption,high,generated
2019-0194,case_order,"[""2019-0194""]",https://www.courts.nh.gov/sites/g/files/ehbemt471/files/documents/2021-09/20190194.pdf,source_case_number_and_caption,high,generated
2019-0112,case_order,"[""2019-0112""]",https://www.courts.nh.gov/sites/g/files/ehbemt471/files/documents/2021-09/20190112.pdf,source_case_number_and_caption,high,generated
2019-0313,case_order,"[""2019-0313""]",https://www.courts.nh.gov/sites/g/files/ehbemt471/files/documents/2021-09/20190313.pdf,source_case_number_and_caption,high,generated
2019-0373,case_order,"[""2019-0373"", ""2016-0054""]",https://www.courts.nh.gov/sites/g/files/ehbemt471/files/documents/2021-09/20190373.pdf,source_case_number_and_caption,high,generated
2019-0245,case_order,"[""2019-0245""]",https://www.courts.nh.gov/sites/g/files/ehbemt471/files/documents/2021-09/20190245.pdf,source_case_number_and_caption,high,generated
2019-0359,case_order,"[""2019-0359""]",https://www.courts.nh.gov/sites/g/files/ehbemt471/files/documents/2021-09/20190359.pdf,source_case_number_and_caption,high,generated
2019-0348,case_order,"[""2019-0348""]",https://www.courts.nh.gov/sites/g/files/ehbemt471/files/documents/2021-09/20190348.pdf,source_case_number_and_caption,high,generated
2019-0087,case_order,"[""2019-0087""]",https://www.courts.nh.gov/sites/g/files/ehbemt471/files/documents/2021-09/20190087.pdf,source_case_number_and_caption,high,generated
2019-0480,case_order,"[""2019-0480""]",https://www.courts.nh.gov/sites/g/files/ehbemt471/files/documents/2021-09/20190480.pdf,source_case_number_and_caption,high,generated
2019-0281,case_order,"[""2019-0281""]",https://www.courts.nh.gov/sites/g/files/ehbemt471/files/documents/2021-09/20190281.pdf,source_case_number_and_caption,high,generated
2019-0364,case_order,"[""2019-0364""]",https://www.courts.nh.gov/sites/g/files/ehbemt471/files/documents/2021-09/20190364.pdf,source_case_number_and_caption,high,generated
2019-0022,case_order,"[""2019-0022""]",https://www.courts.nh.gov/sites/g/files/ehbemt471/files/documents/2021-09/20190022.pdf,source_case_number_and_caption,high,generated
2019-0284,case_order,"[""2019-0284""]",https://www.courts.nh.gov/sites/g/files/ehbemt471/files/documents/2021-09/20190284.pdf,source_case_number_and_caption,high,generated
2019-0180,case_order,"[""2019-0180""]",https://www.courts.nh.gov/sites/g/files/ehbemt471/files/documents/2021-09/20190180.pdf,source_case_number_and_caption,high,generated
2021-0218,case_order,"[""2021-0218""]",https://www.courts.nh.gov/sites/g/files/ehbemt471/files/documents/2022-01/20210218.pdf,source_case_number_and_caption,high,generated
2021-0304,case_order,"[""2021-0304""]",https://www.courts.nh.gov/sites/g/files/ehbemt471/files/documents/2022-01/20210304.pdf,source_case_number_and_caption,high,generated
2021-0037,case_order,"[""2021-0037""]",https://www.courts.nh.gov/sites/g/files/ehbemt471/files/documents/2022-01/20210037.pdf,source_case_number_and_caption,high,generated
2021-0063,case_order,"[""2021-0063""]",https://www.courts.nh.gov/sites/g/files/ehbemt471/files/documents/2022-01/20210063.pdf,source_case_number_and_caption,high,generated
2021-0002,case_order,"[""2021-0002""]",https://www.courts.nh.gov/sites/g/files/ehbemt471/files/documents/2022-01/20210002.pdf,source_case_number_and_caption,high,generated
2020-0036,case_order,"[""2020-0036""]",https://www.courts.nh.gov/sites/g/files/ehbemt471/files/documents/2022-01/20200036.pdf,source_case_number_and_caption,high,generated
2021-0226,case_order,"[""2021-0226""]",https://www.courts.nh.gov/sites/g/files/ehbemt471/files/documents/2022-01/20210226.pdf,source_case_number_and_caption,high,generated
2020-0603,case_order,"[""2020-0603""]",https://www.courts.nh.gov/sites/g/files/ehbemt471/files/documents/2021-12/20200603.pdf,source_case_number_and_caption,high,generated
2020-0457,case_order,"[""2020-0457""]",https://www.courts.nh.gov/sites/g/files/ehbemt471/files/documents/2021-11/20200457.pdf,source_case_number_and_caption,high,generated
2021-0045,case_order,"[""2021-0045""]",https://www.courts.nh.gov/sites/g/files/ehbemt471/files/documents/2021-12/20210045.pdf,source_case_number_and_caption,high,generated
2021-0158,case_order,"[""2021-0158""]",https://www.courts.nh.gov/sites/g/files/ehbemt471/files/documents/2021-12/20210158.pdf,source_case_number_and_caption,high,generated
2019-0737,case_order,"[""2019-0737""]",https://www.courts.nh.gov/sites/g/files/ehbemt471/files/documents/2021-11/20190737.pdf,source_case_number_and_caption,high,generated
2020-0063,case_order,"[""2020-0063""]",https://www.courts.nh.gov/sites/g/files/ehbemt471/files/documents/2021-10/20200063.pdf,source_case_number_and_caption,high,generated
2021-0089,case_order,"[""2021-0089""]",https://www.courts.nh.gov/sites/g/files/ehbemt471/files/documents/2021-11/20210089.pdf,source_case_number_and_caption,high,generated
2021-0117,case_order,"[""2021-0117""]",https://www.courts.nh.gov/sites/g/files/ehbemt471/files/documents/2021-11/20210117.pdf,source_case_number_and_caption,high,generated
2020-0490,case_order,"[""2020-0490""]",https://www.courts.nh.gov/sites/g/files/ehbemt471/files/documents/2021-11/20200490.pdf,source_case_number_and_caption,high,generated
2019-0668,case_order,"[""2019-0668""]",https://www.courts.nh.gov/sites/g/files/ehbemt471/files/documents/2021-10/20190668.pdf,source_case_number_and_caption,high,generated
2021-0008,case_order,"[""2021-0008""]",https://www.courts.nh.gov/sites/g/files/ehbemt471/files/documents/2021-11/20210008.pdf,source_case_number_and_caption,high,generated
2021-0111,case_order,"[""2021-0111""]",https://www.courts.nh.gov/sites/g/files/ehbemt471/files/documents/2021-09/20210111.pdf,source_case_number_and_caption,high,generated
2020-0251,case_order,"[""2020-0251""]",https://www.courts.nh.gov/sites/g/files/ehbemt471/files/documents/2021-09/20200251.pdf,source_case_number_and_caption,high,generated
2020-0473,case_order,"[""2020-0473""]",https://www.courts.nh.gov/sites/g/files/ehbemt471/files/documents/2021-09/20200473.pdf,source_case_number_and_caption,high,generated
20160037and20190589,case_order,"[""2016-0037"", ""2019-0589""]",https://www.courts.nh.gov/sites/g/files/ehbemt471/files/documents/2021-09/20160037and20190589.pdf,caption_text,high,generated
2020-0449,case_order,"[""2020-0449""]",https://www.courts.nh.gov/sites/g/files/ehbemt471/files/documents/2021-09/20200449.pdf,source_case_number_and_caption,high,generated
2018-0315,case_order,"[""2018-0315""]",https://www.courts.nh.gov/sites/g/files/ehbemt471/files/documents/2021-09/20180315.pdf,source_case_number_and_caption,high,generated
2021-0088,case_order,"[""2021-0088""]",https://www.courts.nh.gov/sites/g/files/ehbemt471/files/documents/2021-09/20210088.pdf,source_case_number_and_caption,high,generated
2020-0488,case_order,"[""2020-0488""]",https://www.courts.nh.gov/sites/g/files/ehbemt471/files/documents/2021-09/20200488.pdf,source_case_number_and_caption,high,generated
2020-0160,case_order,"[""2020-0160""]",https://www.courts.nh.gov/sites/g/files/ehbemt471/files/documents/2021-09/20200160.pdf,source_case_number_and_caption,high,generated
2019-0512,case_order,"[""2019-0512""]",https://www.courts.nh.gov/sites/g/files/ehbemt471/files/documents/2021-08/20190512_0.pdf,source_case_number_and_caption,high,generated
2019-0537,case_order,"[""2019-0537""]",https://www.courts.nh.gov/sites/g/files/ehbemt471/files/documents/2021-08/20190537.pdf,source_case_number_and_caption,high,generated
2020-0201,case_order,"[""2020-0201""]",https://www.courts.nh.gov/sites/g/files/ehbemt471/files/documents/2021-08/20200201.pdf,source_case_number_and_caption,high,generated
2020-0556,case_order,"[""2020-0556""]",https://www.courts.nh.gov/sites/g/files/ehbemt471/files/documents/2021-08/20200556.pdf,source_case_number_and_caption,high,generated
2020-0543,case_order,"[""2020-0543""]",https://www.courts.nh.gov/sites/g/files/ehbemt471/files/documents/2021-08/20200543.pdf,source_case_number_and_caption,high,generated
2020-0309,case_order,"[""2020-0309"", ""2020-0310""]",https://www.courts.nh.gov/sites/g/files/ehbemt471/files/documents/2021-08/20200309-and-20200310.pdf,source_case_number_and_caption,high,generated
20200249-and-20200250,case_order,"[""2020-0249"", ""2020-0250""]",https://www.courts.nh.gov/sites/g/files/ehbemt471/files/documents/2021-08/20200249-and-20200250.pdf,caption_text,high,generated
2020-0525,case_order,"[""2020-0525""]",https://www.courts.nh.gov/sites/g/files/ehbemt471/files/documents/2021-08/20200525.pdf,source_case_number_and_caption,high,generated
2020-0334,case_order,"[""2020-0334""]",https://www.courts.nh.gov/sites/g/files/ehbemt471/files/documents/2021-08/20200334.pdf,source_case_number_and_caption,high,generated
2020-0589,case_order,"[""2020-0589""]",https://www.courts.nh.gov/sites/g/files/ehbemt471/files/documents/2021-08/20200589.pdf,source_case_number_and_caption,high,generated
2020-0335,case_order,"[""2020-0335""]",https://www.courts.nh.gov/sites/g/files/ehbemt471/files/documents/2021-08/20200335.pdf,source_case_number_and_caption,high,generated
2020-0426,case_order,"[""2020-0426""]",https://www.courts.nh.gov/sites/g/files/ehbemt471/files/documents/2021-08/20200426.pdf,source_case_number_and_caption,high,generated
2020-0081,case_order,"[""2020-0081""]",https://www.courts.nh.gov/sites/g/files/ehbemt471/files/documents/2021-08/20200081.pdf,source_case_number_and_caption,high,generated
2020-0356,case_order,"[""2020-0356""]",https://www.courts.nh.gov/sites/g/files/ehbemt471/files/documents/2021-08/20200356.pdf,source_case_number_and_caption,high,generated
2020-0172,case_order,"[""2020-0172""]",https://www.courts.nh.gov/sites/g/files/ehbemt471/files/documents/2021-08/20200172.pdf,source_case_number_and_caption,high,generated
2020-0044,case_order,"[""2020-0044""]",https://www.courts.nh.gov/sites/g/files/ehbemt471/files/documents/2021-08/20200044.pdf,source_case_number_and_caption,high,generated
2020-0362,case_order,"[""2020-0362""]",https://www.courts.nh.gov/sites/g/files/ehbemt471/files/documents/2021-08/20200362.pdf,source_case_number_and_caption,high,generated
2020-0162,case_order,"[""2020-0162""]",https://www.courts.nh.gov/sites/g/files/ehbemt471/files/documents/2021-08/20200162.pdf,source_case_number_and_caption,high,generated
2020-0184,case_order,"[""2020-0184""]",https://www.courts.nh.gov/sites/g/files/ehbemt471/files/documents/2021-08/20200184-modified.pdf,source_case_number_and_caption,high,generated
2020-0295,case_order,"[""2020-0295""]",https://www.courts.nh.gov/sites/g/files/ehbemt471/files/documents/2021-08/20200295.pdf,source_case_number_and_caption,high,generated
2020-0325,case_order,"[""2020-0325""]",https://www.courts.nh.gov/sites/g/files/ehbemt471/files/documents/2021-08/20200325.pdf,source_case_number_and_caption,high,generated
2020-0271,case_order,"[""2020-0271""]",https://www.courts.nh.gov/sites/g/files/ehbemt471/files/documents/2021-08/20200271.pdf,source_case_number_and_caption,high,generated
2020-0483,case_order,"[""2020-0483""]",https://www.courts.nh.gov/sites/g/files/ehbemt471/files/documents/2021-08/20200483.pdf,source_case_number_and_caption,high,generated
2019-0720,case_order,"[""2019-0720""]",https://www.courts.nh.gov/sites/g/files/ehbemt471/files/documents/2021-08/20190720.pdf,source_case_number_and_caption,high,generated
2020-0124,case_order,"[""2020-0124""]",https://www.courts.nh.gov/sites/g/files/ehbemt471/files/documents/2021-08/20200124.pdf,source_case_number_and_caption,high,generated
2020-0481,case_order,"[""2020-0481""]",https://www.courts.nh.gov/sites/g/files/ehbemt471/files/documents/2021-08/20200481.pdf,source_case_number_and_caption,high,generated
2020-0257,case_order,"[""2020-0257""]",https://www.courts.nh.gov/sites/g/files/ehbemt471/files/documents/2021-08/20200257.pdf,source_case_number_and_caption,high,generated
2020-0239,case_order,"[""2020-0239""]",https://www.courts.nh.gov/sites/g/files/ehbemt471/files/documents/2021-08/20200239.pdf,source_case_number_and_caption,high,generated
2018-0662,case_order,"[""2018-0662""]",https://www.courts.nh.gov/sites/g/files/ehbemt471/files/documents/2021-08/20180662.pdf,source_case_number_and_caption,high,generated
2019-0442,case_order,"[""2019-0442""]",https://www.courts.nh.gov/sites/g/files/ehbemt471/files/documents/2021-08/20190442.pdf,source_case_number_and_caption,high,generated
2020-0001,case_order,"[""2020-0001""]",https://www.courts.nh.gov/sites/g/files/ehbemt471/files/documents/2021-08/20200001.pdf,source_case_number_and_caption,high,generated
2021-0083,case_order,"[""2021-0083""]",https://www.courts.nh.gov/sites/g/files/ehbemt471/files/documents/2021-08/20210023.pdf,source_case_number_and_caption,high,generated
2020-0367,case_order,"[""2020-0367"", ""2019-0410""]",https://www.courts.nh.gov/sites/g/files/ehbemt471/files/documents/2021-08/20200367.pdf,source_case_number_and_caption,high,generated
2019-0158,case_order,"[""2019-0158""]",https://www.courts.nh.gov/sites/g/files/ehbemt471/files/documents/2021-08/20190158.pdf,source_case_number_and_caption,high,generated
2020-0308,case_order,"[""2020-0308""]",https://www.courts.nh.gov/sites/g/files/ehbemt471/files/documents/2021-08/20200308.pdf,source_case_number_and_caption,high,generated
2020-0237,case_order,"[""2020-0237""]",https://www.courts.nh.gov/sites/g/files/ehbemt471/files/documents/2021-08/20200237.pdf,source_case_number_and_caption,high,generated
2019-0240,case_order,"[""2019-0240""]",https://www.courts.nh.gov/sites/g/files/ehbemt471/files/documents/2021-08/20190240.pdf,source_case_number_and_caption,high,generated
2020-0348,case_order,"[""2020-0348""]",https://www.courts.nh.gov/sites/g/files/ehbemt471/files/documents/2021-08/20200348.pdf,source_case_number_and_caption,high,generated
2020-0409,case_order,"[""2020-0409""]",https://www.courts.nh.gov/sites/g/files/ehbemt471/files/documents/2021-08/20200409.pdf,source_case_number_and_caption,high,generated
2020-0336,case_order,"[""2020-0336""]",https://www.courts.nh.gov/sites/g/files/ehbemt471/files/documents/2021-08/20200336.pdf,source_case_number_and_caption,high,generated
2020-0396,case_order,"[""2020-0396""]",https://www.courts.nh.gov/sites/g/files/ehbemt471/files/documents/2021-08/20200396.pdf,source_case_number_and_caption,high,generated
2020-0405,case_order,"[""2020-0405""]",https://www.courts.nh.gov/sites/g/files/ehbemt471/files/documents/2021-08/20200405.pdf,source_case_number_and_caption,high,generated
2020-0258,case_order,"[""2020-0258""]",https://www.courts.nh.gov/sites/g/files/ehbemt471/files/documents/2021-08/20200258.pdf,source_case_number_and_caption,high,generated
2020-0019,case_order,"[""2020-0019""]",https://www.courts.nh.gov/sites/g/files/ehbemt471/files/documents/2021-08/20200019.pdf,source_case_number_and_caption,high,generated
2020-0244,case_order,"[""2020-0244""]",https://www.courts.nh.gov/sites/g/files/ehbemt471/files/documents/2021-08/20200244.pdf,source_case_number_and_caption,high,generated
2020-0329,case_order,"[""2020-0329""]",https://www.courts.nh.gov/sites/g/files/ehbemt471/files/documents/2021-08/20200329.pdf,source_case_number_and_caption,high,generated
2020-0090,case_order,"[""2020-0090""]",https://www.courts.nh.gov/sites/g/files/ehbemt471/files/documents/2021-08/20200090.pdf,source_case_number_and_caption,high,generated
2020-0290,case_order,"[""2020-0290""]",https://www.courts.nh.gov/sites/g/files/ehbemt471/files/documents/2021-08/20200290.pdf,source_case_number_and_caption,high,generated
2019-0713,case_order,"[""2019-0713""]",https://www.courts.nh.gov/sites/g/files/ehbemt471/files/documents/2021-08/20190713.pdf,source_case_number_and_caption,high,generated
2020-0222,case_order,"[""2020-0222""]",https://www.courts.nh.gov/sites/g/files/ehbemt471/files/documents/2021-08/20200222.pdf,source_case_number_and_caption,high,generated
2020-0297,case_order,"[""2020-0297""]",https://www.courts.nh.gov/sites/g/files/ehbemt471/files/documents/2021-08/20200297.pdf,source_case_number_and_caption,high,generated
2020-0347,case_order,"[""2020-0347""]",https://www.courts.nh.gov/sites/g/files/ehbemt471/files/documents/2021-08/20200347.pdf,source_case_number_and_caption,high,generated
2020-0228,case_order,"[""2020-0228""]",https://www.courts.nh.gov/sites/g/files/ehbemt471/files/documents/2021-08/20200228.pdf,source_case_number_and_caption,high,generated
2019-0736,case_order,"[""2019-0736""]",https://www.courts.nh.gov/sites/g/files/ehbemt471/files/documents/2021-08/20190736.pdf,source_case_number_and_caption,high,generated
2020-0197,case_order,"[""2020-0197""]",https://www.courts.nh.gov/sites/g/files/ehbemt471/files/documents/2021-08/20200197.pdf,source_case_number_and_caption,high,generated
2020-0175,case_order,"[""2020-0175""]",https://www.courts.nh.gov/sites/g/files/ehbemt471/files/documents/2021-08/20200175.pdf,source_case_number_and_caption,high,generated
2020-0286,case_order,"[""2020-0286""]",https://www.courts.nh.gov/sites/g/files/ehbemt471/files/documents/2021-08/20200286.pdf,source_case_number_and_caption,high,generated
2020-0266,case_order,"[""2020-0266""]",https://www.courts.nh.gov/sites/g/files/ehbemt471/files/documents/2021-08/20200266.pdf,source_case_number_and_caption,high,generated
2020-0132,case_order,"[""2020-0132""]",https://www.courts.nh.gov/sites/g/files/ehbemt471/files/documents/2021-08/20200132.pdf,source_case_number_and_caption,high,generated
2020-0294,case_order,"[""2020-0294""]",https://www.courts.nh.gov/sites/g/files/ehbemt471/files/documents/2021-08/20200294.pdf,source_case_number_and_caption,high,generated
2020-0161,case_order,"[""2020-0161""]",https://www.courts.nh.gov/sites/g/files/ehbemt471/files/documents/2021-08/20200161.pdf,source_case_number_and_caption,high,generated
2020-0317,case_order,"[""2020-0317""]",https://www.courts.nh.gov/sites/g/files/ehbemt471/files/documents/2021-08/20200317.pdf,source_case_number_and_caption,high,generated
2020-0127,case_order,"[""2020-0127""]",https://www.courts.nh.gov/sites/g/files/ehbemt471/files/documents/2021-08/20200127.pdf,source_case_number_and_caption,high,generated
2019-0156,case_order,"[""2019-0156""]",https://www.courts.nh.gov/sites/g/files/ehbemt471/files/documents/2021-08/20190156.pdf,source_case_number_and_caption,high,generated
2019-0322,case_order,"[""2019-0322""]",https://www.courts.nh.gov/sites/g/files/ehbemt471/files/documents/2021-08/20190322.pdf,source_case_number_and_caption,high,generated
2019-0716,case_order,"[""2019-0716"", ""2019-0299""]",https://www.courts.nh.gov/sites/g/files/ehbemt471/files/documents/2021-08/20190716.pdf,source_case_number_and_caption,high,generated
2020-0330,case_order,"[""2020-0330""]",https://www.courts.nh.gov/sites/g/files/ehbemt471/files/documents/2021-08/20200330.pdf,source_case_number_and_caption,high,generated
2020-0057,case_order,"[""2020-0057""]",https://www.courts.nh.gov/sites/g/files/ehbemt471/files/documents/2021-08/20200057.pdf,source_case_number_and_caption,high,generated
2020-0218,case_order,"[""2020-0218""]",https://www.courts.nh.gov/sites/g/files/ehbemt471/files/documents/2021-08/20200218.pdf,source_case_number_and_caption,high,generated
2020-0221,case_order,"[""2020-0221""]",https://www.courts.nh.gov/sites/g/files/ehbemt471/files/documents/2021-08/20200221.pdf,source_case_number_and_caption,high,generated
2019-0516,case_order,"[""2019-0516""]",https://www.courts.nh.gov/sites/g/files/ehbemt471/files/documents/2021-08/20190516.pdf,source_case_number_and_caption,high,generated
2020-0215,case_order,"[""2020-0215""]",https://www.courts.nh.gov/sites/g/files/ehbemt471/files/documents/2021-08/20200215.pdf,source_case_number_and_caption,high,generated
2020-0242,case_order,"[""2020-0242""]",https://www.courts.nh.gov/sites/g/files/ehbemt471/files/documents/2021-08/20200242.pdf,source_case_number_and_caption,high,generated
2020-0059,case_order,"[""2020-0059""]",https://www.courts.nh.gov/sites/g/files/ehbemt471/files/documents/2021-08/20200059.pdf,source_case_number_and_caption,high,generated
2020-0243,case_order,"[""2020-0243""]",https://www.courts.nh.gov/sites/g/files/ehbemt471/files/documents/2021-08/20200243.pdf,source_case_number_and_caption,high,generated
2020-0191,case_order,"[""2020-0191""]",https://www.courts.nh.gov/sites/g/files/ehbemt471/files/documents/2021-08/20200191.pdf,source_case_number_and_caption,high,generated
2019-0622,case_order,"[""2019-0622""]",https://www.courts.nh.gov/sites/g/files/ehbemt471/files/documents/2021-08/20190622.pdf,source_case_number_and_caption,high,generated
2019-0287,case_order,"[""2019-0287""]",https://www.courts.nh.gov/sites/g/files/ehbemt471/files/documents/2021-08/20190287.pdf,source_case_number_and_caption,high,generated
2020-0177,case_order,"[""2020-0177""]",https://www.courts.nh.gov/sites/g/files/ehbemt471/files/documents/2021-08/20200177.pdf,source_case_number_and_caption,high,generated
2019-0756,case_order,"[""2019-0756""]",https://www.courts.nh.gov/sites/g/files/ehbemt471/files/documents/2021-08/20190756.pdf,source_case_number_and_caption,high,generated
2020-0152,case_order,"[""2020-0152"", ""2019-0390""]",https://www.courts.nh.gov/sites/g/files/ehbemt471/files/documents/2021-08/20200152.pdf,source_case_number_and_caption,high,generated
2020-0189,case_order,"[""2020-0189""]",https://www.courts.nh.gov/sites/g/files/ehbemt471/files/documents/2021-08/20200189.pdf,source_case_number_and_caption,high,generated
2019-0701,case_order,"[""2019-0701""]",https://www.courts.nh.gov/sites/g/files/ehbemt471/files/documents/2021-08/20190701.pdf,source_case_number_and_caption,high,generated
2020-0070,case_order,"[""2020-0070""]",https://www.courts.nh.gov/sites/g/files/ehbemt471/files/documents/2021-08/20200070.pdf,source_case_number_and_caption,high,generated
2019-0528,case_order,"[""2019-0528""]",https://www.courts.nh.gov/sites/g/files/ehbemt471/files/documents/2021-08/20190528.pdf,source_case_number_and_caption,high,generated
2019-0706,case_order,"[""2019-0706""]",https://www.courts.nh.gov/sites/g/files/ehbemt471/files/documents/2021-08/20190706.pdf,source_case_number_and_caption,high,generated
2019-0545,case_order,"[""2019-0545""]",https://www.courts.nh.gov/sites/g/files/ehbemt471/files/documents/2021-08/20190545.pdf,source_case_number_and_caption,high,generated
2020-0013,case_order,"[""2020-0013""]",https://www.courts.nh.gov/sites/g/files/ehbemt471/files/documents/2021-08/20200013.pdf,source_case_number_and_caption,high,generated
2020-0100,case_order,"[""2020-0100""]",https://www.courts.nh.gov/sites/g/files/ehbemt471/files/documents/2021-08/20200100.pdf,source_case_number_and_caption,high,generated
2022-0245,case_order,"[""2022-0245""]",https://www.courts.nh.gov/sites/g/files/ehbemt471/files/documents/2023-02/20220245.pdf,source_case_number_and_caption,high,generated
2022-0028,case_order,"[""2022-0028""]",https://www.courts.nh.gov/sites/g/files/ehbemt471/files/documents/2023-02/20220028.pdf,source_case_number_and_caption,high,generated
2022-0105,case_order,"[""2022-0105""]",https://www.courts.nh.gov/sites/g/files/ehbemt471/files/documents/2023-02/20220105.pdf,source_case_number_and_caption,high,generated
2022-0056,case_order,"[""2022-0056""]",https://www.courts.nh.gov/sites/g/files/ehbemt471/files/documents/2023-02/20220056.pdf,source_case_number_and_caption,high,generated
2022-0072,case_order,"[""2022-0072""]",https://www.courts.nh.gov/sites/g/files/ehbemt471/files/documents/2023-02/20220072.pdf,source_case_number_and_caption,high,generated
2022-0190,case_order,"[""2022-0190""]",https://www.courts.nh.gov/sites/g/files/ehbemt471/files/documents/2023-02/20220190.pdf,source_case_number_and_caption,high,generated
2022-0195,case_order,"[""2022-0195""]",https://www.courts.nh.gov/sites/g/files/ehbemt471/files/documents/2023-02/20220195.pdf,source_case_number_and_caption,high,generated
2021-0432,case_order,"[""2021-0432""]",https://www.courts.nh.gov/sites/g/files/ehbemt471/files/documents/2023-02/20210432.pdf,source_case_number_and_caption,high,generated
2021-0506,case_order,"[""2021-0506""]",https://www.courts.nh.gov/sites/g/files/ehbemt471/files/documents/2022-12/20210506.pdf,source_case_number_and_caption,high,generated
2022-0090,case_order,"[""2022-0090""]",https://www.courts.nh.gov/sites/g/files/ehbemt471/files/documents/2023-01/20220090.pdf,source_case_number_and_caption,high,generated
2022-0031,case_order,"[""2022-0031""]",https://www.courts.nh.gov/sites/g/files/ehbemt471/files/documents/2023-01/20220031.pdf,source_case_number_and_caption,high,generated
2022-0123,case_order,"[""2022-0123""]",https://www.courts.nh.gov/sites/g/files/ehbemt471/files/documents/2023-01/20220123.pdf,source_case_number_and_caption,high,generated
2022-0213,case_order,"[""2022-0213""]",https://www.courts.nh.gov/sites/g/files/ehbemt471/files/documents/2023-01/20220213.pdf,source_case_number_and_caption,high,generated
2022-0024,case_order,"[""2022-0024""]",https://www.courts.nh.gov/sites/g/files/ehbemt471/files/documents/2023-01/20220024.pdf,source_case_number_and_caption,high,generated
2022-0185,case_order,"[""2022-0185""]",https://www.courts.nh.gov/sites/g/files/ehbemt471/files/documents/2023-01/20220185.pdf,source_case_number_and_caption,high,generated
2022-0288,case_order,"[""2022-0288""]",https://www.courts.nh.gov/sites/g/files/ehbemt471/files/documents/2023-01/20220288.pdf,source_case_number_and_caption,high,generated
2022-0109,case_order,"[""2022-0109""]",https://www.courts.nh.gov/sites/g/files/ehbemt471/files/documents/2023-01/20220109.pdf,source_case_number_and_caption,high,generated
2022-0205,case_order,"[""2022-0205""]",https://www.courts.nh.gov/sites/g/files/ehbemt471/files/documents/2023-01/20220205.pdf,source_case_number_and_caption,high,generated
2022-0039,case_order,"[""2022-0039""]",https://www.courts.nh.gov/sites/g/files/ehbemt471/files/documents/2023-01/20220039.pdf,source_case_number_and_caption,high,generated
2022-0037,case_order,"[""2022-0037""]",https://www.courts.nh.gov/sites/g/files/ehbemt471/files/documents/2023-01/20220037.pdf,source_case_number_and_caption,high,generated
2022-0345,case_order,"[""2022-0345""]",https://www.courts.nh.gov/sites/g/files/ehbemt471/files/documents/2023-01/20220345.pdf,source_case_number_and_caption,high,generated
2021-0294,case_order,"[""2021-0294""]",https://www.courts.nh.gov/sites/g/files/ehbemt471/files/documents/2022-11/20210294.pdf,source_case_number_and_caption,high,generated
2022-0429,case_order,"[""2022-0429""]",https://www.courts.nh.gov/sites/g/files/ehbemt471/files/documents/2023-01/20220429.pdf,source_case_number_and_caption,high,generated
2022-0166,case_order,"[""2022-0166""]",https://www.courts.nh.gov/sites/g/files/ehbemt471/files/documents/2022-11/20220166.pdf,source_case_number_and_caption,high,generated
2021-0583,case_order,"[""2021-0583""]",https://www.courts.nh.gov/sites/g/files/ehbemt471/files/documents/2023-01/20210583.pdf,source_case_number_and_caption,high,generated
2022-0036,case_order,"[""2022-0036""]",https://www.courts.nh.gov/sites/g/files/ehbemt471/files/documents/2023-01/20220036.pdf,source_case_number_and_caption,high,generated
2021-0233,case_order,"[""2021-0233""]",https://www.courts.nh.gov/sites/g/files/ehbemt471/files/documents/2023-01/20210233.pdf,source_case_number_and_caption,high,generated
2021-0384,case_order,"[""2021-0384""]",https://www.courts.nh.gov/sites/g/files/ehbemt471/files/documents/2023-01/20210384.pdf,source_case_number_and_caption,high,generated
2021-0530,case_order,"[""2021-0530""]",https://www.courts.nh.gov/sites/g/files/ehbemt471/files/documents/2023-01/20210530.pdf,source_case_number_and_caption,high,generated
2021-0549,case_order,"[""2021-0549""]",https://www.courts.nh.gov/sites/g/files/ehbemt471/files/documents/2023-01/20210549.pdf,source_case_number_and_caption,high,generated
2021-0446,case_order,"[""2021-0446""]",https://www.courts.nh.gov/sites/g/files/ehbemt471/files/documents/2023-01/20210446.pdf,source_case_number_and_caption,high,generated
2021-0433,case_order,"[""2021-0433""]",https://www.courts.nh.gov/sites/g/files/ehbemt471/files/documents/2023-01/20210433.pdf,source_case_number_and_caption,high,generated
2022-0189,case_order,"[""2022-0189""]",https://www.courts.nh.gov/sites/g/files/ehbemt471/files/documents/2023-01/20220189.pdf,source_case_number_and_caption,high,generated
2022-0023,case_order,"[""2022-0023""]",https://www.courts.nh.gov/sites/g/files/ehbemt471/files/documents/2023-01/20220023.pdf,source_case_number_and_caption,high,generated
2021-0399,case_order,"[""2021-0399""]",https://www.courts.nh.gov/sites/g/files/ehbemt471/files/documents/2023-01/20210399.pdf,source_case_number_and_caption,high,generated
2022-0100,case_order,"[""2022-0100""]",https://www.courts.nh.gov/sites/g/files/ehbemt471/files/documents/2023-01/20220100.pdf,source_case_number_and_caption,high,generated
2021-0449,case_order,"[""2021-0449""]",https://www.courts.nh.gov/sites/g/files/ehbemt471/files/documents/2023-01/20210449.pdf,source_case_number_and_caption,high,generated
2021-0271,case_order,"[""2021-0271""]",https://www.courts.nh.gov/sites/g/files/ehbemt471/files/documents/2022-10/20210271.pdf,source_case_number_and_caption,high,generated
2021-0557,case_order,"[""2021-0557""]",https://www.courts.nh.gov/sites/g/files/ehbemt471/files/documents/2023-01/20210557.pdf,source_case_number_and_caption,high,generated
2021-0467,case_order,"[""2021-0467""]",https://www.courts.nh.gov/sites/g/files/ehbemt471/files/documents/2023-01/20210467.pdf,source_case_number_and_caption,high,generated
2022-0290,case_order,"[""2022-0290""]",https://www.courts.nh.gov/sites/g/files/ehbemt471/files/documents/2023-01/20220290.pdf,source_case_number_and_caption,high,generated
2021-0491,case_order,"[""2021-0491""]",https://www.courts.nh.gov/sites/g/files/ehbemt471/files/documents/2023-01/20210491.pdf,source_case_number_and_caption,high,generated
2021-0576,case_order,"[""2021-0576""]",https://www.courts.nh.gov/sites/g/files/ehbemt471/files/documents/2022-10/20210576.pdf,source_case_number_and_caption,high,generated
2021-0030,case_order,"[""2021-0030""]",https://www.courts.nh.gov/sites/g/files/ehbemt471/files/documents/2023-01/20210030.pdf,source_case_number_and_caption,high,generated
2021-0490,case_order,"[""2021-0490""]",https://www.courts.nh.gov/sites/g/files/ehbemt471/files/documents/2023-01/20210490.pdf,source_case_number_and_caption,high,generated
2021-0473,case_order,"[""2021-0473""]",https://www.courts.nh.gov/sites/g/files/ehbemt471/files/documents/2022-10/20210473.pdf,source_case_number_and_caption,high,generated
2021-0334,case_order,"[""2021-0334""]",https://www.courts.nh.gov/sites/g/files/ehbemt471/files/documents/2022-10/20210334.pdf,source_case_number_and_caption,high,generated
2021-0313,case_order,"[""2021-0313""]",https://www.courts.nh.gov/sites/g/files/ehbemt471/files/documents/2022-10/20210313.pdf,source_case_number_and_caption,high,generated
2021-0538,case_order,"[""2021-0538""]",https://www.courts.nh.gov/sites/g/files/ehbemt471/files/documents/2022-10/20210538.pdf,source_case_number_and_caption,high,generated
2021-0578,case_order,"[""2021-0578""]",https://www.courts.nh.gov/sites/g/files/ehbemt471/files/documents/2022-10/20210578.pdf,source_case_number_and_caption,high,generated
2022-0161,case_order,"[""2022-0161""]",https://www.courts.nh.gov/sites/g/files/ehbemt471/files/documents/2022-10/20220161.pdf,source_case_number_and_caption,high,generated
2021-0161,case_order,"[""2021-0161""]",https://www.courts.nh.gov/sites/g/files/ehbemt471/files/documents/2022-09/20210161.pdf,source_case_number_and_caption,high,generated
2021-0322,case_order,"[""2021-0322""]",https://www.courts.nh.gov/sites/g/files/ehbemt471/files/documents/2022-09/20210322.pdf,source_case_number_and_caption,high,generated
2021-0448,case_order,"[""2021-0448""]",https://www.courts.nh.gov/sites/g/files/ehbemt471/files/documents/2022-09/20210448.pdf,source_case_number_and_caption,high,generated
2021-0515,case_order,"[""2021-0515""]",https://www.courts.nh.gov/sites/g/files/ehbemt471/files/documents/2022-10/20210515.pdf,source_case_number_and_caption,high,generated
2021-0395,case_order,"[""2021-0395""]",https://www.courts.nh.gov/sites/g/files/ehbemt471/files/documents/2022-10/20210395.pdf,source_case_number_and_caption,high,generated
2022-0078,case_order,"[""2022-0078""]",https://www.courts.nh.gov/sites/g/files/ehbemt471/files/documents/2022-10/20220078.pdf,source_case_number_and_caption,high,generated
2021-0556,case_order,"[""2021-0556""]",https://www.courts.nh.gov/sites/g/files/ehbemt471/files/documents/2022-10/20210556.pdf,source_case_number_and_caption,high,generated
2021-0311,case_order,"[""2021-0311""]",https://www.courts.nh.gov/sites/g/files/ehbemt471/files/documents/2022-10/20210311.pdf,source_case_number_and_caption,high,generated
2021-0536,case_order,"[""2021-0536""]",https://www.courts.nh.gov/sites/g/files/ehbemt471/files/documents/2022-10/20210536.pdf,source_case_number_and_caption,high,generated
2021-0353,case_order,"[""2021-0353""]",https://www.courts.nh.gov/sites/g/files/ehbemt471/files/documents/2022-10/20210353.pdf,source_case_number_and_caption,high,generated
2021-0573,case_order,"[""2021-0573""]",https://www.courts.nh.gov/sites/g/files/ehbemt471/files/documents/2022-10/20210573.pdf,source_case_number_and_caption,high,generated
2021-0514,case_order,"[""2021-0514""]",https://www.courts.nh.gov/sites/g/files/ehbemt471/files/documents/2022-10/20210514.pdf,source_case_number_and_caption,high,generated
2022-0350,case_order,"[""2022-0350""]",https://www.courts.nh.gov/sites/g/files/ehbemt471/files/documents/2022-10/20220350.pdf,source_case_number_and_caption,high,generated
2021-0390,case_order,"[""2021-0390""]",https://www.courts.nh.gov/sites/g/files/ehbemt471/files/documents/2022-10/20210390.pdf,source_case_number_and_caption,high,generated
2021-0286,case_order,"[""2021-0286""]",https://www.courts.nh.gov/sites/g/files/ehbemt471/files/documents/2022-09/20210286.pdf,source_case_number_and_caption,high,generated
2021-0329,case_order,"[""2021-0329"", ""2019-0622""]",https://www.courts.nh.gov/sites/g/files/ehbemt471/files/documents/2022-09/20210329.pdf,source_case_number_and_caption,high,generated
2021-0293,case_order,"[""2021-0293""]",https://www.courts.nh.gov/sites/g/files/ehbemt471/files/documents/2022-10/20210293.pdf,source_case_number_and_caption,high,generated
2022-0071,case_order,"[""2022-0071""]",https://www.courts.nh.gov/sites/g/files/ehbemt471/files/documents/2022-10/20220071.pdf,source_case_number_and_caption,high,generated
2022-0252,case_order,"[""2022-0252""]",https://www.courts.nh.gov/sites/g/files/ehbemt471/files/documents/2022-10/20220252.pdf,source_case_number_and_caption,high,generated
20190130and20220331,case_order,"[""2019-0130"", ""2020-0331""]",https://www.courts.nh.gov/sites/g/files/ehbemt471/files/documents/2022-08/20190130and20220331.pdf,caption_text,high,generated
2021-0015,case_order,"[""2021-0015"", ""2019-0156""]",https://www.courts.nh.gov/sites/g/files/ehbemt471/files/documents/2022-08/20210015.pdf,source_case_number_and_caption,high,generated
2021-0488,case_order,"[""2021-0488""]",https://www.courts.nh.gov/sites/g/files/ehbemt471/files/documents/2022-09/20210488.pdf,source_case_number_and_caption,high,generated
2021-0282,case_order,"[""2021-0282""]",https://www.courts.nh.gov/sites/g/files/ehbemt471/files/documents/2022-09/20210282.pdf,source_case_number_and_caption,high,generated
2021-0575,case_order,"[""2021-0575""]",https://www.courts.nh.gov/sites/g/files/ehbemt471/files/documents/2022-09/20210575.pdf,source_case_number_and_caption,high,generated
2021-0320,case_order,"[""2021-0320""]",https://www.courts.nh.gov/sites/g/files/ehbemt471/files/documents/2022-09/20210320.pdf,source_case_number_and_caption,high,generated
2021-0222,case_order,"[""2021-0222""]",https://www.courts.nh.gov/sites/g/files/ehbemt471/files/documents/2022-08/20210222.pdf,source_case_number_and_caption,high,generated
2020-0448,case_order,"[""2020-0448""]",https://www.courts.nh.gov/sites/g/files/ehbemt471/files/documents/2022-07/20200448.pdf,source_case_number_and_caption,high,generated
2020-0501,case_order,"[""2020-0501""]",https://www.courts.nh.gov/sites/g/files/ehbemt471/files/documents/2022-07/20200501.pdf,source_case_number_and_caption,high,generated
2021-0343,case_order,"[""2021-0343""]",https://www.courts.nh.gov/sites/g/files/ehbemt471/files/documents/2022-08/20210343.pdf,source_case_number_and_caption,high,generated
2021-0368,case_order,"[""2021-0368""]",https://www.courts.nh.gov/sites/g/files/ehbemt471/files/documents/2022-08/20210368.pdf,source_case_number_and_caption,high,generated
2021-0494,case_order,"[""2021-0494""]",https://www.courts.nh.gov/sites/g/files/ehbemt471/files/documents/2022-08/20210494.pdf,source_case_number_and_caption,high,generated
2021-0365,case_order,"[""2021-0365""]",https://www.courts.nh.gov/sites/g/files/ehbemt471/files/documents/2022-07/20210365.pdf,source_case_number_and_caption,high,generated
2022-0151,case_order,"[""2022-0151""]",https://www.courts.nh.gov/sites/g/files/ehbemt471/files/documents/2022-07/20220151.pdf,source_case_number_and_caption,high,generated
2022-0035,case_order,"[""2022-0035""]",https://www.courts.nh.gov/sites/g/files/ehbemt471/files/documents/2022-07/20220035.pdf,source_case_number_and_caption,high,generated
2021-0584,case_order,"[""2021-0584""]",https://www.courts.nh.gov/sites/g/files/ehbemt471/files/documents/2022-07/20210584.pdf,source_case_number_and_caption,high,generated
2021-0489,case_order,"[""2021-0489""]",https://www.courts.nh.gov/sites/g/files/ehbemt471/files/documents/2022-07/20210489.pdf,source_case_number_and_caption,high,generated
2021-0597,case_order,"[""2021-0597""]",https://www.courts.nh.gov/sites/g/files/ehbemt471/files/documents/2022-07/20210597.pdf,source_case_number_and_caption,high,generated
2021-0500,case_order,"[""2021-0500""]",https://www.courts.nh.gov/sites/g/files/ehbemt471/files/documents/2022-07/20210500.pdf,source_case_number_and_caption,high,generated
2021-0375,case_order,"[""2021-0375""]",https://www.courts.nh.gov/sites/g/files/ehbemt471/files/documents/2022-07/20210375.pdf,source_case_number_and_caption,high,generated
2020-0082,case_order,"[""2020-0082""]",https://www.courts.nh.gov/sites/g/files/ehbemt471/files/documents/2022-07/20200082.pdf,source_case_number_and_caption,high,generated
2022-0040,case_order,"[""2022-0040""]",https://www.courts.nh.gov/sites/g/files/ehbemt471/files/documents/2022-07/20220040.pdf,source_case_number_and_caption,high,generated
2021-0148,case_order,"[""2021-0148""]",https://www.courts.nh.gov/sites/g/files/ehbemt471/files/documents/2022-05/20210148.pdf,source_case_number_and_caption,high,generated
2021-0274,case_order,"[""2021-0274""]",https://www.courts.nh.gov/sites/g/files/ehbemt471/files/documents/2022-05/20210274.pdf,source_case_number_and_caption,high,generated
2021-0052,case_order,"[""2021-0052""]",https://www.courts.nh.gov/sites/g/files/ehbemt471/files/documents/2022-06/20210052.pdf,source_case_number_and_caption,high,generated
2021-0407,case_order,"[""2021-0407""]",https://www.courts.nh.gov/sites/g/files/ehbemt471/files/documents/2022-05/20210407.pdf,source_case_number_and_caption,high,generated
2021-0276,case_order,"[""2021-0276""]",https://www.courts.nh.gov/sites/g/files/ehbemt471/files/documents/2022-05/20210276.pdf,source_case_number_and_caption,high,generated
2021-0196,case_order,"[""2021-0196""]",https://www.courts.nh.gov/sites/g/files/ehbemt471/files/documents/2022-05/20210196.pdf,source_case_number_and_caption,high,generated
2021-0085,case_order,"[""2021-0085"", ""2018-0617""]",https://www.courts.nh.gov/sites/g/files/ehbemt471/files/documents/2022-04/20210085.pdf,source_case_number_and_caption,high,generated
2022-0006,case_order,"[""2022-0006""]",https://www.courts.nh.gov/sites/g/files/ehbemt471/files/documents/2022-05/20220006.pdf,source_case_number_and_caption,high,generated
2021-0031,case_order,"[""2021-0031""]",https://www.courts.nh.gov/sites/g/files/ehbemt471/files/documents/2022-04/20210031.pdf,source_case_number_and_caption,high,generated
2021-0243,case_order,"[""2021-0243"", ""2021-0423""]",https://www.courts.nh.gov/sites/g/files/ehbemt471/files/documents/2022-04/20210423.pdf,source_case_number_and_caption,high,generated
2021-0305,case_order,"[""2021-0305""]",https://www.courts.nh.gov/sites/g/files/ehbemt471/files/documents/2022-05/20210305.pdf,source_case_number_and_caption,high,generated
2021-0204,case_order,"[""2021-0204""]",https://www.courts.nh.gov/sites/g/files/ehbemt471/files/documents/2022-05/20210204.pdf,source_case_number_and_caption,high,generated
2021-0143,case_order,"[""2021-0143""]",https://www.courts.nh.gov/sites/g/files/ehbemt471/files/documents/2022-05/20210143.pdf,source_case_number_and_caption,high,generated
2021-0326,case_order,"[""2021-0326""]",https://www.courts.nh.gov/sites/g/files/ehbemt471/files/documents/2022-05/20210326.pdf,source_case_number_and_caption,high,generated
2021-0208,case_order,"[""2021-0208""]",https://www.courts.nh.gov/sites/g/files/ehbemt471/files/documents/2022-04/20210208.pdf,source_case_number_and_caption,high,generated
2021-0418,case_order,"[""2021-0418""]",https://www.courts.nh.gov/sites/g/files/ehbemt471/files/documents/2022-04/20210418.pdf,source_case_number_and_caption,high,generated
2021-0284,case_order,"[""2021-0284""]",https://www.courts.nh.gov/sites/g/files/ehbemt471/files/documents/2022-04/20210284.pdf,source_case_number_and_caption,high,generated
2021-0404,case_order,"[""2021-0404""]",https://www.courts.nh.gov/sites/g/files/ehbemt471/files/documents/2022-04/20210404.pdf,source_case_number_and_caption,high,generated
2021-0142,case_order,"[""2021-0142""]",https://www.courts.nh.gov/sites/g/files/ehbemt471/files/documents/2022-03/20210142.pdf,source_case_number_and_caption,high,generated
2021-0527,case_order,"[""2021-0527""]",https://www.courts.nh.gov/sites/g/files/ehbemt471/files/documents/2022-04/20210527.pdf,source_case_number_and_caption,high,generated
2021-0114,case_order,"[""2021-0114""]",https://www.courts.nh.gov/sites/g/files/ehbemt471/files/documents/2022-03/20210114.pdf,source_case_number_and_caption,high,generated
LD20210012,case_order,"[""2021-0012""]",https://www.courts.nh.gov/sites/g/files/ehbemt471/files/documents/2022-02/LD20210012.pdf,caption_text,high,generated
2021-0468,case_order,"[""2021-0468""]",https://www.courts.nh.gov/sites/g/files/ehbemt471/files/documents/2022-03/20210468.pdf,source_case_number_and_caption,high,generated
20190755_20210021,case_order,"[""2019-0755"", ""2021-0021""]",https://www.courts.nh.gov/sites/g/files/ehbemt471/files/documents/2022-03/20190755_20210021.pdf,caption_text,high,generated
2021-0232,case_order,"[""2021-0232""]",https://www.courts.nh.gov/sites/g/files/ehbemt471/files/documents/2022-03/20210232.pdf,source_case_number_and_caption,high,generated
2021-0075,case_order,"[""2021-0075""]",https://www.courts.nh.gov/sites/g/files/ehbemt471/files/documents/2022-02/20210075.pdf,source_case_number_and_caption,high,generated
2021-0250,case_order,"[""2021-0250""]",https://www.courts.nh.gov/sites/g/files/ehbemt471/files/documents/2022-02/20210250.pdf,source_case_number_and_caption,high,generated
2019-0682,case_order,"[""2019-0682""]",https://www.courts.nh.gov/sites/g/files/ehbemt471/files/documents/2022-02/20190682.pdf,source_case_number_and_caption,high,generated
2021-0144,case_order,"[""2021-0144""]",https://www.courts.nh.gov/sites/g/files/ehbemt471/files/documents/2022-02/20210144.pdf,source_case_number_and_caption,high,generated
2021-0315,case_order,"[""2021-0315""]",https://www.courts.nh.gov/sites/g/files/ehbemt471/files/documents/2022-02/20210315.pdf,source_case_number_and_caption,high,generated
2021-0272,case_order,"[""2021-0272""]",https://www.courts.nh.gov/sites/g/files/ehbemt471/files/documents/2022-02/20210272.pdf,source_case_number_and_caption,high,generated
2023-0283,case_order,"[""2023-0283""]",https://www.courts.nh.gov/sites/g/files/ehbemt471/files/documents/2024-01/20230283.pdf,source_case_number_and_caption,high,generated
2023-0193,case_order,"[""2023-0193""]",https://www.courts.nh.gov/sites/g/files/ehbemt471/files/documents/2023-12/20230193_0.pdf,source_case_number_and_caption,high,generated
2022-0503,case_order,"[""2022-0503""]",https://www.courts.nh.gov/sites/g/files/ehbemt471/files/documents/2023-12/20220503.pdf,source_case_number_and_caption,high,generated
2022-0584,case_order,"[""2022-0584""]",https://www.courts.nh.gov/sites/g/files/ehbemt471/files/documents/2024-01/20220584.pdf,source_case_number_and_caption,high,generated
2022-0660,case_order,"[""2022-0660""]",https://www.courts.nh.gov/sites/g/files/ehbemt471/files/documents/2024-01/20220660.pdf,source_case_number_and_caption,high,generated
2023-0109,case_order,"[""2023-0109""]",https://www.courts.nh.gov/sites/g/files/ehbemt471/files/documents/2023-12/20230109.pdf,source_case_number_and_caption,high,generated
2023-0419,case_order,"[""2023-0419""]",https://www.courts.nh.gov/sites/g/files/ehbemt471/files/documents/2024-01/20230419.pdf,source_case_number_and_caption,high,generated
2022-0067,case_order,"[""2022-0067""]",https://www.courts.nh.gov/sites/g/files/ehbemt471/files/documents/2023-12/20220067.pdf,source_case_number_and_caption,high,generated
2022-0042,case_order,"[""2022-0042""]",https://www.courts.nh.gov/sites/g/files/ehbemt471/files/documents/2023-12/20220042.pdf,source_case_number_and_caption,high,generated
2021-0447,case_order,"[""2021-0447""]",https://www.courts.nh.gov/sites/g/files/ehbemt471/files/documents/2023-12/20210447.pdf,source_case_number_and_caption,high,generated
20220104and20220107,case_order,"[""2022-0104"", ""2022-0107""]",https://www.courts.nh.gov/sites/g/files/ehbemt471/files/documents/2023-12/20220104and20220107.pdf,caption_text,high,generated
2022-0587,case_order,"[""2022-0587""]",https://www.courts.nh.gov/sites/g/files/ehbemt471/files/documents/2023-12/20220587.pdf,source_case_number_and_caption,high,generated
2022-0417,case_order,"[""2022-0417""]",https://www.courts.nh.gov/sites/g/files/ehbemt471/files/documents/2024-01/20220417.pdf,source_case_number_and_caption,high,generated
2022-0409,case_order,"[""2022-0409""]",https://www.courts.nh.gov/sites/g/files/ehbemt471/files/documents/2024-01/20220409.pdf,source_case_number_and_caption,high,generated
2022-0474,case_order,"[""2022-0474""]",https://www.courts.nh.gov/sites/g/files/ehbemt471/files/documents/2023-12/20220474.pdf,source_case_number_and_caption,high,generated
2022-0579,case_order,"[""2022-0579""]",https://www.courts.nh.gov/sites/g/files/ehbemt471/files/documents/2023-12/20220579.pdf,source_case_number_and_caption,high,generated
2022-0223,case_order,"[""2022-0223""]",https://www.courts.nh.gov/sites/g/files/ehbemt471/files/documents/2023-11/20220223olinternational.pdf,source_case_number_and_caption,high,generated
2022-0571,case_order,"[""2022-0571""]",https://www.courts.nh.gov/sites/g/files/ehbemt471/files/documents/2023-12/20220571.pdf,source_case_number_and_caption,high,generated
2023-0406,case_order,"[""2023-0406""]",https://www.courts.nh.gov/sites/g/files/ehbemt471/files/documents/2023-12/20230406.pdf,source_case_number_and_caption,high,generated
2023-0394,case_order,"[""2023-0394""]",https://www.courts.nh.gov/sites/g/files/ehbemt471/files/documents/2023-12/20230394.pdf,source_case_number_and_caption,high,generated
2021-0554,case_order,"[""2021-0554""]",https://www.courts.nh.gov/sites/g/files/ehbemt471/files/documents/2023-11/20210554.pdf,source_case_number_and_caption,high,generated
2023-0347,case_order,"[""2023-0347""]",https://www.courts.nh.gov/sites/g/files/ehbemt471/files/documents/2023-12/20230347.pdf,source_case_number_and_caption,high,generated
2022-0070,case_order,"[""2022-0070""]",https://www.courts.nh.gov/sites/g/files/ehbemt471/files/documents/2023-11/20220070.pdf,source_case_number_and_caption,high,generated
2022-0311,case_order,"[""2022-0311""]",https://www.courts.nh.gov/sites/g/files/ehbemt471/files/documents/2023-11/20220311.pdf,source_case_number_and_caption,high,generated
2021-0547,case_order,"[""2021-0547""]",https://www.courts.nh.gov/sites/g/files/ehbemt471/files/documents/2023-11/20210547.pdf,source_case_number_and_caption,high,generated
2022-0238,case_order,"[""2022-0238""]",https://www.courts.nh.gov/sites/g/files/ehbemt471/files/documents/2023-11/20220238.pdf,source_case_number_and_caption,high,generated
2023-0314,case_order,"[""2023-0314""]",https://www.courts.nh.gov/sites/g/files/ehbemt471/files/documents/2023-12/20230314.pdf,source_case_number_and_caption,high,generated
2022-0574,case_order,"[""2022-0574""]",https://www.courts.nh.gov/sites/g/files/ehbemt471/files/documents/2023-12/20220574.pdf,source_case_number_and_caption,high,generated
2022-0400,case_order,"[""2022-0400""]",https://www.courts.nh.gov/sites/g/files/ehbemt471/files/documents/2023-12/20220400.pdf,source_case_number_and_caption,high,generated
20190490,case_order,"[""2019-0490"", ""2021-0501""]",https://www.courts.nh.gov/sites/g/files/ehbemt471/files/documents/2023-11/20190490.pdf,caption_text,high,generated
2022-0602,case_order,"[""2022-0602""]",https://www.courts.nh.gov/sites/g/files/ehbemt471/files/documents/2023-11/20220602.pdf,source_case_number_and_caption,high,generated
2022-0084,case_order,"[""2022-0084""]",https://www.courts.nh.gov/sites/g/files/ehbemt471/files/documents/2023-11/20220084.pdf,source_case_number_and_caption,high,generated
2022-0467,case_order,"[""2022-0467""]",https://www.courts.nh.gov/sites/g/files/ehbemt471/files/documents/2023-11/20220467.pdf,source_case_number_and_caption,high,generated
2022-0498,case_order,"[""2022-0498""]",https://www.courts.nh.gov/sites/g/files/ehbemt471/files/documents/2023-11/20220498.pdf,source_case_number_and_caption,high,generated
2022-0538,case_order,"[""2022-0538""]",https://www.courts.nh.gov/sites/g/files/ehbemt471/files/documents/2023-10/20220538.pdf,source_case_number_and_caption,high,generated
2022-0178,case_order,"[""2022-0178""]",https://www.courts.nh.gov/sites/g/files/ehbemt471/files/documents/2023-10/2022-0178.pdf,source_case_number_and_caption,high,generated
2022-0362,case_order,"[""2022-0362""]",https://www.courts.nh.gov/sites/g/files/ehbemt471/files/documents/2023-10/2022-0362.pdf,source_case_number_and_caption,high,generated
2023-0425,case_order,"[""2023-0425""]",https://www.courts.nh.gov/sites/g/files/ehbemt471/files/documents/2023-11/20230425.pdf,source_case_number_and_caption,high,generated
2023-0114,case_order,"[""2023-0114""]",https://www.courts.nh.gov/sites/g/files/ehbemt471/files/documents/2023-11/20230114.pdf,source_case_number_and_caption,high,generated
2022-0046,case_order,"[""2022-0046""]",https://www.courts.nh.gov/sites/g/files/ehbemt471/files/documents/2023-11/20220046.pdf,source_case_number_and_caption,high,generated
2023-0276,case_order,"[""2023-0276""]",https://www.courts.nh.gov/sites/g/files/ehbemt471/files/documents/2023-11/20230276.pdf,source_case_number_and_caption,high,generated
2023-0053,case_order,"[""2023-0053""]",https://www.courts.nh.gov/sites/g/files/ehbemt471/files/documents/2023-11/20230053.pdf,source_case_number_and_caption,high,generated
2022-0320,case_order,"[""2022-0320""]",https://www.courts.nh.gov/sites/g/files/ehbemt471/files/documents/2023-10/20220320.pdf,source_case_number_and_caption,high,generated
2022-0652,case_order,"[""2022-0652""]",https://www.courts.nh.gov/sites/g/files/ehbemt471/files/documents/2023-10/20220652.pdf,source_case_number_and_caption,high,generated
2022-0547,case_order,"[""2022-0547""]",https://www.courts.nh.gov/sites/g/files/ehbemt471/files/documents/2023-11/20220547.pdf,source_case_number_and_caption,high,generated
2022-0708,case_order,"[""2022-0708""]",https://www.courts.nh.gov/sites/g/files/ehbemt471/files/documents/2023-11/20220708.pdf,source_case_number_and_caption,high,generated
2023-0252,case_order,"[""2023-0252""]",https://www.courts.nh.gov/sites/g/files/ehbemt471/files/documents/2023-11/20230252.pdf,source_case_number_and_caption,high,generated
2023-0253,case_order,"[""2023-0253""]",https://www.courts.nh.gov/sites/g/files/ehbemt471/files/documents/2023-11/20230253.pdf,source_case_number_and_caption,high,generated
2023-0205,case_order,"[""2023-0205""]",https://www.courts.nh.gov/sites/g/files/ehbemt471/files/documents/2023-09/20230205.pdf,source_case_number_and_caption,high,generated
2023-0017,case_order,"[""2023-0017""]",https://www.courts.nh.gov/sites/g/files/ehbemt471/files/documents/2023-11/20230017.pdf,source_case_number_and_caption,high,generated
2022-0483,case_order,"[""2022-0483""]",https://www.courts.nh.gov/sites/g/files/ehbemt471/files/documents/2023-09/20220483.pdf,source_case_number_and_caption,high,generated
2021-0569,case_order,"[""2021-0569""]",https://www.courts.nh.gov/sites/g/files/ehbemt471/files/documents/2023-09/20210569.pdf,source_case_number_and_caption,high,generated
20210497and20210523,case_order,"[""2021-0497"", ""2021-0523""]",https://www.courts.nh.gov/sites/g/files/ehbemt471/files/documents/2023-09/20210497and20210523.pdf,caption_text,high,generated
2022-0207,case_order,"[""2022-0207""]",https://www.courts.nh.gov/sites/g/files/ehbemt471/files/documents/2023-11/20220207.pdf,source_case_number_and_caption,high,generated
2022-0475,case_order,"[""2022-0475""]",https://www.courts.nh.gov/sites/g/files/ehbemt471/files/documents/2023-09/20220475.pdf,source_case_number_and_caption,high,generated
2022-0372,case_order,"[""2022-0372""]",https://www.courts.nh.gov/sites/g/files/ehbemt471/files/documents/2023-09/20220372.pdf,source_case_number_and_caption,high,generated
2022-0414,case_order,"[""2022-0414""]",https://www.courts.nh.gov/sites/g/files/ehbemt471/files/documents/2023-09/20220414.pdf,source_case_number_and_caption,high,generated
2022-0301,case_order,"[""2022-0301""]",https://www.courts.nh.gov/sites/g/files/ehbemt471/files/documents/2023-09/20220301.pdf,source_case_number_and_caption,high,generated
2022-0686,case_order,"[""2022-0686""]",https://www.courts.nh.gov/sites/g/files/ehbemt471/files/documents/2023-11/20220686.pdf,source_case_number_and_caption,high,generated
2023-0164,case_order,"[""2023-0164""]",https://www.courts.nh.gov/sites/g/files/ehbemt471/files/documents/2023-11/20230164.pdf,source_case_number_and_caption,high,generated
2022-0315,case_order,"[""2022-0315""]",https://www.courts.nh.gov/sites/g/files/ehbemt471/files/documents/2023-09/20220315.pdf,source_case_number_and_caption,high,generated
2021-0543,case_order,"[""2021-0543""]",https://www.courts.nh.gov/sites/g/files/ehbemt471/files/documents/2023-08/20210543.pdf,source_case_number_and_caption,high,generated
2022-0619,case_order,"[""2022-0619""]",https://www.courts.nh.gov/sites/g/files/ehbemt471/files/documents/2023-08/20220619.pdf,source_case_number_and_caption,high,generated
2023-0019,case_order,"[""2023-0019""]",https://www.courts.nh.gov/sites/g/files/ehbemt471/files/documents/2023-09/20230019.pdf,source_case_number_and_caption,high,generated
2023-0279,case_order,"[""2023-0279""]",https://www.courts.nh.gov/sites/g/files/ehbemt471/files/documents/2023-09/20230279.pdf,source_case_number_and_caption,high,generated
2021-0219,case_order,"[""2021-0219"", ""2014-0265""]",https://www.courts.nh.gov/sites/g/files/ehbemt471/files/documents/2023-08/20210219.pdf,source_case_number_and_caption,high,generated
2022-0063,case_order,"[""2022-0063""]",https://www.courts.nh.gov/sites/g/files/ehbemt471/files/documents/2023-08/20220063.pdf,source_case_number_and_caption,high,generated
2022-0605,case_order,"[""2022-0605""]",https://www.courts.nh.gov/sites/g/files/ehbemt471/files/documents/2023-08/20220605.pdf,source_case_number_and_caption,high,generated
20220733and20230037,case_order,"[""2022-0733"", ""2023-0037"", ""2015-0049""]",https://www.courts.nh.gov/sites/g/files/ehbemt471/files/documents/2023-09/20220733and20230037.pdf,caption_text,high,generated
2022-0504,case_order,"[""2022-0504""]",https://www.courts.nh.gov/sites/g/files/ehbemt471/files/documents/2023-09/20220504.pdf,source_case_number_and_caption,high,generated
2022-0421,case_order,"[""2022-0421""]",https://www.courts.nh.gov/sites/g/files/ehbemt471/files/documents/2023-09/20220421.pdf,source_case_number_and_caption,high,generated
2022-0410,case_order,"[""2022-0410""]",https://www.courts.nh.gov/sites/g/files/ehbemt471/files/documents/2023-08/20220410.pdf,source_case_number_and_caption,high,generated
2022-0481,case_order,"[""2022-0481""]",https://www.courts.nh.gov/sites/g/files/ehbemt471/files/documents/2023-08/20220481.pdf,source_case_number_and_caption,high,generated
2022-0038,case_order,"[""2022-0038""]",https://www.courts.nh.gov/sites/g/files/ehbemt471/files/documents/2023-08/20220038.pdf,source_case_number_and_caption,high,generated
2022-0545,case_order,"[""2022-0545""]",https://www.courts.nh.gov/sites/g/files/ehbemt471/files/documents/2023-08/20220545.pdf,source_case_number_and_caption,high,generated
2022-0276,case_order,"[""2022-0276""]",https://www.courts.nh.gov/sites/g/files/ehbemt471/files/documents/2023-08/20220276.pdf,source_case_number_and_caption,high,generated
2023-0079,case_order,"[""2023-0079""]",https://www.courts.nh.gov/sites/g/files/ehbemt471/files/documents/2023-08/20230079.pdf,source_case_number_and_caption,high,generated
2023-0119,case_order,"[""2023-0119""]",https://www.courts.nh.gov/sites/g/files/ehbemt471/files/documents/2023-08/20230119.pdf,source_case_number_and_caption,high,generated
2022-0284,case_order,"[""2022-0284""]",https://www.courts.nh.gov/sites/g/files/ehbemt471/files/documents/2023-08/20220284.pdf,source_case_number_and_caption,high,generated
2022-0202,case_order,"[""2022-0202""]",https://www.courts.nh.gov/sites/g/files/ehbemt471/files/documents/2023-07/20220202.pdf,source_case_number_and_caption,high,generated
2021-0337,case_order,"[""2021-0337""]",https://www.courts.nh.gov/sites/g/files/ehbemt471/files/documents/2023-06/20210337.pdf,source_case_number_and_caption,high,generated
2022-0082,case_order,"[""2022-0082""]",https://www.courts.nh.gov/sites/g/files/ehbemt471/files/documents/2023-06/20220082.pdf,source_case_number_and_caption,high,generated
2021-0585,case_order,"[""2021-0585""]",https://www.courts.nh.gov/sites/g/files/ehbemt471/files/documents/2023-06/20210585.pdf,source_case_number_and_caption,high,generated
2022-0014,case_order,"[""2022-0014""]",https://www.courts.nh.gov/sites/g/files/ehbemt471/files/documents/2023-06/20220014.pdf,source_case_number_and_caption,high,generated
2023-0020,case_order,"[""2023-0020"", ""2023-0021""]",https://www.courts.nh.gov/sites/g/files/ehbemt471/files/documents/2023-06/20230020_20230021.pdf,source_case_number_and_caption,high,generated
2022-0439,case_order,"[""2022-0439""]",https://www.courts.nh.gov/sites/g/files/ehbemt471/files/documents/2023-06/20220439.pdf,source_case_number_and_caption,high,generated
2022-0586,case_order,"[""2022-0586""]",https://www.courts.nh.gov/sites/g/files/ehbemt471/files/documents/2023-06/20220586.pdf,source_case_number_and_caption,high,generated
2021-0614,case_order,"[""2021-0614"", ""2016-0353""]",https://www.courts.nh.gov/sites/g/files/ehbemt471/files/documents/2023-06/20210614.pdf,source_case_number_and_caption,high,generated
2023-0068,case_order,"[""2023-0068""]",https://www.courts.nh.gov/sites/g/files/ehbemt471/files/documents/2023-06/20230068.pdf,source_case_number_and_caption,high,generated
2022-0682,case_order,"[""2022-0682""]",https://www.courts.nh.gov/sites/g/files/ehbemt471/files/documents/2023-06/20220682.pdf,source_case_number_and_caption,high,generated
2023-0130,case_order,"[""2023-0130""]",https://www.courts.nh.gov/sites/g/files/ehbemt471/files/documents/2023-06/20230130.pdf,source_case_number_and_caption,high,generated
2023-0120,case_order,"[""2023-0120""]",https://www.courts.nh.gov/sites/g/files/ehbemt471/files/documents/2023-06/20230120.pdf,source_case_number_and_caption,high,generated
2022-0484,case_order,"[""2022-0484""]",https://www.courts.nh.gov/sites/g/files/ehbemt471/files/documents/2023-05/20220484.pdf,source_case_number_and_caption,high,generated
2022-0401,case_order,"[""2022-0401""]",https://www.courts.nh.gov/sites/g/files/ehbemt471/files/documents/2023-06/20220401.pdf,source_case_number_and_caption,high,generated
2023-0044,case_order,"[""2023-0044""]",https://www.courts.nh.gov/sites/g/files/ehbemt471/files/documents/2023-06/20230044.pdf,source_case_number_and_caption,high,generated
2022-0294,case_order,"[""2022-0294""]",https://www.courts.nh.gov/sites/g/files/ehbemt471/files/documents/2023-05/20220294.pdf,source_case_number_and_caption,high,generated
2022-0524,case_order,"[""2022-0524""]",https://www.courts.nh.gov/sites/g/files/ehbemt471/files/documents/2023-06/20220524.pdf,source_case_number_and_caption,high,generated
2023-0004,case_order,"[""2023-0004""]",https://www.courts.nh.gov/sites/g/files/ehbemt471/files/documents/2023-06/20230004.pdf,source_case_number_and_caption,high,generated
2022-0354,case_order,"[""2022-0354""]",https://www.courts.nh.gov/sites/g/files/ehbemt471/files/documents/2023-05/20220354.pdf,source_case_number_and_caption,high,generated
2021-0574,case_order,"[""2021-0574""]",https://www.courts.nh.gov/sites/g/files/ehbemt471/files/documents/2023-05/20210574.pdf,source_case_number_and_caption,high,generated
2023-0074,case_order,"[""2023-0074""]",https://www.courts.nh.gov/sites/g/files/ehbemt471/files/documents/2023-06/20230074.pdf,source_case_number_and_caption,high,generated
2022-0665,case_order,"[""2022-0665""]",https://www.courts.nh.gov/sites/g/files/ehbemt471/files/documents/2023-06/20220665.pdf,source_case_number_and_caption,high,generated
2022-0675,case_order,"[""2022-0675""]",https://www.courts.nh.gov/sites/g/files/ehbemt471/files/documents/2023-06/20220675.pdf,source_case_number_and_caption,high,generated
2021-0383,case_order,"[""2021-0383""]",https://www.courts.nh.gov/sites/g/files/ehbemt471/files/documents/2023-05/20210383.pdf,source_case_number_and_caption,high,generated
2022-0502,case_order,"[""2022-0502""]",https://www.courts.nh.gov/sites/g/files/ehbemt471/files/documents/2023-05/20220502-remanded-order.pdf,source_case_number_and_caption,high,generated
2021-0441,case_order,"[""2021-0441""]",https://www.courts.nh.gov/sites/g/files/ehbemt471/files/documents/2023-04/20210441.pdf,source_case_number_and_caption,high,generated
2022-0430,case_order,"[""2022-0430""]",https://www.courts.nh.gov/sites/g/files/ehbemt471/files/documents/2023-05/20220430.pdf,source_case_number_and_caption,high,generated
2022-0631,case_order,"[""2022-0631""]",https://www.courts.nh.gov/sites/g/files/ehbemt471/files/documents/2023-05/20220631.pdf,source_case_number_and_caption,high,generated
2022-0531,case_order,"[""2022-0531""]",https://www.courts.nh.gov/sites/g/files/ehbemt471/files/documents/2023-05/20220531.pdf,source_case_number_and_caption,high,generated
2022-0269,case_order,"[""2022-0269""]",https://www.courts.nh.gov/sites/g/files/ehbemt471/files/documents/2023-05/20220269.pdf,source_case_number_and_caption,high,generated
2022-0383,case_order,"[""2022-0383""]",https://www.courts.nh.gov/sites/g/files/ehbemt471/files/documents/2023-05/20220383.pdf,source_case_number_and_caption,high,generated
20210349and20210356_1,case_order,"[""2021-0349"", ""2021-0356""]",https://www.courts.nh.gov/sites/g/files/ehbemt471/files/documents/2023-04/20210349and20210356_1.pdf,caption_text,high,generated
2022-0033,case_order,"[""2022-0033""]",https://www.courts.nh.gov/sites/g/files/ehbemt471/files/documents/2023-05/20220033.pdf,source_case_number_and_caption,high,generated
2022-0246,case_order,"[""2022-0246""]",https://www.courts.nh.gov/sites/g/files/ehbemt471/files/documents/2023-05/20220246.pdf,source_case_number_and_caption,high,generated
2022-0393,case_order,"[""2022-0393""]",https://www.courts.nh.gov/sites/g/files/ehbemt471/files/documents/2023-05/20220393.pdf,source_case_number_and_caption,high,generated
2022-0626,case_order,"[""2022-0626""]",https://www.courts.nh.gov/sites/g/files/ehbemt471/files/documents/2023-05/20220626.pdf,source_case_number_and_caption,high,generated
2022-0297,case_order,"[""2022-0297""]",https://www.courts.nh.gov/sites/g/files/ehbemt471/files/documents/2023-05/20220297.pdf,source_case_number_and_caption,high,generated
2022-0412,case_order,"[""2022-0412""]",https://www.courts.nh.gov/sites/g/files/ehbemt471/files/documents/2023-05/20220412.pdf,source_case_number_and_caption,high,generated
2022-0473,case_order,"[""2022-0473""]",https://www.courts.nh.gov/sites/g/files/ehbemt471/files/documents/2023-05/20220473.pdf,source_case_number_and_caption,high,generated
2022-0535,case_order,"[""2022-0535""]",https://www.courts.nh.gov/sites/g/files/ehbemt471/files/documents/2023-05/20220535.pdf,source_case_number_and_caption,high,generated
2022-0357,case_order,"[""2022-0357""]",https://www.courts.nh.gov/sites/g/files/ehbemt471/files/documents/2023-05/20220357.pdf,source_case_number_and_caption,high,generated
2022-0456,case_order,"[""2022-0456""]",https://www.courts.nh.gov/sites/g/files/ehbemt471/files/documents/2023-05/20220456-remanded-order.pdf,source_case_number_and_caption,high,generated
2021-0344,case_order,"[""2021-0344""]",https://www.courts.nh.gov/sites/g/files/ehbemt471/files/documents/2023-04/20210344.pdf,source_case_number_and_caption,high,generated
2022-0441,case_order,"[""2022-0441""]",https://www.courts.nh.gov/sites/g/files/ehbemt471/files/documents/2023-05/20220441.pdf,source_case_number_and_caption,high,generated
2022-0369,case_order,"[""2022-0369""]",https://www.courts.nh.gov/sites/g/files/ehbemt471/files/documents/2023-05/20220369.pdf,source_case_number_and_caption,high,generated
2022-0434,case_order,"[""2022-0434""]",https://www.courts.nh.gov/sites/g/files/ehbemt471/files/documents/2023-05/20220434.pdf,source_case_number_and_caption,high,generated
2022-0552,case_order,"[""2022-0552""]",https://www.courts.nh.gov/sites/g/files/ehbemt471/files/documents/2023-05/20220552.pdf,source_case_number_and_caption,high,generated
2022-0368,case_order,"[""2022-0368""]",https://www.courts.nh.gov/sites/g/files/ehbemt471/files/documents/2023-05/20220368.pdf,source_case_number_and_caption,high,generated
2022-0440,case_order,"[""2022-0440""]",https://www.courts.nh.gov/sites/g/files/ehbemt471/files/documents/2023-05/20220440.pdf,source_case_number_and_caption,high,generated
2022-0489,case_order,"[""2022-0489""]",https://www.courts.nh.gov/sites/g/files/ehbemt471/files/documents/2023-04/20220489.pdf,source_case_number_and_caption,high,generated
2022-0224,case_order,"[""2022-0224""]",https://www.courts.nh.gov/sites/g/files/ehbemt471/files/documents/2023-03/20220224.pdf,source_case_number_and_caption,high,generated
2022-0043,case_order,"[""2022-0043""]",https://www.courts.nh.gov/sites/g/files/ehbemt471/files/documents/2023-04/20220043.pdf,source_case_number_and_caption,high,generated
2022-0450,case_order,"[""2022-0450""]",https://www.courts.nh.gov/sites/g/files/ehbemt471/files/documents/2023-04/20220450.pdf,source_case_number_and_caption,high,generated
2022-0423,case_order,"[""2022-0423""]",https://www.courts.nh.gov/sites/g/files/ehbemt471/files/documents/2023-04/20220423.pdf,source_case_number_and_caption,high,generated
2022-0208,case_order,"[""2022-0208""]",https://www.courts.nh.gov/sites/g/files/ehbemt471/files/documents/2023-03/20220208.pdf,source_case_number_and_caption,high,generated
2020-0521,case_order,"[""2020-0521""]",https://www.courts.nh.gov/sites/g/files/ehbemt471/files/documents/2023-03/20200521.pdf,source_case_number_and_caption,high,generated
2022-0317,case_order,"[""2022-0317""]",https://www.courts.nh.gov/sites/g/files/ehbemt471/files/documents/2023-04/20220317.pdf,source_case_number_and_caption,high,generated
2022-0487,case_order,"[""2022-0487""]",https://www.courts.nh.gov/sites/g/files/ehbemt471/files/documents/2023-04/20220487.pdf,source_case_number_and_caption,high,generated
2022-0285,case_order,"[""2022-0285""]",https://www.courts.nh.gov/sites/g/files/ehbemt471/files/documents/2023-04/20220285.pdf,source_case_number_and_caption,high,generated
2022-0389,case_order,"[""2022-0389""]",https://www.courts.nh.gov/sites/g/files/ehbemt471/files/documents/2023-04/20220389.pdf,source_case_number_and_caption,high,generated
2022-0463,case_order,"[""2022-0463""]",https://www.courts.nh.gov/sites/g/files/ehbemt471/files/documents/2023-04/20220463.pdf,source_case_number_and_caption,high,generated
2021-0602,case_order,"[""2021-0602""]",https://www.courts.nh.gov/sites/g/files/ehbemt471/files/documents/2023-02/20210602.pdf,source_case_number_and_caption,high,generated
2020-0333,case_order,"[""2020-0333""]",https://www.courts.nh.gov/sites/g/files/ehbemt471/files/documents/2023-02/20200333.pdf,source_case_number_and_caption,high,generated
2021-0456,case_order,"[""2021-0456""]",https://www.courts.nh.gov/sites/g/files/ehbemt471/files/documents/2023-04/20210456.pdf,source_case_number_and_caption,high,generated
2021-0268,case_order,"[""2021-0268""]",https://www.courts.nh.gov/sites/g/files/ehbemt471/files/documents/2023-02/20210268.pdf,source_case_number_and_caption,high,generated
2022-0256,case_order,"[""2022-0256""]",https://www.courts.nh.gov/sites/g/files/ehbemt471/files/documents/2023-04/20220256.pdf,source_case_number_and_caption,high,generated
2022-0522,case_order,"[""2022-0522""]",https://www.courts.nh.gov/sites/g/files/ehbemt471/files/documents/2023-04/20220522.pdf,source_case_number_and_caption,high,generated
2022-0386,case_order,"[""2022-0386""]",https://www.courts.nh.gov/sites/g/files/ehbemt471/files/documents/2023-04/20220386.pdf,source_case_number_and_caption,high,generated
2022-0235,case_order,"[""2022-0235""]",https://www.courts.nh.gov/sites/g/files/ehbemt471/files/documents/2023-04/20220235.pdf,source_case_number_and_caption,high,generated
2022-0318,case_order,"[""2022-0318""]",https://www.courts.nh.gov/sites/g/files/ehbemt471/files/documents/2023-04/20220318.pdf,source_case_number_and_caption,high,generated
2021-0505,case_order,"[""2021-0505""]",https://www.courts.nh.gov/sites/g/files/ehbemt471/files/documents/2023-02/20210505.pdf,source_case_number_and_caption,high,generated
2021-0566,case_order,"[""2021-0566""]",https://www.courts.nh.gov/sites/g/files/ehbemt471/files/documents/2023-04/20210566.pdf,source_case_number_and_caption,high,generated
2022-0366,case_order,"[""2022-0366""]",https://www.courts.nh.gov/sites/g/files/ehbemt471/files/documents/2023-04/20220366.pdf,source_case_number_and_caption,high,generated
2022-0419,case_order,"[""2022-0419""]",https://www.courts.nh.gov/sites/g/files/ehbemt471/files/documents/2023-04/20220419.pdf,source_case_number_and_caption,high,generated
2022-0152,case_order,"[""2022-0152""]",https://www.courts.nh.gov/sites/g/files/ehbemt471/files/documents/2023-04/20220152.pdf,source_case_number_and_caption,high,generated
20220160_2022-0162,case_order,"[""2022-0160"", ""2022-0162""]",https://www.courts.nh.gov/sites/g/files/ehbemt471/files/documents/2023-04/20220160_2022-0162.pdf,caption_text,high,generated
2022-0271,case_order,"[""2022-0271""]",https://www.courts.nh.gov/sites/g/files/ehbemt471/files/documents/2023-04/20220271.pdf,source_case_number_and_caption,high,generated
2022-0095,case_order,"[""2022-0095""]",https://www.courts.nh.gov/sites/g/files/ehbemt471/files/documents/2023-04/20220095.pdf,source_case_number_and_caption,high,generated
2022-0319,case_order,"[""2022-0319""]",https://www.courts.nh.gov/sites/g/files/ehbemt471/files/documents/2023-04/20220319.pdf,source_case_number_and_caption,high,generated
2022-0437,case_order,"[""2022-0437""]",https://www.courts.nh.gov/sites/g/files/ehbemt471/files/documents/2023-04/20220437.pdf,source_case_number_and_caption,high,generated
2022-0325,case_order,"[""2022-0325""]",https://www.courts.nh.gov/sites/g/files/ehbemt471/files/documents/2023-04/20220325.pdf,source_case_number_and_caption,high,generated
2021-0163,case_order,"[""2021-0163""]",https://www.courts.nh.gov/sites/g/files/ehbemt471/files/documents/2023-03/20210163.pdf,source_case_number_and_caption,high,generated
2021-0392,case_order,"[""2021-0392""]",https://www.courts.nh.gov/sites/g/files/ehbemt471/files/documents/2023-01/20210392.pdf,source_case_number_and_caption,high,generated
2022-0267,case_order,"[""2022-0267""]",https://www.courts.nh.gov/sites/g/files/ehbemt471/files/documents/2023-01/20220267.pdf,source_case_number_and_caption,high,generated
2022-0300,case_order,"[""2022-0300""]",https://www.courts.nh.gov/sites/g/files/ehbemt471/files/documents/2023-03/20220300.pdf,source_case_number_and_caption,high,generated
2022-0326,case_order,"[""2022-0326""]",https://www.courts.nh.gov/sites/g/files/ehbemt471/files/documents/2023-03/20220326.pdf,source_case_number_and_caption,high,generated
2022-0250,case_order,"[""2022-0250""]",https://www.courts.nh.gov/sites/g/files/ehbemt471/files/documents/2023-03/20220250.pdf,source_case_number_and_caption,high,generated
2021-0381,case_order,"[""2021-0381""]",https://www.courts.nh.gov/sites/g/files/ehbemt471/files/documents/2023-03/20210381.pdf,source_case_number_and_caption,high,generated
2021-0113,case_order,"[""2021-0113""]",https://www.courts.nh.gov/sites/g/files/ehbemt471/files/documents/2023-01/20210113.pdf,source_case_number_and_caption,high,generated
2023-0617,case_order,"[""2023-0617""]",https://www.courts.nh.gov/sites/g/files/ehbemt471/files/documents/2024-12/20230617.pdf,source_case_number_and_caption,high,generated
2023-0687,case_order,"[""2023-0687""]",https://www.courts.nh.gov/sites/g/files/ehbemt471/files/documents/2024-12/20230687.pdf,source_case_number_and_caption,high,generated
2023-0108,case_order,"[""2023-0108""]",https://www.courts.nh.gov/sites/g/files/ehbemt471/files/documents/2024-12/20230108.pdf,source_case_number_and_caption,high,generated
2023-0551,case_order,"[""2023-0551""]",https://www.courts.nh.gov/sites/g/files/ehbemt471/files/documents/2024-12/20230551_0.pdf,source_case_number_and_caption,high,generated
2021-0604,case_order,"[""2021-0604""]",https://www.courts.nh.gov/sites/g/files/ehbemt471/files/documents/2024-12/20210604.pdf,source_case_number_and_caption,high,generated
2024-0085,case_order,"[""2024-0085""]",https://www.courts.nh.gov/sites/g/files/ehbemt471/files/documents/2025-01/20240085.pdf,source_case_number_and_caption,high,generated
2023-0439,case_order,"[""2023-0439""]",https://www.courts.nh.gov/sites/g/files/ehbemt471/files/documents/2025-01/20230439.pdf,source_case_number_and_caption,high,generated
2022-0597,case_order,"[""2022-0597""]",https://www.courts.nh.gov/sites/g/files/ehbemt471/files/documents/2024-12/20220597.pdf,source_case_number_and_caption,high,generated
2023-0204,case_order,"[""2023-0204""]",https://www.courts.nh.gov/sites/g/files/ehbemt471/files/documents/2024-12/20230204.pdf,source_case_number_and_caption,high,generated
2024-0010,case_order,"[""2024-0010""]",https://www.courts.nh.gov/sites/g/files/ehbemt471/files/documents/2025-01/20240010.pdf,source_case_number_and_caption,high,generated
2024-0086,case_order,"[""2024-0086""]",https://www.courts.nh.gov/sites/g/files/ehbemt471/files/documents/2025-01/20240086.pdf,source_case_number_and_caption,high,generated
2023-0589,case_order,"[""2023-0589""]",https://www.courts.nh.gov/sites/g/files/ehbemt471/files/documents/2025-01/20230589.pdf,source_case_number_and_caption,high,generated
2024-0106,case_order,"[""2024-0106""]",https://www.courts.nh.gov/sites/g/files/ehbemt471/files/documents/2025-01/20240106.pdf,source_case_number_and_caption,high,generated
2022-0424,case_order,"[""2022-0424""]",https://www.courts.nh.gov/sites/g/files/ehbemt471/files/documents/2024-12/20220424.pdf,source_case_number_and_caption,high,generated
2024-0307,case_order,"[""2024-0307""]",https://www.courts.nh.gov/sites/g/files/ehbemt471/files/documents/2025-01/20240307.pdf,source_case_number_and_caption,high,generated
2023-0599,case_order,"[""2023-0599""]",https://www.courts.nh.gov/sites/g/files/ehbemt471/files/documents/2025-01/20230599.pdf,source_case_number_and_caption,high,generated
2023-0333,case_order,"[""2023-0333""]",https://www.courts.nh.gov/sites/g/files/ehbemt471/files/documents/2024-12/20230333.pdf,source_case_number_and_caption,high,generated
2024-0079,case_order,"[""2024-0079""]",https://www.courts.nh.gov/sites/g/files/ehbemt471/files/documents/2025-01/20240079.pdf,source_case_number_and_caption,high,generated
2023-0418,case_order,"[""2023-0418""]",https://www.courts.nh.gov/sites/g/files/ehbemt471/files/documents/2024-12/20230418.pdf,source_case_number_and_caption,high,generated
2023-0062,case_order,"[""2023-0062""]",https://www.courts.nh.gov/sites/g/files/ehbemt471/files/documents/2024-12/20230062.pdf,source_case_number_and_caption,high,generated
2022-0214,case_order,"[""2022-0214""]",https://www.courts.nh.gov/sites/g/files/ehbemt471/files/documents/2024-12/20220214.pdf,source_case_number_and_caption,high,generated
2023-0449,case_order,"[""2023-0449""]",https://www.courts.nh.gov/sites/g/files/ehbemt471/files/documents/2024-12/20230449.pdf,source_case_number_and_caption,high,generated
2024-0050,case_order,"[""2024-0050""]",https://www.courts.nh.gov/sites/g/files/ehbemt471/files/documents/2024-12/20240050.pdf,source_case_number_and_caption,high,generated
2023-0607,case_order,"[""2023-0607""]",https://www.courts.nh.gov/sites/g/files/ehbemt471/files/documents/2024-11/20230607.pdf,source_case_number_and_caption,high,generated
2023-0708,case_order,"[""2023-0708""]",https://www.courts.nh.gov/sites/g/files/ehbemt471/files/documents/2024-12/20230708.pdf,source_case_number_and_caption,high,generated
2024-0084,case_order,"[""2024-0084""]",https://www.courts.nh.gov/sites/g/files/ehbemt471/files/documents/2024-12/20240084.pdf,source_case_number_and_caption,high,generated
2023-0752,case_order,"[""2023-0752""]",https://www.courts.nh.gov/sites/g/files/ehbemt471/files/documents/2024-12/20230752.pdf,source_case_number_and_caption,high,generated
2023-0714,case_order,"[""2023-0714""]",https://www.courts.nh.gov/sites/g/files/ehbemt471/files/documents/2024-12/20230714.pdf,source_case_number_and_caption,high,generated
2024-0103,case_order,"[""2024-0103""]",https://www.courts.nh.gov/sites/g/files/ehbemt471/files/documents/2024-12/20240103.pdf,source_case_number_and_caption,high,generated
2024-0001,case_order,"[""2024-0001""]",https://www.courts.nh.gov/sites/g/files/ehbemt471/files/documents/2024-12/20240001.pdf,source_case_number_and_caption,high,generated
2023-0658,case_order,"[""2023-0658""]",https://www.courts.nh.gov/sites/g/files/ehbemt471/files/documents/2024-12/20230658.pdf,source_case_number_and_caption,high,generated
2024-0059,case_order,"[""2024-0059""]",https://www.courts.nh.gov/sites/g/files/ehbemt471/files/documents/2024-12/20240059.pdf,source_case_number_and_caption,high,generated
2023-0313,case_order,"[""2023-0313""]",https://www.courts.nh.gov/sites/g/files/ehbemt471/files/documents/2024-12/20230313.pdf,source_case_number_and_caption,high,generated
2023-0076,case_order,"[""2023-0076""]",https://www.courts.nh.gov/sites/g/files/ehbemt471/files/documents/2024-11/20230076.pdf,source_case_number_and_caption,high,generated
2023-0749,case_order,"[""2023-0749""]",https://www.courts.nh.gov/sites/g/files/ehbemt471/files/documents/2024-12/20230749.pdf,source_case_number_and_caption,high,generated
2024-0041,case_order,"[""2024-0041""]",https://www.courts.nh.gov/sites/g/files/ehbemt471/files/documents/2024-12/20240041.pdf,source_case_number_and_caption,high,generated
2024-0425,case_order,"[""2024-0425""]",https://www.courts.nh.gov/sites/g/files/ehbemt471/files/documents/2024-12/20240425.pdf,source_case_number_and_caption,high,generated
2023-0401,case_order,"[""2023-0401""]",https://www.courts.nh.gov/sites/g/files/ehbemt471/files/documents/2024-12/20230401.pdf,source_case_number_and_caption,high,generated
2022-0452,case_order,"[""2022-0452""]",https://www.courts.nh.gov/sites/g/files/ehbemt471/files/documents/2024-11/20220452.pdf,source_case_number_and_caption,high,generated
2023-0696,case_order,"[""2023-0696""]",https://www.courts.nh.gov/sites/g/files/ehbemt471/files/documents/2024-11/20230696.pdf,source_case_number_and_caption,high,generated
2024-0112,case_order,"[""2024-0112""]",https://www.courts.nh.gov/sites/g/files/ehbemt471/files/documents/2024-11/20240112.pdf,source_case_number_and_caption,high,generated
2023-0301,case_order,"[""2023-0301""]",https://www.courts.nh.gov/sites/g/files/ehbemt471/files/documents/2024-10/20230301.pdf,source_case_number_and_caption,high,generated
2024-0331,case_order,"[""2024-0331""]",https://www.courts.nh.gov/sites/g/files/ehbemt471/files/documents/2024-11/20240331.pdf,source_case_number_and_caption,high,generated
2023-0537,case_order,"[""2023-0537""]",https://www.courts.nh.gov/sites/g/files/ehbemt471/files/documents/2024-11/20230537.pdf,source_case_number_and_caption,high,generated
2023-0603,case_order,"[""2023-0603""]",https://www.courts.nh.gov/sites/g/files/ehbemt471/files/documents/2024-11/20230603.pdf,source_case_number_and_caption,high,generated
2024-0123,case_order,"[""2024-0123""]",https://www.courts.nh.gov/sites/g/files/ehbemt471/files/documents/2024-11/20240123.pdf,source_case_number_and_caption,high,generated
2023-0600,case_order,"[""2023-0600""]",https://www.courts.nh.gov/sites/g/files/ehbemt471/files/documents/2024-11/20230600.pdf,source_case_number_and_caption,high,generated
2024-0120,case_order,"[""2024-0120""]",https://www.courts.nh.gov/sites/g/files/ehbemt471/files/documents/2024-11/20240120.pdf,source_case_number_and_caption,high,generated
2024-0083,case_order,"[""2024-0083""]",https://www.courts.nh.gov/sites/g/files/ehbemt471/files/documents/2024-11/20240083.pdf,source_case_number_and_caption,high,generated
2024-0087,case_order,"[""2024-0087""]",https://www.courts.nh.gov/sites/g/files/ehbemt471/files/documents/2024-11/20240087.pdf,source_case_number_and_caption,high,generated
2024-0122,case_order,"[""2024-0122""]",https://www.courts.nh.gov/sites/g/files/ehbemt471/files/documents/2024-11/20240122.pdf,source_case_number_and_caption,high,generated
2024-0069,case_order,"[""2024-0069""]",https://www.courts.nh.gov/sites/g/files/ehbemt471/files/documents/2024-11/20240069.pdf,source_case_number_and_caption,high,generated
2023-0572,case_order,"[""2023-0572""]",https://www.courts.nh.gov/sites/g/files/ehbemt471/files/documents/2024-11/20230572.pdf,source_case_number_and_caption,high,generated
2023-0642,case_order,"[""2023-0642""]",https://www.courts.nh.gov/sites/g/files/ehbemt471/files/documents/2024-11/20230642.pdf,source_case_number_and_caption,high,generated
2023-0088,case_order,"[""2023-0088""]",https://www.courts.nh.gov/sites/g/files/ehbemt471/files/documents/2024-10/20230088.pdf,source_case_number_and_caption,high,generated
2022-0448,case_order,"[""2022-0448""]",https://www.courts.nh.gov/sites/g/files/ehbemt471/files/documents/2024-10/20220448.pdf,source_case_number_and_caption,high,generated
2024-0117,case_order,"[""2024-0117""]",https://www.courts.nh.gov/sites/g/files/ehbemt471/files/documents/2024-11/20240117.pdf,source_case_number_and_caption,high,generated
2023-0705,case_order,"[""2023-0705""]",https://www.courts.nh.gov/sites/g/files/ehbemt471/files/documents/2024-11/20230705.pdf,source_case_number_and_caption,high,generated
2023-0625,case_order,"[""2023-0625""]",https://www.courts.nh.gov/sites/g/files/ehbemt471/files/documents/2024-11/20230625.pdf,source_case_number_and_caption,high,generated
2023-0405,case_order,"[""2023-0405""]",https://www.courts.nh.gov/sites/g/files/ehbemt471/files/documents/2024-10/20230405.pdf,source_case_number_and_caption,high,generated
2023-0181,case_order,"[""2023-0181""]",https://www.courts.nh.gov/sites/g/files/ehbemt471/files/documents/2024-11/20230181.pdf,source_case_number_and_caption,high,generated
2023-0414,case_order,"[""2023-0414""]",https://www.courts.nh.gov/sites/g/files/ehbemt471/files/documents/2024-11/20230414.pdf,source_case_number_and_caption,high,generated
2023-0574,case_order,"[""2023-0574""]",https://www.courts.nh.gov/sites/g/files/ehbemt471/files/documents/2024-11/20230574.pdf,source_case_number_and_caption,high,generated
2024-0002,case_order,"[""2024-0002""]",https://www.courts.nh.gov/sites/g/files/ehbemt471/files/documents/2024-11/20240002.pdf,source_case_number_and_caption,high,generated
2023-0307,case_order,"[""2023-0307""]",https://www.courts.nh.gov/sites/g/files/ehbemt471/files/documents/2024-11/20230307.pdf,source_case_number_and_caption,high,generated
2023-0702,case_order,"[""2023-0702""]",https://www.courts.nh.gov/sites/g/files/ehbemt471/files/documents/2024-09/20230702.pdf,source_case_number_and_caption,high,generated
2024-0039,case_order,"[""2024-0039""]",https://www.courts.nh.gov/sites/g/files/ehbemt471/files/documents/2024-10/20240039.pdf,source_case_number_and_caption,high,generated
2023-0355,case_order,"[""2023-0355""]",https://www.courts.nh.gov/sites/g/files/ehbemt471/files/documents/2024-10/20230355.pdf,source_case_number_and_caption,high,generated
2023-0594,case_order,"[""2023-0594""]",https://www.courts.nh.gov/sites/g/files/ehbemt471/files/documents/2024-10/20230594.pdf,source_case_number_and_caption,high,generated
2023-0485,case_order,"[""2023-0485""]",https://www.courts.nh.gov/sites/g/files/ehbemt471/files/documents/2024-10/20230485.pdf,source_case_number_and_caption,high,generated
2023-0739,case_order,"[""2023-0739""]",https://www.courts.nh.gov/sites/g/files/ehbemt471/files/documents/2024-10/20230739.pdf,source_case_number_and_caption,high,generated
2023-0489,case_order,"[""2023-0489""]",https://www.courts.nh.gov/sites/g/files/ehbemt471/files/documents/2024-10/20230489.pdf,source_case_number_and_caption,high,generated
2023-0169,case_order,"[""2023-0169""]",https://www.courts.nh.gov/sites/g/files/ehbemt471/files/documents/2024-10/20230169.pdf,source_case_number_and_caption,high,generated
2023-0128,case_order,"[""2023-0128""]",https://www.courts.nh.gov/sites/g/files/ehbemt471/files/documents/2024-09/20230128.pdf,source_case_number_and_caption,high,generated
2023-0595,case_order,"[""2023-0595""]",https://www.courts.nh.gov/sites/g/files/ehbemt471/files/documents/2024-09/20230595.pdf,source_case_number_and_caption,high,generated
2023-0563,case_order,"[""2023-0563""]",https://www.courts.nh.gov/sites/g/files/ehbemt471/files/documents/2024-09/20230563.pdf,source_case_number_and_caption,high,generated
2023-0407,case_order,"[""2023-0407""]",https://www.courts.nh.gov/sites/g/files/ehbemt471/files/documents/2024-09/20230407.pdf,source_case_number_and_caption,high,generated
2022-0633,case_order,"[""2022-0633""]",https://www.courts.nh.gov/sites/g/files/ehbemt471/files/documents/2024-09/20220633.pdf,source_case_number_and_caption,high,generated
2024-0154,case_order,"[""2024-0154""]",https://www.courts.nh.gov/sites/g/files/ehbemt471/files/documents/2024-09/20240154.pdf,source_case_number_and_caption,high,generated
2023-0657,case_order,"[""2023-0657""]",https://www.courts.nh.gov/sites/g/files/ehbemt471/files/documents/2024-09/20230657.pdf,source_case_number_and_caption,high,generated
2024-0185,case_order,"[""2024-0185""]",https://www.courts.nh.gov/sites/g/files/ehbemt471/files/documents/2024-09/20240185.pdf,source_case_number_and_caption,high,generated
2023-0590,case_order,"[""2023-0590""]",https://www.courts.nh.gov/sites/g/files/ehbemt471/files/documents/2024-09/20230590.pdf,source_case_number_and_caption,high,generated
2023-0493,case_order,"[""2023-0493""]",https://www.courts.nh.gov/sites/g/files/ehbemt471/files/documents/2024-09/20230493.pdf,source_case_number_and_caption,high,generated
2023-0745,case_order,"[""2023-0745""]",https://www.courts.nh.gov/sites/g/files/ehbemt471/files/documents/2024-09/20230745.pdf,source_case_number_and_caption,high,generated
2023-0194,case_order,"[""2023-0194""]",https://www.courts.nh.gov/sites/g/files/ehbemt471/files/documents/2024-09/20230194.pdf,source_case_number_and_caption,high,generated
2023-0040,case_order,"[""2023-0040""]",https://www.courts.nh.gov/sites/g/files/ehbemt471/files/documents/2024-08/20230040.pdf,source_case_number_and_caption,high,generated
2021-0592,case_order,"[""2021-0592""]",https://www.courts.nh.gov/sites/g/files/ehbemt471/files/documents/2024-08/20210592.pdf,source_case_number_and_caption,high,generated
2023-0484,case_order,"[""2023-0484""]",https://www.courts.nh.gov/sites/g/files/ehbemt471/files/documents/2024-08/20230484.pdf,source_case_number_and_caption,high,generated
2022-0486,case_order,"[""2022-0486""]",https://www.courts.nh.gov/sites/g/files/ehbemt471/files/documents/2024-08/20220486.pdf,source_case_number_and_caption,high,generated
2024-0165,case_order,"[""2024-0165""]",https://www.courts.nh.gov/sites/g/files/ehbemt471/files/documents/2024-08/20240165.pdf,source_case_number_and_caption,high,generated
2022-0568,case_order,"[""2022-0568""]",https://www.courts.nh.gov/sites/g/files/ehbemt471/files/documents/2024-07/20220568.pdf,source_case_number_and_caption,high,generated
2023-0077,case_order,"[""2023-0077""]",https://www.courts.nh.gov/sites/g/files/ehbemt471/files/documents/2024-07/20230077.pdf,source_case_number_and_caption,high,generated
2023-0500,case_order,"[""2023-0500""]",https://www.courts.nh.gov/sites/g/files/ehbemt471/files/documents/2024-08/20230500.pdf,source_case_number_and_caption,high,generated
2023-0411,case_order,"[""2023-0411""]",https://www.courts.nh.gov/sites/g/files/ehbemt471/files/documents/2024-08/20230411.pdf,source_case_number_and_caption,high,generated
2023-0056,case_order,"[""2023-0056""]",https://www.courts.nh.gov/sites/g/files/ehbemt471/files/documents/2024-08/20230056.pdf,source_case_number_and_caption,high,generated
2023-0428,case_order,"[""2023-0428""]",https://www.courts.nh.gov/sites/g/files/ehbemt471/files/documents/2024-08/20230428.pdf,source_case_number_and_caption,high,generated
2023-0448,case_order,"[""2023-0448""]",https://www.courts.nh.gov/sites/g/files/ehbemt471/files/documents/2024-08/20230448.pdf,source_case_number_and_caption,high,generated
2023-0681,case_order,"[""2023-0681""]",https://www.courts.nh.gov/sites/g/files/ehbemt471/files/documents/2024-08/20230681.pdf,source_case_number_and_caption,high,generated
2022-0588,case_order,"[""2022-0588""]",https://www.courts.nh.gov/sites/g/files/ehbemt471/files/documents/2024-07/20220588.pdf,source_case_number_and_caption,high,generated
2016-0007,case_order,"[""2016-0007""]",https://www.courts.nh.gov/sites/g/files/ehbemt471/files/documents/2024-07/20160007.pdf,source_case_number_and_caption,high,generated
2023-0515,case_order,"[""2023-0515""]",https://www.courts.nh.gov/sites/g/files/ehbemt471/files/documents/2024-08/20230515.pdf,source_case_number_and_caption,high,generated
2023-0147,case_order,"[""2023-0147""]",https://www.courts.nh.gov/sites/g/files/ehbemt471/files/documents/2024-08/20230147.pdf,source_case_number_and_caption,high,generated
2023-0506,case_order,"[""2023-0506""]",https://www.courts.nh.gov/sites/g/files/ehbemt471/files/documents/2024-08/20230506.pdf,source_case_number_and_caption,high,generated
2023-0415,case_order,"[""2023-0415""]",https://www.courts.nh.gov/sites/g/files/ehbemt471/files/documents/2024-08/20230415.pdf,source_case_number_and_caption,high,generated
2023-0271,case_order,"[""2023-0271""]",https://www.courts.nh.gov/sites/g/files/ehbemt471/files/documents/2024-08/20230271.pdf,source_case_number_and_caption,high,generated
2023-0725,case_order,"[""2023-0725""]",https://www.courts.nh.gov/sites/g/files/ehbemt471/files/documents/2024-07/20230725.pdf,source_case_number_and_caption,high,generated
2023-0529,case_order,"[""2023-0529""]",https://www.courts.nh.gov/sites/g/files/ehbemt471/files/documents/2024-07/20230529.pdf,source_case_number_and_caption,high,generated
2023-0259,case_order,"[""2023-0259""]",https://www.courts.nh.gov/sites/g/files/ehbemt471/files/documents/2024-07/20230259.pdf,source_case_number_and_caption,high,generated
2022-0711,case_order,"[""2022-0711""]",https://www.courts.nh.gov/sites/g/files/ehbemt471/files/documents/2024-07/20220711.pdf,source_case_number_and_caption,high,generated
2023-0447,case_order,"[""2023-0447""]",https://www.courts.nh.gov/sites/g/files/ehbemt471/files/documents/2024-07/20230447.pdf,source_case_number_and_caption,high,generated
2022-0392,case_order,"[""2022-0392""]",https://www.courts.nh.gov/sites/g/files/ehbemt471/files/documents/2024-07/20220392.pdf,source_case_number_and_caption,high,generated
2023-0239,case_order,"[""2023-0239""]",https://www.courts.nh.gov/sites/g/files/ehbemt471/files/documents/2024-07/20230239.pdf,source_case_number_and_caption,high,generated
2023-0249,case_order,"[""2023-0249""]",https://www.courts.nh.gov/sites/g/files/ehbemt471/files/documents/2024-07/20230249.pdf,source_case_number_and_caption,high,generated
2022-0373,case_order,"[""2022-0373""]",https://www.courts.nh.gov/sites/g/files/ehbemt471/files/documents/2024-06/20220373.pdf,source_case_number_and_caption,high,generated
2022-0020,case_order,"[""2022-0020""]",https://www.courts.nh.gov/sites/g/files/ehbemt471/files/documents/2024-06/20220020.pdf,source_case_number_and_caption,high,generated
2022-0307,case_order,"[""2022-0307""]",https://www.courts.nh.gov/sites/g/files/ehbemt471/files/documents/2024-06/20220307.pdf,source_case_number_and_caption,high,generated
2023-0011,case_order,"[""2023-0011""]",https://www.courts.nh.gov/sites/g/files/ehbemt471/files/documents/2024-06/20230011.pdf,source_case_number_and_caption,high,generated
2023-0507,case_order,"[""2023-0507""]",https://www.courts.nh.gov/sites/g/files/ehbemt471/files/documents/2024-07/20230507.pdf,source_case_number_and_caption,high,generated
2023-0042,case_order,"[""2023-0042""]",https://www.courts.nh.gov/sites/g/files/ehbemt471/files/documents/2024-07/20230042.pdf,source_case_number_and_caption,high,generated
2023-0338,case_order,"[""2023-0338""]",https://www.courts.nh.gov/sites/g/files/ehbemt471/files/documents/2024-07/20230338.pdf,source_case_number_and_caption,high,generated
2024-0058,case_order,"[""2024-0058""]",https://www.courts.nh.gov/sites/g/files/ehbemt471/files/documents/2024-07/20240058.pdf,source_case_number_and_caption,high,generated
2023-0293,case_order,"[""2023-0293""]",https://www.courts.nh.gov/sites/g/files/ehbemt471/files/documents/2024-07/20230293.pdf,source_case_number_and_caption,high,generated
2023-0342,case_order,"[""2023-0342""]",https://www.courts.nh.gov/sites/g/files/ehbemt471/files/documents/2024-07/20230342.pdf,source_case_number_and_caption,high,generated
2023-0348,case_order,"[""2023-0348""]",https://www.courts.nh.gov/sites/g/files/ehbemt471/files/documents/2024-07/20230348.pdf,source_case_number_and_caption,high,generated
2023-0101,case_order,"[""2023-0101""]",https://www.courts.nh.gov/sites/g/files/ehbemt471/files/documents/2024-07/20230101.pdf,source_case_number_and_caption,high,generated
2023-0030,case_order,"[""2023-0030""]",https://www.courts.nh.gov/sites/g/files/ehbemt471/files/documents/2024-06/20230030.pdf,source_case_number_and_caption,high,generated
2022-0663,case_order,"[""2022-0663""]",https://www.courts.nh.gov/sites/g/files/ehbemt471/files/documents/2024-07/20220663.pdf,source_case_number_and_caption,high,generated
2023-0315,case_order,"[""2023-0315""]",https://www.courts.nh.gov/sites/g/files/ehbemt471/files/documents/2024-07/20230315.pdf,source_case_number_and_caption,high,generated
2023-0094,case_order,"[""2023-0094""]",https://www.courts.nh.gov/sites/g/files/ehbemt471/files/documents/2024-07/20230094.pdf,source_case_number_and_caption,high,generated
2023-0568,case_order,"[""2023-0568""]",https://www.courts.nh.gov/sites/g/files/ehbemt471/files/documents/2024-07/20230568.pdf,source_case_number_and_caption,high,generated
2022-0361,case_order,"[""2022-0361""]",https://www.courts.nh.gov/sites/g/files/ehbemt471/files/documents/2024-07/20220361.pdf,source_case_number_and_caption,high,generated
2022-0600,case_order,"[""2022-0600""]",https://www.courts.nh.gov/sites/g/files/ehbemt471/files/documents/2024-07/20220600.pdf,source_case_number_and_caption,high,generated
2023-0190,case_order,"[""2023-0190""]",https://www.courts.nh.gov/sites/g/files/ehbemt471/files/documents/2024-07/20230190.pdf,source_case_number_and_caption,high,generated
2022-0219,case_order,"[""2022-0219""]",https://www.courts.nh.gov/sites/g/files/ehbemt471/files/documents/2024-05/20220219.pdf,source_case_number_and_caption,high,generated
2022-0457,case_order,"[""2022-0457""]",https://www.courts.nh.gov/sites/g/files/ehbemt471/files/documents/2024-05/20220457.pdf,source_case_number_and_caption,high,generated
2022-0436,case_order,"[""2022-0436""]",https://www.courts.nh.gov/sites/g/files/ehbemt471/files/documents/2024-05/20220436.pdf,source_case_number_and_caption,high,generated
2023-0291,case_order,"[""2023-0291""]",https://www.courts.nh.gov/sites/g/files/ehbemt471/files/documents/2024-06/20230291.pdf,source_case_number_and_caption,high,generated
2023-0175,case_order,"[""2023-0175""]",https://www.courts.nh.gov/sites/g/files/ehbemt471/files/documents/2024-05/20230175.pdf,source_case_number_and_caption,high,generated
2023-0148,case_order,"[""2023-0148""]",https://www.courts.nh.gov/sites/g/files/ehbemt471/files/documents/2024-06/20230148.pdf,source_case_number_and_caption,high,generated
2022-0553,case_order,"[""2022-0553""]",https://www.courts.nh.gov/sites/g/files/ehbemt471/files/documents/2024-05/20220553.pdf,source_case_number_and_caption,high,generated
2023-0122,case_order,"[""2023-0122""]",https://www.courts.nh.gov/sites/g/files/ehbemt471/files/documents/2024-06/20230122.pdf,source_case_number_and_caption,high,generated
2022-0746,case_order,"[""2022-0746""]",https://www.courts.nh.gov/sites/g/files/ehbemt471/files/documents/2024-06/20220746.pdf,source_case_number_and_caption,high,generated
2023-0010,case_order,"[""2023-0010""]",https://www.courts.nh.gov/sites/g/files/ehbemt471/files/documents/2024-06/20230010.pdf,source_case_number_and_caption,high,generated
2022-0615,case_order,"[""2022-0615""]",https://www.courts.nh.gov/sites/g/files/ehbemt471/files/documents/2024-06/20220615.pdf,source_case_number_and_caption,high,generated
2023-0183,case_order,"[""2023-0183""]",https://www.courts.nh.gov/sites/g/files/ehbemt471/files/documents/2024-06/20230183.pdf,source_case_number_and_caption,high,generated
2023-0350,case_order,"[""2023-0350""]",https://www.courts.nh.gov/sites/g/files/ehbemt471/files/documents/2024-06/20230350.pdf,source_case_number_and_caption,high,generated
2023-0165,case_order,"[""2023-0165""]",https://www.courts.nh.gov/sites/g/files/ehbemt471/files/documents/2024-06/20230165.pdf,source_case_number_and_caption,high,generated
2023-0127,case_order,"[""2023-0127""]",https://www.courts.nh.gov/sites/g/files/ehbemt471/files/documents/2024-06/20230127.pdf,source_case_number_and_caption,high,generated
2023-0349,case_order,"[""2023-0349""]",https://www.courts.nh.gov/sites/g/files/ehbemt471/files/documents/2024-06/20230349.pdf,source_case_number_and_caption,high,generated
2022-0715,case_order,"[""2022-0715""]",https://www.courts.nh.gov/sites/g/files/ehbemt471/files/documents/2024-06/20220715.pdf,source_case_number_and_caption,high,generated
2023-0081,case_order,"[""2023-0081""]",https://www.courts.nh.gov/sites/g/files/ehbemt471/files/documents/2024-06/20230081.pdf,source_case_number_and_caption,high,generated
2023-0031,case_order,"[""2023-0031""]",https://www.courts.nh.gov/sites/g/files/ehbemt471/files/documents/2024-06/20230031.pdf,source_case_number_and_caption,high,generated
2022-0654,case_order,"[""2022-0654""]",https://www.courts.nh.gov/sites/g/files/ehbemt471/files/documents/2024-06/20220654.pdf,source_case_number_and_caption,high,generated
2023-0254,case_order,"[""2023-0254""]",https://www.courts.nh.gov/sites/g/files/ehbemt471/files/documents/2024-06/20230254.pdf,source_case_number_and_caption,high,generated
2022-0718,case_order,"[""2022-0718""]",https://www.courts.nh.gov/sites/g/files/ehbemt471/files/documents/2024-05/20220718.pdf,source_case_number_and_caption,high,generated
2023-0305,case_order,"[""2023-0305""]",https://www.courts.nh.gov/sites/g/files/ehbemt471/files/documents/2024-06/20230305.pdf,source_case_number_and_caption,high,generated
2022-0692,case_order,"[""2022-0692""]",https://www.courts.nh.gov/sites/g/files/ehbemt471/files/documents/2024-06/20220692.pdf,source_case_number_and_caption,high,generated
2023-0135,case_order,"[""2023-0135""]",https://www.courts.nh.gov/sites/g/files/ehbemt471/files/documents/2024-06/20230135.pdf,source_case_number_and_caption,high,generated
2023-0199,case_order,"[""2023-0199""]",https://www.courts.nh.gov/sites/g/files/ehbemt471/files/documents/2024-06/20230199.pdf,source_case_number_and_caption,high,generated
2023-0369,case_order,"[""2023-0369""]",https://www.courts.nh.gov/sites/g/files/ehbemt471/files/documents/2024-06/20230369.pdf,source_case_number_and_caption,high,generated
20230100and20230178,case_order,"[""2023-0100"", ""2023-0178""]",https://www.courts.nh.gov/sites/g/files/ehbemt471/files/documents/2024-06/20230100and20230178.pdf,caption_text,high,generated
2023-0174,case_order,"[""2023-0174""]",https://www.courts.nh.gov/sites/g/files/ehbemt471/files/documents/2024-06/20230174.pdf,source_case_number_and_caption,high,generated
2023-0134,case_order,"[""2023-0134""]",https://www.courts.nh.gov/sites/g/files/ehbemt471/files/documents/2024-06/20230134.pdf,source_case_number_and_caption,high,generated
2023-0230,case_order,"[""2023-0230""]",https://www.courts.nh.gov/sites/g/files/ehbemt471/files/documents/2024-06/20230230.pdf,source_case_number_and_caption,high,generated
2023-0150,case_order,"[""2023-0150""]",https://www.courts.nh.gov/sites/g/files/ehbemt471/files/documents/2024-06/20230150.pdf,source_case_number_and_caption,high,generated
2023-0300,case_order,"[""2023-0300""]",https://www.courts.nh.gov/sites/g/files/ehbemt471/files/documents/2024-06/20230300.pdf,source_case_number_and_caption,high,generated
2023-0211,case_order,"[""2023-0211""]",https://www.courts.nh.gov/sites/g/files/ehbemt471/files/documents/2024-04/20230211.pdf,source_case_number_and_caption,high,generated
ld20220009,case_order,"[""2022-0009""]",https://www.courts.nh.gov/sites/g/files/ehbemt471/files/documents/2024-04/ld20220009.pdf,caption_text,high,generated
2022-0431,case_order,"[""2022-0431""]",https://www.courts.nh.gov/sites/g/files/ehbemt471/files/documents/2024-04/20220431.pdf,source_case_number_and_caption,high,generated
2022-0488,case_order,"[""2022-0488""]",https://www.courts.nh.gov/sites/g/files/ehbemt471/files/documents/2024-04/20220488.pdf,source_case_number_and_caption,high,generated
2022-0617,case_order,"[""2022-0617""]",https://www.courts.nh.gov/sites/g/files/ehbemt471/files/documents/2024-05/20220617.pdf,source_case_number_and_caption,high,generated
2023-0131,case_order,"[""2023-0131""]",https://www.courts.nh.gov/sites/g/files/ehbemt471/files/documents/2024-05/20230131.pdf,source_case_number_and_caption,high,generated
2023-0631,case_order,"[""2023-0631""]",https://www.courts.nh.gov/sites/g/files/ehbemt471/files/documents/2024-05/20230631.pdf,source_case_number_and_caption,high,generated
2023-0065,case_order,"[""2023-0065""]",https://www.courts.nh.gov/sites/g/files/ehbemt471/files/documents/2024-04/20230065.pdf,source_case_number_and_caption,high,generated
2023-0549,case_order,"[""2023-0549""]",https://www.courts.nh.gov/sites/g/files/ehbemt471/files/documents/2024-04/20230549.pdf,source_case_number_and_caption,high,generated
2023-0029,case_order,"[""2023-0029""]",https://www.courts.nh.gov/sites/g/files/ehbemt471/files/documents/2024-04/20230029.pdf,source_case_number_and_caption,high,generated
2023-0608,case_order,"[""2023-0608""]",https://www.courts.nh.gov/sites/g/files/ehbemt471/files/documents/2024-04/20230608.pdf,source_case_number_and_caption,high,generated
2023-0351,case_order,"[""2023-0351""]",https://www.courts.nh.gov/sites/g/files/ehbemt471/files/documents/2024-04/20230351.pdf,source_case_number_and_caption,high,generated
2022-0536,case_order,"[""2022-0536""]",https://www.courts.nh.gov/sites/g/files/ehbemt471/files/documents/2024-03/20220536.pdf,source_case_number_and_caption,high,generated
2023-0256,case_order,"[""2023-0256""]",https://www.courts.nh.gov/sites/g/files/ehbemt471/files/documents/2024-04/20230256.pdf,source_case_number_and_caption,high,generated
2022-0717,case_order,"[""2022-0717""]",https://www.courts.nh.gov/sites/g/files/ehbemt471/files/documents/2024-04/20220717.pdf,source_case_number_and_caption,high,generated
2021-0531,case_order,"[""2021-0531""]",https://www.courts.nh.gov/sites/g/files/ehbemt471/files/documents/2024-03/20210531.pdf,source_case_number_and_caption,high,generated
2023-0075,case_order,"[""2023-0075""]",https://www.courts.nh.gov/sites/g/files/ehbemt471/files/documents/2024-04/20230075.pdf,source_case_number_and_caption,high,generated
2023-0643,case_order,"[""2023-0643""]",https://www.courts.nh.gov/sites/g/files/ehbemt471/files/documents/2024-04/20230643.pdf,source_case_number_and_caption,high,generated
2023-0227,case_order,"[""2023-0227""]",https://www.courts.nh.gov/sites/g/files/ehbemt471/files/documents/2024-04/20230227.pdf,source_case_number_and_caption,high,generated
2022-0705,case_order,"[""2022-0705""]",https://www.courts.nh.gov/sites/g/files/ehbemt471/files/documents/2024-04/20220705.pdf,source_case_number_and_caption,high,generated
2023-0652,case_order,"[""2023-0652""]",https://www.courts.nh.gov/sites/g/files/ehbemt471/files/documents/2024-04/20230652.pdf,source_case_number_and_caption,high,generated
2022-0670,case_order,"[""2022-0670""]",https://www.courts.nh.gov/sites/g/files/ehbemt471/files/documents/2024-04/20220670.pdf,source_case_number_and_caption,high,generated
2021-0443,case_order,"[""2021-0443""]",https://www.courts.nh.gov/sites/g/files/ehbemt471/files/documents/2024-04/20210443.pdf,source_case_number_and_caption,high,generated
2023-0270,case_order,"[""2023-0270""]",https://www.courts.nh.gov/sites/g/files/ehbemt471/files/documents/2024-04/20230270.pdf,source_case_number_and_caption,high,generated
2023-0530,case_order,"[""2023-0530""]",https://www.courts.nh.gov/sites/g/files/ehbemt471/files/documents/2024-04/20230530.pdf,source_case_number_and_caption,high,generated
2022-0745,case_order,"[""2022-0745""]",https://www.courts.nh.gov/sites/g/files/ehbemt471/files/documents/2024-04/20220745.pdf,source_case_number_and_caption,high,generated
2022-0293,case_order,"[""2022-0293""]",https://www.courts.nh.gov/sites/g/files/ehbemt471/files/documents/2024-04/20220293.pdf,source_case_number_and_caption,high,generated
2022-0581,case_order,"[""2022-0581""]",https://www.courts.nh.gov/sites/g/files/ehbemt471/files/documents/2024-03/20220581.pdf,source_case_number_and_caption,high,generated
2022-0212,case_order,"[""2022-0212""]",https://www.courts.nh.gov/sites/g/files/ehbemt471/files/documents/2024-02/20220212.pdf,source_case_number_and_caption,high,generated
2023-0255,case_order,"[""2023-0255""]",https://www.courts.nh.gov/sites/g/files/ehbemt471/files/documents/2024-03/20230255.pdf,source_case_number_and_caption,high,generated
2023-0566,case_order,"[""2023-0566""]",https://www.courts.nh.gov/sites/g/files/ehbemt471/files/documents/2024-03/20230566.pdf,source_case_number_and_caption,high,generated
2022-0604,case_order,"[""2022-0604""]",https://www.courts.nh.gov/sites/g/files/ehbemt471/files/documents/2024-03/20220604.pdf,source_case_number_and_caption,high,generated
2023-0473,case_order,"[""2023-0473""]",https://www.courts.nh.gov/sites/g/files/ehbemt471/files/documents/2024-03/20230473.pdf,source_case_number_and_caption,high,generated
2022-0569,case_order,"[""2022-0569""]",https://www.courts.nh.gov/sites/g/files/ehbemt471/files/documents/2024-03/20220569.pdf,source_case_number_and_caption,high,generated
2022-0674,case_order,"[""2022-0674""]",https://www.courts.nh.gov/sites/g/files/ehbemt471/files/documents/2024-03/20220674.pdf,source_case_number_and_caption,high,generated
2022-0222,case_order,"[""2022-0222""]",https://www.courts.nh.gov/sites/g/files/ehbemt471/files/documents/2024-02/20220222.pdf,source_case_number_and_caption,high,generated
2022-0525,case_order,"[""2022-0525""]",https://www.courts.nh.gov/sites/g/files/ehbemt471/files/documents/2024-02/20220525.pdf,source_case_number_and_caption,high,generated
2023-0033,case_order,"[""2023-0033""]",https://www.courts.nh.gov/sites/g/files/ehbemt471/files/documents/2024-02/20230033.pdf,source_case_number_and_caption,high,generated
2021-0425,case_order,"[""2021-0425""]",https://www.courts.nh.gov/sites/g/files/ehbemt471/files/documents/2024-02/20210425.pdf,source_case_number_and_caption,high,generated
2022-0251,case_order,"[""2022-0251""]",https://www.courts.nh.gov/sites/g/files/ehbemt471/files/documents/2024-02/20220251.pdf,source_case_number_and_caption,high,generated
2022-0201,case_order,"[""2022-0201""]",https://www.courts.nh.gov/sites/g/files/ehbemt471/files/documents/2024-02/20220201.pdf,source_case_number_and_caption,high,generated
2022-0583,case_order,"[""2022-0583""]",https://www.courts.nh.gov/sites/g/files/ehbemt471/files/documents/2024-02/20220583.pdf,source_case_number_and_caption,high,generated
2023-0012,case_order,"[""2023-0012""]",https://www.courts.nh.gov/sites/g/files/ehbemt471/files/documents/2024-02/20230012.pdf,source_case_number_and_caption,high,generated
2023-0513,case_order,"[""2023-0513""]",https://www.courts.nh.gov/sites/g/files/ehbemt471/files/documents/2024-03/20230513.pdf,source_case_number_and_caption,high,generated
2021-0572,case_order,"[""2021-0572""]",https://www.courts.nh.gov/sites/g/files/ehbemt471/files/documents/2024-03/20210572.pdf,source_case_number_and_caption,high,generated
2022-0313,case_order,"[""2022-0313""]",https://www.courts.nh.gov/sites/g/files/ehbemt471/files/documents/2024-03/20220313.pdf,source_case_number_and_caption,high,generated
2022-0445,case_order,"[""2022-0445""]",https://www.courts.nh.gov/sites/g/files/ehbemt471/files/documents/2024-02/20220445.pdf,source_case_number_and_caption,high,generated
2022-0129,case_order,"[""2022-0129""]",https://www.courts.nh.gov/sites/g/files/ehbemt471/files/documents/2024-02/20220129.pdf,source_case_number_and_caption,high,generated
2022-0707,case_order,"[""2022-0707"", ""2020-0249"", ""2020-0250""]",https://www.courts.nh.gov/sites/g/files/ehbemt471/files/documents/2024-02/20220707.pdf,source_case_number_and_caption,high,generated
2022-0544,case_order,"[""2022-0544""]",https://www.courts.nh.gov/sites/g/files/ehbemt471/files/documents/2024-01/20220544.pdf,source_case_number_and_caption,high,generated
2023-0491,case_order,"[""2023-0491""]",https://www.courts.nh.gov/sites/g/files/ehbemt471/files/documents/2024-02/20230491.pdf,source_case_number_and_caption,high,generated
2023-0452,case_order,"[""2023-0452""]",https://www.courts.nh.gov/sites/g/files/ehbemt471/files/documents/2024-02/20230452.pdf,source_case_number_and_caption,high,generated
2021-0362,case_order,"[""2021-0362""]",https://www.courts.nh.gov/sites/g/files/ehbemt471/files/documents/2024-01/20210362-2.pdf,source_case_number_and_caption,high,generated
2022-0658,case_order,"[""2022-0658""]",https://www.courts.nh.gov/sites/g/files/ehbemt471/files/documents/2024-02/20220658.pdf,source_case_number_and_caption,high,generated
2022-0712,case_order,"[""2022-0712""]",https://www.courts.nh.gov/sites/g/files/ehbemt471/files/documents/2024-02/20220712.pdf,source_case_number_and_caption,high,generated
2022-0334,case_order,"[""2022-0334""]",https://www.courts.nh.gov/sites/g/files/ehbemt471/files/documents/2024-01/20220334.pdf,source_case_number_and_caption,high,generated
2023-0168,case_order,"[""2023-0168""]",https://www.courts.nh.gov/sites/g/files/ehbemt471/files/documents/2024-02/20230168.pdf,source_case_number_and_caption,high,generated
2022-0572,case_order,"[""2022-0572""]",https://www.courts.nh.gov/sites/g/files/ehbemt471/files/documents/2024-02/20220572.pdf,source_case_number_and_caption,high,generated
2023-0125,case_order,"[""2023-0125""]",https://www.courts.nh.gov/sites/g/files/ehbemt471/files/documents/2024-02/20230125.pdf,source_case_number_and_caption,high,generated
2022-0614,case_order,"[""2022-0614""]",https://www.courts.nh.gov/sites/g/files/ehbemt471/files/documents/2024-02/20220614.pdf,source_case_number_and_caption,high,generated
2024-0358,case_order,"[""2024-0358""]",https://www.courts.nh.gov/sites/g/files/ehbemt471/files/documents/2025-12/20240358.pdf,source_case_number_and_caption,high,generated
2024-0061,case_order,"[""2024-0061""]",https://www.courts.nh.gov/sites/g/files/ehbemt471/files/documents/2025-12/20240061.pdf,source_case_number_and_caption,high,generated
2025-0397,case_order,"[""2025-0397""]",https://www.courts.nh.gov/sites/g/files/ehbemt471/files/documents/2026-01/20250397.pdf,source_case_number_and_caption,high,generated
2025-0455,case_order,"[""2025-0455""]",https://www.courts.nh.gov/sites/g/files/ehbemt471/files/documents/2026-01/20250455.pdf,source_case_number_and_caption,high,generated
2024-0319,case_order,"[""2024-0319""]",https://www.courts.nh.gov/sites/g/files/ehbemt471/files/documents/2025-12/20240319.pdf,source_case_number_and_caption,high,generated
2024-0674,case_order,"[""2024-0674""]",https://www.courts.nh.gov/sites/g/files/ehbemt471/files/documents/2025-12/20240674.pdf,source_case_number_and_caption,high,generated
2025-0089,case_order,"[""2025-0089""]",https://www.courts.nh.gov/sites/g/files/ehbemt471/files/documents/2026-01/20250089.pdf,source_case_number_and_caption,high,generated
2025-0015,case_order,"[""2025-0015""]",https://www.courts.nh.gov/sites/g/files/ehbemt471/files/documents/2025-12/20250015.pdf,source_case_number_and_caption,high,generated
2025-0151,case_order,"[""2025-0151""]",https://www.courts.nh.gov/sites/g/files/ehbemt471/files/documents/2025-12/20250151.pdf,source_case_number_and_caption,high,generated
2025-0012,case_order,"[""2025-0012""]",https://www.courts.nh.gov/sites/g/files/ehbemt471/files/documents/2025-12/20250012.pdf,source_case_number_and_caption,high,generated
2025-0191,case_order,"[""2025-0191""]",https://www.courts.nh.gov/sites/g/files/ehbemt471/files/documents/2025-12/20240191.pdf,source_case_number_and_caption,high,generated
2024-0714,case_order,"[""2024-0714""]",https://www.courts.nh.gov/sites/g/files/ehbemt471/files/documents/2025-12/20240714.pdf,source_case_number_and_caption,high,generated
2024-0323,case_order,"[""2024-0323""]",https://www.courts.nh.gov/sites/g/files/ehbemt471/files/documents/2025-12/20240323.pdf,source_case_number_and_caption,high,generated
2024-0701,case_order,"[""2024-0701""]",https://www.courts.nh.gov/sites/g/files/ehbemt471/files/documents/2025-12/20240701.pdf,source_case_number_and_caption,high,generated
2024-0242,case_order,"[""2024-0242""]",https://www.courts.nh.gov/sites/g/files/ehbemt471/files/documents/2025-11/20240242.pdf,source_case_number_and_caption,high,generated
2025-0400,case_order,"[""2025-0400""]",https://www.courts.nh.gov/sites/g/files/ehbemt471/files/documents/2025-12/20250400.pdf,source_case_number_and_caption,high,generated
2025-0134,case_order,"[""2025-0134""]",https://www.courts.nh.gov/sites/g/files/ehbemt471/files/documents/2025-12/20250134.pdf,source_case_number_and_caption,high,generated
2024-0327,case_order,"[""2024-0327""]",https://www.courts.nh.gov/sites/g/files/ehbemt471/files/documents/2025-11/20240327.pdf,source_case_number_and_caption,high,generated
2025-0290,case_order,"[""2025-0290""]",https://www.courts.nh.gov/sites/g/files/ehbemt471/files/documents/2025-12/20250290.pdf,source_case_number_and_caption,high,generated
2024-0631,case_order,"[""2024-0631""]",https://www.courts.nh.gov/sites/g/files/ehbemt471/files/documents/2025-12/20240631.pdf,source_case_number_and_caption,high,generated
2025-0146,case_order,"[""2025-0146""]",https://www.courts.nh.gov/sites/g/files/ehbemt471/files/documents/2025-12/20250146.pdf,source_case_number_and_caption,high,generated
2025-0377,case_order,"[""2025-0377""]",https://www.courts.nh.gov/sites/g/files/ehbemt471/files/documents/2025-12/20250377.pdf,source_case_number_and_caption,high,generated
2025-0018,case_order,"[""2025-0018""]",https://www.courts.nh.gov/sites/g/files/ehbemt471/files/documents/2025-12/20250018.pdf,source_case_number_and_caption,high,generated
2025-0376,case_order,"[""2025-0376""]",https://www.courts.nh.gov/sites/g/files/ehbemt471/files/documents/2025-12/20250376.pdf,source_case_number_and_caption,high,generated
2025-0339,case_order,"[""2025-0339""]",https://www.courts.nh.gov/sites/g/files/ehbemt471/files/documents/2025-12/20250339.pdf,source_case_number_and_caption,high,generated
2024-0644,case_order,"[""2024-0644""]",https://www.courts.nh.gov/sites/g/files/ehbemt471/files/documents/2025-12/20240644.pdf,source_case_number_and_caption,high,generated
2024-0576,case_order,"[""2024-0576""]",https://www.courts.nh.gov/sites/g/files/ehbemt471/files/documents/2025-12/20240576.pdf,source_case_number_and_caption,high,generated
2024-0681,case_order,"[""2024-0681""]",https://www.courts.nh.gov/sites/g/files/ehbemt471/files/documents/2025-12/20240681.pdf,source_case_number_and_caption,high,generated
2024-0690,case_order,"[""2024-0690""]",https://www.courts.nh.gov/sites/g/files/ehbemt471/files/documents/2025-12/20240690.pdf,source_case_number_and_caption,high,generated
2024-0419,case_order,"[""2024-0419""]",https://www.courts.nh.gov/sites/g/files/ehbemt471/files/documents/2025-10/20240419.pdf,source_case_number_and_caption,high,generated
2024-0599,case_order,"[""2024-0599""]",https://www.courts.nh.gov/sites/g/files/ehbemt471/files/documents/2025-11/20240599.pdf,source_case_number_and_caption,high,generated
2024-0589,case_order,"[""2024-0589""]",https://www.courts.nh.gov/sites/g/files/ehbemt471/files/documents/2025-11/20240589.pdf,source_case_number_and_caption,high,generated
2024-0647,case_order,"[""2024-0647""]",https://www.courts.nh.gov/sites/g/files/ehbemt471/files/documents/2025-11/20240647.pdf,source_case_number_and_caption,high,generated
2024-0652,case_order,"[""2024-0652""]",https://www.courts.nh.gov/sites/g/files/ehbemt471/files/documents/2025-11/20240652.pdf,source_case_number_and_caption,high,generated
2025-0013,case_order,"[""2025-0013""]",https://www.courts.nh.gov/sites/g/files/ehbemt471/files/documents/2025-11/20250013.pdf,source_case_number_and_caption,high,generated
2024-0468,case_order,"[""2024-0468""]",https://www.courts.nh.gov/sites/g/files/ehbemt471/files/documents/2025-11/20240468.pdf,source_case_number_and_caption,high,generated
2025-0002,case_order,"[""2025-0002""]",https://www.courts.nh.gov/sites/g/files/ehbemt471/files/documents/2025-11/20250002.pdf,source_case_number_and_caption,high,generated
2025-0078,case_order,"[""2025-0078""]",https://www.courts.nh.gov/sites/g/files/ehbemt471/files/documents/2025-11/20250078.pdf,source_case_number_and_caption,high,generated
2024-0685,case_order,"[""2024-0685""]",https://www.courts.nh.gov/sites/g/files/ehbemt471/files/documents/2025-11/20240685.pdf,source_case_number_and_caption,high,generated
2024-0698,case_order,"[""2024-0698""]",https://www.courts.nh.gov/sites/g/files/ehbemt471/files/documents/2025-10/20240698.pdf,source_case_number_and_caption,high,generated
2024-0254,case_order,"[""2024-0254""]",https://www.courts.nh.gov/sites/g/files/ehbemt471/files/documents/2025-10/20240254.pdf,source_case_number_and_caption,high,generated
2024-0587,case_order,"[""2024-0587""]",https://www.courts.nh.gov/sites/g/files/ehbemt471/files/documents/2025-10/20240587.pdf,source_case_number_and_caption,high,generated
2024-0660,case_order,"[""2024-0660""]",https://www.courts.nh.gov/sites/g/files/ehbemt471/files/documents/2025-10/20240660.pdf,source_case_number_and_caption,high,generated
2025-0007,case_order,"[""2025-0007"", ""2016-2019""]",https://www.courts.nh.gov/sites/g/files/ehbemt471/files/documents/2025-10/20250007.pdf,source_case_number_and_caption,high,generated
2024-0333,case_order,"[""2024-0333""]",https://www.courts.nh.gov/sites/g/files/ehbemt471/files/documents/2025-10/20240333.pdf,source_case_number_and_caption,high,generated
2024-0521,case_order,"[""2024-0521""]",https://www.courts.nh.gov/sites/g/files/ehbemt471/files/documents/2025-09/20240521.pdf,source_case_number_and_caption,high,generated
2024-0614,case_order,"[""2024-0614""]",https://www.courts.nh.gov/sites/g/files/ehbemt471/files/documents/2025-10/20240614.pdf,source_case_number_and_caption,high,generated
2024-0564,case_order,"[""2024-0564""]",https://www.courts.nh.gov/sites/g/files/ehbemt471/files/documents/2025-10/20240564.pdf,source_case_number_and_caption,high,generated
2024-0601,case_order,"[""2024-0601""]",https://www.courts.nh.gov/sites/g/files/ehbemt471/files/documents/2025-10/20240601.pdf,source_case_number_and_caption,high,generated
2024-0043,case_order,"[""2024-0043""]",https://www.courts.nh.gov/sites/g/files/ehbemt471/files/documents/2025-10/20240043.pdf,source_case_number_and_caption,high,generated
2024-0630,case_order,"[""2024-0630""]",https://www.courts.nh.gov/sites/g/files/ehbemt471/files/documents/2025-10/20240630.pdf,source_case_number_and_caption,high,generated
2025-0199,case_order,"[""2025-0199""]",https://www.courts.nh.gov/sites/g/files/ehbemt471/files/documents/2025-10/20250199.pdf,source_case_number_and_caption,high,generated
2024-0464,case_order,"[""2024-0464""]",https://www.courts.nh.gov/sites/g/files/ehbemt471/files/documents/2025-10/20240464.pdf,source_case_number_and_caption,high,generated
2024-0519,case_order,"[""2024-0519""]",https://www.courts.nh.gov/sites/g/files/ehbemt471/files/documents/2025-10/20240519.pdf,source_case_number_and_caption,high,generated
2024-0563,case_order,"[""2024-0563""]",https://www.courts.nh.gov/sites/g/files/ehbemt471/files/documents/2025-10/20240563.pdf,source_case_number_and_caption,high,generated
2024-0415,case_order,"[""2024-0415""]",https://www.courts.nh.gov/sites/g/files/ehbemt471/files/documents/2025-10/20240415.pdf,source_case_number_and_caption,high,generated
2024-0544,case_order,"[""2024-0544""]",https://www.courts.nh.gov/sites/g/files/ehbemt471/files/documents/2025-10/20240544.pdf,source_case_number_and_caption,high,generated
2024-0233,case_order,"[""2024-0233""]",https://www.courts.nh.gov/sites/g/files/ehbemt471/files/documents/2025-08/20240233.pdf,source_case_number_and_caption,high,generated
2023-0647,case_order,"[""2023-0647""]",https://www.courts.nh.gov/sites/g/files/ehbemt471/files/documents/2025-08/20230647.pdf,source_case_number_and_caption,high,generated
2024-0198,case_order,"[""2024-0198""]",https://www.courts.nh.gov/sites/g/files/ehbemt471/files/documents/2025-09/20240198.pdf,source_case_number_and_caption,high,generated
2024-0662,case_order,"[""2024-0662""]",https://www.courts.nh.gov/sites/g/files/ehbemt471/files/documents/2025-11/20240662.pdf,source_case_number_and_caption,high,generated
2024-0414,case_order,"[""2024-0414""]",https://www.courts.nh.gov/sites/g/files/ehbemt471/files/documents/2025-09/20240414.pdf,source_case_number_and_caption,high,generated
2023-0518,case_order,"[""2023-0518""]",https://www.courts.nh.gov/sites/g/files/ehbemt471/files/documents/2025-09/20230518.pdf,source_case_number_and_caption,high,generated
2024-0581,case_order,"[""2024-0581""]",https://www.courts.nh.gov/sites/g/files/ehbemt471/files/documents/2025-09/20240581.pdf,source_case_number_and_caption,high,generated
2024-0453,case_order,"[""2024-0453""]",https://www.courts.nh.gov/sites/g/files/ehbemt471/files/documents/2025-09/20240453.pdf,source_case_number_and_caption,high,generated
2025-0083,case_order,"[""2025-0083""]",https://www.courts.nh.gov/sites/g/files/ehbemt471/files/documents/2025-09/20250083.pdf,source_case_number_and_caption,high,generated
20240569and20240570,case_order,"[""2024-0569"", ""2024-0570""]",https://www.courts.nh.gov/sites/g/files/ehbemt471/files/documents/2025-09/20240569and20240570.pdf,caption_text,high,generated
2024-0334,case_order,"[""2024-0334""]",https://www.courts.nh.gov/sites/g/files/ehbemt471/files/documents/2025-09/20240334.pdf,source_case_number_and_caption,high,generated
2024-0557,case_order,"[""2024-0557""]",https://www.courts.nh.gov/sites/g/files/ehbemt471/files/documents/2025-09/20240557.pdf,source_case_number_and_caption,high,generated
2024-0488,case_order,"[""2024-0488""]",https://www.courts.nh.gov/sites/g/files/ehbemt471/files/documents/2025-09/20240488.pdf,source_case_number_and_caption,high,generated
2024-0474,case_order,"[""2024-0474""]",https://www.courts.nh.gov/sites/g/files/ehbemt471/files/documents/2025-09/20240474.pdf,source_case_number_and_caption,high,generated
2024-0558,case_order,"[""2024-0558""]",https://www.courts.nh.gov/sites/g/files/ehbemt471/files/documents/2025-09/20240558.pdf,source_case_number_and_caption,high,generated
2024-0292,case_order,"[""2024-0292""]",https://www.courts.nh.gov/sites/g/files/ehbemt471/files/documents/2025-09/20240292.pdf,source_case_number_and_caption,high,generated
2024-0455,case_order,"[""2024-0455""]",https://www.courts.nh.gov/sites/g/files/ehbemt471/files/documents/2025-09/20240455.pdf,source_case_number_and_caption,high,generated
2024-0700,case_order,"[""2024-0700""]",https://www.courts.nh.gov/sites/g/files/ehbemt471/files/documents/2025-09/20240700.pdf,source_case_number_and_caption,high,generated
2024-0330,case_order,"[""2024-0330""]",https://www.courts.nh.gov/sites/g/files/ehbemt471/files/documents/2025-08/20240330.pdf,source_case_number_and_caption,high,generated
2025-0017,case_order,"[""2025-0017""]",https://www.courts.nh.gov/sites/g/files/ehbemt471/files/documents/2025-08/20250017.pdf,source_case_number_and_caption,high,generated
2024-0224,case_order,"[""2024-0224""]",https://www.courts.nh.gov/sites/g/files/ehbemt471/files/documents/2025-08/20240224.pdf,source_case_number_and_caption,high,generated
2024-0320,case_order,"[""2024-0320""]",https://www.courts.nh.gov/sites/g/files/ehbemt471/files/documents/2025-08/20240320.pdf,source_case_number_and_caption,high,generated
2023-0400,case_order,"[""2023-0400""]",https://www.courts.nh.gov/sites/g/files/ehbemt471/files/documents/2025-08/20230400.pdf,source_case_number_and_caption,high,generated
2024-0252,case_order,"[""2024-0252""]",https://www.courts.nh.gov/sites/g/files/ehbemt471/files/documents/2025-08/20240252.pdf,source_case_number_and_caption,high,generated
2024-0046,case_order,"[""2024-0046""]",https://www.courts.nh.gov/sites/g/files/ehbemt471/files/documents/2025-08/20240046.pdf,source_case_number_and_caption,high,generated
2024-0412,case_order,"[""2024-0412""]",https://www.courts.nh.gov/sites/g/files/ehbemt471/files/documents/2025-07/20240412.pdf,source_case_number_and_caption,high,generated
2024-0403,case_order,"[""2024-0403""]",https://www.courts.nh.gov/sites/g/files/ehbemt471/files/documents/2025-08/20240403.pdf,source_case_number_and_caption,high,generated
2024-0186,case_order,"[""2024-0186""]",https://www.courts.nh.gov/sites/g/files/ehbemt471/files/documents/2025-07/20240186.pdf,source_case_number_and_caption,high,generated
2024-0428,case_order,"[""2024-0428""]",https://www.courts.nh.gov/sites/g/files/ehbemt471/files/documents/2025-07/20240428.pdf,source_case_number_and_caption,high,generated
2024-0376,case_order,"[""2024-0376""]",https://www.courts.nh.gov/sites/g/files/ehbemt471/files/documents/2025-08/20240376.pdf,source_case_number_and_caption,high,generated
2024-0220,case_order,"[""2024-0220""]",https://www.courts.nh.gov/sites/g/files/ehbemt471/files/documents/2025-08/20240220.pdf,source_case_number_and_caption,high,generated
2024-0594,case_order,"[""2024-0594""]",https://www.courts.nh.gov/sites/g/files/ehbemt471/files/documents/2025-08/20240594.pdf,source_case_number_and_caption,high,generated
2025-0106,case_order,"[""2025-0106""]",https://www.courts.nh.gov/sites/g/files/ehbemt471/files/documents/2025-08/20250106.pdf,source_case_number_and_caption,high,generated
2023-0495,case_order,"[""2023-0495""]",https://www.courts.nh.gov/sites/g/files/ehbemt471/files/documents/2025-08/20230495.pdf,source_case_number_and_caption,high,generated
2025-0138,case_order,"[""2025-0138""]",https://www.courts.nh.gov/sites/g/files/ehbemt471/files/documents/2025-08/20250138.pdf,source_case_number_and_caption,high,generated
2025-0044,case_order,"[""2025-0044""]",https://www.courts.nh.gov/sites/g/files/ehbemt471/files/documents/2025-08/20250044.pdf,source_case_number_and_caption,high,generated
2024-0418,case_order,"[""2024-0418""]",https://www.courts.nh.gov/sites/g/files/ehbemt471/files/documents/2025-08/20240418.pdf,source_case_number_and_caption,high,generated
2025-0156,case_order,"[""2025-0156""]",https://www.courts.nh.gov/sites/g/files/ehbemt471/files/documents/2025-08/20250156.pdf,source_case_number_and_caption,high,generated
2025-0039,case_order,"[""2025-0039""]",https://www.courts.nh.gov/sites/g/files/ehbemt471/files/documents/2025-08/20250039.pdf,source_case_number_and_caption,high,generated
2024-0405,case_order,"[""2024-0405""]",https://www.courts.nh.gov/sites/g/files/ehbemt471/files/documents/2025-08/20250405.pdf,source_case_number_and_caption,high,generated
2024-0367,case_order,"[""2024-0367""]",https://www.courts.nh.gov/sites/g/files/ehbemt471/files/documents/2025-08/20240367.pdf,source_case_number_and_caption,high,generated
2024-0377,case_order,"[""2024-0377""]",https://www.courts.nh.gov/sites/g/files/ehbemt471/files/documents/2025-08/20240377.pdf,source_case_number_and_caption,high,generated
2024-0541,case_order,"[""2024-0541""]",https://www.courts.nh.gov/sites/g/files/ehbemt471/files/documents/2025-08/20240541.pdf,source_case_number_and_caption,high,generated
2024-0370,case_order,"[""2024-0370""]",https://www.courts.nh.gov/sites/g/files/ehbemt471/files/documents/2025-08/20240370.pdf,source_case_number_and_caption,high,generated
2023-0700,case_order,"[""2023-0700""]",https://www.courts.nh.gov/sites/g/files/ehbemt471/files/documents/2025-07/20230700.pdf,source_case_number_and_caption,high,generated
2024-0556,case_order,"[""2024-0556""]",https://www.courts.nh.gov/sites/g/files/ehbemt471/files/documents/2025-08/20240556.pdf,source_case_number_and_caption,high,generated
2024-0523,case_order,"[""2024-0523""]",https://www.courts.nh.gov/sites/g/files/ehbemt471/files/documents/2025-07/20240523.pdf,source_case_number_and_caption,high,generated
2024-0524,case_order,"[""2024-0524""]",https://www.courts.nh.gov/sites/g/files/ehbemt471/files/documents/2025-07/20240524.pdf,source_case_number_and_caption,high,generated
2024-0068,case_order,"[""2024-0068""]",https://www.courts.nh.gov/sites/g/files/ehbemt471/files/documents/2025-07/20240068.pdf,source_case_number_and_caption,high,generated
2024-0142,case_order,"[""2024-0142""]",https://www.courts.nh.gov/sites/g/files/ehbemt471/files/documents/2025-06/20240142.pdf,source_case_number_and_caption,high,generated
2024-0395,case_order,"[""2024-0395""]",https://www.courts.nh.gov/sites/g/files/ehbemt471/files/documents/2025-06/20240395.pdf,source_case_number_and_caption,high,generated
2023-0660,case_order,"[""2023-0660""]",https://www.courts.nh.gov/sites/g/files/ehbemt471/files/documents/2025-06/20230660.pdf,source_case_number_and_caption,high,generated
2023-0661,case_order,"[""2023-0661""]",https://www.courts.nh.gov/sites/g/files/ehbemt471/files/documents/2025-06/20230661.pdf,source_case_number_and_caption,high,generated
2025-0021,case_order,"[""2025-0021""]",https://www.courts.nh.gov/sites/g/files/ehbemt471/files/documents/2025-07/20250021.pdf,source_case_number_and_caption,high,generated
2024-0213,case_order,"[""2024-0213""]",https://www.courts.nh.gov/sites/g/files/ehbemt471/files/documents/2025-06/20240213.pdf,source_case_number_and_caption,high,generated
2024-0373,case_order,"[""2024-0373""]",https://www.courts.nh.gov/sites/g/files/ehbemt471/files/documents/2025-07/20240373.pdf,source_case_number_and_caption,high,generated
2023-0640,case_order,"[""2023-0640"", ""2021-2022"", ""2022-2023""]",https://www.courts.nh.gov/sites/g/files/ehbemt471/files/documents/2025-06/20230640.pdf,source_case_number_and_caption,high,generated
20240410and20240571,case_order,"[""2024-0410"", ""2024-0571""]",https://www.courts.nh.gov/sites/g/files/ehbemt471/files/documents/2025-07/20240410and20240571.pdf,caption_text,high,generated
2024-0191,case_order,"[""2024-0191"", ""2025-0191""]",https://www.courts.nh.gov/sites/g/files/ehbemt471/files/documents/2025-07/20240191.pdf,source_case_number_and_caption,high,generated
2024-0012,case_order,"[""2024-0012""]",https://www.courts.nh.gov/sites/g/files/ehbemt471/files/documents/2025-07/20240012.pdf,source_case_number_and_caption,high,generated
2023-0356,case_order,"[""2023-0356""]",https://www.courts.nh.gov/sites/g/files/ehbemt471/files/documents/2025-06/20230356.pdf,source_case_number_and_caption,high,generated
2024-0547,case_order,"[""2024-0547""]",https://www.courts.nh.gov/sites/g/files/ehbemt471/files/documents/2025-07/20240547.pdf,source_case_number_and_caption,high,generated
2024-0031,case_order,"[""2024-0031""]",https://www.courts.nh.gov/sites/g/files/ehbemt471/files/documents/2025-06/20240031.pdf,source_case_number_and_caption,high,generated
2023-0605,case_order,"[""2023-0605""]",https://www.courts.nh.gov/sites/g/files/ehbemt471/files/documents/2025-07/20230605.pdf,source_case_number_and_caption,high,generated
2024-0259,case_order,"[""2024-0259""]",https://www.courts.nh.gov/sites/g/files/ehbemt471/files/documents/2025-06/20240259.pdf,source_case_number_and_caption,high,generated
2023-0092,case_order,"[""2023-0092""]",https://www.courts.nh.gov/sites/g/files/ehbemt471/files/documents/2025-06/20230092.pdf,source_case_number_and_caption,high,generated
2024-0204,case_order,"[""2024-0204""]",https://www.courts.nh.gov/sites/g/files/ehbemt471/files/documents/2025-06/20240204.pdf,source_case_number_and_caption,high,generated
2024-0676,case_order,"[""2024-0676""]",https://www.courts.nh.gov/sites/g/files/ehbemt471/files/documents/2025-07/20240676.pdf,source_case_number_and_caption,high,generated
2024-0328,case_order,"[""2024-0328""]",https://www.courts.nh.gov/sites/g/files/ehbemt471/files/documents/2025-07/20240328.pdf,source_case_number_and_caption,high,generated
2023-0579,case_order,"[""2023-0579""]",https://www.courts.nh.gov/sites/g/files/ehbemt471/files/documents/2025-07/20230579.pdf,source_case_number_and_caption,high,generated
2024-0602,case_order,"[""2024-0602""]",https://www.courts.nh.gov/sites/g/files/ehbemt471/files/documents/2025-06/20240602.pdf,source_case_number_and_caption,high,generated
2023-0614,case_order,"[""2023-0614""]",https://www.courts.nh.gov/sites/g/files/ehbemt471/files/documents/2025-05/20230614.pdf,source_case_number_and_caption,high,generated
2024-0276,case_order,"[""2024-0276""]",https://www.courts.nh.gov/sites/g/files/ehbemt471/files/documents/2025-06/20240276.pdf,source_case_number_and_caption,high,generated
2024-0189,case_order,"[""2024-0189""]",https://www.courts.nh.gov/sites/g/files/ehbemt471/files/documents/2025-05/20240189.pdf,source_case_number_and_caption,high,generated
2024-0650,case_order,"[""2024-0650""]",https://www.courts.nh.gov/sites/g/files/ehbemt471/files/documents/2025-06/20240650.pdf,source_case_number_and_caption,high,generated
2023-0754,case_order,"[""2023-0754""]",https://www.courts.nh.gov/sites/g/files/ehbemt471/files/documents/2025-05/20230754.pdf,source_case_number_and_caption,high,generated
2024-0706,case_order,"[""2024-0706""]",https://www.courts.nh.gov/sites/g/files/ehbemt471/files/documents/2025-06/20240706.pdf,source_case_number_and_caption,high,generated
2024-0102,case_order,"[""2024-0102""]",https://www.courts.nh.gov/sites/g/files/ehbemt471/files/documents/2025-06/20240102.pdf,source_case_number_and_caption,high,generated
2024-0341,case_order,"[""2024-0341""]",https://www.courts.nh.gov/sites/g/files/ehbemt471/files/documents/2025-06/20240341.pdf,source_case_number_and_caption,high,generated
2023-0641,case_order,"[""2023-0641""]",https://www.courts.nh.gov/sites/g/files/ehbemt471/files/documents/2025-06/20230641.pdf,source_case_number_and_caption,high,generated
2025-0008,case_order,"[""2025-0008""]",https://www.courts.nh.gov/sites/g/files/ehbemt471/files/documents/2025-06/20250008.pdf,source_case_number_and_caption,high,generated
2025-0037,case_order,"[""2025-0037""]",https://www.courts.nh.gov/sites/g/files/ehbemt471/files/documents/2025-06/20250037.pdf,source_case_number_and_caption,high,generated
2025-0045,case_order,"[""2025-0045""]",https://www.courts.nh.gov/sites/g/files/ehbemt471/files/documents/2025-06/20250045.pdf,source_case_number_and_caption,high,generated
2024-0374,case_order,"[""2024-0374""]",https://www.courts.nh.gov/sites/g/files/ehbemt471/files/documents/2025-06/20240374.pdf,source_case_number_and_caption,high,generated
2024-0151,case_order,"[""2024-0151""]",https://www.courts.nh.gov/sites/g/files/ehbemt471/files/documents/2025-05/20240151.pdf,source_case_number_and_caption,high,generated
2024-0107,case_order,"[""2024-0107""]",https://www.courts.nh.gov/sites/g/files/ehbemt471/files/documents/2025-06/20240107.pdf,source_case_number_and_caption,high,generated
20220730and20240169,case_order,"[""2022-0730"", ""2024-0169""]",https://www.courts.nh.gov/sites/g/files/ehbemt471/files/documents/2025-05/20220730and20240169.pdf,caption_text,high,generated
2023-0706,case_order,"[""2023-0706""]",https://www.courts.nh.gov/sites/g/files/ehbemt471/files/documents/2025-05/20230706.pdf,source_case_number_and_caption,high,generated
2024-0387,case_order,"[""2024-0387"", ""2021-0222""]",https://www.courts.nh.gov/sites/g/files/ehbemt471/files/documents/2025-05/20240387.pdf,source_case_number_and_caption,high,generated
2024-0444,case_order,"[""2024-0444""]",https://www.courts.nh.gov/sites/g/files/ehbemt471/files/documents/2025-05/20240444.pdf,source_case_number_and_caption,high,generated
2023-0443,case_order,"[""2023-0443""]",https://www.courts.nh.gov/sites/g/files/ehbemt471/files/documents/2025-04/20230443.pdf,source_case_number_and_caption,high,generated
2024-0235,case_order,"[""2024-0235""]",https://www.courts.nh.gov/sites/g/files/ehbemt471/files/documents/2025-04/20240235.pdf,source_case_number_and_caption,high,generated
2024-0202,case_order,"[""2024-0202""]",https://www.courts.nh.gov/sites/g/files/ehbemt471/files/documents/2025-05/20240202.pdf,source_case_number_and_caption,high,generated
2023-0559,case_order,"[""2023-0559""]",https://www.courts.nh.gov/sites/g/files/ehbemt471/files/documents/2025-04/20230559.pdf,source_case_number_and_caption,high,generated
2024-0346,case_order,"[""2024-0346""]",https://www.courts.nh.gov/sites/g/files/ehbemt471/files/documents/2025-04/20240346.pdf,source_case_number_and_caption,high,generated
2023-0628,case_order,"[""2023-0628""]",https://www.courts.nh.gov/sites/g/files/ehbemt471/files/documents/2025-04/20230628.pdf,source_case_number_and_caption,high,generated
2024-0026,case_order,"[""2024-0026""]",https://www.courts.nh.gov/sites/g/files/ehbemt471/files/documents/2025-05/20240026.pdf,source_case_number_and_caption,high,generated
2024-0136,case_order,"[""2024-0136""]",https://www.courts.nh.gov/sites/g/files/ehbemt471/files/documents/2025-05/20240136.pdf,source_case_number_and_caption,high,generated
2024-0223,case_order,"[""2024-0223""]",https://www.courts.nh.gov/sites/g/files/ehbemt471/files/documents/2025-05/20240223.pdf,source_case_number_and_caption,high,generated
2023-0417,case_order,"[""2023-0417""]",https://www.courts.nh.gov/sites/g/files/ehbemt471/files/documents/2025-05/20230417.pdf,source_case_number_and_caption,high,generated
2024-0642,case_order,"[""2024-0642""]",https://www.courts.nh.gov/sites/g/files/ehbemt471/files/documents/2025-05/20240642.pdf,source_case_number_and_caption,high,generated
2024-0446,case_order,"[""2024-0446""]",https://www.courts.nh.gov/sites/g/files/ehbemt471/files/documents/2025-05/20240446.pdf,source_case_number_and_caption,high,generated
2024-0653,case_order,"[""2024-0653""]",https://www.courts.nh.gov/sites/g/files/ehbemt471/files/documents/2025-05/20240653.pdf,source_case_number_and_caption,high,generated
2024-0338,case_order,"[""2024-0338""]",https://www.courts.nh.gov/sites/g/files/ehbemt471/files/documents/2025-05/20240338.pdf,source_case_number_and_caption,high,generated
2023-0561,case_order,"[""2023-0561"", ""2019-2020""]",https://www.courts.nh.gov/sites/g/files/ehbemt471/files/documents/2025-04/20230561.pdf,source_case_number_and_caption,high,generated
2023-0649,case_order,"[""2023-0649""]",https://www.courts.nh.gov/sites/g/files/ehbemt471/files/documents/2025-05/20230649.pdf,source_case_number_and_caption,high,generated
2025-0020,case_order,"[""2025-0020""]",https://www.courts.nh.gov/sites/g/files/ehbemt471/files/documents/2025-05/20250020.pdf,source_case_number_and_caption,high,generated
2024-0240,case_order,"[""2024-0240""]",https://www.courts.nh.gov/sites/g/files/ehbemt471/files/documents/2025-05/20240240.pdf,source_case_number_and_caption,high,generated
2022-0628,case_order,"[""2022-0628""]",https://www.courts.nh.gov/sites/g/files/ehbemt471/files/documents/2025-04/20220628.pdf,source_case_number_and_caption,high,generated
2023-0263,case_order,"[""2023-0263""]",https://www.courts.nh.gov/sites/g/files/ehbemt471/files/documents/2025-04/20230263.pdf,source_case_number_and_caption,high,generated
2023-0302,case_order,"[""2023-0302""]",https://www.courts.nh.gov/sites/g/files/ehbemt471/files/documents/2025-04/20230302.pdf,source_case_number_and_caption,high,generated
2024-0075,case_order,"[""2024-0075""]",https://www.courts.nh.gov/sites/g/files/ehbemt471/files/documents/2025-04/20240075.pdf,source_case_number_and_caption,high,generated
2023-0629,case_order,"[""2023-0629""]",https://www.courts.nh.gov/sites/g/files/ehbemt471/files/documents/2025-04/20230629.pdf,source_case_number_and_caption,high,generated
2023-0521,case_order,"[""2023-0521""]",https://www.courts.nh.gov/sites/g/files/ehbemt471/files/documents/2025-04/20230521.pdf,source_case_number_and_caption,high,generated
2022-0342,case_order,"[""2022-0342""]",https://www.courts.nh.gov/sites/g/files/ehbemt471/files/documents/2025-04/20220342.pdf,source_case_number_and_caption,high,generated
20220353and20220415,case_order,"[""2022-0353"", ""2022-0415""]",https://www.courts.nh.gov/sites/g/files/ehbemt471/files/documents/2025-04/20220353and20220415.pdf,caption_text,high,generated
2024-0595,case_order,"[""2024-0595""]",https://www.courts.nh.gov/sites/g/files/ehbemt471/files/documents/2025-05/20240595.pdf,source_case_number_and_caption,high,generated
2024-0345,case_order,"[""2024-0345""]",https://www.courts.nh.gov/sites/g/files/ehbemt471/files/documents/2025-04/20240345.pdf,source_case_number_and_caption,high,generated
2024-0172,case_order,"[""2024-0172""]",https://www.courts.nh.gov/sites/g/files/ehbemt471/files/documents/2025-04/20240172.pdf,source_case_number_and_caption,high,generated
2024-0222,case_order,"[""2024-0222""]",https://www.courts.nh.gov/sites/g/files/ehbemt471/files/documents/2025-04/20240222.pdf,source_case_number_and_caption,high,generated
2023-0487,case_order,"[""2023-0487""]",https://www.courts.nh.gov/sites/g/files/ehbemt471/files/documents/2025-03/20230487.pdf,source_case_number_and_caption,high,generated
2023-0755,case_order,"[""2023-0755""]",https://www.courts.nh.gov/sites/g/files/ehbemt471/files/documents/2025-03/20230755.pdf,source_case_number_and_caption,high,generated
2023-0213,case_order,"[""2023-0213""]",https://www.courts.nh.gov/sites/g/files/ehbemt471/files/documents/2025-03/20230213.pdf,source_case_number_and_caption,high,generated
2024-0135,case_order,"[""2024-0135""]",https://www.courts.nh.gov/sites/g/files/ehbemt471/files/documents/2025-04/20240135.pdf,source_case_number_and_caption,high,generated
2023-0457,case_order,"[""2023-0457""]",https://www.courts.nh.gov/sites/g/files/ehbemt471/files/documents/2025-04/20230457.pdf,source_case_number_and_caption,high,generated
2024-0369,case_order,"[""2024-0369""]",https://www.courts.nh.gov/sites/g/files/ehbemt471/files/documents/2025-04/20240369.pdf,source_case_number_and_caption,high,generated
2023-0729,case_order,"[""2023-0729""]",https://www.courts.nh.gov/sites/g/files/ehbemt471/files/documents/2025-04/20230729.pdf,source_case_number_and_caption,high,generated
2024-0207,case_order,"[""2024-0207""]",https://www.courts.nh.gov/sites/g/files/ehbemt471/files/documents/2025-04/20240207.pdf,source_case_number_and_caption,high,generated
2024-0379,case_order,"[""2024-0379""]",https://www.courts.nh.gov/sites/g/files/ehbemt471/files/documents/2025-04/20240379.pdf,source_case_number_and_caption,high,generated
2024-0269,case_order,"[""2024-0269""]",https://www.courts.nh.gov/sites/g/files/ehbemt471/files/documents/2025-03/20240269.pdf,source_case_number_and_caption,high,generated
2023-0257,case_order,"[""2023-0257""]",https://www.courts.nh.gov/sites/g/files/ehbemt471/files/documents/2025-03/20230257.pdf,source_case_number_and_caption,high,generated
2023-0540,case_order,"[""2023-0540""]",https://www.courts.nh.gov/sites/g/files/ehbemt471/files/documents/2025-03/20230540.pdf,source_case_number_and_caption,high,generated
2024-0019,case_order,"[""2024-0019""]",https://www.courts.nh.gov/sites/g/files/ehbemt471/files/documents/2025-03/20240019.pdf,source_case_number_and_caption,high,generated
2023-0247,case_order,"[""2023-0247""]",https://www.courts.nh.gov/sites/g/files/ehbemt471/files/documents/2025-03/20230247.pdf,source_case_number_and_caption,high,generated
20240156and20240157,case_order,"[""2024-0156"", ""2024-0157""]",https://www.courts.nh.gov/sites/g/files/ehbemt471/files/documents/2025-04/20240156and20240157.pdf,caption_text,high,generated
2023-0545,case_order,"[""2023-0545""]",https://www.courts.nh.gov/sites/g/files/ehbemt471/files/documents/2025-02/20230545.pdf,source_case_number_and_caption,high,generated
2024-0441,case_order,"[""2024-0441""]",https://www.courts.nh.gov/sites/g/files/ehbemt471/files/documents/2025-02/20240441.pdf,source_case_number_and_caption,high,generated
2024-0316,case_order,"[""2024-0316""]",https://www.courts.nh.gov/sites/g/files/ehbemt471/files/documents/2025-03/20240316.pdf,source_case_number_and_caption,high,generated
2024-0268,case_order,"[""2024-0268""]",https://www.courts.nh.gov/sites/g/files/ehbemt471/files/documents/2025-03/20240268.pdf,source_case_number_and_caption,high,generated
2024-0004,case_order,"[""2024-0004""]",https://www.courts.nh.gov/sites/g/files/ehbemt471/files/documents/2025-03/20240004.pdf,source_case_number_and_caption,high,generated
2024-0023,case_order,"[""2024-0023""]",https://www.courts.nh.gov/sites/g/files/ehbemt471/files/documents/2025-02/20240023.pdf,source_case_number_and_caption,high,generated
2024-0193,case_order,"[""2024-0193""]",https://www.courts.nh.gov/sites/g/files/ehbemt471/files/documents/2025-03/20240193.pdf,source_case_number_and_caption,high,generated
2024-0306,case_order,"[""2024-0306""]",https://www.courts.nh.gov/sites/g/files/ehbemt471/files/documents/2025-03/20240306.pdf,source_case_number_and_caption,high,generated
2024-0613,case_order,"[""2024-0613""]",https://www.courts.nh.gov/sites/g/files/ehbemt471/files/documents/2025-03/20240613.pdf,source_case_number_and_caption,high,generated
2024-0168,case_order,"[""2024-0168""]",https://www.courts.nh.gov/sites/g/files/ehbemt471/files/documents/2025-03/20240168.pdf,source_case_number_and_caption,high,generated
2024-0289,case_order,"[""2024-0289""]",https://www.courts.nh.gov/sites/g/files/ehbemt471/files/documents/2025-03/20240289.pdf,source_case_number_and_caption,high,generated
2024-0577,case_order,"[""2024-0577""]",https://www.courts.nh.gov/sites/g/files/ehbemt471/files/documents/2025-03/20240577.pdf,source_case_number_and_caption,high,generated
2023-0354,case_order,"[""2023-0354""]",https://www.courts.nh.gov/sites/g/files/ehbemt471/files/documents/2025-03/20230354.pdf,source_case_number_and_caption,high,generated
2024-0231,case_order,"[""2024-0231""]",https://www.courts.nh.gov/sites/g/files/ehbemt471/files/documents/2025-03/20240231.pdf,source_case_number_and_caption,high,generated
2023-0281,case_order,"[""2023-0281""]",https://www.courts.nh.gov/sites/g/files/ehbemt471/files/documents/2025-02/20230281.pdf,source_case_number_and_caption,high,generated
2023-0536,case_order,"[""2023-0536""]",https://www.courts.nh.gov/sites/g/files/ehbemt471/files/documents/2025-02/20230536.pdf,source_case_number_and_caption,high,generated
2023-0198,case_order,"[""2023-0198""]",https://www.courts.nh.gov/sites/g/files/ehbemt471/files/documents/2025-02/20230198.pdf,source_case_number_and_caption,high,generated
2023-0409,case_order,"[""2023-0409""]",https://www.courts.nh.gov/sites/g/files/ehbemt471/files/documents/2025-02/20230409.pdf,source_case_number_and_caption,high,generated
2022-0008,case_order,"[""2022-0008""]",https://www.courts.nh.gov/sites/g/files/ehbemt471/files/documents/2025-02/20220008.pdf,source_case_number_and_caption,high,generated
2023-0345,case_order,"[""2023-0345""]",https://www.courts.nh.gov/sites/g/files/ehbemt471/files/documents/2025-02/20230345.pdf,source_case_number_and_caption,high,generated
2023-0477,case_order,"[""2023-0477""]",https://www.courts.nh.gov/sites/g/files/ehbemt471/files/documents/2025-02/20230477.pdf,source_case_number_and_caption,high,generated
2024-0074,case_order,"[""2024-0074""]",https://www.courts.nh.gov/sites/g/files/ehbemt471/files/documents/2025-02/20240074.pdf,source_case_number_and_caption,high,generated
2024-0088,case_order,"[""2024-0088""]",https://www.courts.nh.gov/sites/g/files/ehbemt471/files/documents/2025-02/20240088.pdf,source_case_number_and_caption,high,generated
2024-0263,case_order,"[""2024-0263""]",https://www.courts.nh.gov/sites/g/files/ehbemt471/files/documents/2025-02/20240263.pdf,source_case_number_and_caption,high,generated
2024-0114,case_order,"[""2024-0114""]",https://www.courts.nh.gov/sites/g/files/ehbemt471/files/documents/2025-02/20240114.pdf,source_case_number_and_caption,high,generated
2023-0623,case_order,"[""2023-0623""]",https://www.courts.nh.gov/sites/g/files/ehbemt471/files/documents/2025-02/20230623.pdf,source_case_number_and_caption,high,generated
2023-0724,case_order,"[""2023-0724""]",https://www.courts.nh.gov/sites/g/files/ehbemt471/files/documents/2025-02/20230724.pdf,source_case_number_and_caption,high,generated
2024-0312,case_order,"[""2024-0312""]",https://www.courts.nh.gov/sites/g/files/ehbemt471/files/documents/2025-02/20240312.pdf,source_case_number_and_caption,high,generated
2024-0131,case_order,"[""2024-0131""]",https://www.courts.nh.gov/sites/g/files/ehbemt471/files/documents/2025-02/20240131.pdf,source_case_number_and_caption,high,generated
2024-0208,case_order,"[""2024-0208""]",https://www.courts.nh.gov/sites/g/files/ehbemt471/files/documents/2025-02/20240208.pdf,source_case_number_and_caption,high,generated
2024-0100,case_order,"[""2024-0100""]",https://www.courts.nh.gov/sites/g/files/ehbemt471/files/documents/2025-02/20240100.pdf,source_case_number_and_caption,high,generated
2023-0352,case_order,"[""2023-0352""]",https://www.courts.nh.gov/sites/g/files/ehbemt471/files/documents/2025-01/20230352.pdf,source_case_number_and_caption,high,generated
2024-0300,case_order,"[""2024-0300""]",https://www.courts.nh.gov/sites/g/files/ehbemt471/files/documents/2025-02/20240300.pdf,source_case_number_and_caption,high,generated
2023-0416,case_order,"[""2023-0416""]",https://www.courts.nh.gov/sites/g/files/ehbemt471/files/documents/2025-01/20230416.pdf,source_case_number_and_caption,high,generated
2023-0456,case_order,"[""2023-0456""]",https://www.courts.nh.gov/sites/g/files/ehbemt471/files/documents/2025-01/20230456.pdf,source_case_number_and_caption,high,generated
2024-0236,case_order,"[""2024-0236""]",https://www.courts.nh.gov/sites/g/files/ehbemt471/files/documents/2025-02/20240236.pdf,source_case_number_and_caption,high,generated
2024-0141,case_order,"[""2024-0141""]",https://www.courts.nh.gov/sites/g/files/ehbemt471/files/documents/2025-02/20240141.pdf,source_case_number_and_caption,high,generated
2022-0215,case_order,"[""2022-0215""]",https://www.courts.nh.gov/sites/g/files/ehbemt471/files/documents/2025-01/20220215.pdf,source_case_number_and_caption,high,generated
2024-0296,case_order,"[""2024-0296""]",https://www.courts.nh.gov/sites/g/files/ehbemt471/files/documents/2025-02/20240296.pdf,source_case_number_and_caption,high,generated
2024-0099,case_order,"[""2024-0099""]",https://www.courts.nh.gov/sites/g/files/ehbemt471/files/documents/2025-02/20240099.pdf,source_case_number_and_caption,high,generated
2023-0576,case_order,"[""2023-0576""]",https://www.courts.nh.gov/sites/g/files/ehbemt471/files/documents/2025-01/20230576.pdf,source_case_number_and_caption,high,generated
2022-0688,case_order,"[""2022-0688""]",https://www.courts.nh.gov/sites/g/files/ehbemt471/files/documents/2025-01/20220688.pdf,source_case_number_and_caption,high,generated
2023-0156,case_order,"[""2023-0156""]",https://www.courts.nh.gov/sites/g/files/ehbemt471/files/documents/2025-01/20230156.pdf,source_case_number_and_caption,high,generated
2024-0009,case_order,"[""2024-0009""]",https://www.courts.nh.gov/sites/g/files/ehbemt471/files/documents/2025-02/20240009.pdf,source_case_number_and_caption,high,generated
2024-0144,case_order,"[""2024-0144""]",https://www.courts.nh.gov/sites/g/files/ehbemt471/files/documents/2025-05/20240144.pdf,source_case_number_and_caption,high,generated
2026-0050,case_order,"[""2026-0050""]",https://www.courts.nh.gov/sites/g/files/ehbemt471/files/documents/2026-07/20260050.pdf,source_case_number_and_caption,high,generated
2025-0155,case_order,"[""2025-0155""]",https://www.courts.nh.gov/sites/g/files/ehbemt471/files/documents/2026-06/20250155.pdf,source_case_number_and_caption,high,generated
2024-0073,case_order,"[""2024-0073""]",https://www.courts.nh.gov/sites/g/files/ehbemt471/files/documents/2026-06/20240073.pdf,source_case_number_and_caption,high,generated
2026-0052,case_order,"[""2026-0052""]",https://www.courts.nh.gov/sites/g/files/ehbemt471/files/documents/2026-07/20260052.pdf,source_case_number_and_caption,high,generated
2026-0004,case_order,"[""2026-0004""]",https://www.courts.nh.gov/sites/g/files/ehbemt471/files/documents/2026-07/20260004.pdf,source_case_number_and_caption,high,generated
2026-0094,case_order,"[""2026-0094""]",https://www.courts.nh.gov/sites/g/files/ehbemt471/files/documents/2026-07/20260094.pdf,source_case_number_and_caption,high,generated
2026-0174,case_order,"[""2026-0174""]",https://www.courts.nh.gov/sites/g/files/ehbemt471/files/documents/2026-07/20260174.pdf,source_case_number_and_caption,high,generated
2025-0507,case_order,"[""2025-0507""]",https://www.courts.nh.gov/sites/g/files/ehbemt471/files/documents/2026-07/20250507.pdf,source_case_number_and_caption,high,generated
2025-0750,case_order,"[""2025-0750""]",https://www.courts.nh.gov/sites/g/files/ehbemt471/files/documents/2026-07/20250750.pdf,source_case_number_and_caption,high,generated
2025-0590,case_order,"[""2025-0590""]",https://www.courts.nh.gov/sites/g/files/ehbemt471/files/documents/2026-07/20250590.pdf,source_case_number_and_caption,high,generated
2024-0530,case_order,"[""2024-0530""]",https://www.courts.nh.gov/sites/g/files/ehbemt471/files/documents/2026-06/20240530.pdf,source_case_number_and_caption,high,generated
2025-0637,case_order,"[""2025-0637""]",https://www.courts.nh.gov/sites/g/files/ehbemt471/files/documents/2026-07/20250637.pdf,source_case_number_and_caption,high,generated
2026-0053,case_order,"[""2026-0053""]",https://www.courts.nh.gov/sites/g/files/ehbemt471/files/documents/2026-06/20260053.pdf,source_case_number_and_caption,high,generated
2025-0319,case_order,"[""2025-0319""]",https://www.courts.nh.gov/sites/g/files/ehbemt471/files/documents/2026-05/20250319.pdf,source_case_number_and_caption,high,generated
2025-0713,case_order,"[""2025-0713""]",https://www.courts.nh.gov/sites/g/files/ehbemt471/files/documents/2026-06/20250713.pdf,source_case_number_and_caption,high,generated
2026-0206,case_order,"[""2026-0206""]",https://www.courts.nh.gov/sites/g/files/ehbemt471/files/documents/2026-06/20260206.pdf,source_case_number_and_caption,high,generated
2024-0555,case_order,"[""2024-0555""]",https://www.courts.nh.gov/sites/g/files/ehbemt471/files/documents/2026-06/20240555.pdf,source_case_number_and_caption,high,generated
2025-0135,case_order,"[""2025-0135""]",https://www.courts.nh.gov/sites/g/files/ehbemt471/files/documents/2026-06/20250135.pdf,source_case_number_and_caption,high,generated
2024-0518,case_order,"[""2024-0518""]",https://www.courts.nh.gov/sites/g/files/ehbemt471/files/documents/2026-05/20240518.pdf,source_case_number_and_caption,high,generated
2025-0154,case_order,"[""2025-0154""]",https://www.courts.nh.gov/sites/g/files/ehbemt471/files/documents/2026-06/20250154.pdf,source_case_number_and_caption,high,generated
2026-0096,case_order,"[""2026-0096""]",https://www.courts.nh.gov/sites/g/files/ehbemt471/files/documents/2026-06/20260096.pdf,source_case_number_and_caption,high,generated
2025-0224,case_order,"[""2025-0224""]",https://www.courts.nh.gov/sites/g/files/ehbemt471/files/documents/2026-06/20250224.pdf,source_case_number_and_caption,high,generated
2025-0238,case_order,"[""2025-0238""]",https://www.courts.nh.gov/sites/g/files/ehbemt471/files/documents/2026-06/20250238.pdf,source_case_number_and_caption,high,generated
2025-0332,case_order,"[""2025-0332""]",https://www.courts.nh.gov/sites/g/files/ehbemt471/files/documents/2026-06/20250332.pdf,source_case_number_and_caption,high,generated
2026-0010,case_order,"[""2026-0010""]",https://www.courts.nh.gov/sites/g/files/ehbemt471/files/documents/2026-06/20260010.pdf,source_case_number_and_caption,high,generated
2025-0774,case_order,"[""2025-0774""]",https://www.courts.nh.gov/sites/g/files/ehbemt471/files/documents/2026-06/20250774.pdf,source_case_number_and_caption,high,generated
2025-0239,case_order,"[""2025-0239""]",https://www.courts.nh.gov/sites/g/files/ehbemt471/files/documents/2026-05/20250239.pdf,source_case_number_and_caption,high,generated
2025-0580,case_order,"[""2025-0580"", ""2025-0579""]",https://www.courts.nh.gov/sites/g/files/ehbemt471/files/documents/2026-04/20250580.pdf,source_case_number_and_caption,high,generated
2025-0579,case_order,"[""2025-0579""]",https://www.courts.nh.gov/sites/g/files/ehbemt471/files/documents/2026-04/20250579.pdf,source_case_number_and_caption,high,generated
2024-0465,case_order,"[""2024-0465""]",https://www.courts.nh.gov/sites/g/files/ehbemt471/files/documents/2026-04/20240465.pdf,source_case_number_and_caption,high,generated
2026-0003,case_order,"[""2026-0003""]",https://www.courts.nh.gov/sites/g/files/ehbemt471/files/documents/2026-05/20260003.pdf,source_case_number_and_caption,high,generated
2025-0531,case_order,"[""2025-0531""]",https://www.courts.nh.gov/sites/g/files/ehbemt471/files/documents/2026-05/20250531.pdf,source_case_number_and_caption,high,generated
2025-0421,case_order,"[""2025-0421""]",https://www.courts.nh.gov/sites/g/files/ehbemt471/files/documents/2026-05/20250421.pdf,source_case_number_and_caption,high,generated
2025-0679,case_order,"[""2025-0679""]",https://www.courts.nh.gov/sites/g/files/ehbemt471/files/documents/2026-05/20250679.pdf,source_case_number_and_caption,high,generated
2025-0768,case_order,"[""2025-0768""]",https://www.courts.nh.gov/sites/g/files/ehbemt471/files/documents/2026-05/20250768.pdf,source_case_number_and_caption,high,generated
2024-0725,case_order,"[""2024-0725""]",https://www.courts.nh.gov/sites/g/files/ehbemt471/files/documents/2026-04/20240725.pdf,source_case_number_and_caption,high,generated
2025-0322,case_order,"[""2025-0322""]",https://www.courts.nh.gov/sites/g/files/ehbemt471/files/documents/2026-05/20250322.pdf,source_case_number_and_caption,high,generated
2025-0029,case_order,"[""2025-0029""]",https://www.courts.nh.gov/sites/g/files/ehbemt471/files/documents/2026-04/20250029.pdf,source_case_number_and_caption,high,generated
2025-0404,case_order,"[""2025-0404"", ""2025-0333""]",https://www.courts.nh.gov/sites/g/files/ehbemt471/files/documents/2026-05/20250404.pdf,source_case_number_and_caption,high,generated
2025-0486,case_order,"[""2025-0486""]",https://www.courts.nh.gov/sites/g/files/ehbemt471/files/documents/2026-05/20250486.pdf,source_case_number_and_caption,high,generated
2025-0794,case_order,"[""2025-0794""]",https://www.courts.nh.gov/sites/g/files/ehbemt471/files/documents/2026-05/20250794.pdf,source_case_number_and_caption,high,generated
2025-0126,case_order,"[""2025-0126""]",https://www.courts.nh.gov/sites/g/files/ehbemt471/files/documents/2026-05/20250126.pdf,source_case_number_and_caption,high,generated
2025-0256,case_order,"[""2025-0256""]",https://www.courts.nh.gov/sites/g/files/ehbemt471/files/documents/2026-05/20250256.pdf,source_case_number_and_caption,high,generated
2025-0372,case_order,"[""2025-0372""]",https://www.courts.nh.gov/sites/g/files/ehbemt471/files/documents/2026-05/20250372.pdf,source_case_number_and_caption,high,generated
2025-0710,case_order,"[""2025-0710""]",https://www.courts.nh.gov/sites/g/files/ehbemt471/files/documents/2026-04/20250710.pdf,source_case_number_and_caption,high,generated
2025-0423,case_order,"[""2025-0423""]",https://www.courts.nh.gov/sites/g/files/ehbemt471/files/documents/2026-04/20250423.pdf,source_case_number_and_caption,high,generated
2025-0595,case_order,"[""2025-0595""]",https://www.courts.nh.gov/sites/g/files/ehbemt471/files/documents/2026-04/20250595.pdf,source_case_number_and_caption,high,generated
2025-0112,case_order,"[""2025-0112""]",https://www.courts.nh.gov/sites/g/files/ehbemt471/files/documents/2026-04/20250112.pdf,source_case_number_and_caption,high,generated
2025-0067,case_order,"[""2025-0067""]",https://www.courts.nh.gov/sites/g/files/ehbemt471/files/documents/2026-03/20250067.pdf,source_case_number_and_caption,high,generated
2024-0717,case_order,"[""2024-0717""]",https://www.courts.nh.gov/sites/g/files/ehbemt471/files/documents/2026-03/20240717.pdf,source_case_number_and_caption,high,generated
2025-0034,case_order,"[""2025-0034""]",https://www.courts.nh.gov/sites/g/files/ehbemt471/files/documents/2026-03/20250034.pdf,source_case_number_and_caption,high,generated
2023-0467,case_order,"[""2023-0467""]",https://www.courts.nh.gov/sites/g/files/ehbemt471/files/documents/2026-03/20230467.pdf,source_case_number_and_caption,high,generated
2023-0710,case_order,"[""2023-0710""]",https://www.courts.nh.gov/sites/g/files/ehbemt471/files/documents/2026-04/20230710.pdf,source_case_number_and_caption,high,generated
2024-0032,case_order,"[""2024-0032""]",https://www.courts.nh.gov/sites/g/files/ehbemt471/files/documents/2026-03/20240032.pdf,source_case_number_and_caption,high,generated
2025-0296,case_order,"[""2025-0296""]",https://www.courts.nh.gov/sites/g/files/ehbemt471/files/documents/2026-04/20250296.pdf,source_case_number_and_caption,high,generated
2025-0333,case_order,"[""2025-0333""]",https://www.courts.nh.gov/sites/g/files/ehbemt471/files/documents/2026-04/20250333.pdf,source_case_number_and_caption,high,generated
2025-0283,case_order,"[""2025-0283""]",https://www.courts.nh.gov/sites/g/files/ehbemt471/files/documents/2026-04/20250283.pdf,source_case_number_and_caption,high,generated
2024-0006,case_order,"[""2024-0006""]",https://www.courts.nh.gov/sites/g/files/ehbemt471/files/documents/2026-04/20240006.pdf,source_case_number_and_caption,high,generated
2025-0175,case_order,"[""2025-0175""]",https://www.courts.nh.gov/sites/g/files/ehbemt471/files/documents/2026-04/20250175.pdf,source_case_number_and_caption,high,generated
2025-0529,case_order,"[""2025-0529""]",https://www.courts.nh.gov/sites/g/files/ehbemt471/files/documents/2026-03/20250529.pdf,source_case_number_and_caption,high,generated
2025-0161,case_order,"[""2025-0161"", ""2022-0063""]",https://www.courts.nh.gov/sites/g/files/ehbemt471/files/documents/2026-02/20250161.pdf,source_case_number_and_caption,high,generated
2024-0407,case_order,"[""2024-0407""]",https://www.courts.nh.gov/sites/g/files/ehbemt471/files/documents/2026-02/20240407.pdf,source_case_number_and_caption,high,generated
2025-0041,case_order,"[""2025-0041""]",https://www.courts.nh.gov/sites/g/files/ehbemt471/files/documents/2026-02/20250041.pdf,source_case_number_and_caption,high,generated
2024-0578,case_order,"[""2024-0578""]",https://www.courts.nh.gov/sites/g/files/ehbemt471/files/documents/2026-02/20240578.pdf,source_case_number_and_caption,high,generated
2025-0108,case_order,"[""2025-0108""]",https://www.courts.nh.gov/sites/g/files/ehbemt471/files/documents/2026-03/20250108.pdf,source_case_number_and_caption,high,generated
2025-0095,case_order,"[""2025-0095""]",https://www.courts.nh.gov/sites/g/files/ehbemt471/files/documents/2026-03/20250095.pdf,source_case_number_and_caption,high,generated
2025-0143,case_order,"[""2025-0143""]",https://www.courts.nh.gov/sites/g/files/ehbemt471/files/documents/2026-03/20250143.pdf,source_case_number_and_caption,high,generated
2024-0368,case_order,"[""2024-0368""]",https://www.courts.nh.gov/sites/g/files/ehbemt471/files/documents/2026-01/20240368.pdf,source_case_number_and_caption,high,generated
2025-0193,case_order,"[""2025-0193""]",https://www.courts.nh.gov/sites/g/files/ehbemt471/files/documents/2026-02/20250193.pdf,source_case_number_and_caption,high,generated
2025-0152,case_order,"[""2025-0152""]",https://www.courts.nh.gov/sites/g/files/ehbemt471/files/documents/2026-02/20250152.pdf,source_case_number_and_caption,high,generated
2023-0644,case_order,"[""2023-0644""]",https://www.courts.nh.gov/sites/g/files/ehbemt471/files/documents/2026-01/20230644.pdf,source_case_number_and_caption,high,generated
2022-0433,case_order,"[""2022-0433""]",https://www.courts.nh.gov/sites/g/files/ehbemt471/files/documents/2026-01/20220433.pdf,source_case_number_and_caption,high,generated
2025-0222,case_order,"[""2025-0222""]",https://www.courts.nh.gov/sites/g/files/ehbemt471/files/documents/2026-02/20250222.pdf,source_case_number_and_caption,high,generated
2025-0297,case_order,"[""2025-0297""]",https://www.courts.nh.gov/sites/g/files/ehbemt471/files/documents/2026-02/20250297.pdf,source_case_number_and_caption,high,generated
2025-0268,case_order,"[""2025-0268""]",https://www.courts.nh.gov/sites/g/files/ehbemt471/files/documents/2026-02/20250268.pdf,source_case_number_and_caption,high,generated
2025-0211,case_order,"[""2025-0211""]",https://www.courts.nh.gov/sites/g/files/ehbemt471/files/documents/2026-02/20250211.pdf,source_case_number_and_caption,high,generated
2024-0655,case_order,"[""2024-0655""]",https://www.courts.nh.gov/sites/g/files/ehbemt471/files/documents/2026-02/20240655.pdf,source_case_number_and_caption,high,generated
2025-0188,case_order,"[""2025-0188""]",https://www.courts.nh.gov/sites/g/files/ehbemt471/files/documents/2026-02/20250188.pdf,source_case_number_and_caption,high,generated
2025-0099,case_order,"[""2025-0099""]",https://www.courts.nh.gov/sites/g/files/ehbemt471/files/documents/2026-02/20250099.pdf,source_case_number_and_caption,high,generated
2024-0712,case_order,"[""2024-0712"", ""2022-0373""]",https://www.courts.nh.gov/sites/g/files/ehbemt471/files/documents/2026-01/20240712.pdf,source_case_number_and_caption,high,generated
2024-0619,case_order,"[""2024-0619""]",https://www.courts.nh.gov/sites/g/files/ehbemt471/files/documents/2026-04/20240619.pdf,source_case_number_and_caption,high,generated
2016-0562,case_order,"[""2016-0562""]",https://mm.nh.gov/files/uploads/pelrb/docs/c-dec-claremont-2016-0252.pdf,source_case_number,high,generated
2009-0153,3jx_order,"[""2009-0153""]",https://www.courts.nh.gov/sites/g/files/ehbemt471/files/documents/2021-08/20090153.pdf,source_case_number,high,generated
2010-0781,3jx_order,"[""2010-0781""]",https://www.courts.nh.gov/sites/g/files/ehbemt471/files/documents/2021-08/20100781.pdf,source_case_number,high,generated
2010-0577,3jx_order,"[""2010-0577""]",https://www.courts.nh.gov/sites/g/files/ehbemt471/files/documents/2021-08/20100577.pdf,source_case_number,high,generated
2010-0675,3jx_order,"[""2010-0675""]",https://www.courts.nh.gov/sites/g/files/ehbemt471/files/documents/2021-08/20100675.pdf,source_case_number,high,generated
2010-0655,3jx_order,"[""2010-0655""]",https://www.courts.nh.gov/sites/g/files/ehbemt471/files/documents/2021-08/20100655.pdf,source_case_number,high,generated
2010-0490,3jx_order,"[""2010-0490""]",https://www.courts.nh.gov/sites/g/files/ehbemt471/files/documents/2021-08/20100490.pdf,source_case_number,high,generated
2010-0738,3jx_order,"[""2010-0738""]",https://www.courts.nh.gov/sites/g/files/ehbemt471/files/documents/2021-08/20100738.pdf,source_case_number,high,generated
2008-0898,3jx_order,"[""2008-0898""]",https://www.courts.nh.gov/sites/g/files/ehbemt471/files/documents/2021-08/20080898.pdf,source_case_number,high,generated
2010-0810,3jx_order,"[""2010-0810""]",https://www.courts.nh.gov/sites/g/files/ehbemt471/files/documents/2021-08/20100810.pdf,source_case_number,high,generated
2010-0428,3jx_order,"[""2010-0428""]",https://www.courts.nh.gov/sites/g/files/ehbemt471/files/documents/2021-08/20100428.pdf,source_case_number,high,generated
2011-0416,3jx_order,"[""2011-0416""]",https://www.courts.nh.gov/sites/g/files/ehbemt471/files/documents/2021-08/20110416.pdf,source_case_number,high,generated
2011-0627,3jx_order,"[""2011-0627""]",https://www.courts.nh.gov/sites/g/files/ehbemt471/files/documents/2021-08/20110627.pdf,source_case_number,high,generated
2011-0501,3jx_order,"[""2011-0501""]",https://www.courts.nh.gov/sites/g/files/ehbemt471/files/documents/2021-08/20110501.pdf,source_case_number,high,generated
2011-0415,3jx_order,"[""2011-0415""]",https://www.courts.nh.gov/sites/g/files/ehbemt471/files/documents/2021-08/20110415.pdf,source_case_number,high,generated
2012-0058,3jx_order,"[""2012-0058""]",https://www.courts.nh.gov/sites/g/files/ehbemt471/files/documents/2021-08/20120058.pdf,source_case_number,high,generated
2011-0755,3jx_order,"[""2011-0755""]",https://www.courts.nh.gov/sites/g/files/ehbemt471/files/documents/2021-08/20110755.pdf,source_case_number,high,generated
2011-0448,3jx_order,"[""2011-0448""]",https://www.courts.nh.gov/sites/g/files/ehbemt471/files/documents/2021-08/20110448.pdf,source_case_number,high,generated
2011-0645,3jx_order,"[""2011-0645""]",https://www.courts.nh.gov/sites/g/files/ehbemt471/files/documents/2021-08/20110645.pdf,source_case_number,high,generated
2011-0684,3jx_order,"[""2011-0684""]",https://www.courts.nh.gov/sites/g/files/ehbemt471/files/documents/2021-08/20110684.pdf,source_case_number,high,generated
2011-0233,3jx_order,"[""2011-0233""]",https://www.courts.nh.gov/sites/g/files/ehbemt471/files/documents/2021-08/20110233.pdf,source_case_number,high,generated
2012-0691,3jx_order,"[""2012-0691""]",https://www.courts.nh.gov/sites/g/files/ehbemt471/files/documents/2021-08/20120691.pdf,source_case_number,high,generated
2012-0586,3jx_order,"[""2012-0586""]",https://www.courts.nh.gov/sites/g/files/ehbemt471/files/documents/2021-08/20120586.pdf,source_case_number,high,generated
2012-0862,3jx_order,"[""2012-0862""]",https://www.courts.nh.gov/sites/g/files/ehbemt471/files/documents/2021-08/20120862.pdf,source_case_number,high,generated
2012-0718,3jx_order,"[""2012-0718""]",https://www.courts.nh.gov/sites/g/files/ehbemt471/files/documents/2021-08/20120718.pdf,source_case_number,high,generated
2013-0014,3jx_order,"[""2013-0014""]",https://www.courts.nh.gov/sites/g/files/ehbemt471/files/documents/2021-08/20130014.pdf,source_case_number,high,generated
2012-0389,3jx_order,"[""2012-0389""]",https://www.courts.nh.gov/sites/g/files/ehbemt471/files/documents/2021-08/20120389.pdf,source_case_number,high,generated
2012-0848,3jx_order,"[""2012-0848""]",https://www.courts.nh.gov/sites/g/files/ehbemt471/files/documents/2021-08/20120848.pdf,source_case_number,high,generated
2012-0730,3jx_order,"[""2012-0730""]",https://www.courts.nh.gov/sites/g/files/ehbemt471/files/documents/2021-08/20120730.pdf,source_case_number,high,generated
2012-0515,3jx_order,"[""2012-0515""]",https://www.courts.nh.gov/sites/g/files/ehbemt471/files/documents/2021-08/20120515.pdf,source_case_number,high,generated
2012-0598,3jx_order,"[""2012-0598""]",https://www.courts.nh.gov/sites/g/files/ehbemt471/files/documents/2021-08/20120598.pdf,source_case_number,high,generated
2014-0035,3jx_order,"[""2014-0035""]",https://www.courts.nh.gov/sites/g/files/ehbemt471/files/documents/2021-08/20140035.pdf,source_case_number,high,generated
2014-0065,3jx_order,"[""2014-0065""]",https://www.courts.nh.gov/sites/g/files/ehbemt471/files/documents/2021-08/20140065.pdf,source_case_number,high,generated
2013-0686,3jx_order,"[""2013-0686""]",https://www.courts.nh.gov/sites/g/files/ehbemt471/files/documents/2021-08/20130686_0.pdf,source_case_number,high,generated
2014-0021,3jx_order,"[""2014-0021""]",https://www.courts.nh.gov/sites/g/files/ehbemt471/files/documents/2021-08/20140021.pdf,source_case_number,high,generated
2012-0765,3jx_order,"[""2012-0765""]",https://www.courts.nh.gov/sites/g/files/ehbemt471/files/documents/2021-08/20120765.pdf,source_case_number,high,generated
2013-0841,3jx_order,"[""2013-0841""]",https://www.courts.nh.gov/sites/g/files/ehbemt471/files/documents/2021-08/20130841.pdf,source_case_number,high,generated
2013-0281,3jx_order,"[""2013-0281"", ""2014-0003""]",https://www.courts.nh.gov/sites/g/files/ehbemt471/files/documents/2021-08/20130281.pdf,source_case_number_and_caption,high,generated
2013-0716,3jx_order,"[""2013-0716""]",https://www.courts.nh.gov/sites/g/files/ehbemt471/files/documents/2021-08/20130716.pdf,source_case_number,high,generated
2013-0617,3jx_order,"[""2013-0617""]",https://www.courts.nh.gov/sites/g/files/ehbemt471/files/documents/2021-08/20130617.pdf,source_case_number,high,generated
2013-0679,3jx_order,"[""2013-0679""]",https://www.courts.nh.gov/sites/g/files/ehbemt471/files/documents/2021-08/20130679.pdf,source_case_number,high,generated
2014-0639,3jx_order,"[""2014-0639""]",https://www.courts.nh.gov/sites/g/files/ehbemt471/files/documents/2021-08/20140639.pdf,source_case_number,high,generated
2015-0226,3jx_order,"[""2015-0226""]",https://www.courts.nh.gov/sites/g/files/ehbemt471/files/documents/2021-08/20150226.pdf,source_case_number,high,generated
2015-0074,3jx_order,"[""2015-0074""]",https://www.courts.nh.gov/sites/g/files/ehbemt471/files/documents/2021-08/20150074.pdf,source_case_number,high,generated
2013-0800,3jx_order,"[""2013-0800""]",https://www.courts.nh.gov/sites/g/files/ehbemt471/files/documents/2021-08/20130800.pdf,source_case_number,high,generated
2015-0070,3jx_order,"[""2015-0070""]",https://www.courts.nh.gov/sites/g/files/ehbemt471/files/documents/2021-08/20150070.pdf,source_case_number,high,generated
2014-0651,3jx_order,"[""2014-0651""]",https://www.courts.nh.gov/sites/g/files/ehbemt471/files/documents/2021-08/20140651.pdf,source_case_number,high,generated
2015-0031,3jx_order,"[""2015-0031""]",https://www.courts.nh.gov/sites/g/files/ehbemt471/files/documents/2021-08/20150031.pdf,source_case_number,high,generated
2014-0115,3jx_order,"[""2014-0115""]",https://www.courts.nh.gov/sites/g/files/ehbemt471/files/documents/2021-08/20140115.pdf,source_case_number,high,generated
2014-0275,3jx_order,"[""2014-0275""]",https://www.courts.nh.gov/sites/g/files/ehbemt471/files/documents/2021-08/20140275.pdf,source_case_number,high,generated
2014-0498,3jx_order,"[""2014-0498""]",https://www.courts.nh.gov/sites/g/files/ehbemt471/files/documents/2021-08/20140498.pdf,source_case_number,high,generated
2015-0658,3jx_order,"[""2015-0658""]",https://www.courts.nh.gov/sites/g/files/ehbemt471/files/documents/2021-08/20150658.pdf,source_case_number,high,generated
2014-0276,3jx_order,"[""2014-0276""]",https://www.courts.nh.gov/sites/g/files/ehbemt471/files/documents/2021-08/20140276.pdf,source_case_number,high,generated
2016-0067,3jx_order,"[""2016-0067""]",https://www.courts.nh.gov/sites/g/files/ehbemt471/files/documents/2021-08/20160067.pdf,source_case_number,high,generated
2015-0701,3jx_order,"[""2015-0701""]",https://www.courts.nh.gov/sites/g/files/ehbemt471/files/documents/2021-08/20150701.pdf,source_case_number,high,generated
2015-0392,3jx_order,"[""2015-0392""]",https://www.courts.nh.gov/sites/g/files/ehbemt471/files/documents/2021-08/20150392.pdf,source_case_number,high,generated
2015-0401,3jx_order,"[""2015-0401""]",https://www.courts.nh.gov/sites/g/files/ehbemt471/files/documents/2021-08/20150401.pdf,source_case_number,high,generated
2014-0750,3jx_order,"[""2014-0750""]",https://www.courts.nh.gov/sites/g/files/ehbemt471/files/documents/2021-08/20140750.pdf,source_case_number,high,generated
2015-0293,3jx_order,"[""2015-0293""]",https://www.courts.nh.gov/sites/g/files/ehbemt471/files/documents/2021-08/20150293.pdf,source_case_number,high,generated
2014-0687,3jx_order,"[""2014-0687""]",https://www.courts.nh.gov/sites/g/files/ehbemt471/files/documents/2021-08/20140687.pdf,source_case_number,high,generated
2015-0029,3jx_order,"[""2015-0029""]",https://www.courts.nh.gov/sites/g/files/ehbemt471/files/documents/2021-08/20150029.pdf,source_case_number,high,generated
2017-0050,3jx_order,"[""2017-0050""]",https://www.courts.nh.gov/sites/g/files/ehbemt471/files/documents/2021-08/20170050.pdf,source_case_number,high,generated
2016-0594,3jx_order,"[""2016-0594""]",https://www.courts.nh.gov/sites/g/files/ehbemt471/files/documents/2021-08/20160594.pdf,source_case_number,high,generated
2012-0663,3jx_order,"[""2012-0663""]",https://www.courts.nh.gov/sites/g/files/ehbemt471/files/documents/2021-08/20120663.pdf,source_case_number,high,generated
2016-0621,3jx_order,"[""2016-0621""]",https://www.courts.nh.gov/sites/g/files/ehbemt471/files/documents/2021-08/20160621.pdf,source_case_number,high,generated
2016-0627,3jx_order,"[""2016-0627""]",https://www.courts.nh.gov/sites/g/files/ehbemt471/files/documents/2021-08/20160627.pdf,source_case_number,high,generated
2016-0382,3jx_order,"[""2016-0382""]",https://www.courts.nh.gov/sites/g/files/ehbemt471/files/documents/2021-08/20160382.pdf,source_case_number,high,generated
2016-0563,3jx_order,"[""2016-0563""]",https://www.courts.nh.gov/sites/g/files/ehbemt471/files/documents/2021-08/20160563.pdf,source_case_number,high,generated
2016-0585,3jx_order,"[""2016-0585""]",https://www.courts.nh.gov/sites/g/files/ehbemt471/files/documents/2021-08/20160585.pdf,source_case_number,high,generated
2016-0635,3jx_order,"[""2016-0635""]",https://www.courts.nh.gov/sites/g/files/ehbemt471/files/documents/2021-08/20160635.pdf,source_case_number,high,generated
2017-0624,3jx_order,"[""2017-0624""]",https://www.courts.nh.gov/sites/g/files/ehbemt471/files/documents/2021-08/20170624.pdf,source_case_number,high,generated
2017-0420,3jx_order,"[""2017-0420""]",https://www.courts.nh.gov/sites/g/files/ehbemt471/files/documents/2021-08/20170420.pdf,source_case_number,high,generated
2017-0713,3jx_order,"[""2017-0713""]",https://www.courts.nh.gov/sites/g/files/ehbemt471/files/documents/2021-08/20170713.pdf,source_case_number,high,generated
2017-0480,3jx_order,"[""2017-0480""]",https://www.courts.nh.gov/sites/g/files/ehbemt471/files/documents/2021-08/20170480.pdf,source_case_number,high,generated
2018-0076,3jx_order,"[""2018-0076""]",https://www.courts.nh.gov/sites/g/files/ehbemt471/files/documents/2021-08/20180076.pdf,source_case_number,high,generated
2017-0598,3jx_order,"[""2017-0598""]",https://www.courts.nh.gov/sites/g/files/ehbemt471/files/documents/2021-08/20170598.pdf,source_case_number,high,generated
2015-0010,3jx_order,"[""2015-0010""]",https://www.courts.nh.gov/sites/g/files/ehbemt471/files/documents/2021-08/20150010.pdf,source_case_number,high,generated
2017-0288,3jx_order,"[""2017-0288""]",https://www.courts.nh.gov/sites/g/files/ehbemt471/files/documents/2021-08/20170288.pdf,source_case_number,high,generated
2017-0365,3jx_order,"[""2017-0365""]",https://www.courts.nh.gov/sites/g/files/ehbemt471/files/documents/2021-08/20170365.pdf,source_case_number,high,generated
2017-0487,3jx_order,"[""2017-0487""]",https://www.courts.nh.gov/sites/g/files/ehbemt471/files/documents/2021-08/20170487.pdf,source_case_number,high,generated
2018-0406,3jx_order,"[""2018-0406""]",https://www.courts.nh.gov/sites/g/files/ehbemt471/files/documents/2021-08/20180406.pdf,source_case_number,high,generated
2019-0031,3jx_order,"[""2019-0031""]",https://www.courts.nh.gov/sites/g/files/ehbemt471/files/documents/2021-08/20190031.pdf,source_case_number,high,generated
2018-0546,3jx_order,"[""2018-0546""]",https://www.courts.nh.gov/sites/g/files/ehbemt471/files/documents/2021-08/20180546.pdf,source_case_number,high,generated
2018-0339,3jx_order,"[""2018-0339""]",https://www.courts.nh.gov/sites/g/files/ehbemt471/files/documents/2021-08/20180339.pdf,source_case_number,high,generated
2019-0039,3jx_order,"[""2019-0039""]",https://www.courts.nh.gov/sites/g/files/ehbemt471/files/documents/2021-08/20190039.pdf,source_case_number,high,generated
2018-0452,3jx_order,"[""2018-0452""]",https://www.courts.nh.gov/sites/g/files/ehbemt471/files/documents/2021-08/20180452.pdf,source_case_number,high,generated
2018-0711,3jx_order,"[""2018-0711""]",https://www.courts.nh.gov/sites/g/files/ehbemt471/files/documents/2021-08/20180711.pdf,source_case_number,high,generated
2018-0439,3jx_order,"[""2018-0439""]",https://www.courts.nh.gov/sites/g/files/ehbemt471/files/documents/2021-08/20180439.pdf,source_case_number,high,generated
2018-0538,3jx_order,"[""2018-0538""]",https://www.courts.nh.gov/sites/g/files/ehbemt471/files/documents/2021-08/20180538.pdf,source_case_number,high,generated
2019-0003,3jx_order,"[""2019-0003""]",https://www.courts.nh.gov/sites/g/files/ehbemt471/files/documents/2021-08/20190003.pdf,source_case_number,high,generated
2019-0598,3jx_order,"[""2019-0598""]",https://www.courts.nh.gov/sites/g/files/ehbemt471/files/documents/2021-08/20190598.pdf,source_case_number,high,generated
2019-0216,3jx_order,"[""2019-0216""]",https://www.courts.nh.gov/sites/g/files/ehbemt471/files/documents/2021-09/20190216.pdf,source_case_number,high,generated
2019-0099,3jx_order,"[""2019-0099""]",https://www.courts.nh.gov/sites/g/files/ehbemt471/files/documents/2021-08/20190099.pdf,source_case_number,high,generated
2019-0035,3jx_order,"[""2019-0035""]",https://www.courts.nh.gov/sites/g/files/ehbemt471/files/documents/2021-08/20190035.pdf,source_case_number,high,generated
2018-0102,3jx_order,"[""2018-0102""]",https://www.courts.nh.gov/sites/g/files/ehbemt471/files/documents/2021-08/20180102.pdf,source_case_number,high,generated
2018-0667,3jx_order,"[""2018-0667""]",https://www.courts.nh.gov/sites/g/files/ehbemt471/files/documents/2021-08/20180667.pdf,source_case_number,high,generated
2020-0299,3jx_order,"[""2020-0299""]",https://www.courts.nh.gov/sites/g/files/ehbemt471/files/documents/2021-09/20200299.pdf,source_case_number,high,generated
2020-0151,3jx_order,"[""2020-0151""]",https://www.courts.nh.gov/sites/g/files/ehbemt471/files/documents/2021-08/20200151.pdf,source_case_number,high,generated
2020-0226,3jx_order,"[""2020-0226""]",https://www.courts.nh.gov/sites/g/files/ehbemt471/files/documents/2021-08/20200226.pdf,source_case_number,high,generated
2020-0443,3jx_order,"[""2020-0443""]",https://www.courts.nh.gov/sites/g/files/ehbemt471/files/documents/2021-08/20200443.pdf,source_case_number,high,generated
2013-0031,3jx_order,"[""2013-0031""]",https://www.courts.nh.gov/sites/g/files/ehbemt471/files/documents/2021-08/20130031.pdf,source_case_number,high,generated
2013-0670,3jx_order,"[""2013-0670""]",https://www.courts.nh.gov/sites/g/files/ehbemt471/files/documents/2021-08/20130670.pdf,source_case_number,high,generated
2013-0840,3jx_order,"[""2013-0840""]",https://www.courts.nh.gov/sites/g/files/ehbemt471/files/documents/2021-08/20130840.pdf,source_case_number,high,generated
2014-0082,3jx_order,"[""2014-0082""]",https://www.courts.nh.gov/sites/g/files/ehbemt471/files/documents/2021-08/20140082.pdf,source_case_number,high,generated
2014-0085,3jx_order,"[""2014-0085""]",https://www.courts.nh.gov/sites/g/files/ehbemt471/files/documents/2021-08/20140085.pdf,source_case_number,high,generated
2014-0145,3jx_order,"[""2014-0145""]",https://www.courts.nh.gov/sites/g/files/ehbemt471/files/documents/2021-08/20140145_20140146.pdf,source_case_number,high,generated
2014-0197,3jx_order,"[""2014-0197""]",https://www.courts.nh.gov/sites/g/files/ehbemt471/files/documents/2021-08/20140197.pdf,source_case_number,high,generated
2014-0249,3jx_order,"[""2014-0249""]",https://www.courts.nh.gov/sites/g/files/ehbemt471/files/documents/2021-08/20140249.pdf,source_case_number,high,generated
2014-0256,3jx_order,"[""2014-0256""]",https://www.courts.nh.gov/sites/g/files/ehbemt471/files/documents/2021-08/20140256.pdf,source_case_number,high,generated
2014-0287,3jx_order,"[""2014-0287""]",https://www.courts.nh.gov/sites/g/files/ehbemt471/files/documents/2021-08/20140287.pdf,source_case_number,high,generated
2014-0335,3jx_order,"[""2014-0335""]",https://www.courts.nh.gov/sites/g/files/ehbemt471/files/documents/2021-08/20140335.pdf,source_case_number,high,generated
2014-0372,3jx_order,"[""2014-0372""]",https://www.courts.nh.gov/sites/g/files/ehbemt471/files/documents/2021-08/20140372.pdf,source_case_number,high,generated
2014-0381,3jx_order,"[""2014-0381""]",https://www.courts.nh.gov/sites/g/files/ehbemt471/files/documents/2021-08/20140381.pdf,source_case_number,high,generated
2014-0395,3jx_order,"[""2014-0395""]",https://www.courts.nh.gov/sites/g/files/ehbemt471/files/documents/2021-08/20140395.pdf,source_case_number,high,generated
2014-0504,3jx_order,"[""2014-0504""]",https://www.courts.nh.gov/sites/g/files/ehbemt471/files/documents/2021-08/20140504.pdf,source_case_number_and_caption,high,generated
2014-0515,3jx_order,"[""2014-0515""]",https://www.courts.nh.gov/sites/g/files/ehbemt471/files/documents/2021-08/20140515.pdf,source_case_number,high,generated
2014-0638,3jx_order,"[""2014-0638""]",https://www.courts.nh.gov/sites/g/files/ehbemt471/files/documents/2021-08/20140638.pdf,source_case_number,high,generated
2014-0755,3jx_order,"[""2014-0755""]",https://www.courts.nh.gov/sites/g/files/ehbemt471/files/documents/2021-08/20140755.pdf,source_case_number,high,generated
2015-0071,3jx_order,"[""2015-0071""]",https://www.courts.nh.gov/sites/g/files/ehbemt471/files/documents/2021-08/20150071.pdf,source_case_number,high,generated
2015-0222,3jx_order,"[""2015-0222""]",https://www.courts.nh.gov/sites/g/files/ehbemt471/files/documents/2021-08/20150222.pdf,source_case_number,high,generated
2015-0207,3jx_order,"[""2015-0207""]",https://www.courts.nh.gov/sites/g/files/ehbemt471/files/documents/2021-08/20150207.pdf,source_case_number,high,generated
2015-0248,3jx_order,"[""2015-0248""]",https://www.courts.nh.gov/sites/g/files/ehbemt471/files/documents/2021-08/20150248.pdf,source_case_number,high,generated
2015-0315,3jx_order,"[""2015-0315""]",https://www.courts.nh.gov/sites/g/files/ehbemt471/files/documents/2021-08/20150315.pdf,source_case_number,high,generated
2015-0339,3jx_order,"[""2015-0339""]",https://www.courts.nh.gov/sites/g/files/ehbemt471/files/documents/2021-08/20150339.pdf,source_case_number,high,generated
2015-0384,3jx_order,"[""2015-0384""]",https://www.courts.nh.gov/sites/g/files/ehbemt471/files/documents/2021-08/20150384.pdf,source_case_number,high,generated
2016-0107,3jx_order,"[""2016-0107""]",https://www.courts.nh.gov/sites/g/files/ehbemt471/files/documents/2021-08/20160107.pdf,source_case_number,high,generated
2016-0233,3jx_order,"[""2016-0233""]",https://www.courts.nh.gov/sites/g/files/ehbemt471/files/documents/2021-08/20160233.pdf,source_case_number,high,generated
2016-0263,3jx_order,"[""2016-0263""]",https://www.courts.nh.gov/sites/g/files/ehbemt471/files/documents/2021-08/20160263.pdf,source_case_number,high,generated
2016-0270,3jx_order,"[""2016-0270""]",https://www.courts.nh.gov/sites/g/files/ehbemt471/files/documents/2021-08/20160270.pdf,source_case_number,high,generated
2016-0361,3jx_order,"[""2016-0361""]",https://www.courts.nh.gov/sites/g/files/ehbemt471/files/documents/2021-08/20160361.pdf,source_case_number,high,generated
2016-0379,3jx_order,"[""2016-0379""]",https://www.courts.nh.gov/sites/g/files/ehbemt471/files/documents/2021-08/20160379.pdf,source_case_number,high,generated
2016-0440,3jx_order,"[""2016-0440""]",https://www.courts.nh.gov/sites/g/files/ehbemt471/files/documents/2021-08/20160440.pdf,source_case_number,high,generated
2016-0472,3jx_order,"[""2016-0472""]",https://www.courts.nh.gov/sites/g/files/ehbemt471/files/documents/2021-08/20160472.pdf,source_case_number,high,generated
2016-0505,3jx_order,"[""2016-0505""]",https://www.courts.nh.gov/sites/g/files/ehbemt471/files/documents/2021-08/20160505.pdf,source_case_number,high,generated
2016-0568,3jx_order,"[""2016-0568""]",https://www.courts.nh.gov/sites/g/files/ehbemt471/files/documents/2021-08/20160568.pdf,source_case_number,high,generated
2016-0646,3jx_order,"[""2016-0646""]",https://www.courts.nh.gov/sites/g/files/ehbemt471/files/documents/2021-08/20160646.pdf,source_case_number,high,generated
2017-0059,3jx_order,"[""2017-0059""]",https://www.courts.nh.gov/sites/g/files/ehbemt471/files/documents/2021-08/20170059.pdf,source_case_number,high,generated
2017-0294,3jx_order,"[""2017-0294""]",https://www.courts.nh.gov/sites/g/files/ehbemt471/files/documents/2021-08/20170294.pdf,source_case_number,high,generated
2017-0321,3jx_order,"[""2017-0321""]",https://www.courts.nh.gov/sites/g/files/ehbemt471/files/documents/2021-08/20170321.pdf,source_case_number,high,generated
2017-0328,3jx_order,"[""2017-0328""]",https://www.courts.nh.gov/sites/g/files/ehbemt471/files/documents/2021-08/20170328.pdf,source_case_number,high,generated
2017-0329,3jx_order,"[""2017-0329""]",https://www.courts.nh.gov/sites/g/files/ehbemt471/files/documents/2021-08/20170329.pdf,source_case_number,high,generated
2017-0338,3jx_order,"[""2017-0338""]",https://www.courts.nh.gov/sites/g/files/ehbemt471/files/documents/2021-08/20170338.pdf,source_case_number,high,generated
2017-0410,3jx_order,"[""2017-0410""]",https://www.courts.nh.gov/sites/g/files/ehbemt471/files/documents/2021-08/20170410.pdf,source_case_number,high,generated
2017-0458,3jx_order,"[""2017-0458""]",https://www.courts.nh.gov/sites/g/files/ehbemt471/files/documents/2021-08/20170458.pdf,source_case_number,high,generated
2017-0464,3jx_order,"[""2017-0464""]",https://www.courts.nh.gov/sites/g/files/ehbemt471/files/documents/2021-08/07-16-2018-order.pdf,source_case_number,high,generated
2017-0530,3jx_order,"[""2017-0530""]",https://www.courts.nh.gov/sites/g/files/ehbemt471/files/documents/2021-08/20170530.pdf,source_case_number,high,generated
2017-0541,3jx_order,"[""2017-0541""]",https://www.courts.nh.gov/sites/g/files/ehbemt471/files/documents/2021-08/20170541.pdf,source_case_number,high,generated
2017-0542,3jx_order,"[""2017-0542""]",https://www.courts.nh.gov/sites/g/files/ehbemt471/files/documents/2021-08/20170542.pdf,source_case_number,high,generated
2017-0567,3jx_order,"[""2017-0567""]",https://www.courts.nh.gov/sites/g/files/ehbemt471/files/documents/2021-08/20170567.pdf,source_case_number,high,generated
2017-0630,3jx_order,"[""2017-0630""]",https://www.courts.nh.gov/sites/g/files/ehbemt471/files/documents/2021-08/20170630.pdf,source_case_number,high,generated
2017-0708,3jx_order,"[""2017-0708""]",https://www.courts.nh.gov/sites/g/files/ehbemt471/files/documents/2021-08/20170708.pdf,source_case_number,high,generated
2018-0151,3jx_order,"[""2018-0151""]",https://www.courts.nh.gov/sites/g/files/ehbemt471/files/documents/2021-08/20180151.pdf,source_case_number,high,generated
2018-0184,3jx_order,"[""2018-0184""]",https://www.courts.nh.gov/sites/g/files/ehbemt471/files/documents/2021-08/20180184.pdf,source_case_number,high,generated
2018-0234,3jx_order,"[""2018-0234""]",https://www.courts.nh.gov/sites/g/files/ehbemt471/files/documents/2021-08/20180234.pdf,source_case_number,high,generated
2018-0245,3jx_order,"[""2018-0245""]",https://www.courts.nh.gov/sites/g/files/ehbemt471/files/documents/2021-08/20180245.pdf,source_case_number,high,generated
2018-0280,3jx_order,"[""2018-0280""]",https://www.courts.nh.gov/sites/g/files/ehbemt471/files/documents/2021-08/20180280.pdf,source_case_number,high,generated
2018-0284,3jx_order,"[""2018-0284""]",https://www.courts.nh.gov/sites/g/files/ehbemt471/files/documents/2021-08/20180284.pdf,source_case_number,high,generated
2018-0308,3jx_order,"[""2018-0308""]",https://www.courts.nh.gov/sites/g/files/ehbemt471/files/documents/2021-08/20180308.pdf,source_case_number,high,generated
2018-0436,3jx_order,"[""2018-0436""]",https://www.courts.nh.gov/sites/g/files/ehbemt471/files/documents/2021-08/20180436.pdf,source_case_number,high,generated
